ISO-10303-21;
HEADER;
FILE_DESCRIPTION(('Open CASCADE Model'),'2;1');
FILE_NAME('Open CASCADE Shape Model','2026-09-12T18:06:58',('Author'),(
    'Open CASCADE'),'Open CASCADE STEP processor 7.9','Open CASCADE 7.9'
  ,'Unknown');
FILE_SCHEMA(('AUTOMOTIVE_DESIGN { 1 0 10303 214 1 1 1 1 }'));
ENDSEC;
DATA;
#1 = APPLICATION_PROTOCOL_DEFINITION('international standard',
  'automotive_design',2000,#2);
#2 = APPLICATION_CONTEXT(
  'core data for automotive mechanical design processes');
#3 = SHAPE_DEFINITION_REPRESENTATION(#4,#10);
#4 = PRODUCT_DEFINITION_SHAPE('','',#5);
#5 = PRODUCT_DEFINITION('design','',#6,#9);
#6 = PRODUCT_DEFINITION_FORMATION('','',#7);
#7 = PRODUCT('Open CASCADE STEP translator 7.9 3',
  'Open CASCADE STEP translator 7.9 3','',(#8));
#8 = PRODUCT_CONTEXT('',#2,'mechanical');
#9 = PRODUCT_DEFINITION_CONTEXT('part definition',#2,'design');
#10 = ADVANCED_BREP_SHAPE_REPRESENTATION('',(#11,#15),#15190);
#11 = AXIS2_PLACEMENT_3D('',#12,#13,#14);
#12 = CARTESIAN_POINT('',(0.,0.,0.));
#13 = DIRECTION('',(0.,0.,1.));
#14 = DIRECTION('',(1.,0.,-0.));
#15 = MANIFOLD_SOLID_BREP('',#16);
#16 = CLOSED_SHELL('',(#17,#359,#1771,#1819,#1871,#5039,#5116,#5163,
    #5213,#5260,#5310,#5357,#5407,#5432,#5459,#5486,#5511,#5536,#5563,
    #5590,#5648,#5675,#5700,#5725,#5752,#5779,#5804,#5829,#5856,#5883,
    #6112,#6167,#6222,#6265,#6292,#6319,#6480,#6880,#6905,#6930,#7009,
    #7103,#7150,#7175,#7535,#7630,#7655,#7680,#7774,#7799,#7824,#7851,
    #7941,#8208,#8233,#8258,#8265,#8320,#8375,#8430,#8485,#8597,#8644,
    #8671,#8720,#8769,#8796,#8845,#8894,#8921,#8968,#9017,#9066,#9113,
    #9160,#9264,#9313,#9405,#9452,#9501,#9550,#9597,#9624,#9736,#9783,
    #9830,#9857,#9971,#10018,#10109,#10156,#10183,#10210,#10326,#10375,
    #10424,#10451,#10498,#10525,#10639,#10688,#10737,#10764,#10811,
    #10838,#10865,#11126,#11175,#11374,#11591,#11640,#11805,#12022,
    #12071,#12236,#12263,#12290,#12443,#12470,#12519,#12546,#12578,
    #12683,#12738,#12815,#12862,#12912,#12959,#13009,#13056,#13106,
    #13131,#13170,#13209,#13249,#13274,#13287,#13312,#13337,#13408,
    #13457,#13506,#13533,#13541,#13575,#13600,#13607,#13654,#13681,
    #13708,#13715,#13761,#13768,#13775,#13846,#13895,#13944,#13971,
    #14010,#14049,#14088,#14127,#14154,#14161,#14168,#14175,#14182,
    #14207,#14234,#14261,#14286,#14311,#14338,#14365,#14372,#14399,
    #14424,#14449,#14476,#14503,#14510,#14537,#14562,#14587,#14614,
    #14641,#14648,#14687,#14697,#14714,#14769,#14824,#14879,#14934,
    #14989,#15048,#15103,#15158,#15162,#15166,#15170,#15174,#15178,
    #15182,#15186));
#17 = ADVANCED_FACE('',(#18,#137),#32,.F.);
#18 = FACE_BOUND('',#19,.F.);
#19 = EDGE_LOOP('',(#20,#55,#83,#111));
#20 = ORIENTED_EDGE('',*,*,#21,.F.);
#21 = EDGE_CURVE('',#22,#24,#26,.T.);
#22 = VERTEX_POINT('',#23);
#23 = CARTESIAN_POINT('',(-32.,-58.,7.75));
#24 = VERTEX_POINT('',#25);
#25 = CARTESIAN_POINT('',(-32.,58.,7.75));
#26 = SURFACE_CURVE('',#27,(#31,#43),.PCURVE_S1.);
#27 = LINE('',#28,#29);
#28 = CARTESIAN_POINT('',(-32.,-64.,7.75));
#29 = VECTOR('',#30,1.);
#30 = DIRECTION('',(0.,1.,0.));
#31 = PCURVE('',#32,#37);
#32 = PLANE('',#33);
#33 = AXIS2_PLACEMENT_3D('',#34,#35,#36);
#34 = CARTESIAN_POINT('',(-32.,-64.,0.55));
#35 = DIRECTION('',(1.,0.,0.));
#36 = DIRECTION('',(0.,0.,1.));
#37 = DEFINITIONAL_REPRESENTATION('',(#38),#42);
#38 = LINE('',#39,#40);
#39 = CARTESIAN_POINT('',(7.2,0.));
#40 = VECTOR('',#41,1.);
#41 = DIRECTION('',(0.,-1.));
#42 = ( GEOMETRIC_REPRESENTATION_CONTEXT(2) 
PARAMETRIC_REPRESENTATION_CONTEXT() REPRESENTATION_CONTEXT('2D SPACE',''
  ) );
#43 = PCURVE('',#44,#49);
#44 = PLANE('',#45);
#45 = AXIS2_PLACEMENT_3D('',#46,#47,#48);
#46 = CARTESIAN_POINT('',(-32.,-64.,7.75));
#47 = DIRECTION('',(0.,0.,1.));
#48 = DIRECTION('',(1.,0.,0.));
#49 = DEFINITIONAL_REPRESENTATION('',(#50),#54);
#50 = LINE('',#51,#52);
#51 = CARTESIAN_POINT('',(0.,0.));
#52 = VECTOR('',#53,1.);
#53 = DIRECTION('',(0.,1.));
#54 = ( GEOMETRIC_REPRESENTATION_CONTEXT(2) 
PARAMETRIC_REPRESENTATION_CONTEXT() REPRESENTATION_CONTEXT('2D SPACE',''
  ) );
#55 = ORIENTED_EDGE('',*,*,#56,.F.);
#56 = EDGE_CURVE('',#57,#22,#59,.T.);
#57 = VERTEX_POINT('',#58);
#58 = CARTESIAN_POINT('',(-32.,-58.,0.55));
#59 = SURFACE_CURVE('',#60,(#64,#71),.PCURVE_S1.);
#60 = LINE('',#61,#62);
#61 = CARTESIAN_POINT('',(-32.,-58.,0.55));
#62 = VECTOR('',#63,1.);
#63 = DIRECTION('',(0.,0.,1.));
#64 = PCURVE('',#32,#65);
#65 = DEFINITIONAL_REPRESENTATION('',(#66),#70);
#66 = LINE('',#67,#68);
#67 = CARTESIAN_POINT('',(0.,-6.));
#68 = VECTOR('',#69,1.);
#69 = DIRECTION('',(1.,0.));
#70 = ( GEOMETRIC_REPRESENTATION_CONTEXT(2) 
PARAMETRIC_REPRESENTATION_CONTEXT() REPRESENTATION_CONTEXT('2D SPACE',''
  ) );
#71 = PCURVE('',#72,#77);
#72 = CYLINDRICAL_SURFACE('',#73,6.);
#73 = AXIS2_PLACEMENT_3D('',#74,#75,#76);
#74 = CARTESIAN_POINT('',(-26.,-58.,0.55));
#75 = DIRECTION('',(0.,0.,1.));
#76 = DIRECTION('',(-1.,-0.,0.));
#77 = DEFINITIONAL_REPRESENTATION('',(#78),#82);
#78 = LINE('',#79,#80);
#79 = CARTESIAN_POINT('',(0.,0.));
#80 = VECTOR('',#81,1.);
#81 = DIRECTION('',(0.,1.));
#82 = ( GEOMETRIC_REPRESENTATION_CONTEXT(2) 
PARAMETRIC_REPRESENTATION_CONTEXT() REPRESENTATION_CONTEXT('2D SPACE',''
  ) );
#83 = ORIENTED_EDGE('',*,*,#84,.T.);
#84 = EDGE_CURVE('',#57,#85,#87,.T.);
#85 = VERTEX_POINT('',#86);
#86 = CARTESIAN_POINT('',(-32.,58.,0.55));
#87 = SURFACE_CURVE('',#88,(#92,#99),.PCURVE_S1.);
#88 = LINE('',#89,#90);
#89 = CARTESIAN_POINT('',(-32.,-64.,0.55));
#90 = VECTOR('',#91,1.);
#91 = DIRECTION('',(0.,1.,0.));
#92 = PCURVE('',#32,#93);
#93 = DEFINITIONAL_REPRESENTATION('',(#94),#98);
#94 = LINE('',#95,#96);
#95 = CARTESIAN_POINT('',(0.,0.));
#96 = VECTOR('',#97,1.);
#97 = DIRECTION('',(0.,-1.));
#98 = ( GEOMETRIC_REPRESENTATION_CONTEXT(2) 
PARAMETRIC_REPRESENTATION_CONTEXT() REPRESENTATION_CONTEXT('2D SPACE',''
  ) );
#99 = PCURVE('',#100,#105);
#100 = PLANE('',#101);
#101 = AXIS2_PLACEMENT_3D('',#102,#103,#104);
#102 = CARTESIAN_POINT('',(-32.,-64.,0.55));
#103 = DIRECTION('',(0.,0.,1.));
#104 = DIRECTION('',(1.,0.,0.));
#105 = DEFINITIONAL_REPRESENTATION('',(#106),#110);
#106 = LINE('',#107,#108);
#107 = CARTESIAN_POINT('',(0.,0.));
#108 = VECTOR('',#109,1.);
#109 = DIRECTION('',(0.,1.));
#110 = ( GEOMETRIC_REPRESENTATION_CONTEXT(2) 
PARAMETRIC_REPRESENTATION_CONTEXT() REPRESENTATION_CONTEXT('2D SPACE',''
  ) );
#111 = ORIENTED_EDGE('',*,*,#112,.T.);
#112 = EDGE_CURVE('',#85,#24,#113,.T.);
#113 = SURFACE_CURVE('',#114,(#118,#125),.PCURVE_S1.);
#114 = LINE('',#115,#116);
#115 = CARTESIAN_POINT('',(-32.,58.,0.55));
#116 = VECTOR('',#117,1.);
#117 = DIRECTION('',(0.,0.,1.));
#118 = PCURVE('',#32,#119);
#119 = DEFINITIONAL_REPRESENTATION('',(#120),#124);
#120 = LINE('',#121,#122);
#121 = CARTESIAN_POINT('',(0.,-122.));
#122 = VECTOR('',#123,1.);
#123 = DIRECTION('',(1.,0.));
#124 = ( GEOMETRIC_REPRESENTATION_CONTEXT(2) 
PARAMETRIC_REPRESENTATION_CONTEXT() REPRESENTATION_CONTEXT('2D SPACE',''
  ) );
#125 = PCURVE('',#126,#131);
#126 = CYLINDRICAL_SURFACE('',#127,6.);
#127 = AXIS2_PLACEMENT_3D('',#128,#129,#130);
#128 = CARTESIAN_POINT('',(-26.,58.,0.55));
#129 = DIRECTION('',(0.,0.,1.));
#130 = DIRECTION('',(-1.,-0.,0.));
#131 = DEFINITIONAL_REPRESENTATION('',(#132),#136);
#132 = LINE('',#133,#134);
#133 = CARTESIAN_POINT('',(-0.,0.));
#134 = VECTOR('',#135,1.);
#135 = DIRECTION('',(-0.,1.));
#136 = ( GEOMETRIC_REPRESENTATION_CONTEXT(2) 
PARAMETRIC_REPRESENTATION_CONTEXT() REPRESENTATION_CONTEXT('2D SPACE',''
  ) );
#137 = FACE_BOUND('',#138,.F.);
#138 = EDGE_LOOP('',(#139,#170,#196,#225,#251,#280,#306,#335));
#139 = ORIENTED_EDGE('',*,*,#140,.F.);
#140 = EDGE_CURVE('',#141,#143,#145,.T.);
#141 = VERTEX_POINT('',#142);
#142 = CARTESIAN_POINT('',(-32.,6.25,2.));
#143 = VERTEX_POINT('',#144);
#144 = CARTESIAN_POINT('',(-32.,6.7,1.55));
#145 = SURFACE_CURVE('',#146,(#151,#158),.PCURVE_S1.);
#146 = CIRCLE('',#147,0.45);
#147 = AXIS2_PLACEMENT_3D('',#148,#149,#150);
#148 = CARTESIAN_POINT('',(-32.,6.7,2.));
#149 = DIRECTION('',(1.,-1.079521069387E-78,-2.22044604925E-16));
#150 = DIRECTION('',(1.094764425254E-47,-1.,4.930380657631E-32));
#151 = PCURVE('',#32,#152);
#152 = DEFINITIONAL_REPRESENTATION('',(#153),#157);
#153 = CIRCLE('',#154,0.45);
#154 = AXIS2_PLACEMENT_2D('',#155,#156);
#155 = CARTESIAN_POINT('',(1.45,-70.7));
#156 = DIRECTION('',(4.930380657631E-32,1.));
#157 = ( GEOMETRIC_REPRESENTATION_CONTEXT(2) 
PARAMETRIC_REPRESENTATION_CONTEXT() REPRESENTATION_CONTEXT('2D SPACE',''
  ) );
#158 = PCURVE('',#159,#164);
#159 = CYLINDRICAL_SURFACE('',#160,0.45);
#160 = AXIS2_PLACEMENT_3D('',#161,#162,#163);
#161 = CARTESIAN_POINT('',(-36.,6.7,2.));
#162 = DIRECTION('',(1.,0.,-2.22044604925E-16));
#163 = DIRECTION('',(2.22044604925E-16,-1.,-0.));
#164 = DEFINITIONAL_REPRESENTATION('',(#165),#169);
#165 = LINE('',#166,#167);
#166 = CARTESIAN_POINT('',(0.,4.));
#167 = VECTOR('',#168,1.);
#168 = DIRECTION('',(1.,0.));
#169 = ( GEOMETRIC_REPRESENTATION_CONTEXT(2) 
PARAMETRIC_REPRESENTATION_CONTEXT() REPRESENTATION_CONTEXT('2D SPACE',''
  ) );
#170 = ORIENTED_EDGE('',*,*,#171,.T.);
#171 = EDGE_CURVE('',#141,#172,#174,.T.);
#172 = VERTEX_POINT('',#173);
#173 = CARTESIAN_POINT('',(-32.,6.25,2.6));
#174 = SURFACE_CURVE('',#175,(#179,#185),.PCURVE_S1.);
#175 = LINE('',#176,#177);
#176 = CARTESIAN_POINT('',(-32.,6.25,1.05));
#177 = VECTOR('',#178,1.);
#178 = DIRECTION('',(0.,-0.,1.));
#179 = PCURVE('',#32,#180);
#180 = DEFINITIONAL_REPRESENTATION('',(#181),#184);
#181 = B_SPLINE_CURVE_WITH_KNOTS('',1,(#182,#183),.UNSPECIFIED.,.F.,.F.,
  (2,2),(0.95,1.55),.PIECEWISE_BEZIER_KNOTS.);
#182 = CARTESIAN_POINT('',(1.45,-70.25));
#183 = CARTESIAN_POINT('',(2.05,-70.25));
#184 = ( GEOMETRIC_REPRESENTATION_CONTEXT(2) 
PARAMETRIC_REPRESENTATION_CONTEXT() REPRESENTATION_CONTEXT('2D SPACE',''
  ) );
#185 = PCURVE('',#186,#191);
#186 = PLANE('',#187);
#187 = AXIS2_PLACEMENT_3D('',#188,#189,#190);
#188 = CARTESIAN_POINT('',(-36.,6.25,1.55));
#189 = DIRECTION('',(-2.22044604925E-16,1.,0.));
#190 = DIRECTION('',(1.,0.,-2.22044604925E-16));
#191 = DEFINITIONAL_REPRESENTATION('',(#192),#195);
#192 = B_SPLINE_CURVE_WITH_KNOTS('',1,(#193,#194),.UNSPECIFIED.,.F.,.F.,
  (2,2),(0.95,1.55),.PIECEWISE_BEZIER_KNOTS.);
#193 = CARTESIAN_POINT('',(4.,-0.45));
#194 = CARTESIAN_POINT('',(4.,-1.05));
#195 = ( GEOMETRIC_REPRESENTATION_CONTEXT(2) 
PARAMETRIC_REPRESENTATION_CONTEXT() REPRESENTATION_CONTEXT('2D SPACE',''
  ) );
#196 = ORIENTED_EDGE('',*,*,#197,.F.);
#197 = EDGE_CURVE('',#198,#172,#200,.T.);
#198 = VERTEX_POINT('',#199);
#199 = CARTESIAN_POINT('',(-32.,6.7,3.05));
#200 = SURFACE_CURVE('',#201,(#206,#213),.PCURVE_S1.);
#201 = CIRCLE('',#202,0.45);
#202 = AXIS2_PLACEMENT_3D('',#203,#204,#205);
#203 = CARTESIAN_POINT('',(-32.,6.7,2.6));
#204 = DIRECTION('',(1.,-1.079521069387E-78,-2.22044604925E-16));
#205 = DIRECTION('',(1.094764425254E-47,-1.,4.930380657631E-32));
#206 = PCURVE('',#32,#207);
#207 = DEFINITIONAL_REPRESENTATION('',(#208),#212);
#208 = CIRCLE('',#209,0.45);
#209 = AXIS2_PLACEMENT_2D('',#210,#211);
#210 = CARTESIAN_POINT('',(2.05,-70.7));
#211 = DIRECTION('',(4.930380657631E-32,1.));
#212 = ( GEOMETRIC_REPRESENTATION_CONTEXT(2) 
PARAMETRIC_REPRESENTATION_CONTEXT() REPRESENTATION_CONTEXT('2D SPACE',''
  ) );
#213 = PCURVE('',#214,#219);
#214 = CYLINDRICAL_SURFACE('',#215,0.45);
#215 = AXIS2_PLACEMENT_3D('',#216,#217,#218);
#216 = CARTESIAN_POINT('',(-36.,6.7,2.6));
#217 = DIRECTION('',(1.,0.,-2.22044604925E-16));
#218 = DIRECTION('',(2.22044604925E-16,-1.,-0.));
#219 = DEFINITIONAL_REPRESENTATION('',(#220),#224);
#220 = LINE('',#221,#222);
#221 = CARTESIAN_POINT('',(-6.28318530718,4.));
#222 = VECTOR('',#223,1.);
#223 = DIRECTION('',(1.,-0.));
#224 = ( GEOMETRIC_REPRESENTATION_CONTEXT(2) 
PARAMETRIC_REPRESENTATION_CONTEXT() REPRESENTATION_CONTEXT('2D SPACE',''
  ) );
#225 = ORIENTED_EDGE('',*,*,#226,.F.);
#226 = EDGE_CURVE('',#227,#198,#229,.T.);
#227 = VERTEX_POINT('',#228);
#228 = CARTESIAN_POINT('',(-32.,17.3,3.05));
#229 = SURFACE_CURVE('',#230,(#234,#240),.PCURVE_S1.);
#230 = LINE('',#231,#232);
#231 = CARTESIAN_POINT('',(-32.,-28.875,3.05));
#232 = VECTOR('',#233,1.);
#233 = DIRECTION('',(0.,-1.,-2.22044604925E-16));
#234 = PCURVE('',#32,#235);
#235 = DEFINITIONAL_REPRESENTATION('',(#236),#239);
#236 = B_SPLINE_CURVE_WITH_KNOTS('',1,(#237,#238),.UNSPECIFIED.,.F.,.F.,
  (2,2),(-46.175,-35.575),.PIECEWISE_BEZIER_KNOTS.);
#237 = CARTESIAN_POINT('',(2.5,-81.3));
#238 = CARTESIAN_POINT('',(2.5,-70.7));
#239 = ( GEOMETRIC_REPRESENTATION_CONTEXT(2) 
PARAMETRIC_REPRESENTATION_CONTEXT() REPRESENTATION_CONTEXT('2D SPACE',''
  ) );
#240 = PCURVE('',#241,#246);
#241 = PLANE('',#242);
#242 = AXIS2_PLACEMENT_3D('',#243,#244,#245);
#243 = CARTESIAN_POINT('',(-36.,6.25,3.05));
#244 = DIRECTION('',(0.,-2.22044604925E-16,1.));
#245 = DIRECTION('',(1.,0.,-2.22044604925E-16));
#246 = DEFINITIONAL_REPRESENTATION('',(#247),#250);
#247 = B_SPLINE_CURVE_WITH_KNOTS('',1,(#248,#249),.UNSPECIFIED.,.F.,.F.,
  (2,2),(-46.175,-35.575),.PIECEWISE_BEZIER_KNOTS.);
#248 = CARTESIAN_POINT('',(4.,11.05));
#249 = CARTESIAN_POINT('',(4.,0.45));
#250 = ( GEOMETRIC_REPRESENTATION_CONTEXT(2) 
PARAMETRIC_REPRESENTATION_CONTEXT() REPRESENTATION_CONTEXT('2D SPACE',''
  ) );
#251 = ORIENTED_EDGE('',*,*,#252,.F.);
#252 = EDGE_CURVE('',#253,#227,#255,.T.);
#253 = VERTEX_POINT('',#254);
#254 = CARTESIAN_POINT('',(-32.,17.75,2.6));
#255 = SURFACE_CURVE('',#256,(#261,#268),.PCURVE_S1.);
#256 = CIRCLE('',#257,0.45);
#257 = AXIS2_PLACEMENT_3D('',#258,#259,#260);
#258 = CARTESIAN_POINT('',(-32.,17.3,2.6));
#259 = DIRECTION('',(1.,-1.079521069387E-78,-2.22044604925E-16));
#260 = DIRECTION('',(-1.094764425254E-47,1.,-4.930380657631E-32));
#261 = PCURVE('',#32,#262);
#262 = DEFINITIONAL_REPRESENTATION('',(#263),#267);
#263 = CIRCLE('',#264,0.45);
#264 = AXIS2_PLACEMENT_2D('',#265,#266);
#265 = CARTESIAN_POINT('',(2.05,-81.3));
#266 = DIRECTION('',(-4.930380657631E-32,-1.));
#267 = ( GEOMETRIC_REPRESENTATION_CONTEXT(2) 
PARAMETRIC_REPRESENTATION_CONTEXT() REPRESENTATION_CONTEXT('2D SPACE',''
  ) );
#268 = PCURVE('',#269,#274);
#269 = CYLINDRICAL_SURFACE('',#270,0.45);
#270 = AXIS2_PLACEMENT_3D('',#271,#272,#273);
#271 = CARTESIAN_POINT('',(-36.,17.3,2.6));
#272 = DIRECTION('',(1.,0.,-2.22044604925E-16));
#273 = DIRECTION('',(-2.22044604925E-16,1.,0.));
#274 = DEFINITIONAL_REPRESENTATION('',(#275),#279);
#275 = LINE('',#276,#277);
#276 = CARTESIAN_POINT('',(0.,4.));
#277 = VECTOR('',#278,1.);
#278 = DIRECTION('',(1.,0.));
#279 = ( GEOMETRIC_REPRESENTATION_CONTEXT(2) 
PARAMETRIC_REPRESENTATION_CONTEXT() REPRESENTATION_CONTEXT('2D SPACE',''
  ) );
#280 = ORIENTED_EDGE('',*,*,#281,.F.);
#281 = EDGE_CURVE('',#282,#253,#284,.T.);
#282 = VERTEX_POINT('',#283);
#283 = CARTESIAN_POINT('',(-32.,17.75,2.));
#284 = SURFACE_CURVE('',#285,(#289,#295),.PCURVE_S1.);
#285 = LINE('',#286,#287);
#286 = CARTESIAN_POINT('',(-32.,17.75,1.05));
#287 = VECTOR('',#288,1.);
#288 = DIRECTION('',(0.,-0.,1.));
#289 = PCURVE('',#32,#290);
#290 = DEFINITIONAL_REPRESENTATION('',(#291),#294);
#291 = B_SPLINE_CURVE_WITH_KNOTS('',1,(#292,#293),.UNSPECIFIED.,.F.,.F.,
  (2,2),(0.95,1.55),.PIECEWISE_BEZIER_KNOTS.);
#292 = CARTESIAN_POINT('',(1.45,-81.75));
#293 = CARTESIAN_POINT('',(2.05,-81.75));
#294 = ( GEOMETRIC_REPRESENTATION_CONTEXT(2) 
PARAMETRIC_REPRESENTATION_CONTEXT() REPRESENTATION_CONTEXT('2D SPACE',''
  ) );
#295 = PCURVE('',#296,#301);
#296 = PLANE('',#297);
#297 = AXIS2_PLACEMENT_3D('',#298,#299,#300);
#298 = CARTESIAN_POINT('',(-36.,17.75,1.55));
#299 = DIRECTION('',(-2.22044604925E-16,1.,0.));
#300 = DIRECTION('',(1.,0.,-2.22044604925E-16));
#301 = DEFINITIONAL_REPRESENTATION('',(#302),#305);
#302 = B_SPLINE_CURVE_WITH_KNOTS('',1,(#303,#304),.UNSPECIFIED.,.F.,.F.,
  (2,2),(0.95,1.55),.PIECEWISE_BEZIER_KNOTS.);
#303 = CARTESIAN_POINT('',(4.,-0.45));
#304 = CARTESIAN_POINT('',(4.,-1.05));
#305 = ( GEOMETRIC_REPRESENTATION_CONTEXT(2) 
PARAMETRIC_REPRESENTATION_CONTEXT() REPRESENTATION_CONTEXT('2D SPACE',''
  ) );
#306 = ORIENTED_EDGE('',*,*,#307,.F.);
#307 = EDGE_CURVE('',#308,#282,#310,.T.);
#308 = VERTEX_POINT('',#309);
#309 = CARTESIAN_POINT('',(-32.,17.3,1.55));
#310 = SURFACE_CURVE('',#311,(#316,#323),.PCURVE_S1.);
#311 = CIRCLE('',#312,0.45);
#312 = AXIS2_PLACEMENT_3D('',#313,#314,#315);
#313 = CARTESIAN_POINT('',(-32.,17.3,2.));
#314 = DIRECTION('',(1.,-1.079521069387E-78,-2.22044604925E-16));
#315 = DIRECTION('',(-1.094764425254E-47,1.,-4.930380657631E-32));
#316 = PCURVE('',#32,#317);
#317 = DEFINITIONAL_REPRESENTATION('',(#318),#322);
#318 = CIRCLE('',#319,0.45);
#319 = AXIS2_PLACEMENT_2D('',#320,#321);
#320 = CARTESIAN_POINT('',(1.45,-81.3));
#321 = DIRECTION('',(-4.930380657631E-32,-1.));
#322 = ( GEOMETRIC_REPRESENTATION_CONTEXT(2) 
PARAMETRIC_REPRESENTATION_CONTEXT() REPRESENTATION_CONTEXT('2D SPACE',''
  ) );
#323 = PCURVE('',#324,#329);
#324 = CYLINDRICAL_SURFACE('',#325,0.45);
#325 = AXIS2_PLACEMENT_3D('',#326,#327,#328);
#326 = CARTESIAN_POINT('',(-36.,17.3,2.));
#327 = DIRECTION('',(1.,0.,-2.22044604925E-16));
#328 = DIRECTION('',(-2.22044604925E-16,1.,0.));
#329 = DEFINITIONAL_REPRESENTATION('',(#330),#334);
#330 = LINE('',#331,#332);
#331 = CARTESIAN_POINT('',(-6.28318530718,4.));
#332 = VECTOR('',#333,1.);
#333 = DIRECTION('',(1.,-0.));
#334 = ( GEOMETRIC_REPRESENTATION_CONTEXT(2) 
PARAMETRIC_REPRESENTATION_CONTEXT() REPRESENTATION_CONTEXT('2D SPACE',''
  ) );
#335 = ORIENTED_EDGE('',*,*,#336,.T.);
#336 = EDGE_CURVE('',#308,#143,#337,.T.);
#337 = SURFACE_CURVE('',#338,(#342,#348),.PCURVE_S1.);
#338 = LINE('',#339,#340);
#339 = CARTESIAN_POINT('',(-32.,-28.875,1.55));
#340 = VECTOR('',#341,1.);
#341 = DIRECTION('',(0.,-1.,-2.22044604925E-16));
#342 = PCURVE('',#32,#343);
#343 = DEFINITIONAL_REPRESENTATION('',(#344),#347);
#344 = B_SPLINE_CURVE_WITH_KNOTS('',1,(#345,#346),.UNSPECIFIED.,.F.,.F.,
  (2,2),(-46.175,-35.575),.PIECEWISE_BEZIER_KNOTS.);
#345 = CARTESIAN_POINT('',(1.,-81.3));
#346 = CARTESIAN_POINT('',(1.,-70.7));
#347 = ( GEOMETRIC_REPRESENTATION_CONTEXT(2) 
PARAMETRIC_REPRESENTATION_CONTEXT() REPRESENTATION_CONTEXT('2D SPACE',''
  ) );
#348 = PCURVE('',#349,#354);
#349 = PLANE('',#350);
#350 = AXIS2_PLACEMENT_3D('',#351,#352,#353);
#351 = CARTESIAN_POINT('',(-36.,6.25,1.55));
#352 = DIRECTION('',(0.,-2.22044604925E-16,1.));
#353 = DIRECTION('',(1.,0.,-2.22044604925E-16));
#354 = DEFINITIONAL_REPRESENTATION('',(#355),#358);
#355 = B_SPLINE_CURVE_WITH_KNOTS('',1,(#356,#357),.UNSPECIFIED.,.F.,.F.,
  (2,2),(-46.175,-35.575),.PIECEWISE_BEZIER_KNOTS.);
#356 = CARTESIAN_POINT('',(4.,11.05));
#357 = CARTESIAN_POINT('',(4.,0.45));
#358 = ( GEOMETRIC_REPRESENTATION_CONTEXT(2) 
PARAMETRIC_REPRESENTATION_CONTEXT() REPRESENTATION_CONTEXT('2D SPACE',''
  ) );
#359 = ADVANCED_FACE('',(#360,#907,#938,#969,#1647,#1678,#1709,#1740),
  #44,.T.);
#360 = FACE_BOUND('',#361,.T.);
#361 = EDGE_LOOP('',(#362,#363,#387,#415,#443,#472,#500,#533,#561,#589,
    #622,#650,#679,#707,#735,#764,#792,#825,#853,#881));
#362 = ORIENTED_EDGE('',*,*,#21,.F.);
#363 = ORIENTED_EDGE('',*,*,#364,.T.);
#364 = EDGE_CURVE('',#22,#365,#367,.T.);
#365 = VERTEX_POINT('',#366);
#366 = CARTESIAN_POINT('',(-31.5,-60.39791576165,7.75));
#367 = SURFACE_CURVE('',#368,(#373,#380),.PCURVE_S1.);
#368 = CIRCLE('',#369,6.);
#369 = AXIS2_PLACEMENT_3D('',#370,#371,#372);
#370 = CARTESIAN_POINT('',(-26.,-58.,7.75));
#371 = DIRECTION('',(0.,0.,1.));
#372 = DIRECTION('',(0.,-1.,0.));
#373 = PCURVE('',#44,#374);
#374 = DEFINITIONAL_REPRESENTATION('',(#375),#379);
#375 = CIRCLE('',#376,6.);
#376 = AXIS2_PLACEMENT_2D('',#377,#378);
#377 = CARTESIAN_POINT('',(6.,6.));
#378 = DIRECTION('',(0.,-1.));
#379 = ( GEOMETRIC_REPRESENTATION_CONTEXT(2) 
PARAMETRIC_REPRESENTATION_CONTEXT() REPRESENTATION_CONTEXT('2D SPACE',''
  ) );
#380 = PCURVE('',#72,#381);
#381 = DEFINITIONAL_REPRESENTATION('',(#382),#386);
#382 = LINE('',#383,#384);
#383 = CARTESIAN_POINT('',(-4.712388980385,7.2));
#384 = VECTOR('',#385,1.);
#385 = DIRECTION('',(1.,0.));
#386 = ( GEOMETRIC_REPRESENTATION_CONTEXT(2) 
PARAMETRIC_REPRESENTATION_CONTEXT() REPRESENTATION_CONTEXT('2D SPACE',''
  ) );
#387 = ORIENTED_EDGE('',*,*,#388,.F.);
#388 = EDGE_CURVE('',#389,#365,#391,.T.);
#389 = VERTEX_POINT('',#390);
#390 = CARTESIAN_POINT('',(-31.5,-61.,7.75));
#391 = SURFACE_CURVE('',#392,(#396,#403),.PCURVE_S1.);
#392 = LINE('',#393,#394);
#393 = CARTESIAN_POINT('',(-31.5,-61.,7.75));
#394 = VECTOR('',#395,1.);
#395 = DIRECTION('',(0.,1.,0.));
#396 = PCURVE('',#44,#397);
#397 = DEFINITIONAL_REPRESENTATION('',(#398),#402);
#398 = LINE('',#399,#400);
#399 = CARTESIAN_POINT('',(0.5,3.));
#400 = VECTOR('',#401,1.);
#401 = DIRECTION('',(0.,1.));
#402 = ( GEOMETRIC_REPRESENTATION_CONTEXT(2) 
PARAMETRIC_REPRESENTATION_CONTEXT() REPRESENTATION_CONTEXT('2D SPACE',''
  ) );
#403 = PCURVE('',#404,#409);
#404 = PLANE('',#405);
#405 = AXIS2_PLACEMENT_3D('',#406,#407,#408);
#406 = CARTESIAN_POINT('',(-31.5,-61.,0.55));
#407 = DIRECTION('',(1.,0.,0.));
#408 = DIRECTION('',(0.,0.,1.));
#409 = DEFINITIONAL_REPRESENTATION('',(#410),#414);
#410 = LINE('',#411,#412);
#411 = CARTESIAN_POINT('',(7.2,0.));
#412 = VECTOR('',#413,1.);
#413 = DIRECTION('',(0.,-1.));
#414 = ( GEOMETRIC_REPRESENTATION_CONTEXT(2) 
PARAMETRIC_REPRESENTATION_CONTEXT() REPRESENTATION_CONTEXT('2D SPACE',''
  ) );
#415 = ORIENTED_EDGE('',*,*,#416,.T.);
#416 = EDGE_CURVE('',#389,#417,#419,.T.);
#417 = VERTEX_POINT('',#418);
#418 = CARTESIAN_POINT('',(-31.1961524227,-61.,7.75));
#419 = SURFACE_CURVE('',#420,(#424,#431),.PCURVE_S1.);
#420 = LINE('',#421,#422);
#421 = CARTESIAN_POINT('',(-31.5,-61.,7.75));
#422 = VECTOR('',#423,1.);
#423 = DIRECTION('',(1.,0.,0.));
#424 = PCURVE('',#44,#425);
#425 = DEFINITIONAL_REPRESENTATION('',(#426),#430);
#426 = LINE('',#427,#428);
#427 = CARTESIAN_POINT('',(0.5,3.));
#428 = VECTOR('',#429,1.);
#429 = DIRECTION('',(1.,0.));
#430 = ( GEOMETRIC_REPRESENTATION_CONTEXT(2) 
PARAMETRIC_REPRESENTATION_CONTEXT() REPRESENTATION_CONTEXT('2D SPACE',''
  ) );
#431 = PCURVE('',#432,#437);
#432 = PLANE('',#433);
#433 = AXIS2_PLACEMENT_3D('',#434,#435,#436);
#434 = CARTESIAN_POINT('',(-31.5,-61.,0.55));
#435 = DIRECTION('',(0.,1.,0.));
#436 = DIRECTION('',(0.,0.,1.));
#437 = DEFINITIONAL_REPRESENTATION('',(#438),#442);
#438 = LINE('',#439,#440);
#439 = CARTESIAN_POINT('',(7.2,0.));
#440 = VECTOR('',#441,1.);
#441 = DIRECTION('',(0.,1.));
#442 = ( GEOMETRIC_REPRESENTATION_CONTEXT(2) 
PARAMETRIC_REPRESENTATION_CONTEXT() REPRESENTATION_CONTEXT('2D SPACE',''
  ) );
#443 = ORIENTED_EDGE('',*,*,#444,.T.);
#444 = EDGE_CURVE('',#417,#445,#447,.T.);
#445 = VERTEX_POINT('',#446);
#446 = CARTESIAN_POINT('',(-26.,-64.,7.75));
#447 = SURFACE_CURVE('',#448,(#453,#460),.PCURVE_S1.);
#448 = CIRCLE('',#449,6.);
#449 = AXIS2_PLACEMENT_3D('',#450,#451,#452);
#450 = CARTESIAN_POINT('',(-26.,-58.,7.75));
#451 = DIRECTION('',(0.,0.,1.));
#452 = DIRECTION('',(0.,-1.,0.));
#453 = PCURVE('',#44,#454);
#454 = DEFINITIONAL_REPRESENTATION('',(#455),#459);
#455 = CIRCLE('',#456,6.);
#456 = AXIS2_PLACEMENT_2D('',#457,#458);
#457 = CARTESIAN_POINT('',(6.,6.));
#458 = DIRECTION('',(0.,-1.));
#459 = ( GEOMETRIC_REPRESENTATION_CONTEXT(2) 
PARAMETRIC_REPRESENTATION_CONTEXT() REPRESENTATION_CONTEXT('2D SPACE',''
  ) );
#460 = PCURVE('',#461,#466);
#461 = CYLINDRICAL_SURFACE('',#462,6.);
#462 = AXIS2_PLACEMENT_3D('',#463,#464,#465);
#463 = CARTESIAN_POINT('',(-26.,-58.,0.55));
#464 = DIRECTION('',(0.,0.,1.));
#465 = DIRECTION('',(-1.,-0.,0.));
#466 = DEFINITIONAL_REPRESENTATION('',(#467),#471);
#467 = LINE('',#468,#469);
#468 = CARTESIAN_POINT('',(-4.712388980385,7.2));
#469 = VECTOR('',#470,1.);
#470 = DIRECTION('',(1.,0.));
#471 = ( GEOMETRIC_REPRESENTATION_CONTEXT(2) 
PARAMETRIC_REPRESENTATION_CONTEXT() REPRESENTATION_CONTEXT('2D SPACE',''
  ) );
#472 = ORIENTED_EDGE('',*,*,#473,.T.);
#473 = EDGE_CURVE('',#445,#474,#476,.T.);
#474 = VERTEX_POINT('',#475);
#475 = CARTESIAN_POINT('',(26.,-64.,7.75));
#476 = SURFACE_CURVE('',#477,(#481,#488),.PCURVE_S1.);
#477 = LINE('',#478,#479);
#478 = CARTESIAN_POINT('',(-32.,-64.,7.75));
#479 = VECTOR('',#480,1.);
#480 = DIRECTION('',(1.,0.,0.));
#481 = PCURVE('',#44,#482);
#482 = DEFINITIONAL_REPRESENTATION('',(#483),#487);
#483 = LINE('',#484,#485);
#484 = CARTESIAN_POINT('',(0.,0.));
#485 = VECTOR('',#486,1.);
#486 = DIRECTION('',(1.,0.));
#487 = ( GEOMETRIC_REPRESENTATION_CONTEXT(2) 
PARAMETRIC_REPRESENTATION_CONTEXT() REPRESENTATION_CONTEXT('2D SPACE',''
  ) );
#488 = PCURVE('',#489,#494);
#489 = PLANE('',#490);
#490 = AXIS2_PLACEMENT_3D('',#491,#492,#493);
#491 = CARTESIAN_POINT('',(-32.,-64.,0.55));
#492 = DIRECTION('',(0.,1.,0.));
#493 = DIRECTION('',(0.,0.,1.));
#494 = DEFINITIONAL_REPRESENTATION('',(#495),#499);
#495 = LINE('',#496,#497);
#496 = CARTESIAN_POINT('',(7.2,0.));
#497 = VECTOR('',#498,1.);
#498 = DIRECTION('',(0.,1.));
#499 = ( GEOMETRIC_REPRESENTATION_CONTEXT(2) 
PARAMETRIC_REPRESENTATION_CONTEXT() REPRESENTATION_CONTEXT('2D SPACE',''
  ) );
#500 = ORIENTED_EDGE('',*,*,#501,.F.);
#501 = EDGE_CURVE('',#502,#474,#504,.T.);
#502 = VERTEX_POINT('',#503);
#503 = CARTESIAN_POINT('',(31.196152422707,-61.,7.75));
#504 = SURFACE_CURVE('',#505,(#510,#521),.PCURVE_S1.);
#505 = CIRCLE('',#506,6.);
#506 = AXIS2_PLACEMENT_3D('',#507,#508,#509);
#507 = CARTESIAN_POINT('',(26.,-58.,7.75));
#508 = DIRECTION('',(-0.,-0.,-1.));
#509 = DIRECTION('',(0.,-1.,0.));
#510 = PCURVE('',#44,#511);
#511 = DEFINITIONAL_REPRESENTATION('',(#512),#520);
#512 = ( BOUNDED_CURVE() B_SPLINE_CURVE(2,(#513,#514,#515,#516,#517,#518
,#519),.UNSPECIFIED.,.T.,.F.) B_SPLINE_CURVE_WITH_KNOTS((1,2,2,2,2,1),(
    -2.094395102393,0.,2.094395102393,4.188790204786,6.28318530718,
8.377580409573),.UNSPECIFIED.) CURVE() GEOMETRIC_REPRESENTATION_ITEM() 
RATIONAL_B_SPLINE_CURVE((1.,0.5,1.,0.5,1.,0.5,1.)) REPRESENTATION_ITEM(
  '') );
#513 = CARTESIAN_POINT('',(58.,0.));
#514 = CARTESIAN_POINT('',(47.607695154587,0.));
#515 = CARTESIAN_POINT('',(52.803847577293,9.));
#516 = CARTESIAN_POINT('',(58.,18.));
#517 = CARTESIAN_POINT('',(63.196152422707,9.));
#518 = CARTESIAN_POINT('',(68.392304845413,8.881784197001E-15));
#519 = CARTESIAN_POINT('',(58.,0.));
#520 = ( GEOMETRIC_REPRESENTATION_CONTEXT(2) 
PARAMETRIC_REPRESENTATION_CONTEXT() REPRESENTATION_CONTEXT('2D SPACE',''
  ) );
#521 = PCURVE('',#522,#527);
#522 = CYLINDRICAL_SURFACE('',#523,6.);
#523 = AXIS2_PLACEMENT_3D('',#524,#525,#526);
#524 = CARTESIAN_POINT('',(26.,-58.,0.55));
#525 = DIRECTION('',(0.,0.,1.));
#526 = DIRECTION('',(1.,0.,-0.));
#527 = DEFINITIONAL_REPRESENTATION('',(#528),#532);
#528 = LINE('',#529,#530);
#529 = CARTESIAN_POINT('',(4.712388980385,7.2));
#530 = VECTOR('',#531,1.);
#531 = DIRECTION('',(-1.,0.));
#532 = ( GEOMETRIC_REPRESENTATION_CONTEXT(2) 
PARAMETRIC_REPRESENTATION_CONTEXT() REPRESENTATION_CONTEXT('2D SPACE',''
  ) );
#533 = ORIENTED_EDGE('',*,*,#534,.T.);
#534 = EDGE_CURVE('',#502,#535,#537,.T.);
#535 = VERTEX_POINT('',#536);
#536 = CARTESIAN_POINT('',(31.5,-61.,7.75));
#537 = SURFACE_CURVE('',#538,(#542,#549),.PCURVE_S1.);
#538 = LINE('',#539,#540);
#539 = CARTESIAN_POINT('',(28.5,-61.,7.75));
#540 = VECTOR('',#541,1.);
#541 = DIRECTION('',(1.,0.,0.));
#542 = PCURVE('',#44,#543);
#543 = DEFINITIONAL_REPRESENTATION('',(#544),#548);
#544 = LINE('',#545,#546);
#545 = CARTESIAN_POINT('',(60.5,3.));
#546 = VECTOR('',#547,1.);
#547 = DIRECTION('',(1.,0.));
#548 = ( GEOMETRIC_REPRESENTATION_CONTEXT(2) 
PARAMETRIC_REPRESENTATION_CONTEXT() REPRESENTATION_CONTEXT('2D SPACE',''
  ) );
#549 = PCURVE('',#550,#555);
#550 = PLANE('',#551);
#551 = AXIS2_PLACEMENT_3D('',#552,#553,#554);
#552 = CARTESIAN_POINT('',(28.5,-61.,0.55));
#553 = DIRECTION('',(0.,1.,0.));
#554 = DIRECTION('',(0.,0.,1.));
#555 = DEFINITIONAL_REPRESENTATION('',(#556),#560);
#556 = LINE('',#557,#558);
#557 = CARTESIAN_POINT('',(7.2,0.));
#558 = VECTOR('',#559,1.);
#559 = DIRECTION('',(0.,1.));
#560 = ( GEOMETRIC_REPRESENTATION_CONTEXT(2) 
PARAMETRIC_REPRESENTATION_CONTEXT() REPRESENTATION_CONTEXT('2D SPACE',''
  ) );
#561 = ORIENTED_EDGE('',*,*,#562,.T.);
#562 = EDGE_CURVE('',#535,#563,#565,.T.);
#563 = VERTEX_POINT('',#564);
#564 = CARTESIAN_POINT('',(31.5,-60.39791576165,7.75));
#565 = SURFACE_CURVE('',#566,(#570,#577),.PCURVE_S1.);
#566 = LINE('',#567,#568);
#567 = CARTESIAN_POINT('',(31.5,-61.,7.75));
#568 = VECTOR('',#569,1.);
#569 = DIRECTION('',(0.,1.,0.));
#570 = PCURVE('',#44,#571);
#571 = DEFINITIONAL_REPRESENTATION('',(#572),#576);
#572 = LINE('',#573,#574);
#573 = CARTESIAN_POINT('',(63.5,3.));
#574 = VECTOR('',#575,1.);
#575 = DIRECTION('',(0.,1.));
#576 = ( GEOMETRIC_REPRESENTATION_CONTEXT(2) 
PARAMETRIC_REPRESENTATION_CONTEXT() REPRESENTATION_CONTEXT('2D SPACE',''
  ) );
#577 = PCURVE('',#578,#583);
#578 = PLANE('',#579);
#579 = AXIS2_PLACEMENT_3D('',#580,#581,#582);
#580 = CARTESIAN_POINT('',(31.5,-61.,0.55));
#581 = DIRECTION('',(1.,0.,0.));
#582 = DIRECTION('',(0.,0.,1.));
#583 = DEFINITIONAL_REPRESENTATION('',(#584),#588);
#584 = LINE('',#585,#586);
#585 = CARTESIAN_POINT('',(7.2,0.));
#586 = VECTOR('',#587,1.);
#587 = DIRECTION('',(0.,-1.));
#588 = ( GEOMETRIC_REPRESENTATION_CONTEXT(2) 
PARAMETRIC_REPRESENTATION_CONTEXT() REPRESENTATION_CONTEXT('2D SPACE',''
  ) );
#589 = ORIENTED_EDGE('',*,*,#590,.F.);
#590 = EDGE_CURVE('',#591,#563,#593,.T.);
#591 = VERTEX_POINT('',#592);
#592 = CARTESIAN_POINT('',(32.,-58.,7.75));
#593 = SURFACE_CURVE('',#594,(#599,#610),.PCURVE_S1.);
#594 = CIRCLE('',#595,6.);
#595 = AXIS2_PLACEMENT_3D('',#596,#597,#598);
#596 = CARTESIAN_POINT('',(26.,-58.,7.75));
#597 = DIRECTION('',(-0.,-0.,-1.));
#598 = DIRECTION('',(0.,-1.,0.));
#599 = PCURVE('',#44,#600);
#600 = DEFINITIONAL_REPRESENTATION('',(#601),#609);
#601 = ( BOUNDED_CURVE() B_SPLINE_CURVE(2,(#602,#603,#604,#605,#606,#607
,#608),.UNSPECIFIED.,.T.,.F.) B_SPLINE_CURVE_WITH_KNOTS((1,2,2,2,2,1),(
    -2.094395102393,0.,2.094395102393,4.188790204786,6.28318530718,
8.377580409573),.UNSPECIFIED.) CURVE() GEOMETRIC_REPRESENTATION_ITEM() 
RATIONAL_B_SPLINE_CURVE((1.,0.5,1.,0.5,1.,0.5,1.)) REPRESENTATION_ITEM(
  '') );
#602 = CARTESIAN_POINT('',(58.,0.));
#603 = CARTESIAN_POINT('',(47.607695154587,0.));
#604 = CARTESIAN_POINT('',(52.803847577293,9.));
#605 = CARTESIAN_POINT('',(58.,18.));
#606 = CARTESIAN_POINT('',(63.196152422707,9.));
#607 = CARTESIAN_POINT('',(68.392304845413,8.881784197001E-15));
#608 = CARTESIAN_POINT('',(58.,0.));
#609 = ( GEOMETRIC_REPRESENTATION_CONTEXT(2) 
PARAMETRIC_REPRESENTATION_CONTEXT() REPRESENTATION_CONTEXT('2D SPACE',''
  ) );
#610 = PCURVE('',#611,#616);
#611 = CYLINDRICAL_SURFACE('',#612,6.);
#612 = AXIS2_PLACEMENT_3D('',#613,#614,#615);
#613 = CARTESIAN_POINT('',(26.,-58.,0.55));
#614 = DIRECTION('',(0.,0.,1.));
#615 = DIRECTION('',(1.,0.,-0.));
#616 = DEFINITIONAL_REPRESENTATION('',(#617),#621);
#617 = LINE('',#618,#619);
#618 = CARTESIAN_POINT('',(4.712388980385,7.2));
#619 = VECTOR('',#620,1.);
#620 = DIRECTION('',(-1.,0.));
#621 = ( GEOMETRIC_REPRESENTATION_CONTEXT(2) 
PARAMETRIC_REPRESENTATION_CONTEXT() REPRESENTATION_CONTEXT('2D SPACE',''
  ) );
#622 = ORIENTED_EDGE('',*,*,#623,.T.);
#623 = EDGE_CURVE('',#591,#624,#626,.T.);
#624 = VERTEX_POINT('',#625);
#625 = CARTESIAN_POINT('',(32.,58.,7.75));
#626 = SURFACE_CURVE('',#627,(#631,#638),.PCURVE_S1.);
#627 = LINE('',#628,#629);
#628 = CARTESIAN_POINT('',(32.,-64.,7.75));
#629 = VECTOR('',#630,1.);
#630 = DIRECTION('',(0.,1.,0.));
#631 = PCURVE('',#44,#632);
#632 = DEFINITIONAL_REPRESENTATION('',(#633),#637);
#633 = LINE('',#634,#635);
#634 = CARTESIAN_POINT('',(64.,0.));
#635 = VECTOR('',#636,1.);
#636 = DIRECTION('',(0.,1.));
#637 = ( GEOMETRIC_REPRESENTATION_CONTEXT(2) 
PARAMETRIC_REPRESENTATION_CONTEXT() REPRESENTATION_CONTEXT('2D SPACE',''
  ) );
#638 = PCURVE('',#639,#644);
#639 = PLANE('',#640);
#640 = AXIS2_PLACEMENT_3D('',#641,#642,#643);
#641 = CARTESIAN_POINT('',(32.,-64.,0.55));
#642 = DIRECTION('',(1.,0.,0.));
#643 = DIRECTION('',(0.,0.,1.));
#644 = DEFINITIONAL_REPRESENTATION('',(#645),#649);
#645 = LINE('',#646,#647);
#646 = CARTESIAN_POINT('',(7.2,0.));
#647 = VECTOR('',#648,1.);
#648 = DIRECTION('',(0.,-1.));
#649 = ( GEOMETRIC_REPRESENTATION_CONTEXT(2) 
PARAMETRIC_REPRESENTATION_CONTEXT() REPRESENTATION_CONTEXT('2D SPACE',''
  ) );
#650 = ORIENTED_EDGE('',*,*,#651,.T.);
#651 = EDGE_CURVE('',#624,#652,#654,.T.);
#652 = VERTEX_POINT('',#653);
#653 = CARTESIAN_POINT('',(31.5,60.397915761656,7.75));
#654 = SURFACE_CURVE('',#655,(#660,#667),.PCURVE_S1.);
#655 = CIRCLE('',#656,6.);
#656 = AXIS2_PLACEMENT_3D('',#657,#658,#659);
#657 = CARTESIAN_POINT('',(26.,58.,7.75));
#658 = DIRECTION('',(0.,0.,1.));
#659 = DIRECTION('',(0.,-1.,0.));
#660 = PCURVE('',#44,#661);
#661 = DEFINITIONAL_REPRESENTATION('',(#662),#666);
#662 = CIRCLE('',#663,6.);
#663 = AXIS2_PLACEMENT_2D('',#664,#665);
#664 = CARTESIAN_POINT('',(58.,122.));
#665 = DIRECTION('',(0.,-1.));
#666 = ( GEOMETRIC_REPRESENTATION_CONTEXT(2) 
PARAMETRIC_REPRESENTATION_CONTEXT() REPRESENTATION_CONTEXT('2D SPACE',''
  ) );
#667 = PCURVE('',#668,#673);
#668 = CYLINDRICAL_SURFACE('',#669,6.);
#669 = AXIS2_PLACEMENT_3D('',#670,#671,#672);
#670 = CARTESIAN_POINT('',(26.,58.,0.55));
#671 = DIRECTION('',(0.,0.,1.));
#672 = DIRECTION('',(1.,0.,-0.));
#673 = DEFINITIONAL_REPRESENTATION('',(#674),#678);
#674 = LINE('',#675,#676);
#675 = CARTESIAN_POINT('',(-1.570796326795,7.2));
#676 = VECTOR('',#677,1.);
#677 = DIRECTION('',(1.,0.));
#678 = ( GEOMETRIC_REPRESENTATION_CONTEXT(2) 
PARAMETRIC_REPRESENTATION_CONTEXT() REPRESENTATION_CONTEXT('2D SPACE',''
  ) );
#679 = ORIENTED_EDGE('',*,*,#680,.T.);
#680 = EDGE_CURVE('',#652,#681,#683,.T.);
#681 = VERTEX_POINT('',#682);
#682 = CARTESIAN_POINT('',(31.5,61.,7.75));
#683 = SURFACE_CURVE('',#684,(#688,#695),.PCURVE_S1.);
#684 = LINE('',#685,#686);
#685 = CARTESIAN_POINT('',(31.5,58.,7.75));
#686 = VECTOR('',#687,1.);
#687 = DIRECTION('',(0.,1.,0.));
#688 = PCURVE('',#44,#689);
#689 = DEFINITIONAL_REPRESENTATION('',(#690),#694);
#690 = LINE('',#691,#692);
#691 = CARTESIAN_POINT('',(63.5,122.));
#692 = VECTOR('',#693,1.);
#693 = DIRECTION('',(0.,1.));
#694 = ( GEOMETRIC_REPRESENTATION_CONTEXT(2) 
PARAMETRIC_REPRESENTATION_CONTEXT() REPRESENTATION_CONTEXT('2D SPACE',''
  ) );
#695 = PCURVE('',#696,#701);
#696 = PLANE('',#697);
#697 = AXIS2_PLACEMENT_3D('',#698,#699,#700);
#698 = CARTESIAN_POINT('',(31.5,58.,0.55));
#699 = DIRECTION('',(1.,0.,0.));
#700 = DIRECTION('',(0.,0.,1.));
#701 = DEFINITIONAL_REPRESENTATION('',(#702),#706);
#702 = LINE('',#703,#704);
#703 = CARTESIAN_POINT('',(7.2,0.));
#704 = VECTOR('',#705,1.);
#705 = DIRECTION('',(0.,-1.));
#706 = ( GEOMETRIC_REPRESENTATION_CONTEXT(2) 
PARAMETRIC_REPRESENTATION_CONTEXT() REPRESENTATION_CONTEXT('2D SPACE',''
  ) );
#707 = ORIENTED_EDGE('',*,*,#708,.F.);
#708 = EDGE_CURVE('',#709,#681,#711,.T.);
#709 = VERTEX_POINT('',#710);
#710 = CARTESIAN_POINT('',(31.196152422707,61.,7.75));
#711 = SURFACE_CURVE('',#712,(#716,#723),.PCURVE_S1.);
#712 = LINE('',#713,#714);
#713 = CARTESIAN_POINT('',(28.5,61.,7.75));
#714 = VECTOR('',#715,1.);
#715 = DIRECTION('',(1.,0.,0.));
#716 = PCURVE('',#44,#717);
#717 = DEFINITIONAL_REPRESENTATION('',(#718),#722);
#718 = LINE('',#719,#720);
#719 = CARTESIAN_POINT('',(60.5,125.));
#720 = VECTOR('',#721,1.);
#721 = DIRECTION('',(1.,0.));
#722 = ( GEOMETRIC_REPRESENTATION_CONTEXT(2) 
PARAMETRIC_REPRESENTATION_CONTEXT() REPRESENTATION_CONTEXT('2D SPACE',''
  ) );
#723 = PCURVE('',#724,#729);
#724 = PLANE('',#725);
#725 = AXIS2_PLACEMENT_3D('',#726,#727,#728);
#726 = CARTESIAN_POINT('',(28.5,61.,0.55));
#727 = DIRECTION('',(0.,1.,0.));
#728 = DIRECTION('',(0.,0.,1.));
#729 = DEFINITIONAL_REPRESENTATION('',(#730),#734);
#730 = LINE('',#731,#732);
#731 = CARTESIAN_POINT('',(7.2,0.));
#732 = VECTOR('',#733,1.);
#733 = DIRECTION('',(0.,1.));
#734 = ( GEOMETRIC_REPRESENTATION_CONTEXT(2) 
PARAMETRIC_REPRESENTATION_CONTEXT() REPRESENTATION_CONTEXT('2D SPACE',''
  ) );
#735 = ORIENTED_EDGE('',*,*,#736,.T.);
#736 = EDGE_CURVE('',#709,#737,#739,.T.);
#737 = VERTEX_POINT('',#738);
#738 = CARTESIAN_POINT('',(26.,64.,7.75));
#739 = SURFACE_CURVE('',#740,(#745,#752),.PCURVE_S1.);
#740 = CIRCLE('',#741,6.);
#741 = AXIS2_PLACEMENT_3D('',#742,#743,#744);
#742 = CARTESIAN_POINT('',(26.,58.,7.75));
#743 = DIRECTION('',(0.,0.,1.));
#744 = DIRECTION('',(0.,-1.,0.));
#745 = PCURVE('',#44,#746);
#746 = DEFINITIONAL_REPRESENTATION('',(#747),#751);
#747 = CIRCLE('',#748,6.);
#748 = AXIS2_PLACEMENT_2D('',#749,#750);
#749 = CARTESIAN_POINT('',(58.,122.));
#750 = DIRECTION('',(0.,-1.));
#751 = ( GEOMETRIC_REPRESENTATION_CONTEXT(2) 
PARAMETRIC_REPRESENTATION_CONTEXT() REPRESENTATION_CONTEXT('2D SPACE',''
  ) );
#752 = PCURVE('',#753,#758);
#753 = CYLINDRICAL_SURFACE('',#754,6.);
#754 = AXIS2_PLACEMENT_3D('',#755,#756,#757);
#755 = CARTESIAN_POINT('',(26.,58.,0.55));
#756 = DIRECTION('',(0.,0.,1.));
#757 = DIRECTION('',(1.,0.,-0.));
#758 = DEFINITIONAL_REPRESENTATION('',(#759),#763);
#759 = LINE('',#760,#761);
#760 = CARTESIAN_POINT('',(-1.570796326795,7.2));
#761 = VECTOR('',#762,1.);
#762 = DIRECTION('',(1.,0.));
#763 = ( GEOMETRIC_REPRESENTATION_CONTEXT(2) 
PARAMETRIC_REPRESENTATION_CONTEXT() REPRESENTATION_CONTEXT('2D SPACE',''
  ) );
#764 = ORIENTED_EDGE('',*,*,#765,.F.);
#765 = EDGE_CURVE('',#766,#737,#768,.T.);
#766 = VERTEX_POINT('',#767);
#767 = CARTESIAN_POINT('',(-26.,64.,7.75));
#768 = SURFACE_CURVE('',#769,(#773,#780),.PCURVE_S1.);
#769 = LINE('',#770,#771);
#770 = CARTESIAN_POINT('',(-32.,64.,7.75));
#771 = VECTOR('',#772,1.);
#772 = DIRECTION('',(1.,0.,0.));
#773 = PCURVE('',#44,#774);
#774 = DEFINITIONAL_REPRESENTATION('',(#775),#779);
#775 = LINE('',#776,#777);
#776 = CARTESIAN_POINT('',(0.,128.));
#777 = VECTOR('',#778,1.);
#778 = DIRECTION('',(1.,0.));
#779 = ( GEOMETRIC_REPRESENTATION_CONTEXT(2) 
PARAMETRIC_REPRESENTATION_CONTEXT() REPRESENTATION_CONTEXT('2D SPACE',''
  ) );
#780 = PCURVE('',#781,#786);
#781 = PLANE('',#782);
#782 = AXIS2_PLACEMENT_3D('',#783,#784,#785);
#783 = CARTESIAN_POINT('',(-32.,64.,0.55));
#784 = DIRECTION('',(0.,1.,0.));
#785 = DIRECTION('',(0.,0.,1.));
#786 = DEFINITIONAL_REPRESENTATION('',(#787),#791);
#787 = LINE('',#788,#789);
#788 = CARTESIAN_POINT('',(7.2,0.));
#789 = VECTOR('',#790,1.);
#790 = DIRECTION('',(0.,1.));
#791 = ( GEOMETRIC_REPRESENTATION_CONTEXT(2) 
PARAMETRIC_REPRESENTATION_CONTEXT() REPRESENTATION_CONTEXT('2D SPACE',''
  ) );
#792 = ORIENTED_EDGE('',*,*,#793,.F.);
#793 = EDGE_CURVE('',#794,#766,#796,.T.);
#794 = VERTEX_POINT('',#795);
#795 = CARTESIAN_POINT('',(-31.1961524227,61.,7.75));
#796 = SURFACE_CURVE('',#797,(#802,#813),.PCURVE_S1.);
#797 = CIRCLE('',#798,6.);
#798 = AXIS2_PLACEMENT_3D('',#799,#800,#801);
#799 = CARTESIAN_POINT('',(-26.,58.,7.75));
#800 = DIRECTION('',(-0.,-0.,-1.));
#801 = DIRECTION('',(0.,-1.,0.));
#802 = PCURVE('',#44,#803);
#803 = DEFINITIONAL_REPRESENTATION('',(#804),#812);
#804 = ( BOUNDED_CURVE() B_SPLINE_CURVE(2,(#805,#806,#807,#808,#809,#810
,#811),.UNSPECIFIED.,.T.,.F.) B_SPLINE_CURVE_WITH_KNOTS((1,2,2,2,2,1),(
    -2.094395102393,0.,2.094395102393,4.188790204786,6.28318530718,
8.377580409573),.UNSPECIFIED.) CURVE() GEOMETRIC_REPRESENTATION_ITEM() 
RATIONAL_B_SPLINE_CURVE((1.,0.5,1.,0.5,1.,0.5,1.)) REPRESENTATION_ITEM(
  '') );
#805 = CARTESIAN_POINT('',(6.,116.));
#806 = CARTESIAN_POINT('',(-4.392304845413,116.));
#807 = CARTESIAN_POINT('',(0.803847577293,125.));
#808 = CARTESIAN_POINT('',(6.,134.));
#809 = CARTESIAN_POINT('',(11.196152422707,125.));
#810 = CARTESIAN_POINT('',(16.392304845413,116.));
#811 = CARTESIAN_POINT('',(6.,116.));
#812 = ( GEOMETRIC_REPRESENTATION_CONTEXT(2) 
PARAMETRIC_REPRESENTATION_CONTEXT() REPRESENTATION_CONTEXT('2D SPACE',''
  ) );
#813 = PCURVE('',#814,#819);
#814 = CYLINDRICAL_SURFACE('',#815,6.);
#815 = AXIS2_PLACEMENT_3D('',#816,#817,#818);
#816 = CARTESIAN_POINT('',(-26.,58.,0.55));
#817 = DIRECTION('',(0.,0.,1.));
#818 = DIRECTION('',(-1.,-0.,0.));
#819 = DEFINITIONAL_REPRESENTATION('',(#820),#824);
#820 = LINE('',#821,#822);
#821 = CARTESIAN_POINT('',(1.570796326795,7.2));
#822 = VECTOR('',#823,1.);
#823 = DIRECTION('',(-1.,0.));
#824 = ( GEOMETRIC_REPRESENTATION_CONTEXT(2) 
PARAMETRIC_REPRESENTATION_CONTEXT() REPRESENTATION_CONTEXT('2D SPACE',''
  ) );
#825 = ORIENTED_EDGE('',*,*,#826,.F.);
#826 = EDGE_CURVE('',#827,#794,#829,.T.);
#827 = VERTEX_POINT('',#828);
#828 = CARTESIAN_POINT('',(-31.5,61.,7.75));
#829 = SURFACE_CURVE('',#830,(#834,#841),.PCURVE_S1.);
#830 = LINE('',#831,#832);
#831 = CARTESIAN_POINT('',(-31.5,61.,7.75));
#832 = VECTOR('',#833,1.);
#833 = DIRECTION('',(1.,0.,0.));
#834 = PCURVE('',#44,#835);
#835 = DEFINITIONAL_REPRESENTATION('',(#836),#840);
#836 = LINE('',#837,#838);
#837 = CARTESIAN_POINT('',(0.5,125.));
#838 = VECTOR('',#839,1.);
#839 = DIRECTION('',(1.,0.));
#840 = ( GEOMETRIC_REPRESENTATION_CONTEXT(2) 
PARAMETRIC_REPRESENTATION_CONTEXT() REPRESENTATION_CONTEXT('2D SPACE',''
  ) );
#841 = PCURVE('',#842,#847);
#842 = PLANE('',#843);
#843 = AXIS2_PLACEMENT_3D('',#844,#845,#846);
#844 = CARTESIAN_POINT('',(-31.5,61.,0.55));
#845 = DIRECTION('',(0.,1.,0.));
#846 = DIRECTION('',(0.,0.,1.));
#847 = DEFINITIONAL_REPRESENTATION('',(#848),#852);
#848 = LINE('',#849,#850);
#849 = CARTESIAN_POINT('',(7.2,0.));
#850 = VECTOR('',#851,1.);
#851 = DIRECTION('',(0.,1.));
#852 = ( GEOMETRIC_REPRESENTATION_CONTEXT(2) 
PARAMETRIC_REPRESENTATION_CONTEXT() REPRESENTATION_CONTEXT('2D SPACE',''
  ) );
#853 = ORIENTED_EDGE('',*,*,#854,.F.);
#854 = EDGE_CURVE('',#855,#827,#857,.T.);
#855 = VERTEX_POINT('',#856);
#856 = CARTESIAN_POINT('',(-31.5,60.397915761656,7.75));
#857 = SURFACE_CURVE('',#858,(#862,#869),.PCURVE_S1.);
#858 = LINE('',#859,#860);
#859 = CARTESIAN_POINT('',(-31.5,58.,7.75));
#860 = VECTOR('',#861,1.);
#861 = DIRECTION('',(0.,1.,0.));
#862 = PCURVE('',#44,#863);
#863 = DEFINITIONAL_REPRESENTATION('',(#864),#868);
#864 = LINE('',#865,#866);
#865 = CARTESIAN_POINT('',(0.5,122.));
#866 = VECTOR('',#867,1.);
#867 = DIRECTION('',(0.,1.));
#868 = ( GEOMETRIC_REPRESENTATION_CONTEXT(2) 
PARAMETRIC_REPRESENTATION_CONTEXT() REPRESENTATION_CONTEXT('2D SPACE',''
  ) );
#869 = PCURVE('',#870,#875);
#870 = PLANE('',#871);
#871 = AXIS2_PLACEMENT_3D('',#872,#873,#874);
#872 = CARTESIAN_POINT('',(-31.5,58.,0.55));
#873 = DIRECTION('',(1.,0.,0.));
#874 = DIRECTION('',(0.,0.,1.));
#875 = DEFINITIONAL_REPRESENTATION('',(#876),#880);
#876 = LINE('',#877,#878);
#877 = CARTESIAN_POINT('',(7.2,0.));
#878 = VECTOR('',#879,1.);
#879 = DIRECTION('',(0.,-1.));
#880 = ( GEOMETRIC_REPRESENTATION_CONTEXT(2) 
PARAMETRIC_REPRESENTATION_CONTEXT() REPRESENTATION_CONTEXT('2D SPACE',''
  ) );
#881 = ORIENTED_EDGE('',*,*,#882,.F.);
#882 = EDGE_CURVE('',#24,#855,#883,.T.);
#883 = SURFACE_CURVE('',#884,(#889,#900),.PCURVE_S1.);
#884 = CIRCLE('',#885,6.);
#885 = AXIS2_PLACEMENT_3D('',#886,#887,#888);
#886 = CARTESIAN_POINT('',(-26.,58.,7.75));
#887 = DIRECTION('',(-0.,-0.,-1.));
#888 = DIRECTION('',(0.,-1.,0.));
#889 = PCURVE('',#44,#890);
#890 = DEFINITIONAL_REPRESENTATION('',(#891),#899);
#891 = ( BOUNDED_CURVE() B_SPLINE_CURVE(2,(#892,#893,#894,#895,#896,#897
,#898),.UNSPECIFIED.,.T.,.F.) B_SPLINE_CURVE_WITH_KNOTS((1,2,2,2,2,1),(
    -2.094395102393,0.,2.094395102393,4.188790204786,6.28318530718,
8.377580409573),.UNSPECIFIED.) CURVE() GEOMETRIC_REPRESENTATION_ITEM() 
RATIONAL_B_SPLINE_CURVE((1.,0.5,1.,0.5,1.,0.5,1.)) REPRESENTATION_ITEM(
  '') );
#892 = CARTESIAN_POINT('',(6.,116.));
#893 = CARTESIAN_POINT('',(-4.392304845413,116.));
#894 = CARTESIAN_POINT('',(0.803847577293,125.));
#895 = CARTESIAN_POINT('',(6.,134.));
#896 = CARTESIAN_POINT('',(11.196152422707,125.));
#897 = CARTESIAN_POINT('',(16.392304845413,116.));
#898 = CARTESIAN_POINT('',(6.,116.));
#899 = ( GEOMETRIC_REPRESENTATION_CONTEXT(2) 
PARAMETRIC_REPRESENTATION_CONTEXT() REPRESENTATION_CONTEXT('2D SPACE',''
  ) );
#900 = PCURVE('',#126,#901);
#901 = DEFINITIONAL_REPRESENTATION('',(#902),#906);
#902 = LINE('',#903,#904);
#903 = CARTESIAN_POINT('',(1.570796326795,7.2));
#904 = VECTOR('',#905,1.);
#905 = DIRECTION('',(-1.,0.));
#906 = ( GEOMETRIC_REPRESENTATION_CONTEXT(2) 
PARAMETRIC_REPRESENTATION_CONTEXT() REPRESENTATION_CONTEXT('2D SPACE',''
  ) );
#907 = FACE_BOUND('',#908,.T.);
#908 = EDGE_LOOP('',(#909));
#909 = ORIENTED_EDGE('',*,*,#910,.F.);
#910 = EDGE_CURVE('',#911,#911,#913,.T.);
#911 = VERTEX_POINT('',#912);
#912 = CARTESIAN_POINT('',(-26.85,-59.5,7.75));
#913 = SURFACE_CURVE('',#914,(#919,#926),.PCURVE_S1.);
#914 = CIRCLE('',#915,1.15);
#915 = AXIS2_PLACEMENT_3D('',#916,#917,#918);
#916 = CARTESIAN_POINT('',(-28.,-59.5,7.75));
#917 = DIRECTION('',(0.,0.,1.));
#918 = DIRECTION('',(1.,0.,-0.));
#919 = PCURVE('',#44,#920);
#920 = DEFINITIONAL_REPRESENTATION('',(#921),#925);
#921 = CIRCLE('',#922,1.15);
#922 = AXIS2_PLACEMENT_2D('',#923,#924);
#923 = CARTESIAN_POINT('',(4.,4.5));
#924 = DIRECTION('',(1.,0.));
#925 = ( GEOMETRIC_REPRESENTATION_CONTEXT(2) 
PARAMETRIC_REPRESENTATION_CONTEXT() REPRESENTATION_CONTEXT('2D SPACE',''
  ) );
#926 = PCURVE('',#927,#932);
#927 = CONICAL_SURFACE('',#928,0.9,0.785398163397);
#928 = AXIS2_PLACEMENT_3D('',#929,#930,#931);
#929 = CARTESIAN_POINT('',(-28.,-59.5,7.5));
#930 = DIRECTION('',(0.,0.,1.));
#931 = DIRECTION('',(1.,0.,-0.));
#932 = DEFINITIONAL_REPRESENTATION('',(#933),#937);
#933 = LINE('',#934,#935);
#934 = CARTESIAN_POINT('',(0.,0.25));
#935 = VECTOR('',#936,1.);
#936 = DIRECTION('',(1.,0.));
#937 = ( GEOMETRIC_REPRESENTATION_CONTEXT(2) 
PARAMETRIC_REPRESENTATION_CONTEXT() REPRESENTATION_CONTEXT('2D SPACE',''
  ) );
#938 = FACE_BOUND('',#939,.T.);
#939 = EDGE_LOOP('',(#940));
#940 = ORIENTED_EDGE('',*,*,#941,.F.);
#941 = EDGE_CURVE('',#942,#942,#944,.T.);
#942 = VERTEX_POINT('',#943);
#943 = CARTESIAN_POINT('',(-26.85,-2.816687638039E-16,7.75));
#944 = SURFACE_CURVE('',#945,(#950,#957),.PCURVE_S1.);
#945 = CIRCLE('',#946,1.15);
#946 = AXIS2_PLACEMENT_3D('',#947,#948,#949);
#947 = CARTESIAN_POINT('',(-28.,0.,7.75));
#948 = DIRECTION('',(0.,0.,1.));
#949 = DIRECTION('',(1.,0.,-0.));
#950 = PCURVE('',#44,#951);
#951 = DEFINITIONAL_REPRESENTATION('',(#952),#956);
#952 = CIRCLE('',#953,1.15);
#953 = AXIS2_PLACEMENT_2D('',#954,#955);
#954 = CARTESIAN_POINT('',(4.,64.));
#955 = DIRECTION('',(1.,0.));
#956 = ( GEOMETRIC_REPRESENTATION_CONTEXT(2) 
PARAMETRIC_REPRESENTATION_CONTEXT() REPRESENTATION_CONTEXT('2D SPACE',''
  ) );
#957 = PCURVE('',#958,#963);
#958 = CONICAL_SURFACE('',#959,0.9,0.785398163397);
#959 = AXIS2_PLACEMENT_3D('',#960,#961,#962);
#960 = CARTESIAN_POINT('',(-28.,0.,7.5));
#961 = DIRECTION('',(0.,0.,1.));
#962 = DIRECTION('',(1.,0.,-0.));
#963 = DEFINITIONAL_REPRESENTATION('',(#964),#968);
#964 = LINE('',#965,#966);
#965 = CARTESIAN_POINT('',(0.,0.25));
#966 = VECTOR('',#967,1.);
#967 = DIRECTION('',(1.,0.));
#968 = ( GEOMETRIC_REPRESENTATION_CONTEXT(2) 
PARAMETRIC_REPRESENTATION_CONTEXT() REPRESENTATION_CONTEXT('2D SPACE',''
  ) );
#969 = FACE_BOUND('',#970,.T.);
#970 = EDGE_LOOP('',(#971,#1002,#1030,#1057,#1085,#1114,#1142,#1169,
    #1197,#1226,#1255,#1282,#1311,#1340,#1368,#1395,#1423,#1452,#1480,
    #1507,#1535,#1564,#1593,#1620));
#971 = ORIENTED_EDGE('',*,*,#972,.T.);
#972 = EDGE_CURVE('',#973,#975,#977,.T.);
#973 = VERTEX_POINT('',#974);
#974 = CARTESIAN_POINT('',(28.452830974816,61.652892033579,7.75));
#975 = VERTEX_POINT('',#976);
#976 = CARTESIAN_POINT('',(29.609347693943,58.,7.75));
#977 = SURFACE_CURVE('',#978,(#983,#990),.PCURVE_S1.);
#978 = CIRCLE('',#979,2.2);
#979 = AXIS2_PLACEMENT_3D('',#980,#981,#982);
#980 = CARTESIAN_POINT('',(28.,59.5,7.75));
#981 = DIRECTION('',(0.,0.,1.));
#982 = DIRECTION('',(1.,0.,0.));
#983 = PCURVE('',#44,#984);
#984 = DEFINITIONAL_REPRESENTATION('',(#985),#989);
#985 = CIRCLE('',#986,2.2);
#986 = AXIS2_PLACEMENT_2D('',#987,#988);
#987 = CARTESIAN_POINT('',(60.,123.5));
#988 = DIRECTION('',(1.,0.));
#989 = ( GEOMETRIC_REPRESENTATION_CONTEXT(2) 
PARAMETRIC_REPRESENTATION_CONTEXT() REPRESENTATION_CONTEXT('2D SPACE',''
  ) );
#990 = PCURVE('',#991,#996);
#991 = CYLINDRICAL_SURFACE('',#992,2.2);
#992 = AXIS2_PLACEMENT_3D('',#993,#994,#995);
#993 = CARTESIAN_POINT('',(28.,59.5,0.55));
#994 = DIRECTION('',(-0.,-0.,-1.));
#995 = DIRECTION('',(1.,0.,0.));
#996 = DEFINITIONAL_REPRESENTATION('',(#997),#1001);
#997 = LINE('',#998,#999);
#998 = CARTESIAN_POINT('',(-0.,-7.2));
#999 = VECTOR('',#1000,1.);
#1000 = DIRECTION('',(-1.,0.));
#1001 = ( GEOMETRIC_REPRESENTATION_CONTEXT(2) 
PARAMETRIC_REPRESENTATION_CONTEXT() REPRESENTATION_CONTEXT('2D SPACE',''
  ) );
#1002 = ORIENTED_EDGE('',*,*,#1003,.T.);
#1003 = EDGE_CURVE('',#975,#1004,#1006,.T.);
#1004 = VERTEX_POINT('',#1005);
#1005 = CARTESIAN_POINT('',(30.4,58.,7.75));
#1006 = SURFACE_CURVE('',#1007,(#1011,#1018),.PCURVE_S1.);
#1007 = LINE('',#1008,#1009);
#1008 = CARTESIAN_POINT('',(28.5,58.,7.75));
#1009 = VECTOR('',#1010,1.);
#1010 = DIRECTION('',(1.,0.,0.));
#1011 = PCURVE('',#44,#1012);
#1012 = DEFINITIONAL_REPRESENTATION('',(#1013),#1017);
#1013 = LINE('',#1014,#1015);
#1014 = CARTESIAN_POINT('',(60.5,122.));
#1015 = VECTOR('',#1016,1.);
#1016 = DIRECTION('',(1.,0.));
#1017 = ( GEOMETRIC_REPRESENTATION_CONTEXT(2) 
PARAMETRIC_REPRESENTATION_CONTEXT() REPRESENTATION_CONTEXT('2D SPACE',''
  ) );
#1018 = PCURVE('',#1019,#1024);
#1019 = PLANE('',#1020);
#1020 = AXIS2_PLACEMENT_3D('',#1021,#1022,#1023);
#1021 = CARTESIAN_POINT('',(28.5,58.,0.55));
#1022 = DIRECTION('',(0.,1.,0.));
#1023 = DIRECTION('',(0.,0.,1.));
#1024 = DEFINITIONAL_REPRESENTATION('',(#1025),#1029);
#1025 = LINE('',#1026,#1027);
#1026 = CARTESIAN_POINT('',(7.2,0.));
#1027 = VECTOR('',#1028,1.);
#1028 = DIRECTION('',(0.,1.));
#1029 = ( GEOMETRIC_REPRESENTATION_CONTEXT(2) 
PARAMETRIC_REPRESENTATION_CONTEXT() REPRESENTATION_CONTEXT('2D SPACE',''
  ) );
#1030 = ORIENTED_EDGE('',*,*,#1031,.F.);
#1031 = EDGE_CURVE('',#1032,#1004,#1034,.T.);
#1032 = VERTEX_POINT('',#1033);
#1033 = CARTESIAN_POINT('',(30.4,1.5,7.75));
#1034 = SURFACE_CURVE('',#1035,(#1039,#1046),.PCURVE_S1.);
#1035 = LINE('',#1036,#1037);
#1036 = CARTESIAN_POINT('',(30.4,-63.2,7.75));
#1037 = VECTOR('',#1038,1.);
#1038 = DIRECTION('',(0.,1.,0.));
#1039 = PCURVE('',#44,#1040);
#1040 = DEFINITIONAL_REPRESENTATION('',(#1041),#1045);
#1041 = LINE('',#1042,#1043);
#1042 = CARTESIAN_POINT('',(62.4,0.8));
#1043 = VECTOR('',#1044,1.);
#1044 = DIRECTION('',(0.,1.));
#1045 = ( GEOMETRIC_REPRESENTATION_CONTEXT(2) 
PARAMETRIC_REPRESENTATION_CONTEXT() REPRESENTATION_CONTEXT('2D SPACE',''
  ) );
#1046 = PCURVE('',#1047,#1052);
#1047 = PLANE('',#1048);
#1048 = AXIS2_PLACEMENT_3D('',#1049,#1050,#1051);
#1049 = CARTESIAN_POINT('',(30.4,-62.4,0.4));
#1050 = DIRECTION('',(1.,0.,0.));
#1051 = DIRECTION('',(0.,0.,1.));
#1052 = DEFINITIONAL_REPRESENTATION('',(#1053),#1056);
#1053 = B_SPLINE_CURVE_WITH_KNOTS('',1,(#1054,#1055),.UNSPECIFIED.,.F.,
  .F.,(2,2),(5.2,121.2),.PIECEWISE_BEZIER_KNOTS.);
#1054 = CARTESIAN_POINT('',(7.35,-4.4));
#1055 = CARTESIAN_POINT('',(7.35,-120.4));
#1056 = ( GEOMETRIC_REPRESENTATION_CONTEXT(2) 
PARAMETRIC_REPRESENTATION_CONTEXT() REPRESENTATION_CONTEXT('2D SPACE',''
  ) );
#1057 = ORIENTED_EDGE('',*,*,#1058,.F.);
#1058 = EDGE_CURVE('',#1059,#1032,#1061,.T.);
#1059 = VERTEX_POINT('',#1060);
#1060 = CARTESIAN_POINT('',(29.609347693943,1.5,7.75));
#1061 = SURFACE_CURVE('',#1062,(#1066,#1073),.PCURVE_S1.);
#1062 = LINE('',#1063,#1064);
#1063 = CARTESIAN_POINT('',(28.5,1.5,7.75));
#1064 = VECTOR('',#1065,1.);
#1065 = DIRECTION('',(1.,0.,0.));
#1066 = PCURVE('',#44,#1067);
#1067 = DEFINITIONAL_REPRESENTATION('',(#1068),#1072);
#1068 = LINE('',#1069,#1070);
#1069 = CARTESIAN_POINT('',(60.5,65.5));
#1070 = VECTOR('',#1071,1.);
#1071 = DIRECTION('',(1.,0.));
#1072 = ( GEOMETRIC_REPRESENTATION_CONTEXT(2) 
PARAMETRIC_REPRESENTATION_CONTEXT() REPRESENTATION_CONTEXT('2D SPACE',''
  ) );
#1073 = PCURVE('',#1074,#1079);
#1074 = PLANE('',#1075);
#1075 = AXIS2_PLACEMENT_3D('',#1076,#1077,#1078);
#1076 = CARTESIAN_POINT('',(28.5,1.5,0.55));
#1077 = DIRECTION('',(0.,1.,0.));
#1078 = DIRECTION('',(0.,0.,1.));
#1079 = DEFINITIONAL_REPRESENTATION('',(#1080),#1084);
#1080 = LINE('',#1081,#1082);
#1081 = CARTESIAN_POINT('',(7.2,0.));
#1082 = VECTOR('',#1083,1.);
#1083 = DIRECTION('',(0.,1.));
#1084 = ( GEOMETRIC_REPRESENTATION_CONTEXT(2) 
PARAMETRIC_REPRESENTATION_CONTEXT() REPRESENTATION_CONTEXT('2D SPACE',''
  ) );
#1085 = ORIENTED_EDGE('',*,*,#1086,.T.);
#1086 = EDGE_CURVE('',#1059,#1087,#1089,.T.);
#1087 = VERTEX_POINT('',#1088);
#1088 = CARTESIAN_POINT('',(29.609347693943,-1.5,7.75));
#1089 = SURFACE_CURVE('',#1090,(#1095,#1102),.PCURVE_S1.);
#1090 = CIRCLE('',#1091,2.2);
#1091 = AXIS2_PLACEMENT_3D('',#1092,#1093,#1094);
#1092 = CARTESIAN_POINT('',(28.,0.,7.75));
#1093 = DIRECTION('',(0.,0.,1.));
#1094 = DIRECTION('',(1.,0.,0.));
#1095 = PCURVE('',#44,#1096);
#1096 = DEFINITIONAL_REPRESENTATION('',(#1097),#1101);
#1097 = CIRCLE('',#1098,2.2);
#1098 = AXIS2_PLACEMENT_2D('',#1099,#1100);
#1099 = CARTESIAN_POINT('',(60.,64.));
#1100 = DIRECTION('',(1.,0.));
#1101 = ( GEOMETRIC_REPRESENTATION_CONTEXT(2) 
PARAMETRIC_REPRESENTATION_CONTEXT() REPRESENTATION_CONTEXT('2D SPACE',''
  ) );
#1102 = PCURVE('',#1103,#1108);
#1103 = CYLINDRICAL_SURFACE('',#1104,2.2);
#1104 = AXIS2_PLACEMENT_3D('',#1105,#1106,#1107);
#1105 = CARTESIAN_POINT('',(28.,0.,0.55));
#1106 = DIRECTION('',(-0.,-0.,-1.));
#1107 = DIRECTION('',(1.,0.,0.));
#1108 = DEFINITIONAL_REPRESENTATION('',(#1109),#1113);
#1109 = LINE('',#1110,#1111);
#1110 = CARTESIAN_POINT('',(-0.,-7.2));
#1111 = VECTOR('',#1112,1.);
#1112 = DIRECTION('',(-1.,0.));
#1113 = ( GEOMETRIC_REPRESENTATION_CONTEXT(2) 
PARAMETRIC_REPRESENTATION_CONTEXT() REPRESENTATION_CONTEXT('2D SPACE',''
  ) );
#1114 = ORIENTED_EDGE('',*,*,#1115,.T.);
#1115 = EDGE_CURVE('',#1087,#1116,#1118,.T.);
#1116 = VERTEX_POINT('',#1117);
#1117 = CARTESIAN_POINT('',(30.4,-1.5,7.75));
#1118 = SURFACE_CURVE('',#1119,(#1123,#1130),.PCURVE_S1.);
#1119 = LINE('',#1120,#1121);
#1120 = CARTESIAN_POINT('',(28.5,-1.5,7.75));
#1121 = VECTOR('',#1122,1.);
#1122 = DIRECTION('',(1.,0.,0.));
#1123 = PCURVE('',#44,#1124);
#1124 = DEFINITIONAL_REPRESENTATION('',(#1125),#1129);
#1125 = LINE('',#1126,#1127);
#1126 = CARTESIAN_POINT('',(60.5,62.5));
#1127 = VECTOR('',#1128,1.);
#1128 = DIRECTION('',(1.,0.));
#1129 = ( GEOMETRIC_REPRESENTATION_CONTEXT(2) 
PARAMETRIC_REPRESENTATION_CONTEXT() REPRESENTATION_CONTEXT('2D SPACE',''
  ) );
#1130 = PCURVE('',#1131,#1136);
#1131 = PLANE('',#1132);
#1132 = AXIS2_PLACEMENT_3D('',#1133,#1134,#1135);
#1133 = CARTESIAN_POINT('',(28.5,-1.5,0.55));
#1134 = DIRECTION('',(0.,1.,0.));
#1135 = DIRECTION('',(0.,0.,1.));
#1136 = DEFINITIONAL_REPRESENTATION('',(#1137),#1141);
#1137 = LINE('',#1138,#1139);
#1138 = CARTESIAN_POINT('',(7.2,0.));
#1139 = VECTOR('',#1140,1.);
#1140 = DIRECTION('',(0.,1.));
#1141 = ( GEOMETRIC_REPRESENTATION_CONTEXT(2) 
PARAMETRIC_REPRESENTATION_CONTEXT() REPRESENTATION_CONTEXT('2D SPACE',''
  ) );
#1142 = ORIENTED_EDGE('',*,*,#1143,.F.);
#1143 = EDGE_CURVE('',#1144,#1116,#1146,.T.);
#1144 = VERTEX_POINT('',#1145);
#1145 = CARTESIAN_POINT('',(30.4,-58.,7.75));
#1146 = SURFACE_CURVE('',#1147,(#1151,#1158),.PCURVE_S1.);
#1147 = LINE('',#1148,#1149);
#1148 = CARTESIAN_POINT('',(30.4,-63.2,7.75));
#1149 = VECTOR('',#1150,1.);
#1150 = DIRECTION('',(0.,1.,0.));
#1151 = PCURVE('',#44,#1152);
#1152 = DEFINITIONAL_REPRESENTATION('',(#1153),#1157);
#1153 = LINE('',#1154,#1155);
#1154 = CARTESIAN_POINT('',(62.4,0.8));
#1155 = VECTOR('',#1156,1.);
#1156 = DIRECTION('',(0.,1.));
#1157 = ( GEOMETRIC_REPRESENTATION_CONTEXT(2) 
PARAMETRIC_REPRESENTATION_CONTEXT() REPRESENTATION_CONTEXT('2D SPACE',''
  ) );
#1158 = PCURVE('',#1159,#1164);
#1159 = PLANE('',#1160);
#1160 = AXIS2_PLACEMENT_3D('',#1161,#1162,#1163);
#1161 = CARTESIAN_POINT('',(30.4,-62.4,0.4));
#1162 = DIRECTION('',(1.,0.,0.));
#1163 = DIRECTION('',(0.,0.,1.));
#1164 = DEFINITIONAL_REPRESENTATION('',(#1165),#1168);
#1165 = B_SPLINE_CURVE_WITH_KNOTS('',1,(#1166,#1167),.UNSPECIFIED.,.F.,
  .F.,(2,2),(5.2,121.2),.PIECEWISE_BEZIER_KNOTS.);
#1166 = CARTESIAN_POINT('',(7.35,-4.4));
#1167 = CARTESIAN_POINT('',(7.35,-120.4));
#1168 = ( GEOMETRIC_REPRESENTATION_CONTEXT(2) 
PARAMETRIC_REPRESENTATION_CONTEXT() REPRESENTATION_CONTEXT('2D SPACE',''
  ) );
#1169 = ORIENTED_EDGE('',*,*,#1170,.F.);
#1170 = EDGE_CURVE('',#1171,#1144,#1173,.T.);
#1171 = VERTEX_POINT('',#1172);
#1172 = CARTESIAN_POINT('',(29.609347693943,-58.,7.75));
#1173 = SURFACE_CURVE('',#1174,(#1178,#1185),.PCURVE_S1.);
#1174 = LINE('',#1175,#1176);
#1175 = CARTESIAN_POINT('',(28.5,-58.,7.75));
#1176 = VECTOR('',#1177,1.);
#1177 = DIRECTION('',(1.,0.,0.));
#1178 = PCURVE('',#44,#1179);
#1179 = DEFINITIONAL_REPRESENTATION('',(#1180),#1184);
#1180 = LINE('',#1181,#1182);
#1181 = CARTESIAN_POINT('',(60.5,6.));
#1182 = VECTOR('',#1183,1.);
#1183 = DIRECTION('',(1.,0.));
#1184 = ( GEOMETRIC_REPRESENTATION_CONTEXT(2) 
PARAMETRIC_REPRESENTATION_CONTEXT() REPRESENTATION_CONTEXT('2D SPACE',''
  ) );
#1185 = PCURVE('',#1186,#1191);
#1186 = PLANE('',#1187);
#1187 = AXIS2_PLACEMENT_3D('',#1188,#1189,#1190);
#1188 = CARTESIAN_POINT('',(28.5,-58.,0.55));
#1189 = DIRECTION('',(0.,1.,0.));
#1190 = DIRECTION('',(0.,0.,1.));
#1191 = DEFINITIONAL_REPRESENTATION('',(#1192),#1196);
#1192 = LINE('',#1193,#1194);
#1193 = CARTESIAN_POINT('',(7.2,0.));
#1194 = VECTOR('',#1195,1.);
#1195 = DIRECTION('',(0.,1.));
#1196 = ( GEOMETRIC_REPRESENTATION_CONTEXT(2) 
PARAMETRIC_REPRESENTATION_CONTEXT() REPRESENTATION_CONTEXT('2D SPACE',''
  ) );
#1197 = ORIENTED_EDGE('',*,*,#1198,.T.);
#1198 = EDGE_CURVE('',#1171,#1199,#1201,.T.);
#1199 = VERTEX_POINT('',#1200);
#1200 = CARTESIAN_POINT('',(28.452830974816,-61.65289203357,7.75));
#1201 = SURFACE_CURVE('',#1202,(#1207,#1214),.PCURVE_S1.);
#1202 = CIRCLE('',#1203,2.2);
#1203 = AXIS2_PLACEMENT_3D('',#1204,#1205,#1206);
#1204 = CARTESIAN_POINT('',(28.,-59.5,7.75));
#1205 = DIRECTION('',(0.,0.,1.));
#1206 = DIRECTION('',(1.,0.,0.));
#1207 = PCURVE('',#44,#1208);
#1208 = DEFINITIONAL_REPRESENTATION('',(#1209),#1213);
#1209 = CIRCLE('',#1210,2.2);
#1210 = AXIS2_PLACEMENT_2D('',#1211,#1212);
#1211 = CARTESIAN_POINT('',(60.,4.5));
#1212 = DIRECTION('',(1.,0.));
#1213 = ( GEOMETRIC_REPRESENTATION_CONTEXT(2) 
PARAMETRIC_REPRESENTATION_CONTEXT() REPRESENTATION_CONTEXT('2D SPACE',''
  ) );
#1214 = PCURVE('',#1215,#1220);
#1215 = CYLINDRICAL_SURFACE('',#1216,2.2);
#1216 = AXIS2_PLACEMENT_3D('',#1217,#1218,#1219);
#1217 = CARTESIAN_POINT('',(28.,-59.5,0.55));
#1218 = DIRECTION('',(-0.,-0.,-1.));
#1219 = DIRECTION('',(1.,0.,0.));
#1220 = DEFINITIONAL_REPRESENTATION('',(#1221),#1225);
#1221 = LINE('',#1222,#1223);
#1222 = CARTESIAN_POINT('',(-0.,-7.2));
#1223 = VECTOR('',#1224,1.);
#1224 = DIRECTION('',(-1.,0.));
#1225 = ( GEOMETRIC_REPRESENTATION_CONTEXT(2) 
PARAMETRIC_REPRESENTATION_CONTEXT() REPRESENTATION_CONTEXT('2D SPACE',''
  ) );
#1226 = ORIENTED_EDGE('',*,*,#1227,.F.);
#1227 = EDGE_CURVE('',#1228,#1199,#1230,.T.);
#1228 = VERTEX_POINT('',#1229);
#1229 = CARTESIAN_POINT('',(26.,-62.4,7.75));
#1230 = SURFACE_CURVE('',#1231,(#1236,#1243),.PCURVE_S1.);
#1231 = CIRCLE('',#1232,4.4);
#1232 = AXIS2_PLACEMENT_3D('',#1233,#1234,#1235);
#1233 = CARTESIAN_POINT('',(26.,-58.,7.75));
#1234 = DIRECTION('',(0.,0.,1.));
#1235 = DIRECTION('',(1.,0.,-0.));
#1236 = PCURVE('',#44,#1237);
#1237 = DEFINITIONAL_REPRESENTATION('',(#1238),#1242);
#1238 = CIRCLE('',#1239,4.4);
#1239 = AXIS2_PLACEMENT_2D('',#1240,#1241);
#1240 = CARTESIAN_POINT('',(58.,6.));
#1241 = DIRECTION('',(1.,0.));
#1242 = ( GEOMETRIC_REPRESENTATION_CONTEXT(2) 
PARAMETRIC_REPRESENTATION_CONTEXT() REPRESENTATION_CONTEXT('2D SPACE',''
  ) );
#1243 = PCURVE('',#1244,#1249);
#1244 = CYLINDRICAL_SURFACE('',#1245,4.4);
#1245 = AXIS2_PLACEMENT_3D('',#1246,#1247,#1248);
#1246 = CARTESIAN_POINT('',(26.,-58.,0.4));
#1247 = DIRECTION('',(0.,0.,1.));
#1248 = DIRECTION('',(1.,0.,-0.));
#1249 = DEFINITIONAL_REPRESENTATION('',(#1250),#1254);
#1250 = LINE('',#1251,#1252);
#1251 = CARTESIAN_POINT('',(-6.28318530718,7.35));
#1252 = VECTOR('',#1253,1.);
#1253 = DIRECTION('',(1.,-0.));
#1254 = ( GEOMETRIC_REPRESENTATION_CONTEXT(2) 
PARAMETRIC_REPRESENTATION_CONTEXT() REPRESENTATION_CONTEXT('2D SPACE',''
  ) );
#1255 = ORIENTED_EDGE('',*,*,#1256,.T.);
#1256 = EDGE_CURVE('',#1228,#1257,#1259,.T.);
#1257 = VERTEX_POINT('',#1258);
#1258 = CARTESIAN_POINT('',(-26.,-62.4,7.75));
#1259 = SURFACE_CURVE('',#1260,(#1264,#1271),.PCURVE_S1.);
#1260 = LINE('',#1261,#1262);
#1261 = CARTESIAN_POINT('',(-31.2,-62.4,7.75));
#1262 = VECTOR('',#1263,1.);
#1263 = DIRECTION('',(-1.,0.,0.));
#1264 = PCURVE('',#44,#1265);
#1265 = DEFINITIONAL_REPRESENTATION('',(#1266),#1270);
#1266 = LINE('',#1267,#1268);
#1267 = CARTESIAN_POINT('',(0.8,1.6));
#1268 = VECTOR('',#1269,1.);
#1269 = DIRECTION('',(-1.,0.));
#1270 = ( GEOMETRIC_REPRESENTATION_CONTEXT(2) 
PARAMETRIC_REPRESENTATION_CONTEXT() REPRESENTATION_CONTEXT('2D SPACE',''
  ) );
#1271 = PCURVE('',#1272,#1277);
#1272 = PLANE('',#1273);
#1273 = AXIS2_PLACEMENT_3D('',#1274,#1275,#1276);
#1274 = CARTESIAN_POINT('',(-30.4,-62.4,0.4));
#1275 = DIRECTION('',(0.,1.,0.));
#1276 = DIRECTION('',(0.,0.,1.));
#1277 = DEFINITIONAL_REPRESENTATION('',(#1278),#1281);
#1278 = B_SPLINE_CURVE_WITH_KNOTS('',1,(#1279,#1280),.UNSPECIFIED.,.F.,
  .F.,(2,2),(-57.2,-5.2),.PIECEWISE_BEZIER_KNOTS.);
#1279 = CARTESIAN_POINT('',(7.35,56.4));
#1280 = CARTESIAN_POINT('',(7.35,4.4));
#1281 = ( GEOMETRIC_REPRESENTATION_CONTEXT(2) 
PARAMETRIC_REPRESENTATION_CONTEXT() REPRESENTATION_CONTEXT('2D SPACE',''
  ) );
#1282 = ORIENTED_EDGE('',*,*,#1283,.F.);
#1283 = EDGE_CURVE('',#1284,#1257,#1286,.T.);
#1284 = VERTEX_POINT('',#1285);
#1285 = CARTESIAN_POINT('',(-28.45283097481,-61.65289203357,7.75));
#1286 = SURFACE_CURVE('',#1287,(#1292,#1299),.PCURVE_S1.);
#1287 = CIRCLE('',#1288,4.4);
#1288 = AXIS2_PLACEMENT_3D('',#1289,#1290,#1291);
#1289 = CARTESIAN_POINT('',(-26.,-58.,7.75));
#1290 = DIRECTION('',(0.,0.,1.));
#1291 = DIRECTION('',(-1.,-0.,0.));
#1292 = PCURVE('',#44,#1293);
#1293 = DEFINITIONAL_REPRESENTATION('',(#1294),#1298);
#1294 = CIRCLE('',#1295,4.4);
#1295 = AXIS2_PLACEMENT_2D('',#1296,#1297);
#1296 = CARTESIAN_POINT('',(6.,6.));
#1297 = DIRECTION('',(-1.,0.));
#1298 = ( GEOMETRIC_REPRESENTATION_CONTEXT(2) 
PARAMETRIC_REPRESENTATION_CONTEXT() REPRESENTATION_CONTEXT('2D SPACE',''
  ) );
#1299 = PCURVE('',#1300,#1305);
#1300 = CYLINDRICAL_SURFACE('',#1301,4.4);
#1301 = AXIS2_PLACEMENT_3D('',#1302,#1303,#1304);
#1302 = CARTESIAN_POINT('',(-26.,-58.,0.4));
#1303 = DIRECTION('',(0.,0.,1.));
#1304 = DIRECTION('',(-1.,-0.,0.));
#1305 = DEFINITIONAL_REPRESENTATION('',(#1306),#1310);
#1306 = LINE('',#1307,#1308);
#1307 = CARTESIAN_POINT('',(0.,7.35));
#1308 = VECTOR('',#1309,1.);
#1309 = DIRECTION('',(1.,0.));
#1310 = ( GEOMETRIC_REPRESENTATION_CONTEXT(2) 
PARAMETRIC_REPRESENTATION_CONTEXT() REPRESENTATION_CONTEXT('2D SPACE',''
  ) );
#1311 = ORIENTED_EDGE('',*,*,#1312,.T.);
#1312 = EDGE_CURVE('',#1284,#1313,#1315,.T.);
#1313 = VERTEX_POINT('',#1314);
#1314 = CARTESIAN_POINT('',(-29.60934769394,-58.,7.75));
#1315 = SURFACE_CURVE('',#1316,(#1321,#1328),.PCURVE_S1.);
#1316 = CIRCLE('',#1317,2.2);
#1317 = AXIS2_PLACEMENT_3D('',#1318,#1319,#1320);
#1318 = CARTESIAN_POINT('',(-28.,-59.5,7.75));
#1319 = DIRECTION('',(0.,0.,1.));
#1320 = DIRECTION('',(-0.20583226128,-0.97858728799,0.));
#1321 = PCURVE('',#44,#1322);
#1322 = DEFINITIONAL_REPRESENTATION('',(#1323),#1327);
#1323 = CIRCLE('',#1324,2.2);
#1324 = AXIS2_PLACEMENT_2D('',#1325,#1326);
#1325 = CARTESIAN_POINT('',(4.,4.5));
#1326 = DIRECTION('',(-0.20583226128,-0.97858728799));
#1327 = ( GEOMETRIC_REPRESENTATION_CONTEXT(2) 
PARAMETRIC_REPRESENTATION_CONTEXT() REPRESENTATION_CONTEXT('2D SPACE',''
  ) );
#1328 = PCURVE('',#1329,#1334);
#1329 = CYLINDRICAL_SURFACE('',#1330,2.2);
#1330 = AXIS2_PLACEMENT_3D('',#1331,#1332,#1333);
#1331 = CARTESIAN_POINT('',(-28.,-59.5,0.55));
#1332 = DIRECTION('',(-0.,-0.,-1.));
#1333 = DIRECTION('',(1.,0.,0.));
#1334 = DEFINITIONAL_REPRESENTATION('',(#1335),#1339);
#1335 = LINE('',#1336,#1337);
#1336 = CARTESIAN_POINT('',(-4.50507487688,-7.2));
#1337 = VECTOR('',#1338,1.);
#1338 = DIRECTION('',(-1.,0.));
#1339 = ( GEOMETRIC_REPRESENTATION_CONTEXT(2) 
PARAMETRIC_REPRESENTATION_CONTEXT() REPRESENTATION_CONTEXT('2D SPACE',''
  ) );
#1340 = ORIENTED_EDGE('',*,*,#1341,.F.);
#1341 = EDGE_CURVE('',#1342,#1313,#1344,.T.);
#1342 = VERTEX_POINT('',#1343);
#1343 = CARTESIAN_POINT('',(-30.4,-58.,7.75));
#1344 = SURFACE_CURVE('',#1345,(#1349,#1356),.PCURVE_S1.);
#1345 = LINE('',#1346,#1347);
#1346 = CARTESIAN_POINT('',(-31.5,-58.,7.75));
#1347 = VECTOR('',#1348,1.);
#1348 = DIRECTION('',(1.,0.,0.));
#1349 = PCURVE('',#44,#1350);
#1350 = DEFINITIONAL_REPRESENTATION('',(#1351),#1355);
#1351 = LINE('',#1352,#1353);
#1352 = CARTESIAN_POINT('',(0.5,6.));
#1353 = VECTOR('',#1354,1.);
#1354 = DIRECTION('',(1.,0.));
#1355 = ( GEOMETRIC_REPRESENTATION_CONTEXT(2) 
PARAMETRIC_REPRESENTATION_CONTEXT() REPRESENTATION_CONTEXT('2D SPACE',''
  ) );
#1356 = PCURVE('',#1357,#1362);
#1357 = PLANE('',#1358);
#1358 = AXIS2_PLACEMENT_3D('',#1359,#1360,#1361);
#1359 = CARTESIAN_POINT('',(-31.5,-58.,0.55));
#1360 = DIRECTION('',(0.,1.,0.));
#1361 = DIRECTION('',(0.,0.,1.));
#1362 = DEFINITIONAL_REPRESENTATION('',(#1363),#1367);
#1363 = LINE('',#1364,#1365);
#1364 = CARTESIAN_POINT('',(7.2,0.));
#1365 = VECTOR('',#1366,1.);
#1366 = DIRECTION('',(0.,1.));
#1367 = ( GEOMETRIC_REPRESENTATION_CONTEXT(2) 
PARAMETRIC_REPRESENTATION_CONTEXT() REPRESENTATION_CONTEXT('2D SPACE',''
  ) );
#1368 = ORIENTED_EDGE('',*,*,#1369,.T.);
#1369 = EDGE_CURVE('',#1342,#1370,#1372,.T.);
#1370 = VERTEX_POINT('',#1371);
#1371 = CARTESIAN_POINT('',(-30.4,-1.5,7.75));
#1372 = SURFACE_CURVE('',#1373,(#1377,#1384),.PCURVE_S1.);
#1373 = LINE('',#1374,#1375);
#1374 = CARTESIAN_POINT('',(-30.4,-63.2,7.75));
#1375 = VECTOR('',#1376,1.);
#1376 = DIRECTION('',(0.,1.,0.));
#1377 = PCURVE('',#44,#1378);
#1378 = DEFINITIONAL_REPRESENTATION('',(#1379),#1383);
#1379 = LINE('',#1380,#1381);
#1380 = CARTESIAN_POINT('',(1.6,0.8));
#1381 = VECTOR('',#1382,1.);
#1382 = DIRECTION('',(0.,1.));
#1383 = ( GEOMETRIC_REPRESENTATION_CONTEXT(2) 
PARAMETRIC_REPRESENTATION_CONTEXT() REPRESENTATION_CONTEXT('2D SPACE',''
  ) );
#1384 = PCURVE('',#1385,#1390);
#1385 = PLANE('',#1386);
#1386 = AXIS2_PLACEMENT_3D('',#1387,#1388,#1389);
#1387 = CARTESIAN_POINT('',(-30.4,-62.4,0.4));
#1388 = DIRECTION('',(1.,0.,0.));
#1389 = DIRECTION('',(0.,0.,1.));
#1390 = DEFINITIONAL_REPRESENTATION('',(#1391),#1394);
#1391 = B_SPLINE_CURVE_WITH_KNOTS('',1,(#1392,#1393),.UNSPECIFIED.,.F.,
  .F.,(2,2),(5.2,121.2),.PIECEWISE_BEZIER_KNOTS.);
#1392 = CARTESIAN_POINT('',(7.35,-4.4));
#1393 = CARTESIAN_POINT('',(7.35,-120.4));
#1394 = ( GEOMETRIC_REPRESENTATION_CONTEXT(2) 
PARAMETRIC_REPRESENTATION_CONTEXT() REPRESENTATION_CONTEXT('2D SPACE',''
  ) );
#1395 = ORIENTED_EDGE('',*,*,#1396,.T.);
#1396 = EDGE_CURVE('',#1370,#1397,#1399,.T.);
#1397 = VERTEX_POINT('',#1398);
#1398 = CARTESIAN_POINT('',(-29.60934769394,-1.5,7.75));
#1399 = SURFACE_CURVE('',#1400,(#1404,#1411),.PCURVE_S1.);
#1400 = LINE('',#1401,#1402);
#1401 = CARTESIAN_POINT('',(-31.5,-1.5,7.75));
#1402 = VECTOR('',#1403,1.);
#1403 = DIRECTION('',(1.,0.,0.));
#1404 = PCURVE('',#44,#1405);
#1405 = DEFINITIONAL_REPRESENTATION('',(#1406),#1410);
#1406 = LINE('',#1407,#1408);
#1407 = CARTESIAN_POINT('',(0.5,62.5));
#1408 = VECTOR('',#1409,1.);
#1409 = DIRECTION('',(1.,0.));
#1410 = ( GEOMETRIC_REPRESENTATION_CONTEXT(2) 
PARAMETRIC_REPRESENTATION_CONTEXT() REPRESENTATION_CONTEXT('2D SPACE',''
  ) );
#1411 = PCURVE('',#1412,#1417);
#1412 = PLANE('',#1413);
#1413 = AXIS2_PLACEMENT_3D('',#1414,#1415,#1416);
#1414 = CARTESIAN_POINT('',(-31.5,-1.5,0.55));
#1415 = DIRECTION('',(0.,1.,0.));
#1416 = DIRECTION('',(0.,0.,1.));
#1417 = DEFINITIONAL_REPRESENTATION('',(#1418),#1422);
#1418 = LINE('',#1419,#1420);
#1419 = CARTESIAN_POINT('',(7.2,0.));
#1420 = VECTOR('',#1421,1.);
#1421 = DIRECTION('',(0.,1.));
#1422 = ( GEOMETRIC_REPRESENTATION_CONTEXT(2) 
PARAMETRIC_REPRESENTATION_CONTEXT() REPRESENTATION_CONTEXT('2D SPACE',''
  ) );
#1423 = ORIENTED_EDGE('',*,*,#1424,.T.);
#1424 = EDGE_CURVE('',#1397,#1425,#1427,.T.);
#1425 = VERTEX_POINT('',#1426);
#1426 = CARTESIAN_POINT('',(-29.60934769394,1.5,7.75));
#1427 = SURFACE_CURVE('',#1428,(#1433,#1440),.PCURVE_S1.);
#1428 = CIRCLE('',#1429,2.2);
#1429 = AXIS2_PLACEMENT_3D('',#1430,#1431,#1432);
#1430 = CARTESIAN_POINT('',(-28.,0.,7.75));
#1431 = DIRECTION('',(0.,0.,1.));
#1432 = DIRECTION('',(-0.731521679065,-0.681818181818,0.));
#1433 = PCURVE('',#44,#1434);
#1434 = DEFINITIONAL_REPRESENTATION('',(#1435),#1439);
#1435 = CIRCLE('',#1436,2.2);
#1436 = AXIS2_PLACEMENT_2D('',#1437,#1438);
#1437 = CARTESIAN_POINT('',(4.,64.));
#1438 = DIRECTION('',(-0.731521679065,-0.681818181818));
#1439 = ( GEOMETRIC_REPRESENTATION_CONTEXT(2) 
PARAMETRIC_REPRESENTATION_CONTEXT() REPRESENTATION_CONTEXT('2D SPACE',''
  ) );
#1440 = PCURVE('',#1441,#1446);
#1441 = CYLINDRICAL_SURFACE('',#1442,2.2);
#1442 = AXIS2_PLACEMENT_3D('',#1443,#1444,#1445);
#1443 = CARTESIAN_POINT('',(-28.,0.,0.55));
#1444 = DIRECTION('',(-0.,-0.,-1.));
#1445 = DIRECTION('',(1.,0.,0.));
#1446 = DEFINITIONAL_REPRESENTATION('',(#1447),#1451);
#1447 = LINE('',#1448,#1449);
#1448 = CARTESIAN_POINT('',(-3.891837897576,-7.2));
#1449 = VECTOR('',#1450,1.);
#1450 = DIRECTION('',(-1.,0.));
#1451 = ( GEOMETRIC_REPRESENTATION_CONTEXT(2) 
PARAMETRIC_REPRESENTATION_CONTEXT() REPRESENTATION_CONTEXT('2D SPACE',''
  ) );
#1452 = ORIENTED_EDGE('',*,*,#1453,.F.);
#1453 = EDGE_CURVE('',#1454,#1425,#1456,.T.);
#1454 = VERTEX_POINT('',#1455);
#1455 = CARTESIAN_POINT('',(-30.4,1.5,7.75));
#1456 = SURFACE_CURVE('',#1457,(#1461,#1468),.PCURVE_S1.);
#1457 = LINE('',#1458,#1459);
#1458 = CARTESIAN_POINT('',(-31.5,1.5,7.75));
#1459 = VECTOR('',#1460,1.);
#1460 = DIRECTION('',(1.,0.,0.));
#1461 = PCURVE('',#44,#1462);
#1462 = DEFINITIONAL_REPRESENTATION('',(#1463),#1467);
#1463 = LINE('',#1464,#1465);
#1464 = CARTESIAN_POINT('',(0.5,65.5));
#1465 = VECTOR('',#1466,1.);
#1466 = DIRECTION('',(1.,0.));
#1467 = ( GEOMETRIC_REPRESENTATION_CONTEXT(2) 
PARAMETRIC_REPRESENTATION_CONTEXT() REPRESENTATION_CONTEXT('2D SPACE',''
  ) );
#1468 = PCURVE('',#1469,#1474);
#1469 = PLANE('',#1470);
#1470 = AXIS2_PLACEMENT_3D('',#1471,#1472,#1473);
#1471 = CARTESIAN_POINT('',(-31.5,1.5,0.55));
#1472 = DIRECTION('',(0.,1.,0.));
#1473 = DIRECTION('',(0.,0.,1.));
#1474 = DEFINITIONAL_REPRESENTATION('',(#1475),#1479);
#1475 = LINE('',#1476,#1477);
#1476 = CARTESIAN_POINT('',(7.2,0.));
#1477 = VECTOR('',#1478,1.);
#1478 = DIRECTION('',(0.,1.));
#1479 = ( GEOMETRIC_REPRESENTATION_CONTEXT(2) 
PARAMETRIC_REPRESENTATION_CONTEXT() REPRESENTATION_CONTEXT('2D SPACE',''
  ) );
#1480 = ORIENTED_EDGE('',*,*,#1481,.T.);
#1481 = EDGE_CURVE('',#1454,#1482,#1484,.T.);
#1482 = VERTEX_POINT('',#1483);
#1483 = CARTESIAN_POINT('',(-30.4,58.,7.75));
#1484 = SURFACE_CURVE('',#1485,(#1489,#1496),.PCURVE_S1.);
#1485 = LINE('',#1486,#1487);
#1486 = CARTESIAN_POINT('',(-30.4,-63.2,7.75));
#1487 = VECTOR('',#1488,1.);
#1488 = DIRECTION('',(0.,1.,0.));
#1489 = PCURVE('',#44,#1490);
#1490 = DEFINITIONAL_REPRESENTATION('',(#1491),#1495);
#1491 = LINE('',#1492,#1493);
#1492 = CARTESIAN_POINT('',(1.6,0.8));
#1493 = VECTOR('',#1494,1.);
#1494 = DIRECTION('',(0.,1.));
#1495 = ( GEOMETRIC_REPRESENTATION_CONTEXT(2) 
PARAMETRIC_REPRESENTATION_CONTEXT() REPRESENTATION_CONTEXT('2D SPACE',''
  ) );
#1496 = PCURVE('',#1497,#1502);
#1497 = PLANE('',#1498);
#1498 = AXIS2_PLACEMENT_3D('',#1499,#1500,#1501);
#1499 = CARTESIAN_POINT('',(-30.4,-62.4,0.4));
#1500 = DIRECTION('',(1.,0.,0.));
#1501 = DIRECTION('',(0.,0.,1.));
#1502 = DEFINITIONAL_REPRESENTATION('',(#1503),#1506);
#1503 = B_SPLINE_CURVE_WITH_KNOTS('',1,(#1504,#1505),.UNSPECIFIED.,.F.,
  .F.,(2,2),(5.2,121.2),.PIECEWISE_BEZIER_KNOTS.);
#1504 = CARTESIAN_POINT('',(7.35,-4.4));
#1505 = CARTESIAN_POINT('',(7.35,-120.4));
#1506 = ( GEOMETRIC_REPRESENTATION_CONTEXT(2) 
PARAMETRIC_REPRESENTATION_CONTEXT() REPRESENTATION_CONTEXT('2D SPACE',''
  ) );
#1507 = ORIENTED_EDGE('',*,*,#1508,.T.);
#1508 = EDGE_CURVE('',#1482,#1509,#1511,.T.);
#1509 = VERTEX_POINT('',#1510);
#1510 = CARTESIAN_POINT('',(-29.60934769394,58.,7.75));
#1511 = SURFACE_CURVE('',#1512,(#1516,#1523),.PCURVE_S1.);
#1512 = LINE('',#1513,#1514);
#1513 = CARTESIAN_POINT('',(-31.5,58.,7.75));
#1514 = VECTOR('',#1515,1.);
#1515 = DIRECTION('',(1.,0.,0.));
#1516 = PCURVE('',#44,#1517);
#1517 = DEFINITIONAL_REPRESENTATION('',(#1518),#1522);
#1518 = LINE('',#1519,#1520);
#1519 = CARTESIAN_POINT('',(0.5,122.));
#1520 = VECTOR('',#1521,1.);
#1521 = DIRECTION('',(1.,0.));
#1522 = ( GEOMETRIC_REPRESENTATION_CONTEXT(2) 
PARAMETRIC_REPRESENTATION_CONTEXT() REPRESENTATION_CONTEXT('2D SPACE',''
  ) );
#1523 = PCURVE('',#1524,#1529);
#1524 = PLANE('',#1525);
#1525 = AXIS2_PLACEMENT_3D('',#1526,#1527,#1528);
#1526 = CARTESIAN_POINT('',(-31.5,58.,0.55));
#1527 = DIRECTION('',(0.,1.,0.));
#1528 = DIRECTION('',(0.,0.,1.));
#1529 = DEFINITIONAL_REPRESENTATION('',(#1530),#1534);
#1530 = LINE('',#1531,#1532);
#1531 = CARTESIAN_POINT('',(7.2,0.));
#1532 = VECTOR('',#1533,1.);
#1533 = DIRECTION('',(0.,1.));
#1534 = ( GEOMETRIC_REPRESENTATION_CONTEXT(2) 
PARAMETRIC_REPRESENTATION_CONTEXT() REPRESENTATION_CONTEXT('2D SPACE',''
  ) );
#1535 = ORIENTED_EDGE('',*,*,#1536,.T.);
#1536 = EDGE_CURVE('',#1509,#1537,#1539,.T.);
#1537 = VERTEX_POINT('',#1538);
#1538 = CARTESIAN_POINT('',(-28.45283097481,61.652892033579,7.75));
#1539 = SURFACE_CURVE('',#1540,(#1545,#1552),.PCURVE_S1.);
#1540 = CIRCLE('',#1541,2.2);
#1541 = AXIS2_PLACEMENT_3D('',#1542,#1543,#1544);
#1542 = CARTESIAN_POINT('',(-28.,59.5,7.75));
#1543 = DIRECTION('',(0.,0.,1.));
#1544 = DIRECTION('',(-0.997076829629,-7.640546980853E-02,0.));
#1545 = PCURVE('',#44,#1546);
#1546 = DEFINITIONAL_REPRESENTATION('',(#1547),#1551);
#1547 = CIRCLE('',#1548,2.2);
#1548 = AXIS2_PLACEMENT_2D('',#1549,#1550);
#1549 = CARTESIAN_POINT('',(4.,123.5));
#1550 = DIRECTION('',(-0.997076829629,-7.640546980853E-02));
#1551 = ( GEOMETRIC_REPRESENTATION_CONTEXT(2) 
PARAMETRIC_REPRESENTATION_CONTEXT() REPRESENTATION_CONTEXT('2D SPACE',''
  ) );
#1552 = PCURVE('',#1553,#1558);
#1553 = CYLINDRICAL_SURFACE('',#1554,2.2);
#1554 = AXIS2_PLACEMENT_3D('',#1555,#1556,#1557);
#1555 = CARTESIAN_POINT('',(-28.,59.5,0.55));
#1556 = DIRECTION('',(-0.,-0.,-1.));
#1557 = DIRECTION('',(1.,0.,0.));
#1558 = DEFINITIONAL_REPRESENTATION('',(#1559),#1563);
#1559 = LINE('',#1560,#1561);
#1560 = CARTESIAN_POINT('',(-3.218072659293,-7.2));
#1561 = VECTOR('',#1562,1.);
#1562 = DIRECTION('',(-1.,0.));
#1563 = ( GEOMETRIC_REPRESENTATION_CONTEXT(2) 
PARAMETRIC_REPRESENTATION_CONTEXT() REPRESENTATION_CONTEXT('2D SPACE',''
  ) );
#1564 = ORIENTED_EDGE('',*,*,#1565,.F.);
#1565 = EDGE_CURVE('',#1566,#1537,#1568,.T.);
#1566 = VERTEX_POINT('',#1567);
#1567 = CARTESIAN_POINT('',(-26.,62.4,7.75));
#1568 = SURFACE_CURVE('',#1569,(#1574,#1581),.PCURVE_S1.);
#1569 = CIRCLE('',#1570,4.4);
#1570 = AXIS2_PLACEMENT_3D('',#1571,#1572,#1573);
#1571 = CARTESIAN_POINT('',(-26.,58.,7.75));
#1572 = DIRECTION('',(0.,0.,1.));
#1573 = DIRECTION('',(-1.,-0.,0.));
#1574 = PCURVE('',#44,#1575);
#1575 = DEFINITIONAL_REPRESENTATION('',(#1576),#1580);
#1576 = CIRCLE('',#1577,4.4);
#1577 = AXIS2_PLACEMENT_2D('',#1578,#1579);
#1578 = CARTESIAN_POINT('',(6.,122.));
#1579 = DIRECTION('',(-1.,0.));
#1580 = ( GEOMETRIC_REPRESENTATION_CONTEXT(2) 
PARAMETRIC_REPRESENTATION_CONTEXT() REPRESENTATION_CONTEXT('2D SPACE',''
  ) );
#1581 = PCURVE('',#1582,#1587);
#1582 = CYLINDRICAL_SURFACE('',#1583,4.4);
#1583 = AXIS2_PLACEMENT_3D('',#1584,#1585,#1586);
#1584 = CARTESIAN_POINT('',(-26.,58.,0.4));
#1585 = DIRECTION('',(0.,0.,1.));
#1586 = DIRECTION('',(-1.,-0.,0.));
#1587 = DEFINITIONAL_REPRESENTATION('',(#1588),#1592);
#1588 = LINE('',#1589,#1590);
#1589 = CARTESIAN_POINT('',(-6.28318530718,7.35));
#1590 = VECTOR('',#1591,1.);
#1591 = DIRECTION('',(1.,-0.));
#1592 = ( GEOMETRIC_REPRESENTATION_CONTEXT(2) 
PARAMETRIC_REPRESENTATION_CONTEXT() REPRESENTATION_CONTEXT('2D SPACE',''
  ) );
#1593 = ORIENTED_EDGE('',*,*,#1594,.F.);
#1594 = EDGE_CURVE('',#1595,#1566,#1597,.T.);
#1595 = VERTEX_POINT('',#1596);
#1596 = CARTESIAN_POINT('',(26.,62.4,7.75));
#1597 = SURFACE_CURVE('',#1598,(#1602,#1609),.PCURVE_S1.);
#1598 = LINE('',#1599,#1600);
#1599 = CARTESIAN_POINT('',(-31.2,62.4,7.75));
#1600 = VECTOR('',#1601,1.);
#1601 = DIRECTION('',(-1.,0.,0.));
#1602 = PCURVE('',#44,#1603);
#1603 = DEFINITIONAL_REPRESENTATION('',(#1604),#1608);
#1604 = LINE('',#1605,#1606);
#1605 = CARTESIAN_POINT('',(0.8,126.4));
#1606 = VECTOR('',#1607,1.);
#1607 = DIRECTION('',(-1.,0.));
#1608 = ( GEOMETRIC_REPRESENTATION_CONTEXT(2) 
PARAMETRIC_REPRESENTATION_CONTEXT() REPRESENTATION_CONTEXT('2D SPACE',''
  ) );
#1609 = PCURVE('',#1610,#1615);
#1610 = PLANE('',#1611);
#1611 = AXIS2_PLACEMENT_3D('',#1612,#1613,#1614);
#1612 = CARTESIAN_POINT('',(-30.4,62.4,0.4));
#1613 = DIRECTION('',(0.,1.,0.));
#1614 = DIRECTION('',(0.,0.,1.));
#1615 = DEFINITIONAL_REPRESENTATION('',(#1616),#1619);
#1616 = B_SPLINE_CURVE_WITH_KNOTS('',1,(#1617,#1618),.UNSPECIFIED.,.F.,
  .F.,(2,2),(-57.2,-5.2),.PIECEWISE_BEZIER_KNOTS.);
#1617 = CARTESIAN_POINT('',(7.35,56.4));
#1618 = CARTESIAN_POINT('',(7.35,4.4));
#1619 = ( GEOMETRIC_REPRESENTATION_CONTEXT(2) 
PARAMETRIC_REPRESENTATION_CONTEXT() REPRESENTATION_CONTEXT('2D SPACE',''
  ) );
#1620 = ORIENTED_EDGE('',*,*,#1621,.F.);
#1621 = EDGE_CURVE('',#973,#1595,#1622,.T.);
#1622 = SURFACE_CURVE('',#1623,(#1628,#1635),.PCURVE_S1.);
#1623 = CIRCLE('',#1624,4.4);
#1624 = AXIS2_PLACEMENT_3D('',#1625,#1626,#1627);
#1625 = CARTESIAN_POINT('',(26.,58.,7.75));
#1626 = DIRECTION('',(0.,0.,1.));
#1627 = DIRECTION('',(1.,0.,-0.));
#1628 = PCURVE('',#44,#1629);
#1629 = DEFINITIONAL_REPRESENTATION('',(#1630),#1634);
#1630 = CIRCLE('',#1631,4.4);
#1631 = AXIS2_PLACEMENT_2D('',#1632,#1633);
#1632 = CARTESIAN_POINT('',(58.,122.));
#1633 = DIRECTION('',(1.,0.));
#1634 = ( GEOMETRIC_REPRESENTATION_CONTEXT(2) 
PARAMETRIC_REPRESENTATION_CONTEXT() REPRESENTATION_CONTEXT('2D SPACE',''
  ) );
#1635 = PCURVE('',#1636,#1641);
#1636 = CYLINDRICAL_SURFACE('',#1637,4.4);
#1637 = AXIS2_PLACEMENT_3D('',#1638,#1639,#1640);
#1638 = CARTESIAN_POINT('',(26.,58.,0.4));
#1639 = DIRECTION('',(0.,0.,1.));
#1640 = DIRECTION('',(1.,0.,-0.));
#1641 = DEFINITIONAL_REPRESENTATION('',(#1642),#1646);
#1642 = LINE('',#1643,#1644);
#1643 = CARTESIAN_POINT('',(0.,7.35));
#1644 = VECTOR('',#1645,1.);
#1645 = DIRECTION('',(1.,0.));
#1646 = ( GEOMETRIC_REPRESENTATION_CONTEXT(2) 
PARAMETRIC_REPRESENTATION_CONTEXT() REPRESENTATION_CONTEXT('2D SPACE',''
  ) );
#1647 = FACE_BOUND('',#1648,.T.);
#1648 = EDGE_LOOP('',(#1649));
#1649 = ORIENTED_EDGE('',*,*,#1650,.F.);
#1650 = EDGE_CURVE('',#1651,#1651,#1653,.T.);
#1651 = VERTEX_POINT('',#1652);
#1652 = CARTESIAN_POINT('',(29.15,-59.5,7.75));
#1653 = SURFACE_CURVE('',#1654,(#1659,#1666),.PCURVE_S1.);
#1654 = CIRCLE('',#1655,1.15);
#1655 = AXIS2_PLACEMENT_3D('',#1656,#1657,#1658);
#1656 = CARTESIAN_POINT('',(28.,-59.5,7.75));
#1657 = DIRECTION('',(0.,0.,1.));
#1658 = DIRECTION('',(1.,0.,-0.));
#1659 = PCURVE('',#44,#1660);
#1660 = DEFINITIONAL_REPRESENTATION('',(#1661),#1665);
#1661 = CIRCLE('',#1662,1.15);
#1662 = AXIS2_PLACEMENT_2D('',#1663,#1664);
#1663 = CARTESIAN_POINT('',(60.,4.5));
#1664 = DIRECTION('',(1.,0.));
#1665 = ( GEOMETRIC_REPRESENTATION_CONTEXT(2) 
PARAMETRIC_REPRESENTATION_CONTEXT() REPRESENTATION_CONTEXT('2D SPACE',''
  ) );
#1666 = PCURVE('',#1667,#1672);
#1667 = CONICAL_SURFACE('',#1668,0.9,0.785398163397);
#1668 = AXIS2_PLACEMENT_3D('',#1669,#1670,#1671);
#1669 = CARTESIAN_POINT('',(28.,-59.5,7.5));
#1670 = DIRECTION('',(0.,0.,1.));
#1671 = DIRECTION('',(1.,0.,-0.));
#1672 = DEFINITIONAL_REPRESENTATION('',(#1673),#1677);
#1673 = LINE('',#1674,#1675);
#1674 = CARTESIAN_POINT('',(0.,0.25));
#1675 = VECTOR('',#1676,1.);
#1676 = DIRECTION('',(1.,0.));
#1677 = ( GEOMETRIC_REPRESENTATION_CONTEXT(2) 
PARAMETRIC_REPRESENTATION_CONTEXT() REPRESENTATION_CONTEXT('2D SPACE',''
  ) );
#1678 = FACE_BOUND('',#1679,.T.);
#1679 = EDGE_LOOP('',(#1680));
#1680 = ORIENTED_EDGE('',*,*,#1681,.F.);
#1681 = EDGE_CURVE('',#1682,#1682,#1684,.T.);
#1682 = VERTEX_POINT('',#1683);
#1683 = CARTESIAN_POINT('',(29.15,-2.816687638039E-16,7.75));
#1684 = SURFACE_CURVE('',#1685,(#1690,#1697),.PCURVE_S1.);
#1685 = CIRCLE('',#1686,1.15);
#1686 = AXIS2_PLACEMENT_3D('',#1687,#1688,#1689);
#1687 = CARTESIAN_POINT('',(28.,0.,7.75));
#1688 = DIRECTION('',(0.,0.,1.));
#1689 = DIRECTION('',(1.,0.,-0.));
#1690 = PCURVE('',#44,#1691);
#1691 = DEFINITIONAL_REPRESENTATION('',(#1692),#1696);
#1692 = CIRCLE('',#1693,1.15);
#1693 = AXIS2_PLACEMENT_2D('',#1694,#1695);
#1694 = CARTESIAN_POINT('',(60.,64.));
#1695 = DIRECTION('',(1.,0.));
#1696 = ( GEOMETRIC_REPRESENTATION_CONTEXT(2) 
PARAMETRIC_REPRESENTATION_CONTEXT() REPRESENTATION_CONTEXT('2D SPACE',''
  ) );
#1697 = PCURVE('',#1698,#1703);
#1698 = CONICAL_SURFACE('',#1699,0.9,0.785398163397);
#1699 = AXIS2_PLACEMENT_3D('',#1700,#1701,#1702);
#1700 = CARTESIAN_POINT('',(28.,0.,7.5));
#1701 = DIRECTION('',(0.,0.,1.));
#1702 = DIRECTION('',(1.,0.,-0.));
#1703 = DEFINITIONAL_REPRESENTATION('',(#1704),#1708);
#1704 = LINE('',#1705,#1706);
#1705 = CARTESIAN_POINT('',(0.,0.25));
#1706 = VECTOR('',#1707,1.);
#1707 = DIRECTION('',(1.,0.));
#1708 = ( GEOMETRIC_REPRESENTATION_CONTEXT(2) 
PARAMETRIC_REPRESENTATION_CONTEXT() REPRESENTATION_CONTEXT('2D SPACE',''
  ) );
#1709 = FACE_BOUND('',#1710,.T.);
#1710 = EDGE_LOOP('',(#1711));
#1711 = ORIENTED_EDGE('',*,*,#1712,.F.);
#1712 = EDGE_CURVE('',#1713,#1713,#1715,.T.);
#1713 = VERTEX_POINT('',#1714);
#1714 = CARTESIAN_POINT('',(-26.85,59.5,7.75));
#1715 = SURFACE_CURVE('',#1716,(#1721,#1728),.PCURVE_S1.);
#1716 = CIRCLE('',#1717,1.15);
#1717 = AXIS2_PLACEMENT_3D('',#1718,#1719,#1720);
#1718 = CARTESIAN_POINT('',(-28.,59.5,7.75));
#1719 = DIRECTION('',(0.,0.,1.));
#1720 = DIRECTION('',(1.,0.,-0.));
#1721 = PCURVE('',#44,#1722);
#1722 = DEFINITIONAL_REPRESENTATION('',(#1723),#1727);
#1723 = CIRCLE('',#1724,1.15);
#1724 = AXIS2_PLACEMENT_2D('',#1725,#1726);
#1725 = CARTESIAN_POINT('',(4.,123.5));
#1726 = DIRECTION('',(1.,0.));
#1727 = ( GEOMETRIC_REPRESENTATION_CONTEXT(2) 
PARAMETRIC_REPRESENTATION_CONTEXT() REPRESENTATION_CONTEXT('2D SPACE',''
  ) );
#1728 = PCURVE('',#1729,#1734);
#1729 = CONICAL_SURFACE('',#1730,0.9,0.785398163397);
#1730 = AXIS2_PLACEMENT_3D('',#1731,#1732,#1733);
#1731 = CARTESIAN_POINT('',(-28.,59.5,7.5));
#1732 = DIRECTION('',(0.,0.,1.));
#1733 = DIRECTION('',(1.,0.,-0.));
#1734 = DEFINITIONAL_REPRESENTATION('',(#1735),#1739);
#1735 = LINE('',#1736,#1737);
#1736 = CARTESIAN_POINT('',(0.,0.25));
#1737 = VECTOR('',#1738,1.);
#1738 = DIRECTION('',(1.,0.));
#1739 = ( GEOMETRIC_REPRESENTATION_CONTEXT(2) 
PARAMETRIC_REPRESENTATION_CONTEXT() REPRESENTATION_CONTEXT('2D SPACE',''
  ) );
#1740 = FACE_BOUND('',#1741,.T.);
#1741 = EDGE_LOOP('',(#1742));
#1742 = ORIENTED_EDGE('',*,*,#1743,.F.);
#1743 = EDGE_CURVE('',#1744,#1744,#1746,.T.);
#1744 = VERTEX_POINT('',#1745);
#1745 = CARTESIAN_POINT('',(29.15,59.5,7.75));
#1746 = SURFACE_CURVE('',#1747,(#1752,#1759),.PCURVE_S1.);
#1747 = CIRCLE('',#1748,1.15);
#1748 = AXIS2_PLACEMENT_3D('',#1749,#1750,#1751);
#1749 = CARTESIAN_POINT('',(28.,59.5,7.75));
#1750 = DIRECTION('',(0.,0.,1.));
#1751 = DIRECTION('',(1.,0.,-0.));
#1752 = PCURVE('',#44,#1753);
#1753 = DEFINITIONAL_REPRESENTATION('',(#1754),#1758);
#1754 = CIRCLE('',#1755,1.15);
#1755 = AXIS2_PLACEMENT_2D('',#1756,#1757);
#1756 = CARTESIAN_POINT('',(60.,123.5));
#1757 = DIRECTION('',(1.,0.));
#1758 = ( GEOMETRIC_REPRESENTATION_CONTEXT(2) 
PARAMETRIC_REPRESENTATION_CONTEXT() REPRESENTATION_CONTEXT('2D SPACE',''
  ) );
#1759 = PCURVE('',#1760,#1765);
#1760 = CONICAL_SURFACE('',#1761,0.9,0.785398163397);
#1761 = AXIS2_PLACEMENT_3D('',#1762,#1763,#1764);
#1762 = CARTESIAN_POINT('',(28.,59.5,7.5));
#1763 = DIRECTION('',(0.,0.,1.));
#1764 = DIRECTION('',(1.,0.,-0.));
#1765 = DEFINITIONAL_REPRESENTATION('',(#1766),#1770);
#1766 = LINE('',#1767,#1768);
#1767 = CARTESIAN_POINT('',(0.,0.25));
#1768 = VECTOR('',#1769,1.);
#1769 = DIRECTION('',(1.,0.));
#1770 = ( GEOMETRIC_REPRESENTATION_CONTEXT(2) 
PARAMETRIC_REPRESENTATION_CONTEXT() REPRESENTATION_CONTEXT('2D SPACE',''
  ) );
#1771 = ADVANCED_FACE('',(#1772),#72,.T.);
#1772 = FACE_BOUND('',#1773,.T.);
#1773 = EDGE_LOOP('',(#1774,#1775,#1799,#1818));
#1774 = ORIENTED_EDGE('',*,*,#56,.F.);
#1775 = ORIENTED_EDGE('',*,*,#1776,.T.);
#1776 = EDGE_CURVE('',#57,#1777,#1779,.T.);
#1777 = VERTEX_POINT('',#1778);
#1778 = CARTESIAN_POINT('',(-31.5,-60.39791576165,0.55));
#1779 = SURFACE_CURVE('',#1780,(#1785,#1792),.PCURVE_S1.);
#1780 = CIRCLE('',#1781,6.);
#1781 = AXIS2_PLACEMENT_3D('',#1782,#1783,#1784);
#1782 = CARTESIAN_POINT('',(-26.,-58.,0.55));
#1783 = DIRECTION('',(0.,0.,1.));
#1784 = DIRECTION('',(0.,-1.,0.));
#1785 = PCURVE('',#72,#1786);
#1786 = DEFINITIONAL_REPRESENTATION('',(#1787),#1791);
#1787 = LINE('',#1788,#1789);
#1788 = CARTESIAN_POINT('',(-4.712388980385,0.));
#1789 = VECTOR('',#1790,1.);
#1790 = DIRECTION('',(1.,0.));
#1791 = ( GEOMETRIC_REPRESENTATION_CONTEXT(2) 
PARAMETRIC_REPRESENTATION_CONTEXT() REPRESENTATION_CONTEXT('2D SPACE',''
  ) );
#1792 = PCURVE('',#100,#1793);
#1793 = DEFINITIONAL_REPRESENTATION('',(#1794),#1798);
#1794 = CIRCLE('',#1795,6.);
#1795 = AXIS2_PLACEMENT_2D('',#1796,#1797);
#1796 = CARTESIAN_POINT('',(6.,6.));
#1797 = DIRECTION('',(0.,-1.));
#1798 = ( GEOMETRIC_REPRESENTATION_CONTEXT(2) 
PARAMETRIC_REPRESENTATION_CONTEXT() REPRESENTATION_CONTEXT('2D SPACE',''
  ) );
#1799 = ORIENTED_EDGE('',*,*,#1800,.T.);
#1800 = EDGE_CURVE('',#1777,#365,#1801,.T.);
#1801 = SURFACE_CURVE('',#1802,(#1806,#1812),.PCURVE_S1.);
#1802 = LINE('',#1803,#1804);
#1803 = CARTESIAN_POINT('',(-31.5,-60.39791576165,0.55));
#1804 = VECTOR('',#1805,1.);
#1805 = DIRECTION('',(0.,0.,1.));
#1806 = PCURVE('',#72,#1807);
#1807 = DEFINITIONAL_REPRESENTATION('',(#1808),#1811);
#1808 = B_SPLINE_CURVE_WITH_KNOTS('',1,(#1809,#1810),.UNSPECIFIED.,.F.,
  .F.,(2,2),(-6.000000000173E-07,7.2000006),.PIECEWISE_BEZIER_KNOTS.);
#1809 = CARTESIAN_POINT('',(0.411137862322,-6.000000000173E-07));
#1810 = CARTESIAN_POINT('',(0.411137862322,7.2000006));
#1811 = ( GEOMETRIC_REPRESENTATION_CONTEXT(2) 
PARAMETRIC_REPRESENTATION_CONTEXT() REPRESENTATION_CONTEXT('2D SPACE',''
  ) );
#1812 = PCURVE('',#404,#1813);
#1813 = DEFINITIONAL_REPRESENTATION('',(#1814),#1817);
#1814 = B_SPLINE_CURVE_WITH_KNOTS('',1,(#1815,#1816),.UNSPECIFIED.,.F.,
  .F.,(2,2),(-6.000000000173E-07,7.2000006),.PIECEWISE_BEZIER_KNOTS.);
#1815 = CARTESIAN_POINT('',(-6.000000000173E-07,-0.602084238344));
#1816 = CARTESIAN_POINT('',(7.2000006,-0.602084238344));
#1817 = ( GEOMETRIC_REPRESENTATION_CONTEXT(2) 
PARAMETRIC_REPRESENTATION_CONTEXT() REPRESENTATION_CONTEXT('2D SPACE',''
  ) );
#1818 = ORIENTED_EDGE('',*,*,#364,.F.);
#1819 = ADVANCED_FACE('',(#1820),#126,.T.);
#1820 = FACE_BOUND('',#1821,.F.);
#1821 = EDGE_LOOP('',(#1822,#1823,#1851,#1870));
#1822 = ORIENTED_EDGE('',*,*,#112,.F.);
#1823 = ORIENTED_EDGE('',*,*,#1824,.T.);
#1824 = EDGE_CURVE('',#85,#1825,#1827,.T.);
#1825 = VERTEX_POINT('',#1826);
#1826 = CARTESIAN_POINT('',(-31.5,60.397915761656,0.55));
#1827 = SURFACE_CURVE('',#1828,(#1833,#1840),.PCURVE_S1.);
#1828 = CIRCLE('',#1829,6.);
#1829 = AXIS2_PLACEMENT_3D('',#1830,#1831,#1832);
#1830 = CARTESIAN_POINT('',(-26.,58.,0.55));
#1831 = DIRECTION('',(-0.,-0.,-1.));
#1832 = DIRECTION('',(0.,-1.,0.));
#1833 = PCURVE('',#126,#1834);
#1834 = DEFINITIONAL_REPRESENTATION('',(#1835),#1839);
#1835 = LINE('',#1836,#1837);
#1836 = CARTESIAN_POINT('',(1.570796326795,-0.));
#1837 = VECTOR('',#1838,1.);
#1838 = DIRECTION('',(-1.,0.));
#1839 = ( GEOMETRIC_REPRESENTATION_CONTEXT(2) 
PARAMETRIC_REPRESENTATION_CONTEXT() REPRESENTATION_CONTEXT('2D SPACE',''
  ) );
#1840 = PCURVE('',#100,#1841);
#1841 = DEFINITIONAL_REPRESENTATION('',(#1842),#1850);
#1842 = ( BOUNDED_CURVE() B_SPLINE_CURVE(2,(#1843,#1844,#1845,#1846,
#1847,#1848,#1849),.UNSPECIFIED.,.T.,.F.) B_SPLINE_CURVE_WITH_KNOTS((1,2
    ,2,2,2,1),(-2.094395102393,0.,2.094395102393,4.188790204786,
6.28318530718,8.377580409573),.UNSPECIFIED.) CURVE() 
GEOMETRIC_REPRESENTATION_ITEM() RATIONAL_B_SPLINE_CURVE((1.,0.5,1.,0.5,
1.,0.5,1.)) REPRESENTATION_ITEM('') );
#1843 = CARTESIAN_POINT('',(6.,116.));
#1844 = CARTESIAN_POINT('',(-4.392304845413,116.));
#1845 = CARTESIAN_POINT('',(0.803847577293,125.));
#1846 = CARTESIAN_POINT('',(6.,134.));
#1847 = CARTESIAN_POINT('',(11.196152422707,125.));
#1848 = CARTESIAN_POINT('',(16.392304845413,116.));
#1849 = CARTESIAN_POINT('',(6.,116.));
#1850 = ( GEOMETRIC_REPRESENTATION_CONTEXT(2) 
PARAMETRIC_REPRESENTATION_CONTEXT() REPRESENTATION_CONTEXT('2D SPACE',''
  ) );
#1851 = ORIENTED_EDGE('',*,*,#1852,.T.);
#1852 = EDGE_CURVE('',#1825,#855,#1853,.T.);
#1853 = SURFACE_CURVE('',#1854,(#1858,#1864),.PCURVE_S1.);
#1854 = LINE('',#1855,#1856);
#1855 = CARTESIAN_POINT('',(-31.5,60.397915761656,0.55));
#1856 = VECTOR('',#1857,1.);
#1857 = DIRECTION('',(0.,0.,1.));
#1858 = PCURVE('',#126,#1859);
#1859 = DEFINITIONAL_REPRESENTATION('',(#1860),#1863);
#1860 = B_SPLINE_CURVE_WITH_KNOTS('',1,(#1861,#1862),.UNSPECIFIED.,.F.,
  .F.,(2,2),(-6.000000000173E-07,7.2000006),.PIECEWISE_BEZIER_KNOTS.);
#1861 = CARTESIAN_POINT('',(-0.411137862322,-6.000000000173E-07));
#1862 = CARTESIAN_POINT('',(-0.411137862322,7.2000006));
#1863 = ( GEOMETRIC_REPRESENTATION_CONTEXT(2) 
PARAMETRIC_REPRESENTATION_CONTEXT() REPRESENTATION_CONTEXT('2D SPACE',''
  ) );
#1864 = PCURVE('',#870,#1865);
#1865 = DEFINITIONAL_REPRESENTATION('',(#1866),#1869);
#1866 = B_SPLINE_CURVE_WITH_KNOTS('',1,(#1867,#1868),.UNSPECIFIED.,.F.,
  .F.,(2,2),(-6.000000000173E-07,7.2000006),.PIECEWISE_BEZIER_KNOTS.);
#1867 = CARTESIAN_POINT('',(-6.000000000173E-07,-2.397915761656));
#1868 = CARTESIAN_POINT('',(7.2000006,-2.397915761656));
#1869 = ( GEOMETRIC_REPRESENTATION_CONTEXT(2) 
PARAMETRIC_REPRESENTATION_CONTEXT() REPRESENTATION_CONTEXT('2D SPACE',''
  ) );
#1870 = ORIENTED_EDGE('',*,*,#882,.F.);
#1871 = ADVANCED_FACE('',(#1872,#2284,#2443,#3233,#3454,#3604,#3707,
    #3922,#4137,#4236),#100,.F.);
#1872 = FACE_BOUND('',#1873,.F.);
#1873 = EDGE_LOOP('',(#1874,#1875,#1876,#1899,#1922,#1946,#1969,#1997,
    #2020,#2043,#2071,#2094,#2118,#2141,#2164,#2188,#2211,#2239,#2262,
    #2283));
#1874 = ORIENTED_EDGE('',*,*,#84,.F.);
#1875 = ORIENTED_EDGE('',*,*,#1776,.T.);
#1876 = ORIENTED_EDGE('',*,*,#1877,.F.);
#1877 = EDGE_CURVE('',#1878,#1777,#1880,.T.);
#1878 = VERTEX_POINT('',#1879);
#1879 = CARTESIAN_POINT('',(-31.5,-61.,0.55));
#1880 = SURFACE_CURVE('',#1881,(#1885,#1892),.PCURVE_S1.);
#1881 = LINE('',#1882,#1883);
#1882 = CARTESIAN_POINT('',(-31.5,-61.,0.55));
#1883 = VECTOR('',#1884,1.);
#1884 = DIRECTION('',(0.,1.,0.));
#1885 = PCURVE('',#100,#1886);
#1886 = DEFINITIONAL_REPRESENTATION('',(#1887),#1891);
#1887 = LINE('',#1888,#1889);
#1888 = CARTESIAN_POINT('',(0.5,3.));
#1889 = VECTOR('',#1890,1.);
#1890 = DIRECTION('',(0.,1.));
#1891 = ( GEOMETRIC_REPRESENTATION_CONTEXT(2) 
PARAMETRIC_REPRESENTATION_CONTEXT() REPRESENTATION_CONTEXT('2D SPACE',''
  ) );
#1892 = PCURVE('',#404,#1893);
#1893 = DEFINITIONAL_REPRESENTATION('',(#1894),#1898);
#1894 = LINE('',#1895,#1896);
#1895 = CARTESIAN_POINT('',(0.,0.));
#1896 = VECTOR('',#1897,1.);
#1897 = DIRECTION('',(0.,-1.));
#1898 = ( GEOMETRIC_REPRESENTATION_CONTEXT(2) 
PARAMETRIC_REPRESENTATION_CONTEXT() REPRESENTATION_CONTEXT('2D SPACE',''
  ) );
#1899 = ORIENTED_EDGE('',*,*,#1900,.T.);
#1900 = EDGE_CURVE('',#1878,#1901,#1903,.T.);
#1901 = VERTEX_POINT('',#1902);
#1902 = CARTESIAN_POINT('',(-31.1961524227,-61.,0.55));
#1903 = SURFACE_CURVE('',#1904,(#1908,#1915),.PCURVE_S1.);
#1904 = LINE('',#1905,#1906);
#1905 = CARTESIAN_POINT('',(-31.5,-61.,0.55));
#1906 = VECTOR('',#1907,1.);
#1907 = DIRECTION('',(1.,0.,0.));
#1908 = PCURVE('',#100,#1909);
#1909 = DEFINITIONAL_REPRESENTATION('',(#1910),#1914);
#1910 = LINE('',#1911,#1912);
#1911 = CARTESIAN_POINT('',(0.5,3.));
#1912 = VECTOR('',#1913,1.);
#1913 = DIRECTION('',(1.,0.));
#1914 = ( GEOMETRIC_REPRESENTATION_CONTEXT(2) 
PARAMETRIC_REPRESENTATION_CONTEXT() REPRESENTATION_CONTEXT('2D SPACE',''
  ) );
#1915 = PCURVE('',#432,#1916);
#1916 = DEFINITIONAL_REPRESENTATION('',(#1917),#1921);
#1917 = LINE('',#1918,#1919);
#1918 = CARTESIAN_POINT('',(0.,0.));
#1919 = VECTOR('',#1920,1.);
#1920 = DIRECTION('',(0.,1.));
#1921 = ( GEOMETRIC_REPRESENTATION_CONTEXT(2) 
PARAMETRIC_REPRESENTATION_CONTEXT() REPRESENTATION_CONTEXT('2D SPACE',''
  ) );
#1922 = ORIENTED_EDGE('',*,*,#1923,.T.);
#1923 = EDGE_CURVE('',#1901,#1924,#1926,.T.);
#1924 = VERTEX_POINT('',#1925);
#1925 = CARTESIAN_POINT('',(-26.,-64.,0.55));
#1926 = SURFACE_CURVE('',#1927,(#1932,#1939),.PCURVE_S1.);
#1927 = CIRCLE('',#1928,6.);
#1928 = AXIS2_PLACEMENT_3D('',#1929,#1930,#1931);
#1929 = CARTESIAN_POINT('',(-26.,-58.,0.55));
#1930 = DIRECTION('',(0.,0.,1.));
#1931 = DIRECTION('',(0.,-1.,0.));
#1932 = PCURVE('',#100,#1933);
#1933 = DEFINITIONAL_REPRESENTATION('',(#1934),#1938);
#1934 = CIRCLE('',#1935,6.);
#1935 = AXIS2_PLACEMENT_2D('',#1936,#1937);
#1936 = CARTESIAN_POINT('',(6.,6.));
#1937 = DIRECTION('',(0.,-1.));
#1938 = ( GEOMETRIC_REPRESENTATION_CONTEXT(2) 
PARAMETRIC_REPRESENTATION_CONTEXT() REPRESENTATION_CONTEXT('2D SPACE',''
  ) );
#1939 = PCURVE('',#461,#1940);
#1940 = DEFINITIONAL_REPRESENTATION('',(#1941),#1945);
#1941 = LINE('',#1942,#1943);
#1942 = CARTESIAN_POINT('',(-4.712388980385,0.));
#1943 = VECTOR('',#1944,1.);
#1944 = DIRECTION('',(1.,0.));
#1945 = ( GEOMETRIC_REPRESENTATION_CONTEXT(2) 
PARAMETRIC_REPRESENTATION_CONTEXT() REPRESENTATION_CONTEXT('2D SPACE',''
  ) );
#1946 = ORIENTED_EDGE('',*,*,#1947,.F.);
#1947 = EDGE_CURVE('',#1948,#1924,#1950,.T.);
#1948 = VERTEX_POINT('',#1949);
#1949 = CARTESIAN_POINT('',(26.,-64.,0.55));
#1950 = SURFACE_CURVE('',#1951,(#1955,#1962),.PCURVE_S1.);
#1951 = LINE('',#1952,#1953);
#1952 = CARTESIAN_POINT('',(26.,-64.,0.55));
#1953 = VECTOR('',#1954,1.);
#1954 = DIRECTION('',(-1.,0.,0.));
#1955 = PCURVE('',#100,#1956);
#1956 = DEFINITIONAL_REPRESENTATION('',(#1957),#1961);
#1957 = LINE('',#1958,#1959);
#1958 = CARTESIAN_POINT('',(58.,0.));
#1959 = VECTOR('',#1960,1.);
#1960 = DIRECTION('',(-1.,0.));
#1961 = ( GEOMETRIC_REPRESENTATION_CONTEXT(2) 
PARAMETRIC_REPRESENTATION_CONTEXT() REPRESENTATION_CONTEXT('2D SPACE',''
  ) );
#1962 = PCURVE('',#489,#1963);
#1963 = DEFINITIONAL_REPRESENTATION('',(#1964),#1968);
#1964 = LINE('',#1965,#1966);
#1965 = CARTESIAN_POINT('',(0.,58.));
#1966 = VECTOR('',#1967,1.);
#1967 = DIRECTION('',(0.,-1.));
#1968 = ( GEOMETRIC_REPRESENTATION_CONTEXT(2) 
PARAMETRIC_REPRESENTATION_CONTEXT() REPRESENTATION_CONTEXT('2D SPACE',''
  ) );
#1969 = ORIENTED_EDGE('',*,*,#1970,.F.);
#1970 = EDGE_CURVE('',#1971,#1948,#1973,.T.);
#1971 = VERTEX_POINT('',#1972);
#1972 = CARTESIAN_POINT('',(31.196152422707,-61.,0.55));
#1973 = SURFACE_CURVE('',#1974,(#1979,#1990),.PCURVE_S1.);
#1974 = CIRCLE('',#1975,6.);
#1975 = AXIS2_PLACEMENT_3D('',#1976,#1977,#1978);
#1976 = CARTESIAN_POINT('',(26.,-58.,0.55));
#1977 = DIRECTION('',(-0.,-0.,-1.));
#1978 = DIRECTION('',(0.,-1.,0.));
#1979 = PCURVE('',#100,#1980);
#1980 = DEFINITIONAL_REPRESENTATION('',(#1981),#1989);
#1981 = ( BOUNDED_CURVE() B_SPLINE_CURVE(2,(#1982,#1983,#1984,#1985,
#1986,#1987,#1988),.UNSPECIFIED.,.T.,.F.) B_SPLINE_CURVE_WITH_KNOTS((1,2
    ,2,2,2,1),(-2.094395102393,0.,2.094395102393,4.188790204786,
6.28318530718,8.377580409573),.UNSPECIFIED.) CURVE() 
GEOMETRIC_REPRESENTATION_ITEM() RATIONAL_B_SPLINE_CURVE((1.,0.5,1.,0.5,
1.,0.5,1.)) REPRESENTATION_ITEM('') );
#1982 = CARTESIAN_POINT('',(58.,0.));
#1983 = CARTESIAN_POINT('',(47.607695154587,0.));
#1984 = CARTESIAN_POINT('',(52.803847577293,9.));
#1985 = CARTESIAN_POINT('',(58.,18.));
#1986 = CARTESIAN_POINT('',(63.196152422707,9.));
#1987 = CARTESIAN_POINT('',(68.392304845413,8.881784197001E-15));
#1988 = CARTESIAN_POINT('',(58.,0.));
#1989 = ( GEOMETRIC_REPRESENTATION_CONTEXT(2) 
PARAMETRIC_REPRESENTATION_CONTEXT() REPRESENTATION_CONTEXT('2D SPACE',''
  ) );
#1990 = PCURVE('',#522,#1991);
#1991 = DEFINITIONAL_REPRESENTATION('',(#1992),#1996);
#1992 = LINE('',#1993,#1994);
#1993 = CARTESIAN_POINT('',(4.712388980385,-0.));
#1994 = VECTOR('',#1995,1.);
#1995 = DIRECTION('',(-1.,0.));
#1996 = ( GEOMETRIC_REPRESENTATION_CONTEXT(2) 
PARAMETRIC_REPRESENTATION_CONTEXT() REPRESENTATION_CONTEXT('2D SPACE',''
  ) );
#1997 = ORIENTED_EDGE('',*,*,#1998,.T.);
#1998 = EDGE_CURVE('',#1971,#1999,#2001,.T.);
#1999 = VERTEX_POINT('',#2000);
#2000 = CARTESIAN_POINT('',(31.5,-61.,0.55));
#2001 = SURFACE_CURVE('',#2002,(#2006,#2013),.PCURVE_S1.);
#2002 = LINE('',#2003,#2004);
#2003 = CARTESIAN_POINT('',(28.5,-61.,0.55));
#2004 = VECTOR('',#2005,1.);
#2005 = DIRECTION('',(1.,0.,0.));
#2006 = PCURVE('',#100,#2007);
#2007 = DEFINITIONAL_REPRESENTATION('',(#2008),#2012);
#2008 = LINE('',#2009,#2010);
#2009 = CARTESIAN_POINT('',(60.5,3.));
#2010 = VECTOR('',#2011,1.);
#2011 = DIRECTION('',(1.,0.));
#2012 = ( GEOMETRIC_REPRESENTATION_CONTEXT(2) 
PARAMETRIC_REPRESENTATION_CONTEXT() REPRESENTATION_CONTEXT('2D SPACE',''
  ) );
#2013 = PCURVE('',#550,#2014);
#2014 = DEFINITIONAL_REPRESENTATION('',(#2015),#2019);
#2015 = LINE('',#2016,#2017);
#2016 = CARTESIAN_POINT('',(0.,0.));
#2017 = VECTOR('',#2018,1.);
#2018 = DIRECTION('',(0.,1.));
#2019 = ( GEOMETRIC_REPRESENTATION_CONTEXT(2) 
PARAMETRIC_REPRESENTATION_CONTEXT() REPRESENTATION_CONTEXT('2D SPACE',''
  ) );
#2020 = ORIENTED_EDGE('',*,*,#2021,.T.);
#2021 = EDGE_CURVE('',#1999,#2022,#2024,.T.);
#2022 = VERTEX_POINT('',#2023);
#2023 = CARTESIAN_POINT('',(31.5,-60.39791576165,0.55));
#2024 = SURFACE_CURVE('',#2025,(#2029,#2036),.PCURVE_S1.);
#2025 = LINE('',#2026,#2027);
#2026 = CARTESIAN_POINT('',(31.5,-61.,0.55));
#2027 = VECTOR('',#2028,1.);
#2028 = DIRECTION('',(0.,1.,0.));
#2029 = PCURVE('',#100,#2030);
#2030 = DEFINITIONAL_REPRESENTATION('',(#2031),#2035);
#2031 = LINE('',#2032,#2033);
#2032 = CARTESIAN_POINT('',(63.5,3.));
#2033 = VECTOR('',#2034,1.);
#2034 = DIRECTION('',(0.,1.));
#2035 = ( GEOMETRIC_REPRESENTATION_CONTEXT(2) 
PARAMETRIC_REPRESENTATION_CONTEXT() REPRESENTATION_CONTEXT('2D SPACE',''
  ) );
#2036 = PCURVE('',#578,#2037);
#2037 = DEFINITIONAL_REPRESENTATION('',(#2038),#2042);
#2038 = LINE('',#2039,#2040);
#2039 = CARTESIAN_POINT('',(0.,0.));
#2040 = VECTOR('',#2041,1.);
#2041 = DIRECTION('',(0.,-1.));
#2042 = ( GEOMETRIC_REPRESENTATION_CONTEXT(2) 
PARAMETRIC_REPRESENTATION_CONTEXT() REPRESENTATION_CONTEXT('2D SPACE',''
  ) );
#2043 = ORIENTED_EDGE('',*,*,#2044,.F.);
#2044 = EDGE_CURVE('',#2045,#2022,#2047,.T.);
#2045 = VERTEX_POINT('',#2046);
#2046 = CARTESIAN_POINT('',(32.,-58.,0.55));
#2047 = SURFACE_CURVE('',#2048,(#2053,#2064),.PCURVE_S1.);
#2048 = CIRCLE('',#2049,6.);
#2049 = AXIS2_PLACEMENT_3D('',#2050,#2051,#2052);
#2050 = CARTESIAN_POINT('',(26.,-58.,0.55));
#2051 = DIRECTION('',(-0.,-0.,-1.));
#2052 = DIRECTION('',(0.,-1.,0.));
#2053 = PCURVE('',#100,#2054);
#2054 = DEFINITIONAL_REPRESENTATION('',(#2055),#2063);
#2055 = ( BOUNDED_CURVE() B_SPLINE_CURVE(2,(#2056,#2057,#2058,#2059,
#2060,#2061,#2062),.UNSPECIFIED.,.T.,.F.) B_SPLINE_CURVE_WITH_KNOTS((1,2
    ,2,2,2,1),(-2.094395102393,0.,2.094395102393,4.188790204786,
6.28318530718,8.377580409573),.UNSPECIFIED.) CURVE() 
GEOMETRIC_REPRESENTATION_ITEM() RATIONAL_B_SPLINE_CURVE((1.,0.5,1.,0.5,
1.,0.5,1.)) REPRESENTATION_ITEM('') );
#2056 = CARTESIAN_POINT('',(58.,0.));
#2057 = CARTESIAN_POINT('',(47.607695154587,0.));
#2058 = CARTESIAN_POINT('',(52.803847577293,9.));
#2059 = CARTESIAN_POINT('',(58.,18.));
#2060 = CARTESIAN_POINT('',(63.196152422707,9.));
#2061 = CARTESIAN_POINT('',(68.392304845413,8.881784197001E-15));
#2062 = CARTESIAN_POINT('',(58.,0.));
#2063 = ( GEOMETRIC_REPRESENTATION_CONTEXT(2) 
PARAMETRIC_REPRESENTATION_CONTEXT() REPRESENTATION_CONTEXT('2D SPACE',''
  ) );
#2064 = PCURVE('',#611,#2065);
#2065 = DEFINITIONAL_REPRESENTATION('',(#2066),#2070);
#2066 = LINE('',#2067,#2068);
#2067 = CARTESIAN_POINT('',(4.712388980385,-0.));
#2068 = VECTOR('',#2069,1.);
#2069 = DIRECTION('',(-1.,0.));
#2070 = ( GEOMETRIC_REPRESENTATION_CONTEXT(2) 
PARAMETRIC_REPRESENTATION_CONTEXT() REPRESENTATION_CONTEXT('2D SPACE',''
  ) );
#2071 = ORIENTED_EDGE('',*,*,#2072,.T.);
#2072 = EDGE_CURVE('',#2045,#2073,#2075,.T.);
#2073 = VERTEX_POINT('',#2074);
#2074 = CARTESIAN_POINT('',(32.,58.,0.55));
#2075 = SURFACE_CURVE('',#2076,(#2080,#2087),.PCURVE_S1.);
#2076 = LINE('',#2077,#2078);
#2077 = CARTESIAN_POINT('',(32.,-64.,0.55));
#2078 = VECTOR('',#2079,1.);
#2079 = DIRECTION('',(0.,1.,0.));
#2080 = PCURVE('',#100,#2081);
#2081 = DEFINITIONAL_REPRESENTATION('',(#2082),#2086);
#2082 = LINE('',#2083,#2084);
#2083 = CARTESIAN_POINT('',(64.,0.));
#2084 = VECTOR('',#2085,1.);
#2085 = DIRECTION('',(0.,1.));
#2086 = ( GEOMETRIC_REPRESENTATION_CONTEXT(2) 
PARAMETRIC_REPRESENTATION_CONTEXT() REPRESENTATION_CONTEXT('2D SPACE',''
  ) );
#2087 = PCURVE('',#639,#2088);
#2088 = DEFINITIONAL_REPRESENTATION('',(#2089),#2093);
#2089 = LINE('',#2090,#2091);
#2090 = CARTESIAN_POINT('',(0.,0.));
#2091 = VECTOR('',#2092,1.);
#2092 = DIRECTION('',(0.,-1.));
#2093 = ( GEOMETRIC_REPRESENTATION_CONTEXT(2) 
PARAMETRIC_REPRESENTATION_CONTEXT() REPRESENTATION_CONTEXT('2D SPACE',''
  ) );
#2094 = ORIENTED_EDGE('',*,*,#2095,.T.);
#2095 = EDGE_CURVE('',#2073,#2096,#2098,.T.);
#2096 = VERTEX_POINT('',#2097);
#2097 = CARTESIAN_POINT('',(31.5,60.397915761656,0.55));
#2098 = SURFACE_CURVE('',#2099,(#2104,#2111),.PCURVE_S1.);
#2099 = CIRCLE('',#2100,6.);
#2100 = AXIS2_PLACEMENT_3D('',#2101,#2102,#2103);
#2101 = CARTESIAN_POINT('',(26.,58.,0.55));
#2102 = DIRECTION('',(0.,0.,1.));
#2103 = DIRECTION('',(0.,-1.,0.));
#2104 = PCURVE('',#100,#2105);
#2105 = DEFINITIONAL_REPRESENTATION('',(#2106),#2110);
#2106 = CIRCLE('',#2107,6.);
#2107 = AXIS2_PLACEMENT_2D('',#2108,#2109);
#2108 = CARTESIAN_POINT('',(58.,122.));
#2109 = DIRECTION('',(0.,-1.));
#2110 = ( GEOMETRIC_REPRESENTATION_CONTEXT(2) 
PARAMETRIC_REPRESENTATION_CONTEXT() REPRESENTATION_CONTEXT('2D SPACE',''
  ) );
#2111 = PCURVE('',#668,#2112);
#2112 = DEFINITIONAL_REPRESENTATION('',(#2113),#2117);
#2113 = LINE('',#2114,#2115);
#2114 = CARTESIAN_POINT('',(-1.570796326795,0.));
#2115 = VECTOR('',#2116,1.);
#2116 = DIRECTION('',(1.,0.));
#2117 = ( GEOMETRIC_REPRESENTATION_CONTEXT(2) 
PARAMETRIC_REPRESENTATION_CONTEXT() REPRESENTATION_CONTEXT('2D SPACE',''
  ) );
#2118 = ORIENTED_EDGE('',*,*,#2119,.T.);
#2119 = EDGE_CURVE('',#2096,#2120,#2122,.T.);
#2120 = VERTEX_POINT('',#2121);
#2121 = CARTESIAN_POINT('',(31.5,61.,0.55));
#2122 = SURFACE_CURVE('',#2123,(#2127,#2134),.PCURVE_S1.);
#2123 = LINE('',#2124,#2125);
#2124 = CARTESIAN_POINT('',(31.5,58.,0.55));
#2125 = VECTOR('',#2126,1.);
#2126 = DIRECTION('',(0.,1.,0.));
#2127 = PCURVE('',#100,#2128);
#2128 = DEFINITIONAL_REPRESENTATION('',(#2129),#2133);
#2129 = LINE('',#2130,#2131);
#2130 = CARTESIAN_POINT('',(63.5,122.));
#2131 = VECTOR('',#2132,1.);
#2132 = DIRECTION('',(0.,1.));
#2133 = ( GEOMETRIC_REPRESENTATION_CONTEXT(2) 
PARAMETRIC_REPRESENTATION_CONTEXT() REPRESENTATION_CONTEXT('2D SPACE',''
  ) );
#2134 = PCURVE('',#696,#2135);
#2135 = DEFINITIONAL_REPRESENTATION('',(#2136),#2140);
#2136 = LINE('',#2137,#2138);
#2137 = CARTESIAN_POINT('',(0.,0.));
#2138 = VECTOR('',#2139,1.);
#2139 = DIRECTION('',(0.,-1.));
#2140 = ( GEOMETRIC_REPRESENTATION_CONTEXT(2) 
PARAMETRIC_REPRESENTATION_CONTEXT() REPRESENTATION_CONTEXT('2D SPACE',''
  ) );
#2141 = ORIENTED_EDGE('',*,*,#2142,.F.);
#2142 = EDGE_CURVE('',#2143,#2120,#2145,.T.);
#2143 = VERTEX_POINT('',#2144);
#2144 = CARTESIAN_POINT('',(31.196152422707,61.,0.55));
#2145 = SURFACE_CURVE('',#2146,(#2150,#2157),.PCURVE_S1.);
#2146 = LINE('',#2147,#2148);
#2147 = CARTESIAN_POINT('',(28.5,61.,0.55));
#2148 = VECTOR('',#2149,1.);
#2149 = DIRECTION('',(1.,0.,0.));
#2150 = PCURVE('',#100,#2151);
#2151 = DEFINITIONAL_REPRESENTATION('',(#2152),#2156);
#2152 = LINE('',#2153,#2154);
#2153 = CARTESIAN_POINT('',(60.5,125.));
#2154 = VECTOR('',#2155,1.);
#2155 = DIRECTION('',(1.,0.));
#2156 = ( GEOMETRIC_REPRESENTATION_CONTEXT(2) 
PARAMETRIC_REPRESENTATION_CONTEXT() REPRESENTATION_CONTEXT('2D SPACE',''
  ) );
#2157 = PCURVE('',#724,#2158);
#2158 = DEFINITIONAL_REPRESENTATION('',(#2159),#2163);
#2159 = LINE('',#2160,#2161);
#2160 = CARTESIAN_POINT('',(0.,0.));
#2161 = VECTOR('',#2162,1.);
#2162 = DIRECTION('',(0.,1.));
#2163 = ( GEOMETRIC_REPRESENTATION_CONTEXT(2) 
PARAMETRIC_REPRESENTATION_CONTEXT() REPRESENTATION_CONTEXT('2D SPACE',''
  ) );
#2164 = ORIENTED_EDGE('',*,*,#2165,.T.);
#2165 = EDGE_CURVE('',#2143,#2166,#2168,.T.);
#2166 = VERTEX_POINT('',#2167);
#2167 = CARTESIAN_POINT('',(26.,64.,0.55));
#2168 = SURFACE_CURVE('',#2169,(#2174,#2181),.PCURVE_S1.);
#2169 = CIRCLE('',#2170,6.);
#2170 = AXIS2_PLACEMENT_3D('',#2171,#2172,#2173);
#2171 = CARTESIAN_POINT('',(26.,58.,0.55));
#2172 = DIRECTION('',(0.,0.,1.));
#2173 = DIRECTION('',(0.,-1.,0.));
#2174 = PCURVE('',#100,#2175);
#2175 = DEFINITIONAL_REPRESENTATION('',(#2176),#2180);
#2176 = CIRCLE('',#2177,6.);
#2177 = AXIS2_PLACEMENT_2D('',#2178,#2179);
#2178 = CARTESIAN_POINT('',(58.,122.));
#2179 = DIRECTION('',(0.,-1.));
#2180 = ( GEOMETRIC_REPRESENTATION_CONTEXT(2) 
PARAMETRIC_REPRESENTATION_CONTEXT() REPRESENTATION_CONTEXT('2D SPACE',''
  ) );
#2181 = PCURVE('',#753,#2182);
#2182 = DEFINITIONAL_REPRESENTATION('',(#2183),#2187);
#2183 = LINE('',#2184,#2185);
#2184 = CARTESIAN_POINT('',(-1.570796326795,0.));
#2185 = VECTOR('',#2186,1.);
#2186 = DIRECTION('',(1.,0.));
#2187 = ( GEOMETRIC_REPRESENTATION_CONTEXT(2) 
PARAMETRIC_REPRESENTATION_CONTEXT() REPRESENTATION_CONTEXT('2D SPACE',''
  ) );
#2188 = ORIENTED_EDGE('',*,*,#2189,.F.);
#2189 = EDGE_CURVE('',#2190,#2166,#2192,.T.);
#2190 = VERTEX_POINT('',#2191);
#2191 = CARTESIAN_POINT('',(-26.,64.,0.55));
#2192 = SURFACE_CURVE('',#2193,(#2197,#2204),.PCURVE_S1.);
#2193 = LINE('',#2194,#2195);
#2194 = CARTESIAN_POINT('',(-26.,64.,0.55));
#2195 = VECTOR('',#2196,1.);
#2196 = DIRECTION('',(1.,0.,0.));
#2197 = PCURVE('',#100,#2198);
#2198 = DEFINITIONAL_REPRESENTATION('',(#2199),#2203);
#2199 = LINE('',#2200,#2201);
#2200 = CARTESIAN_POINT('',(6.,128.));
#2201 = VECTOR('',#2202,1.);
#2202 = DIRECTION('',(1.,0.));
#2203 = ( GEOMETRIC_REPRESENTATION_CONTEXT(2) 
PARAMETRIC_REPRESENTATION_CONTEXT() REPRESENTATION_CONTEXT('2D SPACE',''
  ) );
#2204 = PCURVE('',#781,#2205);
#2205 = DEFINITIONAL_REPRESENTATION('',(#2206),#2210);
#2206 = LINE('',#2207,#2208);
#2207 = CARTESIAN_POINT('',(0.,6.));
#2208 = VECTOR('',#2209,1.);
#2209 = DIRECTION('',(0.,1.));
#2210 = ( GEOMETRIC_REPRESENTATION_CONTEXT(2) 
PARAMETRIC_REPRESENTATION_CONTEXT() REPRESENTATION_CONTEXT('2D SPACE',''
  ) );
#2211 = ORIENTED_EDGE('',*,*,#2212,.F.);
#2212 = EDGE_CURVE('',#2213,#2190,#2215,.T.);
#2213 = VERTEX_POINT('',#2214);
#2214 = CARTESIAN_POINT('',(-31.1961524227,61.,0.55));
#2215 = SURFACE_CURVE('',#2216,(#2221,#2232),.PCURVE_S1.);
#2216 = CIRCLE('',#2217,6.);
#2217 = AXIS2_PLACEMENT_3D('',#2218,#2219,#2220);
#2218 = CARTESIAN_POINT('',(-26.,58.,0.55));
#2219 = DIRECTION('',(-0.,-0.,-1.));
#2220 = DIRECTION('',(0.,-1.,0.));
#2221 = PCURVE('',#100,#2222);
#2222 = DEFINITIONAL_REPRESENTATION('',(#2223),#2231);
#2223 = ( BOUNDED_CURVE() B_SPLINE_CURVE(2,(#2224,#2225,#2226,#2227,
#2228,#2229,#2230),.UNSPECIFIED.,.T.,.F.) B_SPLINE_CURVE_WITH_KNOTS((1,2
    ,2,2,2,1),(-2.094395102393,0.,2.094395102393,4.188790204786,
6.28318530718,8.377580409573),.UNSPECIFIED.) CURVE() 
GEOMETRIC_REPRESENTATION_ITEM() RATIONAL_B_SPLINE_CURVE((1.,0.5,1.,0.5,
1.,0.5,1.)) REPRESENTATION_ITEM('') );
#2224 = CARTESIAN_POINT('',(6.,116.));
#2225 = CARTESIAN_POINT('',(-4.392304845413,116.));
#2226 = CARTESIAN_POINT('',(0.803847577293,125.));
#2227 = CARTESIAN_POINT('',(6.,134.));
#2228 = CARTESIAN_POINT('',(11.196152422707,125.));
#2229 = CARTESIAN_POINT('',(16.392304845413,116.));
#2230 = CARTESIAN_POINT('',(6.,116.));
#2231 = ( GEOMETRIC_REPRESENTATION_CONTEXT(2) 
PARAMETRIC_REPRESENTATION_CONTEXT() REPRESENTATION_CONTEXT('2D SPACE',''
  ) );
#2232 = PCURVE('',#814,#2233);
#2233 = DEFINITIONAL_REPRESENTATION('',(#2234),#2238);
#2234 = LINE('',#2235,#2236);
#2235 = CARTESIAN_POINT('',(1.570796326795,-0.));
#2236 = VECTOR('',#2237,1.);
#2237 = DIRECTION('',(-1.,0.));
#2238 = ( GEOMETRIC_REPRESENTATION_CONTEXT(2) 
PARAMETRIC_REPRESENTATION_CONTEXT() REPRESENTATION_CONTEXT('2D SPACE',''
  ) );
#2239 = ORIENTED_EDGE('',*,*,#2240,.F.);
#2240 = EDGE_CURVE('',#2241,#2213,#2243,.T.);
#2241 = VERTEX_POINT('',#2242);
#2242 = CARTESIAN_POINT('',(-31.5,61.,0.55));
#2243 = SURFACE_CURVE('',#2244,(#2248,#2255),.PCURVE_S1.);
#2244 = LINE('',#2245,#2246);
#2245 = CARTESIAN_POINT('',(-31.5,61.,0.55));
#2246 = VECTOR('',#2247,1.);
#2247 = DIRECTION('',(1.,0.,0.));
#2248 = PCURVE('',#100,#2249);
#2249 = DEFINITIONAL_REPRESENTATION('',(#2250),#2254);
#2250 = LINE('',#2251,#2252);
#2251 = CARTESIAN_POINT('',(0.5,125.));
#2252 = VECTOR('',#2253,1.);
#2253 = DIRECTION('',(1.,0.));
#2254 = ( GEOMETRIC_REPRESENTATION_CONTEXT(2) 
PARAMETRIC_REPRESENTATION_CONTEXT() REPRESENTATION_CONTEXT('2D SPACE',''
  ) );
#2255 = PCURVE('',#842,#2256);
#2256 = DEFINITIONAL_REPRESENTATION('',(#2257),#2261);
#2257 = LINE('',#2258,#2259);
#2258 = CARTESIAN_POINT('',(0.,0.));
#2259 = VECTOR('',#2260,1.);
#2260 = DIRECTION('',(0.,1.));
#2261 = ( GEOMETRIC_REPRESENTATION_CONTEXT(2) 
PARAMETRIC_REPRESENTATION_CONTEXT() REPRESENTATION_CONTEXT('2D SPACE',''
  ) );
#2262 = ORIENTED_EDGE('',*,*,#2263,.F.);
#2263 = EDGE_CURVE('',#1825,#2241,#2264,.T.);
#2264 = SURFACE_CURVE('',#2265,(#2269,#2276),.PCURVE_S1.);
#2265 = LINE('',#2266,#2267);
#2266 = CARTESIAN_POINT('',(-31.5,58.,0.55));
#2267 = VECTOR('',#2268,1.);
#2268 = DIRECTION('',(0.,1.,0.));
#2269 = PCURVE('',#100,#2270);
#2270 = DEFINITIONAL_REPRESENTATION('',(#2271),#2275);
#2271 = LINE('',#2272,#2273);
#2272 = CARTESIAN_POINT('',(0.5,122.));
#2273 = VECTOR('',#2274,1.);
#2274 = DIRECTION('',(0.,1.));
#2275 = ( GEOMETRIC_REPRESENTATION_CONTEXT(2) 
PARAMETRIC_REPRESENTATION_CONTEXT() REPRESENTATION_CONTEXT('2D SPACE',''
  ) );
#2276 = PCURVE('',#870,#2277);
#2277 = DEFINITIONAL_REPRESENTATION('',(#2278),#2282);
#2278 = LINE('',#2279,#2280);
#2279 = CARTESIAN_POINT('',(0.,0.));
#2280 = VECTOR('',#2281,1.);
#2281 = DIRECTION('',(0.,-1.));
#2282 = ( GEOMETRIC_REPRESENTATION_CONTEXT(2) 
PARAMETRIC_REPRESENTATION_CONTEXT() REPRESENTATION_CONTEXT('2D SPACE',''
  ) );
#2283 = ORIENTED_EDGE('',*,*,#1824,.F.);
#2284 = FACE_BOUND('',#2285,.F.);
#2285 = EDGE_LOOP('',(#2286,#2316,#2344,#2372,#2394,#2417));
#2286 = ORIENTED_EDGE('',*,*,#2287,.T.);
#2287 = EDGE_CURVE('',#2288,#2290,#2292,.T.);
#2288 = VERTEX_POINT('',#2289);
#2289 = CARTESIAN_POINT('',(-27.083484861,2.,0.55));
#2290 = VERTEX_POINT('',#2291);
#2291 = CARTESIAN_POINT('',(-21.2,2.,0.55));
#2292 = SURFACE_CURVE('',#2293,(#2297,#2304),.PCURVE_S1.);
#2293 = LINE('',#2294,#2295);
#2294 = CARTESIAN_POINT('',(-31.6,2.,0.55));
#2295 = VECTOR('',#2296,1.);
#2296 = DIRECTION('',(1.,0.,0.));
#2297 = PCURVE('',#100,#2298);
#2298 = DEFINITIONAL_REPRESENTATION('',(#2299),#2303);
#2299 = LINE('',#2300,#2301);
#2300 = CARTESIAN_POINT('',(0.4,66.));
#2301 = VECTOR('',#2302,1.);
#2302 = DIRECTION('',(1.,0.));
#2303 = ( GEOMETRIC_REPRESENTATION_CONTEXT(2) 
PARAMETRIC_REPRESENTATION_CONTEXT() REPRESENTATION_CONTEXT('2D SPACE',''
  ) );
#2304 = PCURVE('',#2305,#2310);
#2305 = PLANE('',#2306);
#2306 = AXIS2_PLACEMENT_3D('',#2307,#2308,#2309);
#2307 = CARTESIAN_POINT('',(-31.6,2.,0.55));
#2308 = DIRECTION('',(0.,1.,0.));
#2309 = DIRECTION('',(0.,0.,1.));
#2310 = DEFINITIONAL_REPRESENTATION('',(#2311),#2315);
#2311 = LINE('',#2312,#2313);
#2312 = CARTESIAN_POINT('',(0.,0.));
#2313 = VECTOR('',#2314,1.);
#2314 = DIRECTION('',(0.,1.));
#2315 = ( GEOMETRIC_REPRESENTATION_CONTEXT(2) 
PARAMETRIC_REPRESENTATION_CONTEXT() REPRESENTATION_CONTEXT('2D SPACE',''
  ) );
#2316 = ORIENTED_EDGE('',*,*,#2317,.F.);
#2317 = EDGE_CURVE('',#2318,#2290,#2320,.T.);
#2318 = VERTEX_POINT('',#2319);
#2319 = CARTESIAN_POINT('',(-21.2,-28.2,0.55));
#2320 = SURFACE_CURVE('',#2321,(#2325,#2332),.PCURVE_S1.);
#2321 = LINE('',#2322,#2323);
#2322 = CARTESIAN_POINT('',(-21.2,-29.,0.55));
#2323 = VECTOR('',#2324,1.);
#2324 = DIRECTION('',(0.,1.,0.));
#2325 = PCURVE('',#100,#2326);
#2326 = DEFINITIONAL_REPRESENTATION('',(#2327),#2331);
#2327 = LINE('',#2328,#2329);
#2328 = CARTESIAN_POINT('',(10.8,35.));
#2329 = VECTOR('',#2330,1.);
#2330 = DIRECTION('',(0.,1.));
#2331 = ( GEOMETRIC_REPRESENTATION_CONTEXT(2) 
PARAMETRIC_REPRESENTATION_CONTEXT() REPRESENTATION_CONTEXT('2D SPACE',''
  ) );
#2332 = PCURVE('',#2333,#2338);
#2333 = PLANE('',#2334);
#2334 = AXIS2_PLACEMENT_3D('',#2335,#2336,#2337);
#2335 = CARTESIAN_POINT('',(-21.2,-29.,0.55));
#2336 = DIRECTION('',(1.,0.,0.));
#2337 = DIRECTION('',(0.,0.,1.));
#2338 = DEFINITIONAL_REPRESENTATION('',(#2339),#2343);
#2339 = LINE('',#2340,#2341);
#2340 = CARTESIAN_POINT('',(0.,0.));
#2341 = VECTOR('',#2342,1.);
#2342 = DIRECTION('',(0.,-1.));
#2343 = ( GEOMETRIC_REPRESENTATION_CONTEXT(2) 
PARAMETRIC_REPRESENTATION_CONTEXT() REPRESENTATION_CONTEXT('2D SPACE',''
  ) );
#2344 = ORIENTED_EDGE('',*,*,#2345,.F.);
#2345 = EDGE_CURVE('',#2346,#2318,#2348,.T.);
#2346 = VERTEX_POINT('',#2347);
#2347 = CARTESIAN_POINT('',(-30.4,-28.2,0.55));
#2348 = SURFACE_CURVE('',#2349,(#2353,#2360),.PCURVE_S1.);
#2349 = LINE('',#2350,#2351);
#2350 = CARTESIAN_POINT('',(-31.,-28.2,0.55));
#2351 = VECTOR('',#2352,1.);
#2352 = DIRECTION('',(1.,0.,0.));
#2353 = PCURVE('',#100,#2354);
#2354 = DEFINITIONAL_REPRESENTATION('',(#2355),#2359);
#2355 = LINE('',#2356,#2357);
#2356 = CARTESIAN_POINT('',(1.,35.8));
#2357 = VECTOR('',#2358,1.);
#2358 = DIRECTION('',(1.,0.));
#2359 = ( GEOMETRIC_REPRESENTATION_CONTEXT(2) 
PARAMETRIC_REPRESENTATION_CONTEXT() REPRESENTATION_CONTEXT('2D SPACE',''
  ) );
#2360 = PCURVE('',#2361,#2366);
#2361 = PLANE('',#2362);
#2362 = AXIS2_PLACEMENT_3D('',#2363,#2364,#2365);
#2363 = CARTESIAN_POINT('',(-31.,-28.2,0.55));
#2364 = DIRECTION('',(0.,1.,0.));
#2365 = DIRECTION('',(0.,0.,1.));
#2366 = DEFINITIONAL_REPRESENTATION('',(#2367),#2371);
#2367 = LINE('',#2368,#2369);
#2368 = CARTESIAN_POINT('',(0.,0.));
#2369 = VECTOR('',#2370,1.);
#2370 = DIRECTION('',(0.,1.));
#2371 = ( GEOMETRIC_REPRESENTATION_CONTEXT(2) 
PARAMETRIC_REPRESENTATION_CONTEXT() REPRESENTATION_CONTEXT('2D SPACE',''
  ) );
#2372 = ORIENTED_EDGE('',*,*,#2373,.T.);
#2373 = EDGE_CURVE('',#2346,#2374,#2376,.T.);
#2374 = VERTEX_POINT('',#2375);
#2375 = CARTESIAN_POINT('',(-30.4,-1.5,0.55));
#2376 = SURFACE_CURVE('',#2377,(#2381,#2388),.PCURVE_S1.);
#2377 = LINE('',#2378,#2379);
#2378 = CARTESIAN_POINT('',(-30.4,-63.2,0.55));
#2379 = VECTOR('',#2380,1.);
#2380 = DIRECTION('',(0.,1.,0.));
#2381 = PCURVE('',#100,#2382);
#2382 = DEFINITIONAL_REPRESENTATION('',(#2383),#2387);
#2383 = LINE('',#2384,#2385);
#2384 = CARTESIAN_POINT('',(1.6,0.8));
#2385 = VECTOR('',#2386,1.);
#2386 = DIRECTION('',(0.,1.));
#2387 = ( GEOMETRIC_REPRESENTATION_CONTEXT(2) 
PARAMETRIC_REPRESENTATION_CONTEXT() REPRESENTATION_CONTEXT('2D SPACE',''
  ) );
#2388 = PCURVE('',#1385,#2389);
#2389 = DEFINITIONAL_REPRESENTATION('',(#2390),#2393);
#2390 = B_SPLINE_CURVE_WITH_KNOTS('',1,(#2391,#2392),.UNSPECIFIED.,.F.,
  .F.,(2,2),(5.2,121.2),.PIECEWISE_BEZIER_KNOTS.);
#2391 = CARTESIAN_POINT('',(0.15,-4.4));
#2392 = CARTESIAN_POINT('',(0.15,-120.4));
#2393 = ( GEOMETRIC_REPRESENTATION_CONTEXT(2) 
PARAMETRIC_REPRESENTATION_CONTEXT() REPRESENTATION_CONTEXT('2D SPACE',''
  ) );
#2394 = ORIENTED_EDGE('',*,*,#2395,.T.);
#2395 = EDGE_CURVE('',#2374,#2396,#2398,.T.);
#2396 = VERTEX_POINT('',#2397);
#2397 = CARTESIAN_POINT('',(-29.60934769394,-1.5,0.55));
#2398 = SURFACE_CURVE('',#2399,(#2403,#2410),.PCURVE_S1.);
#2399 = LINE('',#2400,#2401);
#2400 = CARTESIAN_POINT('',(-31.5,-1.5,0.55));
#2401 = VECTOR('',#2402,1.);
#2402 = DIRECTION('',(1.,0.,0.));
#2403 = PCURVE('',#100,#2404);
#2404 = DEFINITIONAL_REPRESENTATION('',(#2405),#2409);
#2405 = LINE('',#2406,#2407);
#2406 = CARTESIAN_POINT('',(0.5,62.5));
#2407 = VECTOR('',#2408,1.);
#2408 = DIRECTION('',(1.,0.));
#2409 = ( GEOMETRIC_REPRESENTATION_CONTEXT(2) 
PARAMETRIC_REPRESENTATION_CONTEXT() REPRESENTATION_CONTEXT('2D SPACE',''
  ) );
#2410 = PCURVE('',#1412,#2411);
#2411 = DEFINITIONAL_REPRESENTATION('',(#2412),#2416);
#2412 = LINE('',#2413,#2414);
#2413 = CARTESIAN_POINT('',(0.,0.));
#2414 = VECTOR('',#2415,1.);
#2415 = DIRECTION('',(0.,1.));
#2416 = ( GEOMETRIC_REPRESENTATION_CONTEXT(2) 
PARAMETRIC_REPRESENTATION_CONTEXT() REPRESENTATION_CONTEXT('2D SPACE',''
  ) );
#2417 = ORIENTED_EDGE('',*,*,#2418,.F.);
#2418 = EDGE_CURVE('',#2288,#2396,#2419,.T.);
#2419 = SURFACE_CURVE('',#2420,(#2425,#2436),.PCURVE_S1.);
#2420 = CIRCLE('',#2421,2.2);
#2421 = AXIS2_PLACEMENT_3D('',#2422,#2423,#2424);
#2422 = CARTESIAN_POINT('',(-28.,0.,0.55));
#2423 = DIRECTION('',(0.,0.,-1.));
#2424 = DIRECTION('',(-0.731521679065,0.681818181818,0.));
#2425 = PCURVE('',#100,#2426);
#2426 = DEFINITIONAL_REPRESENTATION('',(#2427),#2435);
#2427 = ( BOUNDED_CURVE() B_SPLINE_CURVE(2,(#2428,#2429,#2430,#2431,
#2432,#2433,#2434),.UNSPECIFIED.,.T.,.F.) B_SPLINE_CURVE_WITH_KNOTS((1,2
    ,2,2,2,1),(-2.094395102393,0.,2.094395102393,4.188790204786,
6.28318530718,8.377580409573),.UNSPECIFIED.) CURVE() 
GEOMETRIC_REPRESENTATION_ITEM() RATIONAL_B_SPLINE_CURVE((1.,0.5,1.,0.5,
1.,0.5,1.)) REPRESENTATION_ITEM('') );
#2428 = CARTESIAN_POINT('',(2.390652306057,65.5));
#2429 = CARTESIAN_POINT('',(4.98872851741,68.287471972953));
#2430 = CARTESIAN_POINT('',(6.103711952648,64.643735986477));
#2431 = CARTESIAN_POINT('',(7.218695387886,61.));
#2432 = CARTESIAN_POINT('',(3.505635741295,61.856264013523));
#2433 = CARTESIAN_POINT('',(-0.207423905296,62.712528027047));
#2434 = CARTESIAN_POINT('',(2.390652306057,65.5));
#2435 = ( GEOMETRIC_REPRESENTATION_CONTEXT(2) 
PARAMETRIC_REPRESENTATION_CONTEXT() REPRESENTATION_CONTEXT('2D SPACE',''
  ) );
#2436 = PCURVE('',#1441,#2437);
#2437 = DEFINITIONAL_REPRESENTATION('',(#2438),#2442);
#2438 = LINE('',#2439,#2440);
#2439 = CARTESIAN_POINT('',(-8.674532716783,0.));
#2440 = VECTOR('',#2441,1.);
#2441 = DIRECTION('',(1.,-0.));
#2442 = ( GEOMETRIC_REPRESENTATION_CONTEXT(2) 
PARAMETRIC_REPRESENTATION_CONTEXT() REPRESENTATION_CONTEXT('2D SPACE',''
  ) );
#2443 = FACE_BOUND('',#2444,.F.);
#2444 = EDGE_LOOP('',(#2445,#2471,#2493,#2521,#2549,#2577,#2599,#2627,
    #2655,#2683,#2705,#2729,#2757,#2780,#2802,#2830,#2858,#2886,#2914,
    #2942,#2970,#2998,#3026,#3054,#3082,#3110,#3138,#3166,#3188,#3211));
#2445 = ORIENTED_EDGE('',*,*,#2446,.F.);
#2446 = EDGE_CURVE('',#2447,#2449,#2451,.T.);
#2447 = VERTEX_POINT('',#2448);
#2448 = CARTESIAN_POINT('',(26.,-62.4,0.55));
#2449 = VERTEX_POINT('',#2450);
#2450 = CARTESIAN_POINT('',(28.452830974816,-61.65289203357,0.55));
#2451 = SURFACE_CURVE('',#2452,(#2457,#2464),.PCURVE_S1.);
#2452 = CIRCLE('',#2453,4.4);
#2453 = AXIS2_PLACEMENT_3D('',#2454,#2455,#2456);
#2454 = CARTESIAN_POINT('',(26.,-58.,0.55));
#2455 = DIRECTION('',(0.,0.,1.));
#2456 = DIRECTION('',(1.,0.,-0.));
#2457 = PCURVE('',#100,#2458);
#2458 = DEFINITIONAL_REPRESENTATION('',(#2459),#2463);
#2459 = CIRCLE('',#2460,4.4);
#2460 = AXIS2_PLACEMENT_2D('',#2461,#2462);
#2461 = CARTESIAN_POINT('',(58.,6.));
#2462 = DIRECTION('',(1.,0.));
#2463 = ( GEOMETRIC_REPRESENTATION_CONTEXT(2) 
PARAMETRIC_REPRESENTATION_CONTEXT() REPRESENTATION_CONTEXT('2D SPACE',''
  ) );
#2464 = PCURVE('',#1244,#2465);
#2465 = DEFINITIONAL_REPRESENTATION('',(#2466),#2470);
#2466 = LINE('',#2467,#2468);
#2467 = CARTESIAN_POINT('',(-6.28318530718,0.15));
#2468 = VECTOR('',#2469,1.);
#2469 = DIRECTION('',(1.,-0.));
#2470 = ( GEOMETRIC_REPRESENTATION_CONTEXT(2) 
PARAMETRIC_REPRESENTATION_CONTEXT() REPRESENTATION_CONTEXT('2D SPACE',''
  ) );
#2471 = ORIENTED_EDGE('',*,*,#2472,.T.);
#2472 = EDGE_CURVE('',#2447,#2473,#2475,.T.);
#2473 = VERTEX_POINT('',#2474);
#2474 = CARTESIAN_POINT('',(9.9408473,-62.4,0.55));
#2475 = SURFACE_CURVE('',#2476,(#2480,#2487),.PCURVE_S1.);
#2476 = LINE('',#2477,#2478);
#2477 = CARTESIAN_POINT('',(-31.2,-62.4,0.55));
#2478 = VECTOR('',#2479,1.);
#2479 = DIRECTION('',(-1.,0.,0.));
#2480 = PCURVE('',#100,#2481);
#2481 = DEFINITIONAL_REPRESENTATION('',(#2482),#2486);
#2482 = LINE('',#2483,#2484);
#2483 = CARTESIAN_POINT('',(0.8,1.6));
#2484 = VECTOR('',#2485,1.);
#2485 = DIRECTION('',(-1.,0.));
#2486 = ( GEOMETRIC_REPRESENTATION_CONTEXT(2) 
PARAMETRIC_REPRESENTATION_CONTEXT() REPRESENTATION_CONTEXT('2D SPACE',''
  ) );
#2487 = PCURVE('',#1272,#2488);
#2488 = DEFINITIONAL_REPRESENTATION('',(#2489),#2492);
#2489 = B_SPLINE_CURVE_WITH_KNOTS('',1,(#2490,#2491),.UNSPECIFIED.,.F.,
  .F.,(2,2),(-57.2,-5.2),.PIECEWISE_BEZIER_KNOTS.);
#2490 = CARTESIAN_POINT('',(0.15,56.4));
#2491 = CARTESIAN_POINT('',(0.15,4.4));
#2492 = ( GEOMETRIC_REPRESENTATION_CONTEXT(2) 
PARAMETRIC_REPRESENTATION_CONTEXT() REPRESENTATION_CONTEXT('2D SPACE',''
  ) );
#2493 = ORIENTED_EDGE('',*,*,#2494,.T.);
#2494 = EDGE_CURVE('',#2473,#2495,#2497,.T.);
#2495 = VERTEX_POINT('',#2496);
#2496 = CARTESIAN_POINT('',(9.9408473,-30.0629905,0.55));
#2497 = SURFACE_CURVE('',#2498,(#2502,#2509),.PCURVE_S1.);
#2498 = LINE('',#2499,#2500);
#2499 = CARTESIAN_POINT('',(9.9408473,-64.,0.55));
#2500 = VECTOR('',#2501,1.);
#2501 = DIRECTION('',(0.,1.,0.));
#2502 = PCURVE('',#100,#2503);
#2503 = DEFINITIONAL_REPRESENTATION('',(#2504),#2508);
#2504 = LINE('',#2505,#2506);
#2505 = CARTESIAN_POINT('',(41.9408473,0.));
#2506 = VECTOR('',#2507,1.);
#2507 = DIRECTION('',(0.,1.));
#2508 = ( GEOMETRIC_REPRESENTATION_CONTEXT(2) 
PARAMETRIC_REPRESENTATION_CONTEXT() REPRESENTATION_CONTEXT('2D SPACE',''
  ) );
#2509 = PCURVE('',#2510,#2515);
#2510 = PLANE('',#2511);
#2511 = AXIS2_PLACEMENT_3D('',#2512,#2513,#2514);
#2512 = CARTESIAN_POINT('',(9.9408473,-64.,0.55));
#2513 = DIRECTION('',(1.,0.,0.));
#2514 = DIRECTION('',(0.,0.,1.));
#2515 = DEFINITIONAL_REPRESENTATION('',(#2516),#2520);
#2516 = LINE('',#2517,#2518);
#2517 = CARTESIAN_POINT('',(0.,0.));
#2518 = VECTOR('',#2519,1.);
#2519 = DIRECTION('',(0.,-1.));
#2520 = ( GEOMETRIC_REPRESENTATION_CONTEXT(2) 
PARAMETRIC_REPRESENTATION_CONTEXT() REPRESENTATION_CONTEXT('2D SPACE',''
  ) );
#2521 = ORIENTED_EDGE('',*,*,#2522,.F.);
#2522 = EDGE_CURVE('',#2523,#2495,#2525,.T.);
#2523 = VERTEX_POINT('',#2524);
#2524 = CARTESIAN_POINT('',(8.9408473,-30.0629905,0.55));
#2525 = SURFACE_CURVE('',#2526,(#2530,#2537),.PCURVE_S1.);
#2526 = LINE('',#2527,#2528);
#2527 = CARTESIAN_POINT('',(8.9408473,-30.0629905,0.55));
#2528 = VECTOR('',#2529,1.);
#2529 = DIRECTION('',(1.,0.,0.));
#2530 = PCURVE('',#100,#2531);
#2531 = DEFINITIONAL_REPRESENTATION('',(#2532),#2536);
#2532 = LINE('',#2533,#2534);
#2533 = CARTESIAN_POINT('',(40.9408473,33.9370095));
#2534 = VECTOR('',#2535,1.);
#2535 = DIRECTION('',(1.,0.));
#2536 = ( GEOMETRIC_REPRESENTATION_CONTEXT(2) 
PARAMETRIC_REPRESENTATION_CONTEXT() REPRESENTATION_CONTEXT('2D SPACE',''
  ) );
#2537 = PCURVE('',#2538,#2543);
#2538 = PLANE('',#2539);
#2539 = AXIS2_PLACEMENT_3D('',#2540,#2541,#2542);
#2540 = CARTESIAN_POINT('',(8.9408473,-30.0629905,0.55));
#2541 = DIRECTION('',(0.,1.,0.));
#2542 = DIRECTION('',(0.,0.,1.));
#2543 = DEFINITIONAL_REPRESENTATION('',(#2544),#2548);
#2544 = LINE('',#2545,#2546);
#2545 = CARTESIAN_POINT('',(0.,0.));
#2546 = VECTOR('',#2547,1.);
#2547 = DIRECTION('',(0.,1.));
#2548 = ( GEOMETRIC_REPRESENTATION_CONTEXT(2) 
PARAMETRIC_REPRESENTATION_CONTEXT() REPRESENTATION_CONTEXT('2D SPACE',''
  ) );
#2549 = ORIENTED_EDGE('',*,*,#2550,.F.);
#2550 = EDGE_CURVE('',#2551,#2523,#2553,.T.);
#2551 = VERTEX_POINT('',#2552);
#2552 = CARTESIAN_POINT('',(8.9408473,-62.4,0.55));
#2553 = SURFACE_CURVE('',#2554,(#2558,#2565),.PCURVE_S1.);
#2554 = LINE('',#2555,#2556);
#2555 = CARTESIAN_POINT('',(8.9408473,-64.,0.55));
#2556 = VECTOR('',#2557,1.);
#2557 = DIRECTION('',(0.,1.,0.));
#2558 = PCURVE('',#100,#2559);
#2559 = DEFINITIONAL_REPRESENTATION('',(#2560),#2564);
#2560 = LINE('',#2561,#2562);
#2561 = CARTESIAN_POINT('',(40.9408473,0.));
#2562 = VECTOR('',#2563,1.);
#2563 = DIRECTION('',(0.,1.));
#2564 = ( GEOMETRIC_REPRESENTATION_CONTEXT(2) 
PARAMETRIC_REPRESENTATION_CONTEXT() REPRESENTATION_CONTEXT('2D SPACE',''
  ) );
#2565 = PCURVE('',#2566,#2571);
#2566 = PLANE('',#2567);
#2567 = AXIS2_PLACEMENT_3D('',#2568,#2569,#2570);
#2568 = CARTESIAN_POINT('',(8.9408473,-64.,0.55));
#2569 = DIRECTION('',(1.,0.,0.));
#2570 = DIRECTION('',(0.,0.,1.));
#2571 = DEFINITIONAL_REPRESENTATION('',(#2572),#2576);
#2572 = LINE('',#2573,#2574);
#2573 = CARTESIAN_POINT('',(0.,0.));
#2574 = VECTOR('',#2575,1.);
#2575 = DIRECTION('',(0.,-1.));
#2576 = ( GEOMETRIC_REPRESENTATION_CONTEXT(2) 
PARAMETRIC_REPRESENTATION_CONTEXT() REPRESENTATION_CONTEXT('2D SPACE',''
  ) );
#2577 = ORIENTED_EDGE('',*,*,#2578,.T.);
#2578 = EDGE_CURVE('',#2551,#2579,#2581,.T.);
#2579 = VERTEX_POINT('',#2580);
#2580 = CARTESIAN_POINT('',(-17.0591527,-62.4,0.55));
#2581 = SURFACE_CURVE('',#2582,(#2586,#2593),.PCURVE_S1.);
#2582 = LINE('',#2583,#2584);
#2583 = CARTESIAN_POINT('',(-31.2,-62.4,0.55));
#2584 = VECTOR('',#2585,1.);
#2585 = DIRECTION('',(-1.,0.,0.));
#2586 = PCURVE('',#100,#2587);
#2587 = DEFINITIONAL_REPRESENTATION('',(#2588),#2592);
#2588 = LINE('',#2589,#2590);
#2589 = CARTESIAN_POINT('',(0.8,1.6));
#2590 = VECTOR('',#2591,1.);
#2591 = DIRECTION('',(-1.,0.));
#2592 = ( GEOMETRIC_REPRESENTATION_CONTEXT(2) 
PARAMETRIC_REPRESENTATION_CONTEXT() REPRESENTATION_CONTEXT('2D SPACE',''
  ) );
#2593 = PCURVE('',#1272,#2594);
#2594 = DEFINITIONAL_REPRESENTATION('',(#2595),#2598);
#2595 = B_SPLINE_CURVE_WITH_KNOTS('',1,(#2596,#2597),.UNSPECIFIED.,.F.,
  .F.,(2,2),(-57.2,-5.2),.PIECEWISE_BEZIER_KNOTS.);
#2596 = CARTESIAN_POINT('',(0.15,56.4));
#2597 = CARTESIAN_POINT('',(0.15,4.4));
#2598 = ( GEOMETRIC_REPRESENTATION_CONTEXT(2) 
PARAMETRIC_REPRESENTATION_CONTEXT() REPRESENTATION_CONTEXT('2D SPACE',''
  ) );
#2599 = ORIENTED_EDGE('',*,*,#2600,.T.);
#2600 = EDGE_CURVE('',#2579,#2601,#2603,.T.);
#2601 = VERTEX_POINT('',#2602);
#2602 = CARTESIAN_POINT('',(-17.0591527,-30.0629905,0.55));
#2603 = SURFACE_CURVE('',#2604,(#2608,#2615),.PCURVE_S1.);
#2604 = LINE('',#2605,#2606);
#2605 = CARTESIAN_POINT('',(-17.0591527,-64.,0.55));
#2606 = VECTOR('',#2607,1.);
#2607 = DIRECTION('',(0.,1.,0.));
#2608 = PCURVE('',#100,#2609);
#2609 = DEFINITIONAL_REPRESENTATION('',(#2610),#2614);
#2610 = LINE('',#2611,#2612);
#2611 = CARTESIAN_POINT('',(14.9408473,0.));
#2612 = VECTOR('',#2613,1.);
#2613 = DIRECTION('',(0.,1.));
#2614 = ( GEOMETRIC_REPRESENTATION_CONTEXT(2) 
PARAMETRIC_REPRESENTATION_CONTEXT() REPRESENTATION_CONTEXT('2D SPACE',''
  ) );
#2615 = PCURVE('',#2616,#2621);
#2616 = PLANE('',#2617);
#2617 = AXIS2_PLACEMENT_3D('',#2618,#2619,#2620);
#2618 = CARTESIAN_POINT('',(-17.0591527,-64.,0.55));
#2619 = DIRECTION('',(1.,0.,0.));
#2620 = DIRECTION('',(0.,0.,1.));
#2621 = DEFINITIONAL_REPRESENTATION('',(#2622),#2626);
#2622 = LINE('',#2623,#2624);
#2623 = CARTESIAN_POINT('',(0.,0.));
#2624 = VECTOR('',#2625,1.);
#2625 = DIRECTION('',(0.,-1.));
#2626 = ( GEOMETRIC_REPRESENTATION_CONTEXT(2) 
PARAMETRIC_REPRESENTATION_CONTEXT() REPRESENTATION_CONTEXT('2D SPACE',''
  ) );
#2627 = ORIENTED_EDGE('',*,*,#2628,.F.);
#2628 = EDGE_CURVE('',#2629,#2601,#2631,.T.);
#2629 = VERTEX_POINT('',#2630);
#2630 = CARTESIAN_POINT('',(-18.0591527,-30.0629905,0.55));
#2631 = SURFACE_CURVE('',#2632,(#2636,#2643),.PCURVE_S1.);
#2632 = LINE('',#2633,#2634);
#2633 = CARTESIAN_POINT('',(-18.0591527,-30.0629905,0.55));
#2634 = VECTOR('',#2635,1.);
#2635 = DIRECTION('',(1.,0.,0.));
#2636 = PCURVE('',#100,#2637);
#2637 = DEFINITIONAL_REPRESENTATION('',(#2638),#2642);
#2638 = LINE('',#2639,#2640);
#2639 = CARTESIAN_POINT('',(13.9408473,33.9370095));
#2640 = VECTOR('',#2641,1.);
#2641 = DIRECTION('',(1.,0.));
#2642 = ( GEOMETRIC_REPRESENTATION_CONTEXT(2) 
PARAMETRIC_REPRESENTATION_CONTEXT() REPRESENTATION_CONTEXT('2D SPACE',''
  ) );
#2643 = PCURVE('',#2644,#2649);
#2644 = PLANE('',#2645);
#2645 = AXIS2_PLACEMENT_3D('',#2646,#2647,#2648);
#2646 = CARTESIAN_POINT('',(-18.0591527,-30.0629905,0.55));
#2647 = DIRECTION('',(0.,1.,0.));
#2648 = DIRECTION('',(0.,0.,1.));
#2649 = DEFINITIONAL_REPRESENTATION('',(#2650),#2654);
#2650 = LINE('',#2651,#2652);
#2651 = CARTESIAN_POINT('',(0.,0.));
#2652 = VECTOR('',#2653,1.);
#2653 = DIRECTION('',(0.,1.));
#2654 = ( GEOMETRIC_REPRESENTATION_CONTEXT(2) 
PARAMETRIC_REPRESENTATION_CONTEXT() REPRESENTATION_CONTEXT('2D SPACE',''
  ) );
#2655 = ORIENTED_EDGE('',*,*,#2656,.F.);
#2656 = EDGE_CURVE('',#2657,#2629,#2659,.T.);
#2657 = VERTEX_POINT('',#2658);
#2658 = CARTESIAN_POINT('',(-18.0591527,-62.4,0.55));
#2659 = SURFACE_CURVE('',#2660,(#2664,#2671),.PCURVE_S1.);
#2660 = LINE('',#2661,#2662);
#2661 = CARTESIAN_POINT('',(-18.0591527,-64.,0.55));
#2662 = VECTOR('',#2663,1.);
#2663 = DIRECTION('',(0.,1.,0.));
#2664 = PCURVE('',#100,#2665);
#2665 = DEFINITIONAL_REPRESENTATION('',(#2666),#2670);
#2666 = LINE('',#2667,#2668);
#2667 = CARTESIAN_POINT('',(13.9408473,0.));
#2668 = VECTOR('',#2669,1.);
#2669 = DIRECTION('',(0.,1.));
#2670 = ( GEOMETRIC_REPRESENTATION_CONTEXT(2) 
PARAMETRIC_REPRESENTATION_CONTEXT() REPRESENTATION_CONTEXT('2D SPACE',''
  ) );
#2671 = PCURVE('',#2672,#2677);
#2672 = PLANE('',#2673);
#2673 = AXIS2_PLACEMENT_3D('',#2674,#2675,#2676);
#2674 = CARTESIAN_POINT('',(-18.0591527,-64.,0.55));
#2675 = DIRECTION('',(1.,0.,0.));
#2676 = DIRECTION('',(0.,0.,1.));
#2677 = DEFINITIONAL_REPRESENTATION('',(#2678),#2682);
#2678 = LINE('',#2679,#2680);
#2679 = CARTESIAN_POINT('',(0.,0.));
#2680 = VECTOR('',#2681,1.);
#2681 = DIRECTION('',(0.,-1.));
#2682 = ( GEOMETRIC_REPRESENTATION_CONTEXT(2) 
PARAMETRIC_REPRESENTATION_CONTEXT() REPRESENTATION_CONTEXT('2D SPACE',''
  ) );
#2683 = ORIENTED_EDGE('',*,*,#2684,.T.);
#2684 = EDGE_CURVE('',#2657,#2685,#2687,.T.);
#2685 = VERTEX_POINT('',#2686);
#2686 = CARTESIAN_POINT('',(-26.,-62.4,0.55));
#2687 = SURFACE_CURVE('',#2688,(#2692,#2699),.PCURVE_S1.);
#2688 = LINE('',#2689,#2690);
#2689 = CARTESIAN_POINT('',(-31.2,-62.4,0.55));
#2690 = VECTOR('',#2691,1.);
#2691 = DIRECTION('',(-1.,0.,0.));
#2692 = PCURVE('',#100,#2693);
#2693 = DEFINITIONAL_REPRESENTATION('',(#2694),#2698);
#2694 = LINE('',#2695,#2696);
#2695 = CARTESIAN_POINT('',(0.8,1.6));
#2696 = VECTOR('',#2697,1.);
#2697 = DIRECTION('',(-1.,0.));
#2698 = ( GEOMETRIC_REPRESENTATION_CONTEXT(2) 
PARAMETRIC_REPRESENTATION_CONTEXT() REPRESENTATION_CONTEXT('2D SPACE',''
  ) );
#2699 = PCURVE('',#1272,#2700);
#2700 = DEFINITIONAL_REPRESENTATION('',(#2701),#2704);
#2701 = B_SPLINE_CURVE_WITH_KNOTS('',1,(#2702,#2703),.UNSPECIFIED.,.F.,
  .F.,(2,2),(-57.2,-5.2),.PIECEWISE_BEZIER_KNOTS.);
#2702 = CARTESIAN_POINT('',(0.15,56.4));
#2703 = CARTESIAN_POINT('',(0.15,4.4));
#2704 = ( GEOMETRIC_REPRESENTATION_CONTEXT(2) 
PARAMETRIC_REPRESENTATION_CONTEXT() REPRESENTATION_CONTEXT('2D SPACE',''
  ) );
#2705 = ORIENTED_EDGE('',*,*,#2706,.F.);
#2706 = EDGE_CURVE('',#2707,#2685,#2709,.T.);
#2707 = VERTEX_POINT('',#2708);
#2708 = CARTESIAN_POINT('',(-28.45283097481,-61.65289203357,0.55));
#2709 = SURFACE_CURVE('',#2710,(#2715,#2722),.PCURVE_S1.);
#2710 = CIRCLE('',#2711,4.4);
#2711 = AXIS2_PLACEMENT_3D('',#2712,#2713,#2714);
#2712 = CARTESIAN_POINT('',(-26.,-58.,0.55));
#2713 = DIRECTION('',(0.,0.,1.));
#2714 = DIRECTION('',(-1.,-0.,0.));
#2715 = PCURVE('',#100,#2716);
#2716 = DEFINITIONAL_REPRESENTATION('',(#2717),#2721);
#2717 = CIRCLE('',#2718,4.4);
#2718 = AXIS2_PLACEMENT_2D('',#2719,#2720);
#2719 = CARTESIAN_POINT('',(6.,6.));
#2720 = DIRECTION('',(-1.,0.));
#2721 = ( GEOMETRIC_REPRESENTATION_CONTEXT(2) 
PARAMETRIC_REPRESENTATION_CONTEXT() REPRESENTATION_CONTEXT('2D SPACE',''
  ) );
#2722 = PCURVE('',#1300,#2723);
#2723 = DEFINITIONAL_REPRESENTATION('',(#2724),#2728);
#2724 = LINE('',#2725,#2726);
#2725 = CARTESIAN_POINT('',(0.,0.15));
#2726 = VECTOR('',#2727,1.);
#2727 = DIRECTION('',(1.,0.));
#2728 = ( GEOMETRIC_REPRESENTATION_CONTEXT(2) 
PARAMETRIC_REPRESENTATION_CONTEXT() REPRESENTATION_CONTEXT('2D SPACE',''
  ) );
#2729 = ORIENTED_EDGE('',*,*,#2730,.F.);
#2730 = EDGE_CURVE('',#2731,#2707,#2733,.T.);
#2731 = VERTEX_POINT('',#2732);
#2732 = CARTESIAN_POINT('',(-29.60934769394,-58.,0.55));
#2733 = SURFACE_CURVE('',#2734,(#2739,#2750),.PCURVE_S1.);
#2734 = CIRCLE('',#2735,2.2);
#2735 = AXIS2_PLACEMENT_3D('',#2736,#2737,#2738);
#2736 = CARTESIAN_POINT('',(-28.,-59.5,0.55));
#2737 = DIRECTION('',(0.,0.,-1.));
#2738 = DIRECTION('',(-0.997076829629,7.640546980854E-02,0.));
#2739 = PCURVE('',#100,#2740);
#2740 = DEFINITIONAL_REPRESENTATION('',(#2741),#2749);
#2741 = ( BOUNDED_CURVE() B_SPLINE_CURVE(2,(#2742,#2743,#2744,#2745,
#2746,#2747,#2748),.UNSPECIFIED.,.T.,.F.) B_SPLINE_CURVE_WITH_KNOTS((1,2
    ,2,2,2,1),(-2.094395102393,0.,2.094395102393,4.188790204786,
6.28318530718,8.377580409573),.UNSPECIFIED.) CURVE() 
GEOMETRIC_REPRESENTATION_ITEM() RATIONAL_B_SPLINE_CURVE((1.,0.5,1.,0.5,
1.,0.5,1.)) REPRESENTATION_ITEM('') );
#2742 = CARTESIAN_POINT('',(1.806430974816,4.668092033579));
#2743 = CARTESIAN_POINT('',(2.097574917322,8.467465035107));
#2744 = CARTESIAN_POINT('',(5.242356483845,6.315640483975));
#2745 = CARTESIAN_POINT('',(8.387138050368,4.163815932842));
#2746 = CARTESIAN_POINT('',(4.951212541339,2.516267482446));
#2747 = CARTESIAN_POINT('',(1.51528703231,0.868719032051));
#2748 = CARTESIAN_POINT('',(1.806430974816,4.668092033579));
#2749 = ( GEOMETRIC_REPRESENTATION_CONTEXT(2) 
PARAMETRIC_REPRESENTATION_CONTEXT() REPRESENTATION_CONTEXT('2D SPACE',''
  ) );
#2750 = PCURVE('',#1329,#2751);
#2751 = DEFINITIONAL_REPRESENTATION('',(#2752),#2756);
#2752 = LINE('',#2753,#2754);
#2753 = CARTESIAN_POINT('',(-9.348297955066,0.));
#2754 = VECTOR('',#2755,1.);
#2755 = DIRECTION('',(1.,-0.));
#2756 = ( GEOMETRIC_REPRESENTATION_CONTEXT(2) 
PARAMETRIC_REPRESENTATION_CONTEXT() REPRESENTATION_CONTEXT('2D SPACE',''
  ) );
#2757 = ORIENTED_EDGE('',*,*,#2758,.F.);
#2758 = EDGE_CURVE('',#2759,#2731,#2761,.T.);
#2759 = VERTEX_POINT('',#2760);
#2760 = CARTESIAN_POINT('',(-30.4,-58.,0.55));
#2761 = SURFACE_CURVE('',#2762,(#2766,#2773),.PCURVE_S1.);
#2762 = LINE('',#2763,#2764);
#2763 = CARTESIAN_POINT('',(-31.5,-58.,0.55));
#2764 = VECTOR('',#2765,1.);
#2765 = DIRECTION('',(1.,0.,0.));
#2766 = PCURVE('',#100,#2767);
#2767 = DEFINITIONAL_REPRESENTATION('',(#2768),#2772);
#2768 = LINE('',#2769,#2770);
#2769 = CARTESIAN_POINT('',(0.5,6.));
#2770 = VECTOR('',#2771,1.);
#2771 = DIRECTION('',(1.,0.));
#2772 = ( GEOMETRIC_REPRESENTATION_CONTEXT(2) 
PARAMETRIC_REPRESENTATION_CONTEXT() REPRESENTATION_CONTEXT('2D SPACE',''
  ) );
#2773 = PCURVE('',#1357,#2774);
#2774 = DEFINITIONAL_REPRESENTATION('',(#2775),#2779);
#2775 = LINE('',#2776,#2777);
#2776 = CARTESIAN_POINT('',(0.,0.));
#2777 = VECTOR('',#2778,1.);
#2778 = DIRECTION('',(0.,1.));
#2779 = ( GEOMETRIC_REPRESENTATION_CONTEXT(2) 
PARAMETRIC_REPRESENTATION_CONTEXT() REPRESENTATION_CONTEXT('2D SPACE',''
  ) );
#2780 = ORIENTED_EDGE('',*,*,#2781,.T.);
#2781 = EDGE_CURVE('',#2759,#2782,#2784,.T.);
#2782 = VERTEX_POINT('',#2783);
#2783 = CARTESIAN_POINT('',(-30.4,-28.8,0.55));
#2784 = SURFACE_CURVE('',#2785,(#2789,#2796),.PCURVE_S1.);
#2785 = LINE('',#2786,#2787);
#2786 = CARTESIAN_POINT('',(-30.4,-63.2,0.55));
#2787 = VECTOR('',#2788,1.);
#2788 = DIRECTION('',(0.,1.,0.));
#2789 = PCURVE('',#100,#2790);
#2790 = DEFINITIONAL_REPRESENTATION('',(#2791),#2795);
#2791 = LINE('',#2792,#2793);
#2792 = CARTESIAN_POINT('',(1.6,0.8));
#2793 = VECTOR('',#2794,1.);
#2794 = DIRECTION('',(0.,1.));
#2795 = ( GEOMETRIC_REPRESENTATION_CONTEXT(2) 
PARAMETRIC_REPRESENTATION_CONTEXT() REPRESENTATION_CONTEXT('2D SPACE',''
  ) );
#2796 = PCURVE('',#1385,#2797);
#2797 = DEFINITIONAL_REPRESENTATION('',(#2798),#2801);
#2798 = B_SPLINE_CURVE_WITH_KNOTS('',1,(#2799,#2800),.UNSPECIFIED.,.F.,
  .F.,(2,2),(5.2,121.2),.PIECEWISE_BEZIER_KNOTS.);
#2799 = CARTESIAN_POINT('',(0.15,-4.4));
#2800 = CARTESIAN_POINT('',(0.15,-120.4));
#2801 = ( GEOMETRIC_REPRESENTATION_CONTEXT(2) 
PARAMETRIC_REPRESENTATION_CONTEXT() REPRESENTATION_CONTEXT('2D SPACE',''
  ) );
#2802 = ORIENTED_EDGE('',*,*,#2803,.T.);
#2803 = EDGE_CURVE('',#2782,#2804,#2806,.T.);
#2804 = VERTEX_POINT('',#2805);
#2805 = CARTESIAN_POINT('',(-21.2,-28.8,0.55));
#2806 = SURFACE_CURVE('',#2807,(#2811,#2818),.PCURVE_S1.);
#2807 = LINE('',#2808,#2809);
#2808 = CARTESIAN_POINT('',(-31.,-28.8,0.55));
#2809 = VECTOR('',#2810,1.);
#2810 = DIRECTION('',(1.,0.,0.));
#2811 = PCURVE('',#100,#2812);
#2812 = DEFINITIONAL_REPRESENTATION('',(#2813),#2817);
#2813 = LINE('',#2814,#2815);
#2814 = CARTESIAN_POINT('',(1.,35.2));
#2815 = VECTOR('',#2816,1.);
#2816 = DIRECTION('',(1.,0.));
#2817 = ( GEOMETRIC_REPRESENTATION_CONTEXT(2) 
PARAMETRIC_REPRESENTATION_CONTEXT() REPRESENTATION_CONTEXT('2D SPACE',''
  ) );
#2818 = PCURVE('',#2819,#2824);
#2819 = PLANE('',#2820);
#2820 = AXIS2_PLACEMENT_3D('',#2821,#2822,#2823);
#2821 = CARTESIAN_POINT('',(-31.,-28.8,0.55));
#2822 = DIRECTION('',(0.,1.,0.));
#2823 = DIRECTION('',(0.,0.,1.));
#2824 = DEFINITIONAL_REPRESENTATION('',(#2825),#2829);
#2825 = LINE('',#2826,#2827);
#2826 = CARTESIAN_POINT('',(0.,0.));
#2827 = VECTOR('',#2828,1.);
#2828 = DIRECTION('',(0.,1.));
#2829 = ( GEOMETRIC_REPRESENTATION_CONTEXT(2) 
PARAMETRIC_REPRESENTATION_CONTEXT() REPRESENTATION_CONTEXT('2D SPACE',''
  ) );
#2830 = ORIENTED_EDGE('',*,*,#2831,.F.);
#2831 = EDGE_CURVE('',#2832,#2804,#2834,.T.);
#2832 = VERTEX_POINT('',#2833);
#2833 = CARTESIAN_POINT('',(-21.2,-29.,0.55));
#2834 = SURFACE_CURVE('',#2835,(#2839,#2846),.PCURVE_S1.);
#2835 = LINE('',#2836,#2837);
#2836 = CARTESIAN_POINT('',(-21.2,-29.,0.55));
#2837 = VECTOR('',#2838,1.);
#2838 = DIRECTION('',(0.,1.,0.));
#2839 = PCURVE('',#100,#2840);
#2840 = DEFINITIONAL_REPRESENTATION('',(#2841),#2845);
#2841 = LINE('',#2842,#2843);
#2842 = CARTESIAN_POINT('',(10.8,35.));
#2843 = VECTOR('',#2844,1.);
#2844 = DIRECTION('',(0.,1.));
#2845 = ( GEOMETRIC_REPRESENTATION_CONTEXT(2) 
PARAMETRIC_REPRESENTATION_CONTEXT() REPRESENTATION_CONTEXT('2D SPACE',''
  ) );
#2846 = PCURVE('',#2847,#2852);
#2847 = PLANE('',#2848);
#2848 = AXIS2_PLACEMENT_3D('',#2849,#2850,#2851);
#2849 = CARTESIAN_POINT('',(-21.2,-29.,0.55));
#2850 = DIRECTION('',(1.,0.,0.));
#2851 = DIRECTION('',(0.,0.,1.));
#2852 = DEFINITIONAL_REPRESENTATION('',(#2853),#2857);
#2853 = LINE('',#2854,#2855);
#2854 = CARTESIAN_POINT('',(0.,0.));
#2855 = VECTOR('',#2856,1.);
#2856 = DIRECTION('',(0.,-1.));
#2857 = ( GEOMETRIC_REPRESENTATION_CONTEXT(2) 
PARAMETRIC_REPRESENTATION_CONTEXT() REPRESENTATION_CONTEXT('2D SPACE',''
  ) );
#2858 = ORIENTED_EDGE('',*,*,#2859,.T.);
#2859 = EDGE_CURVE('',#2832,#2860,#2862,.T.);
#2860 = VERTEX_POINT('',#2861);
#2861 = CARTESIAN_POINT('',(-20.4,-29.,0.55));
#2862 = SURFACE_CURVE('',#2863,(#2867,#2874),.PCURVE_S1.);
#2863 = LINE('',#2864,#2865);
#2864 = CARTESIAN_POINT('',(-21.2,-29.,0.55));
#2865 = VECTOR('',#2866,1.);
#2866 = DIRECTION('',(1.,0.,0.));
#2867 = PCURVE('',#100,#2868);
#2868 = DEFINITIONAL_REPRESENTATION('',(#2869),#2873);
#2869 = LINE('',#2870,#2871);
#2870 = CARTESIAN_POINT('',(10.8,35.));
#2871 = VECTOR('',#2872,1.);
#2872 = DIRECTION('',(1.,0.));
#2873 = ( GEOMETRIC_REPRESENTATION_CONTEXT(2) 
PARAMETRIC_REPRESENTATION_CONTEXT() REPRESENTATION_CONTEXT('2D SPACE',''
  ) );
#2874 = PCURVE('',#2875,#2880);
#2875 = PLANE('',#2876);
#2876 = AXIS2_PLACEMENT_3D('',#2877,#2878,#2879);
#2877 = CARTESIAN_POINT('',(-21.2,-29.,0.55));
#2878 = DIRECTION('',(0.,1.,0.));
#2879 = DIRECTION('',(0.,0.,1.));
#2880 = DEFINITIONAL_REPRESENTATION('',(#2881),#2885);
#2881 = LINE('',#2882,#2883);
#2882 = CARTESIAN_POINT('',(0.,0.));
#2883 = VECTOR('',#2884,1.);
#2884 = DIRECTION('',(0.,1.));
#2885 = ( GEOMETRIC_REPRESENTATION_CONTEXT(2) 
PARAMETRIC_REPRESENTATION_CONTEXT() REPRESENTATION_CONTEXT('2D SPACE',''
  ) );
#2886 = ORIENTED_EDGE('',*,*,#2887,.T.);
#2887 = EDGE_CURVE('',#2860,#2888,#2890,.T.);
#2888 = VERTEX_POINT('',#2889);
#2889 = CARTESIAN_POINT('',(-20.4,-28.8,0.55));
#2890 = SURFACE_CURVE('',#2891,(#2895,#2902),.PCURVE_S1.);
#2891 = LINE('',#2892,#2893);
#2892 = CARTESIAN_POINT('',(-20.4,-29.,0.55));
#2893 = VECTOR('',#2894,1.);
#2894 = DIRECTION('',(0.,1.,0.));
#2895 = PCURVE('',#100,#2896);
#2896 = DEFINITIONAL_REPRESENTATION('',(#2897),#2901);
#2897 = LINE('',#2898,#2899);
#2898 = CARTESIAN_POINT('',(11.6,35.));
#2899 = VECTOR('',#2900,1.);
#2900 = DIRECTION('',(0.,1.));
#2901 = ( GEOMETRIC_REPRESENTATION_CONTEXT(2) 
PARAMETRIC_REPRESENTATION_CONTEXT() REPRESENTATION_CONTEXT('2D SPACE',''
  ) );
#2902 = PCURVE('',#2903,#2908);
#2903 = PLANE('',#2904);
#2904 = AXIS2_PLACEMENT_3D('',#2905,#2906,#2907);
#2905 = CARTESIAN_POINT('',(-20.4,-29.,0.55));
#2906 = DIRECTION('',(1.,0.,0.));
#2907 = DIRECTION('',(0.,0.,1.));
#2908 = DEFINITIONAL_REPRESENTATION('',(#2909),#2913);
#2909 = LINE('',#2910,#2911);
#2910 = CARTESIAN_POINT('',(0.,0.));
#2911 = VECTOR('',#2912,1.);
#2912 = DIRECTION('',(0.,-1.));
#2913 = ( GEOMETRIC_REPRESENTATION_CONTEXT(2) 
PARAMETRIC_REPRESENTATION_CONTEXT() REPRESENTATION_CONTEXT('2D SPACE',''
  ) );
#2914 = ORIENTED_EDGE('',*,*,#2915,.T.);
#2915 = EDGE_CURVE('',#2888,#2916,#2918,.T.);
#2916 = VERTEX_POINT('',#2917);
#2917 = CARTESIAN_POINT('',(-18.0591527,-28.8,0.55));
#2918 = SURFACE_CURVE('',#2919,(#2923,#2930),.PCURVE_S1.);
#2919 = LINE('',#2920,#2921);
#2920 = CARTESIAN_POINT('',(-31.,-28.8,0.55));
#2921 = VECTOR('',#2922,1.);
#2922 = DIRECTION('',(1.,0.,0.));
#2923 = PCURVE('',#100,#2924);
#2924 = DEFINITIONAL_REPRESENTATION('',(#2925),#2929);
#2925 = LINE('',#2926,#2927);
#2926 = CARTESIAN_POINT('',(1.,35.2));
#2927 = VECTOR('',#2928,1.);
#2928 = DIRECTION('',(1.,0.));
#2929 = ( GEOMETRIC_REPRESENTATION_CONTEXT(2) 
PARAMETRIC_REPRESENTATION_CONTEXT() REPRESENTATION_CONTEXT('2D SPACE',''
  ) );
#2930 = PCURVE('',#2931,#2936);
#2931 = PLANE('',#2932);
#2932 = AXIS2_PLACEMENT_3D('',#2933,#2934,#2935);
#2933 = CARTESIAN_POINT('',(-31.,-28.8,0.55));
#2934 = DIRECTION('',(0.,1.,0.));
#2935 = DIRECTION('',(0.,0.,1.));
#2936 = DEFINITIONAL_REPRESENTATION('',(#2937),#2941);
#2937 = LINE('',#2938,#2939);
#2938 = CARTESIAN_POINT('',(0.,0.));
#2939 = VECTOR('',#2940,1.);
#2940 = DIRECTION('',(0.,1.));
#2941 = ( GEOMETRIC_REPRESENTATION_CONTEXT(2) 
PARAMETRIC_REPRESENTATION_CONTEXT() REPRESENTATION_CONTEXT('2D SPACE',''
  ) );
#2942 = ORIENTED_EDGE('',*,*,#2943,.F.);
#2943 = EDGE_CURVE('',#2944,#2916,#2946,.T.);
#2944 = VERTEX_POINT('',#2945);
#2945 = CARTESIAN_POINT('',(-18.0591527,-29.7629905,0.55));
#2946 = SURFACE_CURVE('',#2947,(#2951,#2958),.PCURVE_S1.);
#2947 = LINE('',#2948,#2949);
#2948 = CARTESIAN_POINT('',(-18.0591527,-29.7629905,0.55));
#2949 = VECTOR('',#2950,1.);
#2950 = DIRECTION('',(0.,1.,0.));
#2951 = PCURVE('',#100,#2952);
#2952 = DEFINITIONAL_REPRESENTATION('',(#2953),#2957);
#2953 = LINE('',#2954,#2955);
#2954 = CARTESIAN_POINT('',(13.9408473,34.2370095));
#2955 = VECTOR('',#2956,1.);
#2956 = DIRECTION('',(0.,1.));
#2957 = ( GEOMETRIC_REPRESENTATION_CONTEXT(2) 
PARAMETRIC_REPRESENTATION_CONTEXT() REPRESENTATION_CONTEXT('2D SPACE',''
  ) );
#2958 = PCURVE('',#2959,#2964);
#2959 = PLANE('',#2960);
#2960 = AXIS2_PLACEMENT_3D('',#2961,#2962,#2963);
#2961 = CARTESIAN_POINT('',(-18.0591527,-29.7629905,0.55));
#2962 = DIRECTION('',(1.,0.,0.));
#2963 = DIRECTION('',(0.,0.,1.));
#2964 = DEFINITIONAL_REPRESENTATION('',(#2965),#2969);
#2965 = LINE('',#2966,#2967);
#2966 = CARTESIAN_POINT('',(0.,0.));
#2967 = VECTOR('',#2968,1.);
#2968 = DIRECTION('',(0.,-1.));
#2969 = ( GEOMETRIC_REPRESENTATION_CONTEXT(2) 
PARAMETRIC_REPRESENTATION_CONTEXT() REPRESENTATION_CONTEXT('2D SPACE',''
  ) );
#2970 = ORIENTED_EDGE('',*,*,#2971,.T.);
#2971 = EDGE_CURVE('',#2944,#2972,#2974,.T.);
#2972 = VERTEX_POINT('',#2973);
#2973 = CARTESIAN_POINT('',(9.9408473,-29.7629905,0.55));
#2974 = SURFACE_CURVE('',#2975,(#2979,#2986),.PCURVE_S1.);
#2975 = LINE('',#2976,#2977);
#2976 = CARTESIAN_POINT('',(-18.0591527,-29.7629905,0.55));
#2977 = VECTOR('',#2978,1.);
#2978 = DIRECTION('',(1.,0.,0.));
#2979 = PCURVE('',#100,#2980);
#2980 = DEFINITIONAL_REPRESENTATION('',(#2981),#2985);
#2981 = LINE('',#2982,#2983);
#2982 = CARTESIAN_POINT('',(13.9408473,34.2370095));
#2983 = VECTOR('',#2984,1.);
#2984 = DIRECTION('',(1.,0.));
#2985 = ( GEOMETRIC_REPRESENTATION_CONTEXT(2) 
PARAMETRIC_REPRESENTATION_CONTEXT() REPRESENTATION_CONTEXT('2D SPACE',''
  ) );
#2986 = PCURVE('',#2987,#2992);
#2987 = PLANE('',#2988);
#2988 = AXIS2_PLACEMENT_3D('',#2989,#2990,#2991);
#2989 = CARTESIAN_POINT('',(-18.0591527,-29.7629905,0.55));
#2990 = DIRECTION('',(0.,1.,0.));
#2991 = DIRECTION('',(0.,0.,1.));
#2992 = DEFINITIONAL_REPRESENTATION('',(#2993),#2997);
#2993 = LINE('',#2994,#2995);
#2994 = CARTESIAN_POINT('',(0.,0.));
#2995 = VECTOR('',#2996,1.);
#2996 = DIRECTION('',(0.,1.));
#2997 = ( GEOMETRIC_REPRESENTATION_CONTEXT(2) 
PARAMETRIC_REPRESENTATION_CONTEXT() REPRESENTATION_CONTEXT('2D SPACE',''
  ) );
#2998 = ORIENTED_EDGE('',*,*,#2999,.T.);
#2999 = EDGE_CURVE('',#2972,#3000,#3002,.T.);
#3000 = VERTEX_POINT('',#3001);
#3001 = CARTESIAN_POINT('',(9.9408473,-28.8,0.55));
#3002 = SURFACE_CURVE('',#3003,(#3007,#3014),.PCURVE_S1.);
#3003 = LINE('',#3004,#3005);
#3004 = CARTESIAN_POINT('',(9.9408473,-29.7629905,0.55));
#3005 = VECTOR('',#3006,1.);
#3006 = DIRECTION('',(0.,1.,0.));
#3007 = PCURVE('',#100,#3008);
#3008 = DEFINITIONAL_REPRESENTATION('',(#3009),#3013);
#3009 = LINE('',#3010,#3011);
#3010 = CARTESIAN_POINT('',(41.9408473,34.2370095));
#3011 = VECTOR('',#3012,1.);
#3012 = DIRECTION('',(0.,1.));
#3013 = ( GEOMETRIC_REPRESENTATION_CONTEXT(2) 
PARAMETRIC_REPRESENTATION_CONTEXT() REPRESENTATION_CONTEXT('2D SPACE',''
  ) );
#3014 = PCURVE('',#3015,#3020);
#3015 = PLANE('',#3016);
#3016 = AXIS2_PLACEMENT_3D('',#3017,#3018,#3019);
#3017 = CARTESIAN_POINT('',(9.9408473,-29.7629905,0.55));
#3018 = DIRECTION('',(1.,0.,0.));
#3019 = DIRECTION('',(0.,0.,1.));
#3020 = DEFINITIONAL_REPRESENTATION('',(#3021),#3025);
#3021 = LINE('',#3022,#3023);
#3022 = CARTESIAN_POINT('',(0.,0.));
#3023 = VECTOR('',#3024,1.);
#3024 = DIRECTION('',(0.,-1.));
#3025 = ( GEOMETRIC_REPRESENTATION_CONTEXT(2) 
PARAMETRIC_REPRESENTATION_CONTEXT() REPRESENTATION_CONTEXT('2D SPACE',''
  ) );
#3026 = ORIENTED_EDGE('',*,*,#3027,.T.);
#3027 = EDGE_CURVE('',#3000,#3028,#3030,.T.);
#3028 = VERTEX_POINT('',#3029);
#3029 = CARTESIAN_POINT('',(20.4,-28.8,0.55));
#3030 = SURFACE_CURVE('',#3031,(#3035,#3042),.PCURVE_S1.);
#3031 = LINE('',#3032,#3033);
#3032 = CARTESIAN_POINT('',(-31.,-28.8,0.55));
#3033 = VECTOR('',#3034,1.);
#3034 = DIRECTION('',(1.,0.,0.));
#3035 = PCURVE('',#100,#3036);
#3036 = DEFINITIONAL_REPRESENTATION('',(#3037),#3041);
#3037 = LINE('',#3038,#3039);
#3038 = CARTESIAN_POINT('',(1.,35.2));
#3039 = VECTOR('',#3040,1.);
#3040 = DIRECTION('',(1.,0.));
#3041 = ( GEOMETRIC_REPRESENTATION_CONTEXT(2) 
PARAMETRIC_REPRESENTATION_CONTEXT() REPRESENTATION_CONTEXT('2D SPACE',''
  ) );
#3042 = PCURVE('',#3043,#3048);
#3043 = PLANE('',#3044);
#3044 = AXIS2_PLACEMENT_3D('',#3045,#3046,#3047);
#3045 = CARTESIAN_POINT('',(-31.,-28.8,0.55));
#3046 = DIRECTION('',(0.,1.,0.));
#3047 = DIRECTION('',(0.,0.,1.));
#3048 = DEFINITIONAL_REPRESENTATION('',(#3049),#3053);
#3049 = LINE('',#3050,#3051);
#3050 = CARTESIAN_POINT('',(0.,0.));
#3051 = VECTOR('',#3052,1.);
#3052 = DIRECTION('',(0.,1.));
#3053 = ( GEOMETRIC_REPRESENTATION_CONTEXT(2) 
PARAMETRIC_REPRESENTATION_CONTEXT() REPRESENTATION_CONTEXT('2D SPACE',''
  ) );
#3054 = ORIENTED_EDGE('',*,*,#3055,.F.);
#3055 = EDGE_CURVE('',#3056,#3028,#3058,.T.);
#3056 = VERTEX_POINT('',#3057);
#3057 = CARTESIAN_POINT('',(20.4,-29.,0.55));
#3058 = SURFACE_CURVE('',#3059,(#3063,#3070),.PCURVE_S1.);
#3059 = LINE('',#3060,#3061);
#3060 = CARTESIAN_POINT('',(20.4,-29.,0.55));
#3061 = VECTOR('',#3062,1.);
#3062 = DIRECTION('',(0.,1.,0.));
#3063 = PCURVE('',#100,#3064);
#3064 = DEFINITIONAL_REPRESENTATION('',(#3065),#3069);
#3065 = LINE('',#3066,#3067);
#3066 = CARTESIAN_POINT('',(52.4,35.));
#3067 = VECTOR('',#3068,1.);
#3068 = DIRECTION('',(0.,1.));
#3069 = ( GEOMETRIC_REPRESENTATION_CONTEXT(2) 
PARAMETRIC_REPRESENTATION_CONTEXT() REPRESENTATION_CONTEXT('2D SPACE',''
  ) );
#3070 = PCURVE('',#3071,#3076);
#3071 = PLANE('',#3072);
#3072 = AXIS2_PLACEMENT_3D('',#3073,#3074,#3075);
#3073 = CARTESIAN_POINT('',(20.4,-29.,0.55));
#3074 = DIRECTION('',(1.,0.,0.));
#3075 = DIRECTION('',(0.,0.,1.));
#3076 = DEFINITIONAL_REPRESENTATION('',(#3077),#3081);
#3077 = LINE('',#3078,#3079);
#3078 = CARTESIAN_POINT('',(0.,0.));
#3079 = VECTOR('',#3080,1.);
#3080 = DIRECTION('',(0.,-1.));
#3081 = ( GEOMETRIC_REPRESENTATION_CONTEXT(2) 
PARAMETRIC_REPRESENTATION_CONTEXT() REPRESENTATION_CONTEXT('2D SPACE',''
  ) );
#3082 = ORIENTED_EDGE('',*,*,#3083,.T.);
#3083 = EDGE_CURVE('',#3056,#3084,#3086,.T.);
#3084 = VERTEX_POINT('',#3085);
#3085 = CARTESIAN_POINT('',(21.2,-29.,0.55));
#3086 = SURFACE_CURVE('',#3087,(#3091,#3098),.PCURVE_S1.);
#3087 = LINE('',#3088,#3089);
#3088 = CARTESIAN_POINT('',(20.4,-29.,0.55));
#3089 = VECTOR('',#3090,1.);
#3090 = DIRECTION('',(1.,0.,0.));
#3091 = PCURVE('',#100,#3092);
#3092 = DEFINITIONAL_REPRESENTATION('',(#3093),#3097);
#3093 = LINE('',#3094,#3095);
#3094 = CARTESIAN_POINT('',(52.4,35.));
#3095 = VECTOR('',#3096,1.);
#3096 = DIRECTION('',(1.,0.));
#3097 = ( GEOMETRIC_REPRESENTATION_CONTEXT(2) 
PARAMETRIC_REPRESENTATION_CONTEXT() REPRESENTATION_CONTEXT('2D SPACE',''
  ) );
#3098 = PCURVE('',#3099,#3104);
#3099 = PLANE('',#3100);
#3100 = AXIS2_PLACEMENT_3D('',#3101,#3102,#3103);
#3101 = CARTESIAN_POINT('',(20.4,-29.,0.55));
#3102 = DIRECTION('',(0.,1.,0.));
#3103 = DIRECTION('',(0.,0.,1.));
#3104 = DEFINITIONAL_REPRESENTATION('',(#3105),#3109);
#3105 = LINE('',#3106,#3107);
#3106 = CARTESIAN_POINT('',(0.,0.));
#3107 = VECTOR('',#3108,1.);
#3108 = DIRECTION('',(0.,1.));
#3109 = ( GEOMETRIC_REPRESENTATION_CONTEXT(2) 
PARAMETRIC_REPRESENTATION_CONTEXT() REPRESENTATION_CONTEXT('2D SPACE',''
  ) );
#3110 = ORIENTED_EDGE('',*,*,#3111,.T.);
#3111 = EDGE_CURVE('',#3084,#3112,#3114,.T.);
#3112 = VERTEX_POINT('',#3113);
#3113 = CARTESIAN_POINT('',(21.2,-28.8,0.55));
#3114 = SURFACE_CURVE('',#3115,(#3119,#3126),.PCURVE_S1.);
#3115 = LINE('',#3116,#3117);
#3116 = CARTESIAN_POINT('',(21.2,-29.,0.55));
#3117 = VECTOR('',#3118,1.);
#3118 = DIRECTION('',(0.,1.,0.));
#3119 = PCURVE('',#100,#3120);
#3120 = DEFINITIONAL_REPRESENTATION('',(#3121),#3125);
#3121 = LINE('',#3122,#3123);
#3122 = CARTESIAN_POINT('',(53.2,35.));
#3123 = VECTOR('',#3124,1.);
#3124 = DIRECTION('',(0.,1.));
#3125 = ( GEOMETRIC_REPRESENTATION_CONTEXT(2) 
PARAMETRIC_REPRESENTATION_CONTEXT() REPRESENTATION_CONTEXT('2D SPACE',''
  ) );
#3126 = PCURVE('',#3127,#3132);
#3127 = PLANE('',#3128);
#3128 = AXIS2_PLACEMENT_3D('',#3129,#3130,#3131);
#3129 = CARTESIAN_POINT('',(21.2,-29.,0.55));
#3130 = DIRECTION('',(1.,0.,0.));
#3131 = DIRECTION('',(0.,0.,1.));
#3132 = DEFINITIONAL_REPRESENTATION('',(#3133),#3137);
#3133 = LINE('',#3134,#3135);
#3134 = CARTESIAN_POINT('',(0.,0.));
#3135 = VECTOR('',#3136,1.);
#3136 = DIRECTION('',(0.,-1.));
#3137 = ( GEOMETRIC_REPRESENTATION_CONTEXT(2) 
PARAMETRIC_REPRESENTATION_CONTEXT() REPRESENTATION_CONTEXT('2D SPACE',''
  ) );
#3138 = ORIENTED_EDGE('',*,*,#3139,.T.);
#3139 = EDGE_CURVE('',#3112,#3140,#3142,.T.);
#3140 = VERTEX_POINT('',#3141);
#3141 = CARTESIAN_POINT('',(30.4,-28.8,0.55));
#3142 = SURFACE_CURVE('',#3143,(#3147,#3154),.PCURVE_S1.);
#3143 = LINE('',#3144,#3145);
#3144 = CARTESIAN_POINT('',(-31.,-28.8,0.55));
#3145 = VECTOR('',#3146,1.);
#3146 = DIRECTION('',(1.,0.,0.));
#3147 = PCURVE('',#100,#3148);
#3148 = DEFINITIONAL_REPRESENTATION('',(#3149),#3153);
#3149 = LINE('',#3150,#3151);
#3150 = CARTESIAN_POINT('',(1.,35.2));
#3151 = VECTOR('',#3152,1.);
#3152 = DIRECTION('',(1.,0.));
#3153 = ( GEOMETRIC_REPRESENTATION_CONTEXT(2) 
PARAMETRIC_REPRESENTATION_CONTEXT() REPRESENTATION_CONTEXT('2D SPACE',''
  ) );
#3154 = PCURVE('',#3155,#3160);
#3155 = PLANE('',#3156);
#3156 = AXIS2_PLACEMENT_3D('',#3157,#3158,#3159);
#3157 = CARTESIAN_POINT('',(-31.,-28.8,0.55));
#3158 = DIRECTION('',(0.,1.,0.));
#3159 = DIRECTION('',(0.,0.,1.));
#3160 = DEFINITIONAL_REPRESENTATION('',(#3161),#3165);
#3161 = LINE('',#3162,#3163);
#3162 = CARTESIAN_POINT('',(0.,0.));
#3163 = VECTOR('',#3164,1.);
#3164 = DIRECTION('',(0.,1.));
#3165 = ( GEOMETRIC_REPRESENTATION_CONTEXT(2) 
PARAMETRIC_REPRESENTATION_CONTEXT() REPRESENTATION_CONTEXT('2D SPACE',''
  ) );
#3166 = ORIENTED_EDGE('',*,*,#3167,.F.);
#3167 = EDGE_CURVE('',#3168,#3140,#3170,.T.);
#3168 = VERTEX_POINT('',#3169);
#3169 = CARTESIAN_POINT('',(30.4,-58.,0.55));
#3170 = SURFACE_CURVE('',#3171,(#3175,#3182),.PCURVE_S1.);
#3171 = LINE('',#3172,#3173);
#3172 = CARTESIAN_POINT('',(30.4,-63.2,0.55));
#3173 = VECTOR('',#3174,1.);
#3174 = DIRECTION('',(0.,1.,0.));
#3175 = PCURVE('',#100,#3176);
#3176 = DEFINITIONAL_REPRESENTATION('',(#3177),#3181);
#3177 = LINE('',#3178,#3179);
#3178 = CARTESIAN_POINT('',(62.4,0.8));
#3179 = VECTOR('',#3180,1.);
#3180 = DIRECTION('',(0.,1.));
#3181 = ( GEOMETRIC_REPRESENTATION_CONTEXT(2) 
PARAMETRIC_REPRESENTATION_CONTEXT() REPRESENTATION_CONTEXT('2D SPACE',''
  ) );
#3182 = PCURVE('',#1159,#3183);
#3183 = DEFINITIONAL_REPRESENTATION('',(#3184),#3187);
#3184 = B_SPLINE_CURVE_WITH_KNOTS('',1,(#3185,#3186),.UNSPECIFIED.,.F.,
  .F.,(2,2),(5.2,121.2),.PIECEWISE_BEZIER_KNOTS.);
#3185 = CARTESIAN_POINT('',(0.15,-4.4));
#3186 = CARTESIAN_POINT('',(0.15,-120.4));
#3187 = ( GEOMETRIC_REPRESENTATION_CONTEXT(2) 
PARAMETRIC_REPRESENTATION_CONTEXT() REPRESENTATION_CONTEXT('2D SPACE',''
  ) );
#3188 = ORIENTED_EDGE('',*,*,#3189,.F.);
#3189 = EDGE_CURVE('',#3190,#3168,#3192,.T.);
#3190 = VERTEX_POINT('',#3191);
#3191 = CARTESIAN_POINT('',(29.609347693943,-58.,0.55));
#3192 = SURFACE_CURVE('',#3193,(#3197,#3204),.PCURVE_S1.);
#3193 = LINE('',#3194,#3195);
#3194 = CARTESIAN_POINT('',(28.5,-58.,0.55));
#3195 = VECTOR('',#3196,1.);
#3196 = DIRECTION('',(1.,0.,0.));
#3197 = PCURVE('',#100,#3198);
#3198 = DEFINITIONAL_REPRESENTATION('',(#3199),#3203);
#3199 = LINE('',#3200,#3201);
#3200 = CARTESIAN_POINT('',(60.5,6.));
#3201 = VECTOR('',#3202,1.);
#3202 = DIRECTION('',(1.,0.));
#3203 = ( GEOMETRIC_REPRESENTATION_CONTEXT(2) 
PARAMETRIC_REPRESENTATION_CONTEXT() REPRESENTATION_CONTEXT('2D SPACE',''
  ) );
#3204 = PCURVE('',#1186,#3205);
#3205 = DEFINITIONAL_REPRESENTATION('',(#3206),#3210);
#3206 = LINE('',#3207,#3208);
#3207 = CARTESIAN_POINT('',(0.,0.));
#3208 = VECTOR('',#3209,1.);
#3209 = DIRECTION('',(0.,1.));
#3210 = ( GEOMETRIC_REPRESENTATION_CONTEXT(2) 
PARAMETRIC_REPRESENTATION_CONTEXT() REPRESENTATION_CONTEXT('2D SPACE',''
  ) );
#3211 = ORIENTED_EDGE('',*,*,#3212,.T.);
#3212 = EDGE_CURVE('',#3190,#2449,#3213,.T.);
#3213 = SURFACE_CURVE('',#3214,(#3219,#3226),.PCURVE_S1.);
#3214 = CIRCLE('',#3215,2.2);
#3215 = AXIS2_PLACEMENT_3D('',#3216,#3217,#3218);
#3216 = CARTESIAN_POINT('',(28.,-59.5,0.55));
#3217 = DIRECTION('',(0.,0.,1.));
#3218 = DIRECTION('',(1.,0.,0.));
#3219 = PCURVE('',#100,#3220);
#3220 = DEFINITIONAL_REPRESENTATION('',(#3221),#3225);
#3221 = CIRCLE('',#3222,2.2);
#3222 = AXIS2_PLACEMENT_2D('',#3223,#3224);
#3223 = CARTESIAN_POINT('',(60.,4.5));
#3224 = DIRECTION('',(1.,0.));
#3225 = ( GEOMETRIC_REPRESENTATION_CONTEXT(2) 
PARAMETRIC_REPRESENTATION_CONTEXT() REPRESENTATION_CONTEXT('2D SPACE',''
  ) );
#3226 = PCURVE('',#1215,#3227);
#3227 = DEFINITIONAL_REPRESENTATION('',(#3228),#3232);
#3228 = LINE('',#3229,#3230);
#3229 = CARTESIAN_POINT('',(-0.,0.));
#3230 = VECTOR('',#3231,1.);
#3231 = DIRECTION('',(-1.,0.));
#3232 = ( GEOMETRIC_REPRESENTATION_CONTEXT(2) 
PARAMETRIC_REPRESENTATION_CONTEXT() REPRESENTATION_CONTEXT('2D SPACE',''
  ) );
#3233 = FACE_BOUND('',#3234,.F.);
#3234 = EDGE_LOOP('',(#3235,#3265,#3293,#3321,#3349,#3372,#3400,#3428));
#3235 = ORIENTED_EDGE('',*,*,#3236,.T.);
#3236 = EDGE_CURVE('',#3237,#3239,#3241,.T.);
#3237 = VERTEX_POINT('',#3238);
#3238 = CARTESIAN_POINT('',(7.9961102,2.1,0.55));
#3239 = VERTEX_POINT('',#3240);
#3240 = CARTESIAN_POINT('',(20.4,2.1,0.55));
#3241 = SURFACE_CURVE('',#3242,(#3246,#3253),.PCURVE_S1.);
#3242 = LINE('',#3243,#3244);
#3243 = CARTESIAN_POINT('',(7.9961102,2.1,0.55));
#3244 = VECTOR('',#3245,1.);
#3245 = DIRECTION('',(1.,0.,0.));
#3246 = PCURVE('',#100,#3247);
#3247 = DEFINITIONAL_REPRESENTATION('',(#3248),#3252);
#3248 = LINE('',#3249,#3250);
#3249 = CARTESIAN_POINT('',(39.9961102,66.1));
#3250 = VECTOR('',#3251,1.);
#3251 = DIRECTION('',(1.,0.));
#3252 = ( GEOMETRIC_REPRESENTATION_CONTEXT(2) 
PARAMETRIC_REPRESENTATION_CONTEXT() REPRESENTATION_CONTEXT('2D SPACE',''
  ) );
#3253 = PCURVE('',#3254,#3259);
#3254 = PLANE('',#3255);
#3255 = AXIS2_PLACEMENT_3D('',#3256,#3257,#3258);
#3256 = CARTESIAN_POINT('',(7.9961102,2.1,0.55));
#3257 = DIRECTION('',(0.,1.,0.));
#3258 = DIRECTION('',(0.,0.,1.));
#3259 = DEFINITIONAL_REPRESENTATION('',(#3260),#3264);
#3260 = LINE('',#3261,#3262);
#3261 = CARTESIAN_POINT('',(0.,0.));
#3262 = VECTOR('',#3263,1.);
#3263 = DIRECTION('',(0.,1.));
#3264 = ( GEOMETRIC_REPRESENTATION_CONTEXT(2) 
PARAMETRIC_REPRESENTATION_CONTEXT() REPRESENTATION_CONTEXT('2D SPACE',''
  ) );
#3265 = ORIENTED_EDGE('',*,*,#3266,.F.);
#3266 = EDGE_CURVE('',#3267,#3239,#3269,.T.);
#3267 = VERTEX_POINT('',#3268);
#3268 = CARTESIAN_POINT('',(20.4,-28.2,0.55));
#3269 = SURFACE_CURVE('',#3270,(#3274,#3281),.PCURVE_S1.);
#3270 = LINE('',#3271,#3272);
#3271 = CARTESIAN_POINT('',(20.4,-29.,0.55));
#3272 = VECTOR('',#3273,1.);
#3273 = DIRECTION('',(0.,1.,0.));
#3274 = PCURVE('',#100,#3275);
#3275 = DEFINITIONAL_REPRESENTATION('',(#3276),#3280);
#3276 = LINE('',#3277,#3278);
#3277 = CARTESIAN_POINT('',(52.4,35.));
#3278 = VECTOR('',#3279,1.);
#3279 = DIRECTION('',(0.,1.));
#3280 = ( GEOMETRIC_REPRESENTATION_CONTEXT(2) 
PARAMETRIC_REPRESENTATION_CONTEXT() REPRESENTATION_CONTEXT('2D SPACE',''
  ) );
#3281 = PCURVE('',#3282,#3287);
#3282 = PLANE('',#3283);
#3283 = AXIS2_PLACEMENT_3D('',#3284,#3285,#3286);
#3284 = CARTESIAN_POINT('',(20.4,-29.,0.55));
#3285 = DIRECTION('',(1.,0.,0.));
#3286 = DIRECTION('',(0.,0.,1.));
#3287 = DEFINITIONAL_REPRESENTATION('',(#3288),#3292);
#3288 = LINE('',#3289,#3290);
#3289 = CARTESIAN_POINT('',(0.,0.));
#3290 = VECTOR('',#3291,1.);
#3291 = DIRECTION('',(0.,-1.));
#3292 = ( GEOMETRIC_REPRESENTATION_CONTEXT(2) 
PARAMETRIC_REPRESENTATION_CONTEXT() REPRESENTATION_CONTEXT('2D SPACE',''
  ) );
#3293 = ORIENTED_EDGE('',*,*,#3294,.F.);
#3294 = EDGE_CURVE('',#3295,#3267,#3297,.T.);
#3295 = VERTEX_POINT('',#3296);
#3296 = CARTESIAN_POINT('',(-20.4,-28.2,0.55));
#3297 = SURFACE_CURVE('',#3298,(#3302,#3309),.PCURVE_S1.);
#3298 = LINE('',#3299,#3300);
#3299 = CARTESIAN_POINT('',(-31.,-28.2,0.55));
#3300 = VECTOR('',#3301,1.);
#3301 = DIRECTION('',(1.,0.,0.));
#3302 = PCURVE('',#100,#3303);
#3303 = DEFINITIONAL_REPRESENTATION('',(#3304),#3308);
#3304 = LINE('',#3305,#3306);
#3305 = CARTESIAN_POINT('',(1.,35.8));
#3306 = VECTOR('',#3307,1.);
#3307 = DIRECTION('',(1.,0.));
#3308 = ( GEOMETRIC_REPRESENTATION_CONTEXT(2) 
PARAMETRIC_REPRESENTATION_CONTEXT() REPRESENTATION_CONTEXT('2D SPACE',''
  ) );
#3309 = PCURVE('',#3310,#3315);
#3310 = PLANE('',#3311);
#3311 = AXIS2_PLACEMENT_3D('',#3312,#3313,#3314);
#3312 = CARTESIAN_POINT('',(-31.,-28.2,0.55));
#3313 = DIRECTION('',(0.,1.,0.));
#3314 = DIRECTION('',(0.,0.,1.));
#3315 = DEFINITIONAL_REPRESENTATION('',(#3316),#3320);
#3316 = LINE('',#3317,#3318);
#3317 = CARTESIAN_POINT('',(0.,0.));
#3318 = VECTOR('',#3319,1.);
#3319 = DIRECTION('',(0.,1.));
#3320 = ( GEOMETRIC_REPRESENTATION_CONTEXT(2) 
PARAMETRIC_REPRESENTATION_CONTEXT() REPRESENTATION_CONTEXT('2D SPACE',''
  ) );
#3321 = ORIENTED_EDGE('',*,*,#3322,.T.);
#3322 = EDGE_CURVE('',#3295,#3323,#3325,.T.);
#3323 = VERTEX_POINT('',#3324);
#3324 = CARTESIAN_POINT('',(-20.4,2.,0.55));
#3325 = SURFACE_CURVE('',#3326,(#3330,#3337),.PCURVE_S1.);
#3326 = LINE('',#3327,#3328);
#3327 = CARTESIAN_POINT('',(-20.4,-29.,0.55));
#3328 = VECTOR('',#3329,1.);
#3329 = DIRECTION('',(0.,1.,0.));
#3330 = PCURVE('',#100,#3331);
#3331 = DEFINITIONAL_REPRESENTATION('',(#3332),#3336);
#3332 = LINE('',#3333,#3334);
#3333 = CARTESIAN_POINT('',(11.6,35.));
#3334 = VECTOR('',#3335,1.);
#3335 = DIRECTION('',(0.,1.));
#3336 = ( GEOMETRIC_REPRESENTATION_CONTEXT(2) 
PARAMETRIC_REPRESENTATION_CONTEXT() REPRESENTATION_CONTEXT('2D SPACE',''
  ) );
#3337 = PCURVE('',#3338,#3343);
#3338 = PLANE('',#3339);
#3339 = AXIS2_PLACEMENT_3D('',#3340,#3341,#3342);
#3340 = CARTESIAN_POINT('',(-20.4,-29.,0.55));
#3341 = DIRECTION('',(1.,0.,0.));
#3342 = DIRECTION('',(0.,0.,1.));
#3343 = DEFINITIONAL_REPRESENTATION('',(#3344),#3348);
#3344 = LINE('',#3345,#3346);
#3345 = CARTESIAN_POINT('',(0.,0.));
#3346 = VECTOR('',#3347,1.);
#3347 = DIRECTION('',(0.,-1.));
#3348 = ( GEOMETRIC_REPRESENTATION_CONTEXT(2) 
PARAMETRIC_REPRESENTATION_CONTEXT() REPRESENTATION_CONTEXT('2D SPACE',''
  ) );
#3349 = ORIENTED_EDGE('',*,*,#3350,.T.);
#3350 = EDGE_CURVE('',#3323,#3351,#3353,.T.);
#3351 = VERTEX_POINT('',#3352);
#3352 = CARTESIAN_POINT('',(-6.8,2.,0.55));
#3353 = SURFACE_CURVE('',#3354,(#3358,#3365),.PCURVE_S1.);
#3354 = LINE('',#3355,#3356);
#3355 = CARTESIAN_POINT('',(-31.6,2.,0.55));
#3356 = VECTOR('',#3357,1.);
#3357 = DIRECTION('',(1.,0.,0.));
#3358 = PCURVE('',#100,#3359);
#3359 = DEFINITIONAL_REPRESENTATION('',(#3360),#3364);
#3360 = LINE('',#3361,#3362);
#3361 = CARTESIAN_POINT('',(0.4,66.));
#3362 = VECTOR('',#3363,1.);
#3363 = DIRECTION('',(1.,0.));
#3364 = ( GEOMETRIC_REPRESENTATION_CONTEXT(2) 
PARAMETRIC_REPRESENTATION_CONTEXT() REPRESENTATION_CONTEXT('2D SPACE',''
  ) );
#3365 = PCURVE('',#2305,#3366);
#3366 = DEFINITIONAL_REPRESENTATION('',(#3367),#3371);
#3367 = LINE('',#3368,#3369);
#3368 = CARTESIAN_POINT('',(0.,0.));
#3369 = VECTOR('',#3370,1.);
#3370 = DIRECTION('',(0.,1.));
#3371 = ( GEOMETRIC_REPRESENTATION_CONTEXT(2) 
PARAMETRIC_REPRESENTATION_CONTEXT() REPRESENTATION_CONTEXT('2D SPACE',''
  ) );
#3372 = ORIENTED_EDGE('',*,*,#3373,.F.);
#3373 = EDGE_CURVE('',#3374,#3351,#3376,.T.);
#3374 = VERTEX_POINT('',#3375);
#3375 = CARTESIAN_POINT('',(-6.8,2.2,0.55));
#3376 = SURFACE_CURVE('',#3377,(#3381,#3388),.PCURVE_S1.);
#3377 = LINE('',#3378,#3379);
#3378 = CARTESIAN_POINT('',(-6.8,22.,0.55));
#3379 = VECTOR('',#3380,1.);
#3380 = DIRECTION('',(0.,-1.,0.));
#3381 = PCURVE('',#100,#3382);
#3382 = DEFINITIONAL_REPRESENTATION('',(#3383),#3387);
#3383 = LINE('',#3384,#3385);
#3384 = CARTESIAN_POINT('',(25.2,86.));
#3385 = VECTOR('',#3386,1.);
#3386 = DIRECTION('',(0.,-1.));
#3387 = ( GEOMETRIC_REPRESENTATION_CONTEXT(2) 
PARAMETRIC_REPRESENTATION_CONTEXT() REPRESENTATION_CONTEXT('2D SPACE',''
  ) );
#3388 = PCURVE('',#3389,#3394);
#3389 = PLANE('',#3390);
#3390 = AXIS2_PLACEMENT_3D('',#3391,#3392,#3393);
#3391 = CARTESIAN_POINT('',(-6.8,2.,0.55));
#3392 = DIRECTION('',(1.,0.,0.));
#3393 = DIRECTION('',(0.,0.,1.));
#3394 = DEFINITIONAL_REPRESENTATION('',(#3395),#3399);
#3395 = LINE('',#3396,#3397);
#3396 = CARTESIAN_POINT('',(0.,-20.));
#3397 = VECTOR('',#3398,1.);
#3398 = DIRECTION('',(0.,1.));
#3399 = ( GEOMETRIC_REPRESENTATION_CONTEXT(2) 
PARAMETRIC_REPRESENTATION_CONTEXT() REPRESENTATION_CONTEXT('2D SPACE',''
  ) );
#3400 = ORIENTED_EDGE('',*,*,#3401,.T.);
#3401 = EDGE_CURVE('',#3374,#3402,#3404,.T.);
#3402 = VERTEX_POINT('',#3403);
#3403 = CARTESIAN_POINT('',(7.9961102,2.2,0.55));
#3404 = SURFACE_CURVE('',#3405,(#3409,#3416),.PCURVE_S1.);
#3405 = LINE('',#3406,#3407);
#3406 = CARTESIAN_POINT('',(-31.,2.2,0.55));
#3407 = VECTOR('',#3408,1.);
#3408 = DIRECTION('',(1.,0.,0.));
#3409 = PCURVE('',#100,#3410);
#3410 = DEFINITIONAL_REPRESENTATION('',(#3411),#3415);
#3411 = LINE('',#3412,#3413);
#3412 = CARTESIAN_POINT('',(1.,66.2));
#3413 = VECTOR('',#3414,1.);
#3414 = DIRECTION('',(1.,0.));
#3415 = ( GEOMETRIC_REPRESENTATION_CONTEXT(2) 
PARAMETRIC_REPRESENTATION_CONTEXT() REPRESENTATION_CONTEXT('2D SPACE',''
  ) );
#3416 = PCURVE('',#3417,#3422);
#3417 = PLANE('',#3418);
#3418 = AXIS2_PLACEMENT_3D('',#3419,#3420,#3421);
#3419 = CARTESIAN_POINT('',(-31.,2.2,0.55));
#3420 = DIRECTION('',(0.,1.,0.));
#3421 = DIRECTION('',(0.,0.,1.));
#3422 = DEFINITIONAL_REPRESENTATION('',(#3423),#3427);
#3423 = LINE('',#3424,#3425);
#3424 = CARTESIAN_POINT('',(0.,0.));
#3425 = VECTOR('',#3426,1.);
#3426 = DIRECTION('',(0.,1.));
#3427 = ( GEOMETRIC_REPRESENTATION_CONTEXT(2) 
PARAMETRIC_REPRESENTATION_CONTEXT() REPRESENTATION_CONTEXT('2D SPACE',''
  ) );
#3428 = ORIENTED_EDGE('',*,*,#3429,.F.);
#3429 = EDGE_CURVE('',#3237,#3402,#3430,.T.);
#3430 = SURFACE_CURVE('',#3431,(#3435,#3442),.PCURVE_S1.);
#3431 = LINE('',#3432,#3433);
#3432 = CARTESIAN_POINT('',(7.9961102,2.1,0.55));
#3433 = VECTOR('',#3434,1.);
#3434 = DIRECTION('',(0.,1.,0.));
#3435 = PCURVE('',#100,#3436);
#3436 = DEFINITIONAL_REPRESENTATION('',(#3437),#3441);
#3437 = LINE('',#3438,#3439);
#3438 = CARTESIAN_POINT('',(39.9961102,66.1));
#3439 = VECTOR('',#3440,1.);
#3440 = DIRECTION('',(0.,1.));
#3441 = ( GEOMETRIC_REPRESENTATION_CONTEXT(2) 
PARAMETRIC_REPRESENTATION_CONTEXT() REPRESENTATION_CONTEXT('2D SPACE',''
  ) );
#3442 = PCURVE('',#3443,#3448);
#3443 = PLANE('',#3444);
#3444 = AXIS2_PLACEMENT_3D('',#3445,#3446,#3447);
#3445 = CARTESIAN_POINT('',(7.9961102,2.1,0.55));
#3446 = DIRECTION('',(1.,0.,0.));
#3447 = DIRECTION('',(0.,0.,1.));
#3448 = DEFINITIONAL_REPRESENTATION('',(#3449),#3453);
#3449 = LINE('',#3450,#3451);
#3450 = CARTESIAN_POINT('',(0.,0.));
#3451 = VECTOR('',#3452,1.);
#3452 = DIRECTION('',(0.,-1.));
#3453 = ( GEOMETRIC_REPRESENTATION_CONTEXT(2) 
PARAMETRIC_REPRESENTATION_CONTEXT() REPRESENTATION_CONTEXT('2D SPACE',''
  ) );
#3454 = FACE_BOUND('',#3455,.F.);
#3455 = EDGE_LOOP('',(#3456,#3486,#3514,#3537,#3561,#3584));
#3456 = ORIENTED_EDGE('',*,*,#3457,.F.);
#3457 = EDGE_CURVE('',#3458,#3460,#3462,.T.);
#3458 = VERTEX_POINT('',#3459);
#3459 = CARTESIAN_POINT('',(21.2,-28.2,0.55));
#3460 = VERTEX_POINT('',#3461);
#3461 = CARTESIAN_POINT('',(30.4,-28.2,0.55));
#3462 = SURFACE_CURVE('',#3463,(#3467,#3474),.PCURVE_S1.);
#3463 = LINE('',#3464,#3465);
#3464 = CARTESIAN_POINT('',(-31.,-28.2,0.55));
#3465 = VECTOR('',#3466,1.);
#3466 = DIRECTION('',(1.,0.,0.));
#3467 = PCURVE('',#100,#3468);
#3468 = DEFINITIONAL_REPRESENTATION('',(#3469),#3473);
#3469 = LINE('',#3470,#3471);
#3470 = CARTESIAN_POINT('',(1.,35.8));
#3471 = VECTOR('',#3472,1.);
#3472 = DIRECTION('',(1.,0.));
#3473 = ( GEOMETRIC_REPRESENTATION_CONTEXT(2) 
PARAMETRIC_REPRESENTATION_CONTEXT() REPRESENTATION_CONTEXT('2D SPACE',''
  ) );
#3474 = PCURVE('',#3475,#3480);
#3475 = PLANE('',#3476);
#3476 = AXIS2_PLACEMENT_3D('',#3477,#3478,#3479);
#3477 = CARTESIAN_POINT('',(-31.,-28.2,0.55));
#3478 = DIRECTION('',(0.,1.,0.));
#3479 = DIRECTION('',(0.,0.,1.));
#3480 = DEFINITIONAL_REPRESENTATION('',(#3481),#3485);
#3481 = LINE('',#3482,#3483);
#3482 = CARTESIAN_POINT('',(0.,0.));
#3483 = VECTOR('',#3484,1.);
#3484 = DIRECTION('',(0.,1.));
#3485 = ( GEOMETRIC_REPRESENTATION_CONTEXT(2) 
PARAMETRIC_REPRESENTATION_CONTEXT() REPRESENTATION_CONTEXT('2D SPACE',''
  ) );
#3486 = ORIENTED_EDGE('',*,*,#3487,.T.);
#3487 = EDGE_CURVE('',#3458,#3488,#3490,.T.);
#3488 = VERTEX_POINT('',#3489);
#3489 = CARTESIAN_POINT('',(21.2,2.1,0.55));
#3490 = SURFACE_CURVE('',#3491,(#3495,#3502),.PCURVE_S1.);
#3491 = LINE('',#3492,#3493);
#3492 = CARTESIAN_POINT('',(21.2,-29.,0.55));
#3493 = VECTOR('',#3494,1.);
#3494 = DIRECTION('',(0.,1.,0.));
#3495 = PCURVE('',#100,#3496);
#3496 = DEFINITIONAL_REPRESENTATION('',(#3497),#3501);
#3497 = LINE('',#3498,#3499);
#3498 = CARTESIAN_POINT('',(53.2,35.));
#3499 = VECTOR('',#3500,1.);
#3500 = DIRECTION('',(0.,1.));
#3501 = ( GEOMETRIC_REPRESENTATION_CONTEXT(2) 
PARAMETRIC_REPRESENTATION_CONTEXT() REPRESENTATION_CONTEXT('2D SPACE',''
  ) );
#3502 = PCURVE('',#3503,#3508);
#3503 = PLANE('',#3504);
#3504 = AXIS2_PLACEMENT_3D('',#3505,#3506,#3507);
#3505 = CARTESIAN_POINT('',(21.2,-29.,0.55));
#3506 = DIRECTION('',(1.,0.,0.));
#3507 = DIRECTION('',(0.,0.,1.));
#3508 = DEFINITIONAL_REPRESENTATION('',(#3509),#3513);
#3509 = LINE('',#3510,#3511);
#3510 = CARTESIAN_POINT('',(0.,0.));
#3511 = VECTOR('',#3512,1.);
#3512 = DIRECTION('',(0.,-1.));
#3513 = ( GEOMETRIC_REPRESENTATION_CONTEXT(2) 
PARAMETRIC_REPRESENTATION_CONTEXT() REPRESENTATION_CONTEXT('2D SPACE',''
  ) );
#3514 = ORIENTED_EDGE('',*,*,#3515,.T.);
#3515 = EDGE_CURVE('',#3488,#3516,#3518,.T.);
#3516 = VERTEX_POINT('',#3517);
#3517 = CARTESIAN_POINT('',(27.34425614757,2.1,0.55));
#3518 = SURFACE_CURVE('',#3519,(#3523,#3530),.PCURVE_S1.);
#3519 = LINE('',#3520,#3521);
#3520 = CARTESIAN_POINT('',(7.9961102,2.1,0.55));
#3521 = VECTOR('',#3522,1.);
#3522 = DIRECTION('',(1.,0.,0.));
#3523 = PCURVE('',#100,#3524);
#3524 = DEFINITIONAL_REPRESENTATION('',(#3525),#3529);
#3525 = LINE('',#3526,#3527);
#3526 = CARTESIAN_POINT('',(39.9961102,66.1));
#3527 = VECTOR('',#3528,1.);
#3528 = DIRECTION('',(1.,0.));
#3529 = ( GEOMETRIC_REPRESENTATION_CONTEXT(2) 
PARAMETRIC_REPRESENTATION_CONTEXT() REPRESENTATION_CONTEXT('2D SPACE',''
  ) );
#3530 = PCURVE('',#3254,#3531);
#3531 = DEFINITIONAL_REPRESENTATION('',(#3532),#3536);
#3532 = LINE('',#3533,#3534);
#3533 = CARTESIAN_POINT('',(0.,0.));
#3534 = VECTOR('',#3535,1.);
#3535 = DIRECTION('',(0.,1.));
#3536 = ( GEOMETRIC_REPRESENTATION_CONTEXT(2) 
PARAMETRIC_REPRESENTATION_CONTEXT() REPRESENTATION_CONTEXT('2D SPACE',''
  ) );
#3537 = ORIENTED_EDGE('',*,*,#3538,.T.);
#3538 = EDGE_CURVE('',#3516,#3539,#3541,.T.);
#3539 = VERTEX_POINT('',#3540);
#3540 = CARTESIAN_POINT('',(29.609347693943,-1.5,0.55));
#3541 = SURFACE_CURVE('',#3542,(#3547,#3554),.PCURVE_S1.);
#3542 = CIRCLE('',#3543,2.2);
#3543 = AXIS2_PLACEMENT_3D('',#3544,#3545,#3546);
#3544 = CARTESIAN_POINT('',(28.,0.,0.55));
#3545 = DIRECTION('',(0.,0.,1.));
#3546 = DIRECTION('',(1.,0.,0.));
#3547 = PCURVE('',#100,#3548);
#3548 = DEFINITIONAL_REPRESENTATION('',(#3549),#3553);
#3549 = CIRCLE('',#3550,2.2);
#3550 = AXIS2_PLACEMENT_2D('',#3551,#3552);
#3551 = CARTESIAN_POINT('',(60.,64.));
#3552 = DIRECTION('',(1.,0.));
#3553 = ( GEOMETRIC_REPRESENTATION_CONTEXT(2) 
PARAMETRIC_REPRESENTATION_CONTEXT() REPRESENTATION_CONTEXT('2D SPACE',''
  ) );
#3554 = PCURVE('',#1103,#3555);
#3555 = DEFINITIONAL_REPRESENTATION('',(#3556),#3560);
#3556 = LINE('',#3557,#3558);
#3557 = CARTESIAN_POINT('',(-0.,0.));
#3558 = VECTOR('',#3559,1.);
#3559 = DIRECTION('',(-1.,0.));
#3560 = ( GEOMETRIC_REPRESENTATION_CONTEXT(2) 
PARAMETRIC_REPRESENTATION_CONTEXT() REPRESENTATION_CONTEXT('2D SPACE',''
  ) );
#3561 = ORIENTED_EDGE('',*,*,#3562,.T.);
#3562 = EDGE_CURVE('',#3539,#3563,#3565,.T.);
#3563 = VERTEX_POINT('',#3564);
#3564 = CARTESIAN_POINT('',(30.4,-1.5,0.55));
#3565 = SURFACE_CURVE('',#3566,(#3570,#3577),.PCURVE_S1.);
#3566 = LINE('',#3567,#3568);
#3567 = CARTESIAN_POINT('',(28.5,-1.5,0.55));
#3568 = VECTOR('',#3569,1.);
#3569 = DIRECTION('',(1.,0.,0.));
#3570 = PCURVE('',#100,#3571);
#3571 = DEFINITIONAL_REPRESENTATION('',(#3572),#3576);
#3572 = LINE('',#3573,#3574);
#3573 = CARTESIAN_POINT('',(60.5,62.5));
#3574 = VECTOR('',#3575,1.);
#3575 = DIRECTION('',(1.,0.));
#3576 = ( GEOMETRIC_REPRESENTATION_CONTEXT(2) 
PARAMETRIC_REPRESENTATION_CONTEXT() REPRESENTATION_CONTEXT('2D SPACE',''
  ) );
#3577 = PCURVE('',#1131,#3578);
#3578 = DEFINITIONAL_REPRESENTATION('',(#3579),#3583);
#3579 = LINE('',#3580,#3581);
#3580 = CARTESIAN_POINT('',(0.,0.));
#3581 = VECTOR('',#3582,1.);
#3582 = DIRECTION('',(0.,1.));
#3583 = ( GEOMETRIC_REPRESENTATION_CONTEXT(2) 
PARAMETRIC_REPRESENTATION_CONTEXT() REPRESENTATION_CONTEXT('2D SPACE',''
  ) );
#3584 = ORIENTED_EDGE('',*,*,#3585,.F.);
#3585 = EDGE_CURVE('',#3460,#3563,#3586,.T.);
#3586 = SURFACE_CURVE('',#3587,(#3591,#3598),.PCURVE_S1.);
#3587 = LINE('',#3588,#3589);
#3588 = CARTESIAN_POINT('',(30.4,-63.2,0.55));
#3589 = VECTOR('',#3590,1.);
#3590 = DIRECTION('',(0.,1.,0.));
#3591 = PCURVE('',#100,#3592);
#3592 = DEFINITIONAL_REPRESENTATION('',(#3593),#3597);
#3593 = LINE('',#3594,#3595);
#3594 = CARTESIAN_POINT('',(62.4,0.8));
#3595 = VECTOR('',#3596,1.);
#3596 = DIRECTION('',(0.,1.));
#3597 = ( GEOMETRIC_REPRESENTATION_CONTEXT(2) 
PARAMETRIC_REPRESENTATION_CONTEXT() REPRESENTATION_CONTEXT('2D SPACE',''
  ) );
#3598 = PCURVE('',#1159,#3599);
#3599 = DEFINITIONAL_REPRESENTATION('',(#3600),#3603);
#3600 = B_SPLINE_CURVE_WITH_KNOTS('',1,(#3601,#3602),.UNSPECIFIED.,.F.,
  .F.,(2,2),(5.2,121.2),.PIECEWISE_BEZIER_KNOTS.);
#3601 = CARTESIAN_POINT('',(0.15,-4.4));
#3602 = CARTESIAN_POINT('',(0.15,-120.4));
#3603 = ( GEOMETRIC_REPRESENTATION_CONTEXT(2) 
PARAMETRIC_REPRESENTATION_CONTEXT() REPRESENTATION_CONTEXT('2D SPACE',''
  ) );
#3604 = FACE_BOUND('',#3605,.F.);
#3605 = EDGE_LOOP('',(#3606,#3630,#3658,#3686));
#3606 = ORIENTED_EDGE('',*,*,#3607,.T.);
#3607 = EDGE_CURVE('',#3608,#3610,#3612,.T.);
#3608 = VERTEX_POINT('',#3609);
#3609 = CARTESIAN_POINT('',(-30.4,1.5,0.55));
#3610 = VERTEX_POINT('',#3611);
#3611 = CARTESIAN_POINT('',(-30.4,2.,0.55));
#3612 = SURFACE_CURVE('',#3613,(#3617,#3624),.PCURVE_S1.);
#3613 = LINE('',#3614,#3615);
#3614 = CARTESIAN_POINT('',(-30.4,-63.2,0.55));
#3615 = VECTOR('',#3616,1.);
#3616 = DIRECTION('',(0.,1.,0.));
#3617 = PCURVE('',#100,#3618);
#3618 = DEFINITIONAL_REPRESENTATION('',(#3619),#3623);
#3619 = LINE('',#3620,#3621);
#3620 = CARTESIAN_POINT('',(1.6,0.8));
#3621 = VECTOR('',#3622,1.);
#3622 = DIRECTION('',(0.,1.));
#3623 = ( GEOMETRIC_REPRESENTATION_CONTEXT(2) 
PARAMETRIC_REPRESENTATION_CONTEXT() REPRESENTATION_CONTEXT('2D SPACE',''
  ) );
#3624 = PCURVE('',#1497,#3625);
#3625 = DEFINITIONAL_REPRESENTATION('',(#3626),#3629);
#3626 = B_SPLINE_CURVE_WITH_KNOTS('',1,(#3627,#3628),.UNSPECIFIED.,.F.,
  .F.,(2,2),(5.2,121.2),.PIECEWISE_BEZIER_KNOTS.);
#3627 = CARTESIAN_POINT('',(0.15,-4.4));
#3628 = CARTESIAN_POINT('',(0.15,-120.4));
#3629 = ( GEOMETRIC_REPRESENTATION_CONTEXT(2) 
PARAMETRIC_REPRESENTATION_CONTEXT() REPRESENTATION_CONTEXT('2D SPACE',''
  ) );
#3630 = ORIENTED_EDGE('',*,*,#3631,.T.);
#3631 = EDGE_CURVE('',#3610,#3632,#3634,.T.);
#3632 = VERTEX_POINT('',#3633);
#3633 = CARTESIAN_POINT('',(-28.91651513899,2.,0.55));
#3634 = SURFACE_CURVE('',#3635,(#3639,#3646),.PCURVE_S1.);
#3635 = LINE('',#3636,#3637);
#3636 = CARTESIAN_POINT('',(-31.6,2.,0.55));
#3637 = VECTOR('',#3638,1.);
#3638 = DIRECTION('',(1.,0.,0.));
#3639 = PCURVE('',#100,#3640);
#3640 = DEFINITIONAL_REPRESENTATION('',(#3641),#3645);
#3641 = LINE('',#3642,#3643);
#3642 = CARTESIAN_POINT('',(0.4,66.));
#3643 = VECTOR('',#3644,1.);
#3644 = DIRECTION('',(1.,0.));
#3645 = ( GEOMETRIC_REPRESENTATION_CONTEXT(2) 
PARAMETRIC_REPRESENTATION_CONTEXT() REPRESENTATION_CONTEXT('2D SPACE',''
  ) );
#3646 = PCURVE('',#3647,#3652);
#3647 = PLANE('',#3648);
#3648 = AXIS2_PLACEMENT_3D('',#3649,#3650,#3651);
#3649 = CARTESIAN_POINT('',(-31.6,2.,0.55));
#3650 = DIRECTION('',(0.,1.,0.));
#3651 = DIRECTION('',(0.,0.,1.));
#3652 = DEFINITIONAL_REPRESENTATION('',(#3653),#3657);
#3653 = LINE('',#3654,#3655);
#3654 = CARTESIAN_POINT('',(0.,0.));
#3655 = VECTOR('',#3656,1.);
#3656 = DIRECTION('',(0.,1.));
#3657 = ( GEOMETRIC_REPRESENTATION_CONTEXT(2) 
PARAMETRIC_REPRESENTATION_CONTEXT() REPRESENTATION_CONTEXT('2D SPACE',''
  ) );
#3658 = ORIENTED_EDGE('',*,*,#3659,.F.);
#3659 = EDGE_CURVE('',#3660,#3632,#3662,.T.);
#3660 = VERTEX_POINT('',#3661);
#3661 = CARTESIAN_POINT('',(-29.60934769394,1.5,0.55));
#3662 = SURFACE_CURVE('',#3663,(#3668,#3679),.PCURVE_S1.);
#3663 = CIRCLE('',#3664,2.2);
#3664 = AXIS2_PLACEMENT_3D('',#3665,#3666,#3667);
#3665 = CARTESIAN_POINT('',(-28.,0.,0.55));
#3666 = DIRECTION('',(0.,0.,-1.));
#3667 = DIRECTION('',(-0.731521679065,0.681818181818,0.));
#3668 = PCURVE('',#100,#3669);
#3669 = DEFINITIONAL_REPRESENTATION('',(#3670),#3678);
#3670 = ( BOUNDED_CURVE() B_SPLINE_CURVE(2,(#3671,#3672,#3673,#3674,
#3675,#3676,#3677),.UNSPECIFIED.,.T.,.F.) B_SPLINE_CURVE_WITH_KNOTS((1,2
    ,2,2,2,1),(-2.094395102393,0.,2.094395102393,4.188790204786,
6.28318530718,8.377580409573),.UNSPECIFIED.) CURVE() 
GEOMETRIC_REPRESENTATION_ITEM() RATIONAL_B_SPLINE_CURVE((1.,0.5,1.,0.5,
1.,0.5,1.)) REPRESENTATION_ITEM('') );
#3671 = CARTESIAN_POINT('',(2.390652306057,65.5));
#3672 = CARTESIAN_POINT('',(4.98872851741,68.287471972953));
#3673 = CARTESIAN_POINT('',(6.103711952648,64.643735986477));
#3674 = CARTESIAN_POINT('',(7.218695387886,61.));
#3675 = CARTESIAN_POINT('',(3.505635741295,61.856264013523));
#3676 = CARTESIAN_POINT('',(-0.207423905296,62.712528027047));
#3677 = CARTESIAN_POINT('',(2.390652306057,65.5));
#3678 = ( GEOMETRIC_REPRESENTATION_CONTEXT(2) 
PARAMETRIC_REPRESENTATION_CONTEXT() REPRESENTATION_CONTEXT('2D SPACE',''
  ) );
#3679 = PCURVE('',#1441,#3680);
#3680 = DEFINITIONAL_REPRESENTATION('',(#3681),#3685);
#3681 = LINE('',#3682,#3683);
#3682 = CARTESIAN_POINT('',(-8.674532716783,0.));
#3683 = VECTOR('',#3684,1.);
#3684 = DIRECTION('',(1.,-0.));
#3685 = ( GEOMETRIC_REPRESENTATION_CONTEXT(2) 
PARAMETRIC_REPRESENTATION_CONTEXT() REPRESENTATION_CONTEXT('2D SPACE',''
  ) );
#3686 = ORIENTED_EDGE('',*,*,#3687,.F.);
#3687 = EDGE_CURVE('',#3608,#3660,#3688,.T.);
#3688 = SURFACE_CURVE('',#3689,(#3693,#3700),.PCURVE_S1.);
#3689 = LINE('',#3690,#3691);
#3690 = CARTESIAN_POINT('',(-31.5,1.5,0.55));
#3691 = VECTOR('',#3692,1.);
#3692 = DIRECTION('',(1.,0.,0.));
#3693 = PCURVE('',#100,#3694);
#3694 = DEFINITIONAL_REPRESENTATION('',(#3695),#3699);
#3695 = LINE('',#3696,#3697);
#3696 = CARTESIAN_POINT('',(0.5,65.5));
#3697 = VECTOR('',#3698,1.);
#3698 = DIRECTION('',(1.,0.));
#3699 = ( GEOMETRIC_REPRESENTATION_CONTEXT(2) 
PARAMETRIC_REPRESENTATION_CONTEXT() REPRESENTATION_CONTEXT('2D SPACE',''
  ) );
#3700 = PCURVE('',#1469,#3701);
#3701 = DEFINITIONAL_REPRESENTATION('',(#3702),#3706);
#3702 = LINE('',#3703,#3704);
#3703 = CARTESIAN_POINT('',(0.,0.));
#3704 = VECTOR('',#3705,1.);
#3705 = DIRECTION('',(0.,1.));
#3706 = ( GEOMETRIC_REPRESENTATION_CONTEXT(2) 
PARAMETRIC_REPRESENTATION_CONTEXT() REPRESENTATION_CONTEXT('2D SPACE',''
  ) );
#3707 = FACE_BOUND('',#3708,.F.);
#3708 = EDGE_LOOP('',(#3709,#3739,#3767,#3795,#3823,#3846,#3868,#3896));
#3709 = ORIENTED_EDGE('',*,*,#3710,.F.);
#3710 = EDGE_CURVE('',#3711,#3713,#3715,.T.);
#3711 = VERTEX_POINT('',#3712);
#3712 = CARTESIAN_POINT('',(-20.4,2.8,0.55));
#3713 = VERTEX_POINT('',#3714);
#3714 = CARTESIAN_POINT('',(-7.6,2.8,0.55));
#3715 = SURFACE_CURVE('',#3716,(#3720,#3727),.PCURVE_S1.);
#3716 = LINE('',#3717,#3718);
#3717 = CARTESIAN_POINT('',(-31.6,2.8,0.55));
#3718 = VECTOR('',#3719,1.);
#3719 = DIRECTION('',(1.,0.,0.));
#3720 = PCURVE('',#100,#3721);
#3721 = DEFINITIONAL_REPRESENTATION('',(#3722),#3726);
#3722 = LINE('',#3723,#3724);
#3723 = CARTESIAN_POINT('',(0.4,66.8));
#3724 = VECTOR('',#3725,1.);
#3725 = DIRECTION('',(1.,0.));
#3726 = ( GEOMETRIC_REPRESENTATION_CONTEXT(2) 
PARAMETRIC_REPRESENTATION_CONTEXT() REPRESENTATION_CONTEXT('2D SPACE',''
  ) );
#3727 = PCURVE('',#3728,#3733);
#3728 = PLANE('',#3729);
#3729 = AXIS2_PLACEMENT_3D('',#3730,#3731,#3732);
#3730 = CARTESIAN_POINT('',(-31.6,2.8,0.55));
#3731 = DIRECTION('',(0.,1.,0.));
#3732 = DIRECTION('',(0.,0.,1.));
#3733 = DEFINITIONAL_REPRESENTATION('',(#3734),#3738);
#3734 = LINE('',#3735,#3736);
#3735 = CARTESIAN_POINT('',(0.,0.));
#3736 = VECTOR('',#3737,1.);
#3737 = DIRECTION('',(0.,1.));
#3738 = ( GEOMETRIC_REPRESENTATION_CONTEXT(2) 
PARAMETRIC_REPRESENTATION_CONTEXT() REPRESENTATION_CONTEXT('2D SPACE',''
  ) );
#3739 = ORIENTED_EDGE('',*,*,#3740,.T.);
#3740 = EDGE_CURVE('',#3711,#3741,#3743,.T.);
#3741 = VERTEX_POINT('',#3742);
#3742 = CARTESIAN_POINT('',(-20.4,3.,0.55));
#3743 = SURFACE_CURVE('',#3744,(#3748,#3755),.PCURVE_S1.);
#3744 = LINE('',#3745,#3746);
#3745 = CARTESIAN_POINT('',(-20.4,-29.,0.55));
#3746 = VECTOR('',#3747,1.);
#3747 = DIRECTION('',(0.,1.,0.));
#3748 = PCURVE('',#100,#3749);
#3749 = DEFINITIONAL_REPRESENTATION('',(#3750),#3754);
#3750 = LINE('',#3751,#3752);
#3751 = CARTESIAN_POINT('',(11.6,35.));
#3752 = VECTOR('',#3753,1.);
#3753 = DIRECTION('',(0.,1.));
#3754 = ( GEOMETRIC_REPRESENTATION_CONTEXT(2) 
PARAMETRIC_REPRESENTATION_CONTEXT() REPRESENTATION_CONTEXT('2D SPACE',''
  ) );
#3755 = PCURVE('',#3756,#3761);
#3756 = PLANE('',#3757);
#3757 = AXIS2_PLACEMENT_3D('',#3758,#3759,#3760);
#3758 = CARTESIAN_POINT('',(-20.4,-29.,0.55));
#3759 = DIRECTION('',(1.,0.,0.));
#3760 = DIRECTION('',(0.,0.,1.));
#3761 = DEFINITIONAL_REPRESENTATION('',(#3762),#3766);
#3762 = LINE('',#3763,#3764);
#3763 = CARTESIAN_POINT('',(0.,0.));
#3764 = VECTOR('',#3765,1.);
#3765 = DIRECTION('',(0.,-1.));
#3766 = ( GEOMETRIC_REPRESENTATION_CONTEXT(2) 
PARAMETRIC_REPRESENTATION_CONTEXT() REPRESENTATION_CONTEXT('2D SPACE',''
  ) );
#3767 = ORIENTED_EDGE('',*,*,#3768,.F.);
#3768 = EDGE_CURVE('',#3769,#3741,#3771,.T.);
#3769 = VERTEX_POINT('',#3770);
#3770 = CARTESIAN_POINT('',(-21.2,3.,0.55));
#3771 = SURFACE_CURVE('',#3772,(#3776,#3783),.PCURVE_S1.);
#3772 = LINE('',#3773,#3774);
#3773 = CARTESIAN_POINT('',(-21.2,3.,0.55));
#3774 = VECTOR('',#3775,1.);
#3775 = DIRECTION('',(1.,0.,0.));
#3776 = PCURVE('',#100,#3777);
#3777 = DEFINITIONAL_REPRESENTATION('',(#3778),#3782);
#3778 = LINE('',#3779,#3780);
#3779 = CARTESIAN_POINT('',(10.8,67.));
#3780 = VECTOR('',#3781,1.);
#3781 = DIRECTION('',(1.,0.));
#3782 = ( GEOMETRIC_REPRESENTATION_CONTEXT(2) 
PARAMETRIC_REPRESENTATION_CONTEXT() REPRESENTATION_CONTEXT('2D SPACE',''
  ) );
#3783 = PCURVE('',#3784,#3789);
#3784 = PLANE('',#3785);
#3785 = AXIS2_PLACEMENT_3D('',#3786,#3787,#3788);
#3786 = CARTESIAN_POINT('',(-21.2,3.,0.55));
#3787 = DIRECTION('',(0.,1.,0.));
#3788 = DIRECTION('',(0.,0.,1.));
#3789 = DEFINITIONAL_REPRESENTATION('',(#3790),#3794);
#3790 = LINE('',#3791,#3792);
#3791 = CARTESIAN_POINT('',(0.,0.));
#3792 = VECTOR('',#3793,1.);
#3793 = DIRECTION('',(0.,1.));
#3794 = ( GEOMETRIC_REPRESENTATION_CONTEXT(2) 
PARAMETRIC_REPRESENTATION_CONTEXT() REPRESENTATION_CONTEXT('2D SPACE',''
  ) );
#3795 = ORIENTED_EDGE('',*,*,#3796,.F.);
#3796 = EDGE_CURVE('',#3797,#3769,#3799,.T.);
#3797 = VERTEX_POINT('',#3798);
#3798 = CARTESIAN_POINT('',(-21.2,2.8,0.55));
#3799 = SURFACE_CURVE('',#3800,(#3804,#3811),.PCURVE_S1.);
#3800 = LINE('',#3801,#3802);
#3801 = CARTESIAN_POINT('',(-21.2,-29.,0.55));
#3802 = VECTOR('',#3803,1.);
#3803 = DIRECTION('',(0.,1.,0.));
#3804 = PCURVE('',#100,#3805);
#3805 = DEFINITIONAL_REPRESENTATION('',(#3806),#3810);
#3806 = LINE('',#3807,#3808);
#3807 = CARTESIAN_POINT('',(10.8,35.));
#3808 = VECTOR('',#3809,1.);
#3809 = DIRECTION('',(0.,1.));
#3810 = ( GEOMETRIC_REPRESENTATION_CONTEXT(2) 
PARAMETRIC_REPRESENTATION_CONTEXT() REPRESENTATION_CONTEXT('2D SPACE',''
  ) );
#3811 = PCURVE('',#3812,#3817);
#3812 = PLANE('',#3813);
#3813 = AXIS2_PLACEMENT_3D('',#3814,#3815,#3816);
#3814 = CARTESIAN_POINT('',(-21.2,-29.,0.55));
#3815 = DIRECTION('',(1.,0.,0.));
#3816 = DIRECTION('',(0.,0.,1.));
#3817 = DEFINITIONAL_REPRESENTATION('',(#3818),#3822);
#3818 = LINE('',#3819,#3820);
#3819 = CARTESIAN_POINT('',(0.,0.));
#3820 = VECTOR('',#3821,1.);
#3821 = DIRECTION('',(0.,-1.));
#3822 = ( GEOMETRIC_REPRESENTATION_CONTEXT(2) 
PARAMETRIC_REPRESENTATION_CONTEXT() REPRESENTATION_CONTEXT('2D SPACE',''
  ) );
#3823 = ORIENTED_EDGE('',*,*,#3824,.F.);
#3824 = EDGE_CURVE('',#3825,#3797,#3827,.T.);
#3825 = VERTEX_POINT('',#3826);
#3826 = CARTESIAN_POINT('',(-30.4,2.8,0.55));
#3827 = SURFACE_CURVE('',#3828,(#3832,#3839),.PCURVE_S1.);
#3828 = LINE('',#3829,#3830);
#3829 = CARTESIAN_POINT('',(-31.6,2.8,0.55));
#3830 = VECTOR('',#3831,1.);
#3831 = DIRECTION('',(1.,0.,0.));
#3832 = PCURVE('',#100,#3833);
#3833 = DEFINITIONAL_REPRESENTATION('',(#3834),#3838);
#3834 = LINE('',#3835,#3836);
#3835 = CARTESIAN_POINT('',(0.4,66.8));
#3836 = VECTOR('',#3837,1.);
#3837 = DIRECTION('',(1.,0.));
#3838 = ( GEOMETRIC_REPRESENTATION_CONTEXT(2) 
PARAMETRIC_REPRESENTATION_CONTEXT() REPRESENTATION_CONTEXT('2D SPACE',''
  ) );
#3839 = PCURVE('',#3728,#3840);
#3840 = DEFINITIONAL_REPRESENTATION('',(#3841),#3845);
#3841 = LINE('',#3842,#3843);
#3842 = CARTESIAN_POINT('',(0.,0.));
#3843 = VECTOR('',#3844,1.);
#3844 = DIRECTION('',(0.,1.));
#3845 = ( GEOMETRIC_REPRESENTATION_CONTEXT(2) 
PARAMETRIC_REPRESENTATION_CONTEXT() REPRESENTATION_CONTEXT('2D SPACE',''
  ) );
#3846 = ORIENTED_EDGE('',*,*,#3847,.T.);
#3847 = EDGE_CURVE('',#3825,#3848,#3850,.T.);
#3848 = VERTEX_POINT('',#3849);
#3849 = CARTESIAN_POINT('',(-30.4,21.2,0.55));
#3850 = SURFACE_CURVE('',#3851,(#3855,#3862),.PCURVE_S1.);
#3851 = LINE('',#3852,#3853);
#3852 = CARTESIAN_POINT('',(-30.4,-63.2,0.55));
#3853 = VECTOR('',#3854,1.);
#3854 = DIRECTION('',(0.,1.,0.));
#3855 = PCURVE('',#100,#3856);
#3856 = DEFINITIONAL_REPRESENTATION('',(#3857),#3861);
#3857 = LINE('',#3858,#3859);
#3858 = CARTESIAN_POINT('',(1.6,0.8));
#3859 = VECTOR('',#3860,1.);
#3860 = DIRECTION('',(0.,1.));
#3861 = ( GEOMETRIC_REPRESENTATION_CONTEXT(2) 
PARAMETRIC_REPRESENTATION_CONTEXT() REPRESENTATION_CONTEXT('2D SPACE',''
  ) );
#3862 = PCURVE('',#1497,#3863);
#3863 = DEFINITIONAL_REPRESENTATION('',(#3864),#3867);
#3864 = B_SPLINE_CURVE_WITH_KNOTS('',1,(#3865,#3866),.UNSPECIFIED.,.F.,
  .F.,(2,2),(5.2,121.2),.PIECEWISE_BEZIER_KNOTS.);
#3865 = CARTESIAN_POINT('',(0.15,-4.4));
#3866 = CARTESIAN_POINT('',(0.15,-120.4));
#3867 = ( GEOMETRIC_REPRESENTATION_CONTEXT(2) 
PARAMETRIC_REPRESENTATION_CONTEXT() REPRESENTATION_CONTEXT('2D SPACE',''
  ) );
#3868 = ORIENTED_EDGE('',*,*,#3869,.T.);
#3869 = EDGE_CURVE('',#3848,#3870,#3872,.T.);
#3870 = VERTEX_POINT('',#3871);
#3871 = CARTESIAN_POINT('',(-7.6,21.2,0.55));
#3872 = SURFACE_CURVE('',#3873,(#3877,#3884),.PCURVE_S1.);
#3873 = LINE('',#3874,#3875);
#3874 = CARTESIAN_POINT('',(-31.6,21.2,0.55));
#3875 = VECTOR('',#3876,1.);
#3876 = DIRECTION('',(1.,0.,0.));
#3877 = PCURVE('',#100,#3878);
#3878 = DEFINITIONAL_REPRESENTATION('',(#3879),#3883);
#3879 = LINE('',#3880,#3881);
#3880 = CARTESIAN_POINT('',(0.4,85.2));
#3881 = VECTOR('',#3882,1.);
#3882 = DIRECTION('',(1.,0.));
#3883 = ( GEOMETRIC_REPRESENTATION_CONTEXT(2) 
PARAMETRIC_REPRESENTATION_CONTEXT() REPRESENTATION_CONTEXT('2D SPACE',''
  ) );
#3884 = PCURVE('',#3885,#3890);
#3885 = PLANE('',#3886);
#3886 = AXIS2_PLACEMENT_3D('',#3887,#3888,#3889);
#3887 = CARTESIAN_POINT('',(-31.6,21.2,0.55));
#3888 = DIRECTION('',(0.,1.,0.));
#3889 = DIRECTION('',(0.,0.,1.));
#3890 = DEFINITIONAL_REPRESENTATION('',(#3891),#3895);
#3891 = LINE('',#3892,#3893);
#3892 = CARTESIAN_POINT('',(0.,0.));
#3893 = VECTOR('',#3894,1.);
#3894 = DIRECTION('',(0.,1.));
#3895 = ( GEOMETRIC_REPRESENTATION_CONTEXT(2) 
PARAMETRIC_REPRESENTATION_CONTEXT() REPRESENTATION_CONTEXT('2D SPACE',''
  ) );
#3896 = ORIENTED_EDGE('',*,*,#3897,.F.);
#3897 = EDGE_CURVE('',#3713,#3870,#3898,.T.);
#3898 = SURFACE_CURVE('',#3899,(#3903,#3910),.PCURVE_S1.);
#3899 = LINE('',#3900,#3901);
#3900 = CARTESIAN_POINT('',(-7.6,2.5,0.55));
#3901 = VECTOR('',#3902,1.);
#3902 = DIRECTION('',(0.,1.,0.));
#3903 = PCURVE('',#100,#3904);
#3904 = DEFINITIONAL_REPRESENTATION('',(#3905),#3909);
#3905 = LINE('',#3906,#3907);
#3906 = CARTESIAN_POINT('',(24.4,66.5));
#3907 = VECTOR('',#3908,1.);
#3908 = DIRECTION('',(0.,1.));
#3909 = ( GEOMETRIC_REPRESENTATION_CONTEXT(2) 
PARAMETRIC_REPRESENTATION_CONTEXT() REPRESENTATION_CONTEXT('2D SPACE',''
  ) );
#3910 = PCURVE('',#3911,#3916);
#3911 = PLANE('',#3912);
#3912 = AXIS2_PLACEMENT_3D('',#3913,#3914,#3915);
#3913 = CARTESIAN_POINT('',(-7.6,2.5,0.55));
#3914 = DIRECTION('',(1.,0.,0.));
#3915 = DIRECTION('',(0.,0.,1.));
#3916 = DEFINITIONAL_REPRESENTATION('',(#3917),#3921);
#3917 = LINE('',#3918,#3919);
#3918 = CARTESIAN_POINT('',(0.,0.));
#3919 = VECTOR('',#3920,1.);
#3920 = DIRECTION('',(0.,-1.));
#3921 = ( GEOMETRIC_REPRESENTATION_CONTEXT(2) 
PARAMETRIC_REPRESENTATION_CONTEXT() REPRESENTATION_CONTEXT('2D SPACE',''
  ) );
#3922 = FACE_BOUND('',#3923,.F.);
#3923 = EDGE_LOOP('',(#3924,#3954,#3982,#4010,#4038,#4061,#4089,#4117));
#3924 = ORIENTED_EDGE('',*,*,#3925,.F.);
#3925 = EDGE_CURVE('',#3926,#3928,#3930,.T.);
#3926 = VERTEX_POINT('',#3927);
#3927 = CARTESIAN_POINT('',(21.2,2.9,0.55));
#3928 = VERTEX_POINT('',#3929);
#3929 = CARTESIAN_POINT('',(30.4,2.9,0.55));
#3930 = SURFACE_CURVE('',#3931,(#3935,#3942),.PCURVE_S1.);
#3931 = LINE('',#3932,#3933);
#3932 = CARTESIAN_POINT('',(7.9961102,2.9,0.55));
#3933 = VECTOR('',#3934,1.);
#3934 = DIRECTION('',(1.,0.,0.));
#3935 = PCURVE('',#100,#3936);
#3936 = DEFINITIONAL_REPRESENTATION('',(#3937),#3941);
#3937 = LINE('',#3938,#3939);
#3938 = CARTESIAN_POINT('',(39.9961102,66.9));
#3939 = VECTOR('',#3940,1.);
#3940 = DIRECTION('',(1.,0.));
#3941 = ( GEOMETRIC_REPRESENTATION_CONTEXT(2) 
PARAMETRIC_REPRESENTATION_CONTEXT() REPRESENTATION_CONTEXT('2D SPACE',''
  ) );
#3942 = PCURVE('',#3943,#3948);
#3943 = PLANE('',#3944);
#3944 = AXIS2_PLACEMENT_3D('',#3945,#3946,#3947);
#3945 = CARTESIAN_POINT('',(7.9961102,2.9,0.55));
#3946 = DIRECTION('',(0.,1.,0.));
#3947 = DIRECTION('',(0.,0.,1.));
#3948 = DEFINITIONAL_REPRESENTATION('',(#3949),#3953);
#3949 = LINE('',#3950,#3951);
#3950 = CARTESIAN_POINT('',(0.,0.));
#3951 = VECTOR('',#3952,1.);
#3952 = DIRECTION('',(0.,1.));
#3953 = ( GEOMETRIC_REPRESENTATION_CONTEXT(2) 
PARAMETRIC_REPRESENTATION_CONTEXT() REPRESENTATION_CONTEXT('2D SPACE',''
  ) );
#3954 = ORIENTED_EDGE('',*,*,#3955,.T.);
#3955 = EDGE_CURVE('',#3926,#3956,#3958,.T.);
#3956 = VERTEX_POINT('',#3957);
#3957 = CARTESIAN_POINT('',(21.2,3.,0.55));
#3958 = SURFACE_CURVE('',#3959,(#3963,#3970),.PCURVE_S1.);
#3959 = LINE('',#3960,#3961);
#3960 = CARTESIAN_POINT('',(21.2,-29.,0.55));
#3961 = VECTOR('',#3962,1.);
#3962 = DIRECTION('',(0.,1.,0.));
#3963 = PCURVE('',#100,#3964);
#3964 = DEFINITIONAL_REPRESENTATION('',(#3965),#3969);
#3965 = LINE('',#3966,#3967);
#3966 = CARTESIAN_POINT('',(53.2,35.));
#3967 = VECTOR('',#3968,1.);
#3968 = DIRECTION('',(0.,1.));
#3969 = ( GEOMETRIC_REPRESENTATION_CONTEXT(2) 
PARAMETRIC_REPRESENTATION_CONTEXT() REPRESENTATION_CONTEXT('2D SPACE',''
  ) );
#3970 = PCURVE('',#3971,#3976);
#3971 = PLANE('',#3972);
#3972 = AXIS2_PLACEMENT_3D('',#3973,#3974,#3975);
#3973 = CARTESIAN_POINT('',(21.2,-29.,0.55));
#3974 = DIRECTION('',(1.,0.,0.));
#3975 = DIRECTION('',(0.,0.,1.));
#3976 = DEFINITIONAL_REPRESENTATION('',(#3977),#3981);
#3977 = LINE('',#3978,#3979);
#3978 = CARTESIAN_POINT('',(0.,0.));
#3979 = VECTOR('',#3980,1.);
#3980 = DIRECTION('',(0.,-1.));
#3981 = ( GEOMETRIC_REPRESENTATION_CONTEXT(2) 
PARAMETRIC_REPRESENTATION_CONTEXT() REPRESENTATION_CONTEXT('2D SPACE',''
  ) );
#3982 = ORIENTED_EDGE('',*,*,#3983,.F.);
#3983 = EDGE_CURVE('',#3984,#3956,#3986,.T.);
#3984 = VERTEX_POINT('',#3985);
#3985 = CARTESIAN_POINT('',(20.4,3.,0.55));
#3986 = SURFACE_CURVE('',#3987,(#3991,#3998),.PCURVE_S1.);
#3987 = LINE('',#3988,#3989);
#3988 = CARTESIAN_POINT('',(20.4,3.,0.55));
#3989 = VECTOR('',#3990,1.);
#3990 = DIRECTION('',(1.,0.,0.));
#3991 = PCURVE('',#100,#3992);
#3992 = DEFINITIONAL_REPRESENTATION('',(#3993),#3997);
#3993 = LINE('',#3994,#3995);
#3994 = CARTESIAN_POINT('',(52.4,67.));
#3995 = VECTOR('',#3996,1.);
#3996 = DIRECTION('',(1.,0.));
#3997 = ( GEOMETRIC_REPRESENTATION_CONTEXT(2) 
PARAMETRIC_REPRESENTATION_CONTEXT() REPRESENTATION_CONTEXT('2D SPACE',''
  ) );
#3998 = PCURVE('',#3999,#4004);
#3999 = PLANE('',#4000);
#4000 = AXIS2_PLACEMENT_3D('',#4001,#4002,#4003);
#4001 = CARTESIAN_POINT('',(20.4,3.,0.55));
#4002 = DIRECTION('',(0.,1.,0.));
#4003 = DIRECTION('',(0.,0.,1.));
#4004 = DEFINITIONAL_REPRESENTATION('',(#4005),#4009);
#4005 = LINE('',#4006,#4007);
#4006 = CARTESIAN_POINT('',(0.,0.));
#4007 = VECTOR('',#4008,1.);
#4008 = DIRECTION('',(0.,1.));
#4009 = ( GEOMETRIC_REPRESENTATION_CONTEXT(2) 
PARAMETRIC_REPRESENTATION_CONTEXT() REPRESENTATION_CONTEXT('2D SPACE',''
  ) );
#4010 = ORIENTED_EDGE('',*,*,#4011,.F.);
#4011 = EDGE_CURVE('',#4012,#3984,#4014,.T.);
#4012 = VERTEX_POINT('',#4013);
#4013 = CARTESIAN_POINT('',(20.4,2.9,0.55));
#4014 = SURFACE_CURVE('',#4015,(#4019,#4026),.PCURVE_S1.);
#4015 = LINE('',#4016,#4017);
#4016 = CARTESIAN_POINT('',(20.4,-29.,0.55));
#4017 = VECTOR('',#4018,1.);
#4018 = DIRECTION('',(0.,1.,0.));
#4019 = PCURVE('',#100,#4020);
#4020 = DEFINITIONAL_REPRESENTATION('',(#4021),#4025);
#4021 = LINE('',#4022,#4023);
#4022 = CARTESIAN_POINT('',(52.4,35.));
#4023 = VECTOR('',#4024,1.);
#4024 = DIRECTION('',(0.,1.));
#4025 = ( GEOMETRIC_REPRESENTATION_CONTEXT(2) 
PARAMETRIC_REPRESENTATION_CONTEXT() REPRESENTATION_CONTEXT('2D SPACE',''
  ) );
#4026 = PCURVE('',#4027,#4032);
#4027 = PLANE('',#4028);
#4028 = AXIS2_PLACEMENT_3D('',#4029,#4030,#4031);
#4029 = CARTESIAN_POINT('',(20.4,-29.,0.55));
#4030 = DIRECTION('',(1.,0.,0.));
#4031 = DIRECTION('',(0.,0.,1.));
#4032 = DEFINITIONAL_REPRESENTATION('',(#4033),#4037);
#4033 = LINE('',#4034,#4035);
#4034 = CARTESIAN_POINT('',(0.,0.));
#4035 = VECTOR('',#4036,1.);
#4036 = DIRECTION('',(0.,-1.));
#4037 = ( GEOMETRIC_REPRESENTATION_CONTEXT(2) 
PARAMETRIC_REPRESENTATION_CONTEXT() REPRESENTATION_CONTEXT('2D SPACE',''
  ) );
#4038 = ORIENTED_EDGE('',*,*,#4039,.F.);
#4039 = EDGE_CURVE('',#4040,#4012,#4042,.T.);
#4040 = VERTEX_POINT('',#4041);
#4041 = CARTESIAN_POINT('',(8.7961102,2.9,0.55));
#4042 = SURFACE_CURVE('',#4043,(#4047,#4054),.PCURVE_S1.);
#4043 = LINE('',#4044,#4045);
#4044 = CARTESIAN_POINT('',(7.9961102,2.9,0.55));
#4045 = VECTOR('',#4046,1.);
#4046 = DIRECTION('',(1.,0.,0.));
#4047 = PCURVE('',#100,#4048);
#4048 = DEFINITIONAL_REPRESENTATION('',(#4049),#4053);
#4049 = LINE('',#4050,#4051);
#4050 = CARTESIAN_POINT('',(39.9961102,66.9));
#4051 = VECTOR('',#4052,1.);
#4052 = DIRECTION('',(1.,0.));
#4053 = ( GEOMETRIC_REPRESENTATION_CONTEXT(2) 
PARAMETRIC_REPRESENTATION_CONTEXT() REPRESENTATION_CONTEXT('2D SPACE',''
  ) );
#4054 = PCURVE('',#3943,#4055);
#4055 = DEFINITIONAL_REPRESENTATION('',(#4056),#4060);
#4056 = LINE('',#4057,#4058);
#4057 = CARTESIAN_POINT('',(0.,0.));
#4058 = VECTOR('',#4059,1.);
#4059 = DIRECTION('',(0.,1.));
#4060 = ( GEOMETRIC_REPRESENTATION_CONTEXT(2) 
PARAMETRIC_REPRESENTATION_CONTEXT() REPRESENTATION_CONTEXT('2D SPACE',''
  ) );
#4061 = ORIENTED_EDGE('',*,*,#4062,.T.);
#4062 = EDGE_CURVE('',#4040,#4063,#4065,.T.);
#4063 = VERTEX_POINT('',#4064);
#4064 = CARTESIAN_POINT('',(8.7961102,21.1,0.55));
#4065 = SURFACE_CURVE('',#4066,(#4070,#4077),.PCURVE_S1.);
#4066 = LINE('',#4067,#4068);
#4067 = CARTESIAN_POINT('',(8.7961102,2.6,0.55));
#4068 = VECTOR('',#4069,1.);
#4069 = DIRECTION('',(0.,1.,0.));
#4070 = PCURVE('',#100,#4071);
#4071 = DEFINITIONAL_REPRESENTATION('',(#4072),#4076);
#4072 = LINE('',#4073,#4074);
#4073 = CARTESIAN_POINT('',(40.7961102,66.6));
#4074 = VECTOR('',#4075,1.);
#4075 = DIRECTION('',(0.,1.));
#4076 = ( GEOMETRIC_REPRESENTATION_CONTEXT(2) 
PARAMETRIC_REPRESENTATION_CONTEXT() REPRESENTATION_CONTEXT('2D SPACE',''
  ) );
#4077 = PCURVE('',#4078,#4083);
#4078 = PLANE('',#4079);
#4079 = AXIS2_PLACEMENT_3D('',#4080,#4081,#4082);
#4080 = CARTESIAN_POINT('',(8.7961102,2.6,0.55));
#4081 = DIRECTION('',(1.,0.,0.));
#4082 = DIRECTION('',(0.,0.,1.));
#4083 = DEFINITIONAL_REPRESENTATION('',(#4084),#4088);
#4084 = LINE('',#4085,#4086);
#4085 = CARTESIAN_POINT('',(0.,0.));
#4086 = VECTOR('',#4087,1.);
#4087 = DIRECTION('',(0.,-1.));
#4088 = ( GEOMETRIC_REPRESENTATION_CONTEXT(2) 
PARAMETRIC_REPRESENTATION_CONTEXT() REPRESENTATION_CONTEXT('2D SPACE',''
  ) );
#4089 = ORIENTED_EDGE('',*,*,#4090,.T.);
#4090 = EDGE_CURVE('',#4063,#4091,#4093,.T.);
#4091 = VERTEX_POINT('',#4092);
#4092 = CARTESIAN_POINT('',(30.4,21.1,0.55));
#4093 = SURFACE_CURVE('',#4094,(#4098,#4105),.PCURVE_S1.);
#4094 = LINE('',#4095,#4096);
#4095 = CARTESIAN_POINT('',(7.9961102,21.1,0.55));
#4096 = VECTOR('',#4097,1.);
#4097 = DIRECTION('',(1.,0.,0.));
#4098 = PCURVE('',#100,#4099);
#4099 = DEFINITIONAL_REPRESENTATION('',(#4100),#4104);
#4100 = LINE('',#4101,#4102);
#4101 = CARTESIAN_POINT('',(39.9961102,85.1));
#4102 = VECTOR('',#4103,1.);
#4103 = DIRECTION('',(1.,0.));
#4104 = ( GEOMETRIC_REPRESENTATION_CONTEXT(2) 
PARAMETRIC_REPRESENTATION_CONTEXT() REPRESENTATION_CONTEXT('2D SPACE',''
  ) );
#4105 = PCURVE('',#4106,#4111);
#4106 = PLANE('',#4107);
#4107 = AXIS2_PLACEMENT_3D('',#4108,#4109,#4110);
#4108 = CARTESIAN_POINT('',(7.9961102,21.1,0.55));
#4109 = DIRECTION('',(0.,1.,0.));
#4110 = DIRECTION('',(0.,0.,1.));
#4111 = DEFINITIONAL_REPRESENTATION('',(#4112),#4116);
#4112 = LINE('',#4113,#4114);
#4113 = CARTESIAN_POINT('',(0.,0.));
#4114 = VECTOR('',#4115,1.);
#4115 = DIRECTION('',(0.,1.));
#4116 = ( GEOMETRIC_REPRESENTATION_CONTEXT(2) 
PARAMETRIC_REPRESENTATION_CONTEXT() REPRESENTATION_CONTEXT('2D SPACE',''
  ) );
#4117 = ORIENTED_EDGE('',*,*,#4118,.F.);
#4118 = EDGE_CURVE('',#3928,#4091,#4119,.T.);
#4119 = SURFACE_CURVE('',#4120,(#4124,#4131),.PCURVE_S1.);
#4120 = LINE('',#4121,#4122);
#4121 = CARTESIAN_POINT('',(30.4,-63.2,0.55));
#4122 = VECTOR('',#4123,1.);
#4123 = DIRECTION('',(0.,1.,0.));
#4124 = PCURVE('',#100,#4125);
#4125 = DEFINITIONAL_REPRESENTATION('',(#4126),#4130);
#4126 = LINE('',#4127,#4128);
#4127 = CARTESIAN_POINT('',(62.4,0.8));
#4128 = VECTOR('',#4129,1.);
#4129 = DIRECTION('',(0.,1.));
#4130 = ( GEOMETRIC_REPRESENTATION_CONTEXT(2) 
PARAMETRIC_REPRESENTATION_CONTEXT() REPRESENTATION_CONTEXT('2D SPACE',''
  ) );
#4131 = PCURVE('',#1047,#4132);
#4132 = DEFINITIONAL_REPRESENTATION('',(#4133),#4136);
#4133 = B_SPLINE_CURVE_WITH_KNOTS('',1,(#4134,#4135),.UNSPECIFIED.,.F.,
  .F.,(2,2),(5.2,121.2),.PIECEWISE_BEZIER_KNOTS.);
#4134 = CARTESIAN_POINT('',(0.15,-4.4));
#4135 = CARTESIAN_POINT('',(0.15,-120.4));
#4136 = ( GEOMETRIC_REPRESENTATION_CONTEXT(2) 
PARAMETRIC_REPRESENTATION_CONTEXT() REPRESENTATION_CONTEXT('2D SPACE',''
  ) );
#4137 = FACE_BOUND('',#4138,.F.);
#4138 = EDGE_LOOP('',(#4139,#4165,#4193,#4215));
#4139 = ORIENTED_EDGE('',*,*,#4140,.T.);
#4140 = EDGE_CURVE('',#4141,#4143,#4145,.T.);
#4141 = VERTEX_POINT('',#4142);
#4142 = CARTESIAN_POINT('',(29.609347693943,1.5,0.55));
#4143 = VERTEX_POINT('',#4144);
#4144 = CARTESIAN_POINT('',(28.65574385243,2.1,0.55));
#4145 = SURFACE_CURVE('',#4146,(#4151,#4158),.PCURVE_S1.);
#4146 = CIRCLE('',#4147,2.2);
#4147 = AXIS2_PLACEMENT_3D('',#4148,#4149,#4150);
#4148 = CARTESIAN_POINT('',(28.,0.,0.55));
#4149 = DIRECTION('',(0.,0.,1.));
#4150 = DIRECTION('',(1.,0.,0.));
#4151 = PCURVE('',#100,#4152);
#4152 = DEFINITIONAL_REPRESENTATION('',(#4153),#4157);
#4153 = CIRCLE('',#4154,2.2);
#4154 = AXIS2_PLACEMENT_2D('',#4155,#4156);
#4155 = CARTESIAN_POINT('',(60.,64.));
#4156 = DIRECTION('',(1.,0.));
#4157 = ( GEOMETRIC_REPRESENTATION_CONTEXT(2) 
PARAMETRIC_REPRESENTATION_CONTEXT() REPRESENTATION_CONTEXT('2D SPACE',''
  ) );
#4158 = PCURVE('',#1103,#4159);
#4159 = DEFINITIONAL_REPRESENTATION('',(#4160),#4164);
#4160 = LINE('',#4161,#4162);
#4161 = CARTESIAN_POINT('',(-0.,0.));
#4162 = VECTOR('',#4163,1.);
#4163 = DIRECTION('',(-1.,0.));
#4164 = ( GEOMETRIC_REPRESENTATION_CONTEXT(2) 
PARAMETRIC_REPRESENTATION_CONTEXT() REPRESENTATION_CONTEXT('2D SPACE',''
  ) );
#4165 = ORIENTED_EDGE('',*,*,#4166,.T.);
#4166 = EDGE_CURVE('',#4143,#4167,#4169,.T.);
#4167 = VERTEX_POINT('',#4168);
#4168 = CARTESIAN_POINT('',(30.4,2.1,0.55));
#4169 = SURFACE_CURVE('',#4170,(#4174,#4181),.PCURVE_S1.);
#4170 = LINE('',#4171,#4172);
#4171 = CARTESIAN_POINT('',(7.9961102,2.1,0.55));
#4172 = VECTOR('',#4173,1.);
#4173 = DIRECTION('',(1.,0.,0.));
#4174 = PCURVE('',#100,#4175);
#4175 = DEFINITIONAL_REPRESENTATION('',(#4176),#4180);
#4176 = LINE('',#4177,#4178);
#4177 = CARTESIAN_POINT('',(39.9961102,66.1));
#4178 = VECTOR('',#4179,1.);
#4179 = DIRECTION('',(1.,0.));
#4180 = ( GEOMETRIC_REPRESENTATION_CONTEXT(2) 
PARAMETRIC_REPRESENTATION_CONTEXT() REPRESENTATION_CONTEXT('2D SPACE',''
  ) );
#4181 = PCURVE('',#4182,#4187);
#4182 = PLANE('',#4183);
#4183 = AXIS2_PLACEMENT_3D('',#4184,#4185,#4186);
#4184 = CARTESIAN_POINT('',(7.9961102,2.1,0.55));
#4185 = DIRECTION('',(0.,1.,0.));
#4186 = DIRECTION('',(0.,0.,1.));
#4187 = DEFINITIONAL_REPRESENTATION('',(#4188),#4192);
#4188 = LINE('',#4189,#4190);
#4189 = CARTESIAN_POINT('',(0.,0.));
#4190 = VECTOR('',#4191,1.);
#4191 = DIRECTION('',(0.,1.));
#4192 = ( GEOMETRIC_REPRESENTATION_CONTEXT(2) 
PARAMETRIC_REPRESENTATION_CONTEXT() REPRESENTATION_CONTEXT('2D SPACE',''
  ) );
#4193 = ORIENTED_EDGE('',*,*,#4194,.F.);
#4194 = EDGE_CURVE('',#4195,#4167,#4197,.T.);
#4195 = VERTEX_POINT('',#4196);
#4196 = CARTESIAN_POINT('',(30.4,1.5,0.55));
#4197 = SURFACE_CURVE('',#4198,(#4202,#4209),.PCURVE_S1.);
#4198 = LINE('',#4199,#4200);
#4199 = CARTESIAN_POINT('',(30.4,-63.2,0.55));
#4200 = VECTOR('',#4201,1.);
#4201 = DIRECTION('',(0.,1.,0.));
#4202 = PCURVE('',#100,#4203);
#4203 = DEFINITIONAL_REPRESENTATION('',(#4204),#4208);
#4204 = LINE('',#4205,#4206);
#4205 = CARTESIAN_POINT('',(62.4,0.8));
#4206 = VECTOR('',#4207,1.);
#4207 = DIRECTION('',(0.,1.));
#4208 = ( GEOMETRIC_REPRESENTATION_CONTEXT(2) 
PARAMETRIC_REPRESENTATION_CONTEXT() REPRESENTATION_CONTEXT('2D SPACE',''
  ) );
#4209 = PCURVE('',#1047,#4210);
#4210 = DEFINITIONAL_REPRESENTATION('',(#4211),#4214);
#4211 = B_SPLINE_CURVE_WITH_KNOTS('',1,(#4212,#4213),.UNSPECIFIED.,.F.,
  .F.,(2,2),(5.2,121.2),.PIECEWISE_BEZIER_KNOTS.);
#4212 = CARTESIAN_POINT('',(0.15,-4.4));
#4213 = CARTESIAN_POINT('',(0.15,-120.4));
#4214 = ( GEOMETRIC_REPRESENTATION_CONTEXT(2) 
PARAMETRIC_REPRESENTATION_CONTEXT() REPRESENTATION_CONTEXT('2D SPACE',''
  ) );
#4215 = ORIENTED_EDGE('',*,*,#4216,.F.);
#4216 = EDGE_CURVE('',#4141,#4195,#4217,.T.);
#4217 = SURFACE_CURVE('',#4218,(#4222,#4229),.PCURVE_S1.);
#4218 = LINE('',#4219,#4220);
#4219 = CARTESIAN_POINT('',(28.5,1.5,0.55));
#4220 = VECTOR('',#4221,1.);
#4221 = DIRECTION('',(1.,0.,0.));
#4222 = PCURVE('',#100,#4223);
#4223 = DEFINITIONAL_REPRESENTATION('',(#4224),#4228);
#4224 = LINE('',#4225,#4226);
#4225 = CARTESIAN_POINT('',(60.5,65.5));
#4226 = VECTOR('',#4227,1.);
#4227 = DIRECTION('',(1.,0.));
#4228 = ( GEOMETRIC_REPRESENTATION_CONTEXT(2) 
PARAMETRIC_REPRESENTATION_CONTEXT() REPRESENTATION_CONTEXT('2D SPACE',''
  ) );
#4229 = PCURVE('',#1074,#4230);
#4230 = DEFINITIONAL_REPRESENTATION('',(#4231),#4235);
#4231 = LINE('',#4232,#4233);
#4232 = CARTESIAN_POINT('',(0.,0.));
#4233 = VECTOR('',#4234,1.);
#4234 = DIRECTION('',(0.,1.));
#4235 = ( GEOMETRIC_REPRESENTATION_CONTEXT(2) 
PARAMETRIC_REPRESENTATION_CONTEXT() REPRESENTATION_CONTEXT('2D SPACE',''
  ) );
#4236 = FACE_BOUND('',#4237,.F.);
#4237 = EDGE_LOOP('',(#4238,#4262,#4290,#4318,#4346,#4368,#4392,#4416,
    #4439,#4461,#4489,#4517,#4545,#4567,#4595,#4623,#4651,#4673,#4701,
    #4724,#4752,#4775,#4804,#4828,#4856,#4878,#4906,#4934,#4962,#4986,
    #5008));
#4238 = ORIENTED_EDGE('',*,*,#4239,.F.);
#4239 = EDGE_CURVE('',#4240,#4242,#4244,.T.);
#4240 = VERTEX_POINT('',#4241);
#4241 = CARTESIAN_POINT('',(16.1,62.4,0.55));
#4242 = VERTEX_POINT('',#4243);
#4243 = CARTESIAN_POINT('',(-5.336675041929,62.4,0.55));
#4244 = SURFACE_CURVE('',#4245,(#4249,#4256),.PCURVE_S1.);
#4245 = LINE('',#4246,#4247);
#4246 = CARTESIAN_POINT('',(-31.2,62.4,0.55));
#4247 = VECTOR('',#4248,1.);
#4248 = DIRECTION('',(-1.,0.,0.));
#4249 = PCURVE('',#100,#4250);
#4250 = DEFINITIONAL_REPRESENTATION('',(#4251),#4255);
#4251 = LINE('',#4252,#4253);
#4252 = CARTESIAN_POINT('',(0.8,126.4));
#4253 = VECTOR('',#4254,1.);
#4254 = DIRECTION('',(-1.,0.));
#4255 = ( GEOMETRIC_REPRESENTATION_CONTEXT(2) 
PARAMETRIC_REPRESENTATION_CONTEXT() REPRESENTATION_CONTEXT('2D SPACE',''
  ) );
#4256 = PCURVE('',#1610,#4257);
#4257 = DEFINITIONAL_REPRESENTATION('',(#4258),#4261);
#4258 = B_SPLINE_CURVE_WITH_KNOTS('',1,(#4259,#4260),.UNSPECIFIED.,.F.,
  .F.,(2,2),(-57.2,-5.2),.PIECEWISE_BEZIER_KNOTS.);
#4259 = CARTESIAN_POINT('',(0.15,56.4));
#4260 = CARTESIAN_POINT('',(0.15,4.4));
#4261 = ( GEOMETRIC_REPRESENTATION_CONTEXT(2) 
PARAMETRIC_REPRESENTATION_CONTEXT() REPRESENTATION_CONTEXT('2D SPACE',''
  ) );
#4262 = ORIENTED_EDGE('',*,*,#4263,.F.);
#4263 = EDGE_CURVE('',#4264,#4240,#4266,.T.);
#4264 = VERTEX_POINT('',#4265);
#4265 = CARTESIAN_POINT('',(16.1,22.,0.55));
#4266 = SURFACE_CURVE('',#4267,(#4271,#4278),.PCURVE_S1.);
#4267 = LINE('',#4268,#4269);
#4268 = CARTESIAN_POINT('',(16.1,22.,0.55));
#4269 = VECTOR('',#4270,1.);
#4270 = DIRECTION('',(0.,1.,0.));
#4271 = PCURVE('',#100,#4272);
#4272 = DEFINITIONAL_REPRESENTATION('',(#4273),#4277);
#4273 = LINE('',#4274,#4275);
#4274 = CARTESIAN_POINT('',(48.1,86.));
#4275 = VECTOR('',#4276,1.);
#4276 = DIRECTION('',(0.,1.));
#4277 = ( GEOMETRIC_REPRESENTATION_CONTEXT(2) 
PARAMETRIC_REPRESENTATION_CONTEXT() REPRESENTATION_CONTEXT('2D SPACE',''
  ) );
#4278 = PCURVE('',#4279,#4284);
#4279 = PLANE('',#4280);
#4280 = AXIS2_PLACEMENT_3D('',#4281,#4282,#4283);
#4281 = CARTESIAN_POINT('',(16.1,22.,0.55));
#4282 = DIRECTION('',(1.,0.,0.));
#4283 = DIRECTION('',(0.,0.,1.));
#4284 = DEFINITIONAL_REPRESENTATION('',(#4285),#4289);
#4285 = LINE('',#4286,#4287);
#4286 = CARTESIAN_POINT('',(0.,0.));
#4287 = VECTOR('',#4288,1.);
#4288 = DIRECTION('',(0.,-1.));
#4289 = ( GEOMETRIC_REPRESENTATION_CONTEXT(2) 
PARAMETRIC_REPRESENTATION_CONTEXT() REPRESENTATION_CONTEXT('2D SPACE',''
  ) );
#4290 = ORIENTED_EDGE('',*,*,#4291,.T.);
#4291 = EDGE_CURVE('',#4264,#4292,#4294,.T.);
#4292 = VERTEX_POINT('',#4293);
#4293 = CARTESIAN_POINT('',(17.1,22.,0.55));
#4294 = SURFACE_CURVE('',#4295,(#4299,#4306),.PCURVE_S1.);
#4295 = LINE('',#4296,#4297);
#4296 = CARTESIAN_POINT('',(16.1,22.,0.55));
#4297 = VECTOR('',#4298,1.);
#4298 = DIRECTION('',(1.,0.,0.));
#4299 = PCURVE('',#100,#4300);
#4300 = DEFINITIONAL_REPRESENTATION('',(#4301),#4305);
#4301 = LINE('',#4302,#4303);
#4302 = CARTESIAN_POINT('',(48.1,86.));
#4303 = VECTOR('',#4304,1.);
#4304 = DIRECTION('',(1.,0.));
#4305 = ( GEOMETRIC_REPRESENTATION_CONTEXT(2) 
PARAMETRIC_REPRESENTATION_CONTEXT() REPRESENTATION_CONTEXT('2D SPACE',''
  ) );
#4306 = PCURVE('',#4307,#4312);
#4307 = PLANE('',#4308);
#4308 = AXIS2_PLACEMENT_3D('',#4309,#4310,#4311);
#4309 = CARTESIAN_POINT('',(16.1,22.,0.55));
#4310 = DIRECTION('',(0.,1.,0.));
#4311 = DIRECTION('',(0.,0.,1.));
#4312 = DEFINITIONAL_REPRESENTATION('',(#4313),#4317);
#4313 = LINE('',#4314,#4315);
#4314 = CARTESIAN_POINT('',(0.,0.));
#4315 = VECTOR('',#4316,1.);
#4316 = DIRECTION('',(0.,1.));
#4317 = ( GEOMETRIC_REPRESENTATION_CONTEXT(2) 
PARAMETRIC_REPRESENTATION_CONTEXT() REPRESENTATION_CONTEXT('2D SPACE',''
  ) );
#4318 = ORIENTED_EDGE('',*,*,#4319,.T.);
#4319 = EDGE_CURVE('',#4292,#4320,#4322,.T.);
#4320 = VERTEX_POINT('',#4321);
#4321 = CARTESIAN_POINT('',(17.1,62.4,0.55));
#4322 = SURFACE_CURVE('',#4323,(#4327,#4334),.PCURVE_S1.);
#4323 = LINE('',#4324,#4325);
#4324 = CARTESIAN_POINT('',(17.1,22.,0.55));
#4325 = VECTOR('',#4326,1.);
#4326 = DIRECTION('',(0.,1.,0.));
#4327 = PCURVE('',#100,#4328);
#4328 = DEFINITIONAL_REPRESENTATION('',(#4329),#4333);
#4329 = LINE('',#4330,#4331);
#4330 = CARTESIAN_POINT('',(49.1,86.));
#4331 = VECTOR('',#4332,1.);
#4332 = DIRECTION('',(0.,1.));
#4333 = ( GEOMETRIC_REPRESENTATION_CONTEXT(2) 
PARAMETRIC_REPRESENTATION_CONTEXT() REPRESENTATION_CONTEXT('2D SPACE',''
  ) );
#4334 = PCURVE('',#4335,#4340);
#4335 = PLANE('',#4336);
#4336 = AXIS2_PLACEMENT_3D('',#4337,#4338,#4339);
#4337 = CARTESIAN_POINT('',(17.1,22.,0.55));
#4338 = DIRECTION('',(1.,0.,0.));
#4339 = DIRECTION('',(0.,0.,1.));
#4340 = DEFINITIONAL_REPRESENTATION('',(#4341),#4345);
#4341 = LINE('',#4342,#4343);
#4342 = CARTESIAN_POINT('',(0.,0.));
#4343 = VECTOR('',#4344,1.);
#4344 = DIRECTION('',(0.,-1.));
#4345 = ( GEOMETRIC_REPRESENTATION_CONTEXT(2) 
PARAMETRIC_REPRESENTATION_CONTEXT() REPRESENTATION_CONTEXT('2D SPACE',''
  ) );
#4346 = ORIENTED_EDGE('',*,*,#4347,.F.);
#4347 = EDGE_CURVE('',#4348,#4320,#4350,.T.);
#4348 = VERTEX_POINT('',#4349);
#4349 = CARTESIAN_POINT('',(26.,62.4,0.55));
#4350 = SURFACE_CURVE('',#4351,(#4355,#4362),.PCURVE_S1.);
#4351 = LINE('',#4352,#4353);
#4352 = CARTESIAN_POINT('',(-31.2,62.4,0.55));
#4353 = VECTOR('',#4354,1.);
#4354 = DIRECTION('',(-1.,0.,0.));
#4355 = PCURVE('',#100,#4356);
#4356 = DEFINITIONAL_REPRESENTATION('',(#4357),#4361);
#4357 = LINE('',#4358,#4359);
#4358 = CARTESIAN_POINT('',(0.8,126.4));
#4359 = VECTOR('',#4360,1.);
#4360 = DIRECTION('',(-1.,0.));
#4361 = ( GEOMETRIC_REPRESENTATION_CONTEXT(2) 
PARAMETRIC_REPRESENTATION_CONTEXT() REPRESENTATION_CONTEXT('2D SPACE',''
  ) );
#4362 = PCURVE('',#1610,#4363);
#4363 = DEFINITIONAL_REPRESENTATION('',(#4364),#4367);
#4364 = B_SPLINE_CURVE_WITH_KNOTS('',1,(#4365,#4366),.UNSPECIFIED.,.F.,
  .F.,(2,2),(-57.2,-5.2),.PIECEWISE_BEZIER_KNOTS.);
#4365 = CARTESIAN_POINT('',(0.15,56.4));
#4366 = CARTESIAN_POINT('',(0.15,4.4));
#4367 = ( GEOMETRIC_REPRESENTATION_CONTEXT(2) 
PARAMETRIC_REPRESENTATION_CONTEXT() REPRESENTATION_CONTEXT('2D SPACE',''
  ) );
#4368 = ORIENTED_EDGE('',*,*,#4369,.F.);
#4369 = EDGE_CURVE('',#4370,#4348,#4372,.T.);
#4370 = VERTEX_POINT('',#4371);
#4371 = CARTESIAN_POINT('',(28.452830974816,61.652892033579,0.55));
#4372 = SURFACE_CURVE('',#4373,(#4378,#4385),.PCURVE_S1.);
#4373 = CIRCLE('',#4374,4.4);
#4374 = AXIS2_PLACEMENT_3D('',#4375,#4376,#4377);
#4375 = CARTESIAN_POINT('',(26.,58.,0.55));
#4376 = DIRECTION('',(0.,0.,1.));
#4377 = DIRECTION('',(1.,0.,-0.));
#4378 = PCURVE('',#100,#4379);
#4379 = DEFINITIONAL_REPRESENTATION('',(#4380),#4384);
#4380 = CIRCLE('',#4381,4.4);
#4381 = AXIS2_PLACEMENT_2D('',#4382,#4383);
#4382 = CARTESIAN_POINT('',(58.,122.));
#4383 = DIRECTION('',(1.,0.));
#4384 = ( GEOMETRIC_REPRESENTATION_CONTEXT(2) 
PARAMETRIC_REPRESENTATION_CONTEXT() REPRESENTATION_CONTEXT('2D SPACE',''
  ) );
#4385 = PCURVE('',#1636,#4386);
#4386 = DEFINITIONAL_REPRESENTATION('',(#4387),#4391);
#4387 = LINE('',#4388,#4389);
#4388 = CARTESIAN_POINT('',(0.,0.15));
#4389 = VECTOR('',#4390,1.);
#4390 = DIRECTION('',(1.,0.));
#4391 = ( GEOMETRIC_REPRESENTATION_CONTEXT(2) 
PARAMETRIC_REPRESENTATION_CONTEXT() REPRESENTATION_CONTEXT('2D SPACE',''
  ) );
#4392 = ORIENTED_EDGE('',*,*,#4393,.T.);
#4393 = EDGE_CURVE('',#4370,#4394,#4396,.T.);
#4394 = VERTEX_POINT('',#4395);
#4395 = CARTESIAN_POINT('',(29.609347693943,58.,0.55));
#4396 = SURFACE_CURVE('',#4397,(#4402,#4409),.PCURVE_S1.);
#4397 = CIRCLE('',#4398,2.2);
#4398 = AXIS2_PLACEMENT_3D('',#4399,#4400,#4401);
#4399 = CARTESIAN_POINT('',(28.,59.5,0.55));
#4400 = DIRECTION('',(0.,0.,1.));
#4401 = DIRECTION('',(1.,0.,0.));
#4402 = PCURVE('',#100,#4403);
#4403 = DEFINITIONAL_REPRESENTATION('',(#4404),#4408);
#4404 = CIRCLE('',#4405,2.2);
#4405 = AXIS2_PLACEMENT_2D('',#4406,#4407);
#4406 = CARTESIAN_POINT('',(60.,123.5));
#4407 = DIRECTION('',(1.,0.));
#4408 = ( GEOMETRIC_REPRESENTATION_CONTEXT(2) 
PARAMETRIC_REPRESENTATION_CONTEXT() REPRESENTATION_CONTEXT('2D SPACE',''
  ) );
#4409 = PCURVE('',#991,#4410);
#4410 = DEFINITIONAL_REPRESENTATION('',(#4411),#4415);
#4411 = LINE('',#4412,#4413);
#4412 = CARTESIAN_POINT('',(-0.,0.));
#4413 = VECTOR('',#4414,1.);
#4414 = DIRECTION('',(-1.,0.));
#4415 = ( GEOMETRIC_REPRESENTATION_CONTEXT(2) 
PARAMETRIC_REPRESENTATION_CONTEXT() REPRESENTATION_CONTEXT('2D SPACE',''
  ) );
#4416 = ORIENTED_EDGE('',*,*,#4417,.T.);
#4417 = EDGE_CURVE('',#4394,#4418,#4420,.T.);
#4418 = VERTEX_POINT('',#4419);
#4419 = CARTESIAN_POINT('',(30.4,58.,0.55));
#4420 = SURFACE_CURVE('',#4421,(#4425,#4432),.PCURVE_S1.);
#4421 = LINE('',#4422,#4423);
#4422 = CARTESIAN_POINT('',(28.5,58.,0.55));
#4423 = VECTOR('',#4424,1.);
#4424 = DIRECTION('',(1.,0.,0.));
#4425 = PCURVE('',#100,#4426);
#4426 = DEFINITIONAL_REPRESENTATION('',(#4427),#4431);
#4427 = LINE('',#4428,#4429);
#4428 = CARTESIAN_POINT('',(60.5,122.));
#4429 = VECTOR('',#4430,1.);
#4430 = DIRECTION('',(1.,0.));
#4431 = ( GEOMETRIC_REPRESENTATION_CONTEXT(2) 
PARAMETRIC_REPRESENTATION_CONTEXT() REPRESENTATION_CONTEXT('2D SPACE',''
  ) );
#4432 = PCURVE('',#1019,#4433);
#4433 = DEFINITIONAL_REPRESENTATION('',(#4434),#4438);
#4434 = LINE('',#4435,#4436);
#4435 = CARTESIAN_POINT('',(0.,0.));
#4436 = VECTOR('',#4437,1.);
#4437 = DIRECTION('',(0.,1.));
#4438 = ( GEOMETRIC_REPRESENTATION_CONTEXT(2) 
PARAMETRIC_REPRESENTATION_CONTEXT() REPRESENTATION_CONTEXT('2D SPACE',''
  ) );
#4439 = ORIENTED_EDGE('',*,*,#4440,.F.);
#4440 = EDGE_CURVE('',#4441,#4418,#4443,.T.);
#4441 = VERTEX_POINT('',#4442);
#4442 = CARTESIAN_POINT('',(30.4,53.8,0.55));
#4443 = SURFACE_CURVE('',#4444,(#4448,#4455),.PCURVE_S1.);
#4444 = LINE('',#4445,#4446);
#4445 = CARTESIAN_POINT('',(30.4,-63.2,0.55));
#4446 = VECTOR('',#4447,1.);
#4447 = DIRECTION('',(0.,1.,0.));
#4448 = PCURVE('',#100,#4449);
#4449 = DEFINITIONAL_REPRESENTATION('',(#4450),#4454);
#4450 = LINE('',#4451,#4452);
#4451 = CARTESIAN_POINT('',(62.4,0.8));
#4452 = VECTOR('',#4453,1.);
#4453 = DIRECTION('',(0.,1.));
#4454 = ( GEOMETRIC_REPRESENTATION_CONTEXT(2) 
PARAMETRIC_REPRESENTATION_CONTEXT() REPRESENTATION_CONTEXT('2D SPACE',''
  ) );
#4455 = PCURVE('',#1047,#4456);
#4456 = DEFINITIONAL_REPRESENTATION('',(#4457),#4460);
#4457 = B_SPLINE_CURVE_WITH_KNOTS('',1,(#4458,#4459),.UNSPECIFIED.,.F.,
  .F.,(2,2),(5.2,121.2),.PIECEWISE_BEZIER_KNOTS.);
#4458 = CARTESIAN_POINT('',(0.15,-4.4));
#4459 = CARTESIAN_POINT('',(0.15,-120.4));
#4460 = ( GEOMETRIC_REPRESENTATION_CONTEXT(2) 
PARAMETRIC_REPRESENTATION_CONTEXT() REPRESENTATION_CONTEXT('2D SPACE',''
  ) );
#4461 = ORIENTED_EDGE('',*,*,#4462,.F.);
#4462 = EDGE_CURVE('',#4463,#4441,#4465,.T.);
#4463 = VERTEX_POINT('',#4464);
#4464 = CARTESIAN_POINT('',(18.1,53.8,0.55));
#4465 = SURFACE_CURVE('',#4466,(#4470,#4477),.PCURVE_S1.);
#4466 = LINE('',#4467,#4468);
#4467 = CARTESIAN_POINT('',(18.1,53.8,0.55));
#4468 = VECTOR('',#4469,1.);
#4469 = DIRECTION('',(1.,-5.776770209432E-16,0.));
#4470 = PCURVE('',#100,#4471);
#4471 = DEFINITIONAL_REPRESENTATION('',(#4472),#4476);
#4472 = LINE('',#4473,#4474);
#4473 = CARTESIAN_POINT('',(50.1,117.8));
#4474 = VECTOR('',#4475,1.);
#4475 = DIRECTION('',(1.,-5.776770209432E-16));
#4476 = ( GEOMETRIC_REPRESENTATION_CONTEXT(2) 
PARAMETRIC_REPRESENTATION_CONTEXT() REPRESENTATION_CONTEXT('2D SPACE',''
  ) );
#4477 = PCURVE('',#4478,#4483);
#4478 = PLANE('',#4479);
#4479 = AXIS2_PLACEMENT_3D('',#4480,#4481,#4482);
#4480 = CARTESIAN_POINT('',(18.5,53.8,0.55));
#4481 = DIRECTION('',(0.,1.,0.));
#4482 = DIRECTION('',(0.,0.,1.));
#4483 = DEFINITIONAL_REPRESENTATION('',(#4484),#4488);
#4484 = LINE('',#4485,#4486);
#4485 = CARTESIAN_POINT('',(0.,-0.4));
#4486 = VECTOR('',#4487,1.);
#4487 = DIRECTION('',(0.,1.));
#4488 = ( GEOMETRIC_REPRESENTATION_CONTEXT(2) 
PARAMETRIC_REPRESENTATION_CONTEXT() REPRESENTATION_CONTEXT('2D SPACE',''
  ) );
#4489 = ORIENTED_EDGE('',*,*,#4490,.F.);
#4490 = EDGE_CURVE('',#4491,#4463,#4493,.T.);
#4491 = VERTEX_POINT('',#4492);
#4492 = CARTESIAN_POINT('',(18.1,52.6,0.55));
#4493 = SURFACE_CURVE('',#4494,(#4498,#4505),.PCURVE_S1.);
#4494 = LINE('',#4495,#4496);
#4495 = CARTESIAN_POINT('',(18.1,52.6,0.55));
#4496 = VECTOR('',#4497,1.);
#4497 = DIRECTION('',(0.,1.,0.));
#4498 = PCURVE('',#100,#4499);
#4499 = DEFINITIONAL_REPRESENTATION('',(#4500),#4504);
#4500 = LINE('',#4501,#4502);
#4501 = CARTESIAN_POINT('',(50.1,116.6));
#4502 = VECTOR('',#4503,1.);
#4503 = DIRECTION('',(0.,1.));
#4504 = ( GEOMETRIC_REPRESENTATION_CONTEXT(2) 
PARAMETRIC_REPRESENTATION_CONTEXT() REPRESENTATION_CONTEXT('2D SPACE',''
  ) );
#4505 = PCURVE('',#4506,#4511);
#4506 = PLANE('',#4507);
#4507 = AXIS2_PLACEMENT_3D('',#4508,#4509,#4510);
#4508 = CARTESIAN_POINT('',(18.1,52.6,0.55));
#4509 = DIRECTION('',(1.,0.,0.));
#4510 = DIRECTION('',(0.,0.,1.));
#4511 = DEFINITIONAL_REPRESENTATION('',(#4512),#4516);
#4512 = LINE('',#4513,#4514);
#4513 = CARTESIAN_POINT('',(0.,0.));
#4514 = VECTOR('',#4515,1.);
#4515 = DIRECTION('',(0.,-1.));
#4516 = ( GEOMETRIC_REPRESENTATION_CONTEXT(2) 
PARAMETRIC_REPRESENTATION_CONTEXT() REPRESENTATION_CONTEXT('2D SPACE',''
  ) );
#4517 = ORIENTED_EDGE('',*,*,#4518,.F.);
#4518 = EDGE_CURVE('',#4519,#4491,#4521,.T.);
#4519 = VERTEX_POINT('',#4520);
#4520 = CARTESIAN_POINT('',(30.4,52.6,0.55));
#4521 = SURFACE_CURVE('',#4522,(#4526,#4533),.PCURVE_S1.);
#4522 = LINE('',#4523,#4524);
#4523 = CARTESIAN_POINT('',(30.4,52.6,0.55));
#4524 = VECTOR('',#4525,1.);
#4525 = DIRECTION('',(-1.,-5.776770209432E-16,0.));
#4526 = PCURVE('',#100,#4527);
#4527 = DEFINITIONAL_REPRESENTATION('',(#4528),#4532);
#4528 = LINE('',#4529,#4530);
#4529 = CARTESIAN_POINT('',(62.4,116.6));
#4530 = VECTOR('',#4531,1.);
#4531 = DIRECTION('',(-1.,-5.776770209432E-16));
#4532 = ( GEOMETRIC_REPRESENTATION_CONTEXT(2) 
PARAMETRIC_REPRESENTATION_CONTEXT() REPRESENTATION_CONTEXT('2D SPACE',''
  ) );
#4533 = PCURVE('',#4534,#4539);
#4534 = PLANE('',#4535);
#4535 = AXIS2_PLACEMENT_3D('',#4536,#4537,#4538);
#4536 = CARTESIAN_POINT('',(18.5,52.6,0.55));
#4537 = DIRECTION('',(0.,1.,0.));
#4538 = DIRECTION('',(0.,0.,1.));
#4539 = DEFINITIONAL_REPRESENTATION('',(#4540),#4544);
#4540 = LINE('',#4541,#4542);
#4541 = CARTESIAN_POINT('',(0.,11.9));
#4542 = VECTOR('',#4543,1.);
#4543 = DIRECTION('',(0.,-1.));
#4544 = ( GEOMETRIC_REPRESENTATION_CONTEXT(2) 
PARAMETRIC_REPRESENTATION_CONTEXT() REPRESENTATION_CONTEXT('2D SPACE',''
  ) );
#4545 = ORIENTED_EDGE('',*,*,#4546,.F.);
#4546 = EDGE_CURVE('',#4547,#4519,#4549,.T.);
#4547 = VERTEX_POINT('',#4548);
#4548 = CARTESIAN_POINT('',(30.4,31.4,0.55));
#4549 = SURFACE_CURVE('',#4550,(#4554,#4561),.PCURVE_S1.);
#4550 = LINE('',#4551,#4552);
#4551 = CARTESIAN_POINT('',(30.4,-63.2,0.55));
#4552 = VECTOR('',#4553,1.);
#4553 = DIRECTION('',(0.,1.,0.));
#4554 = PCURVE('',#100,#4555);
#4555 = DEFINITIONAL_REPRESENTATION('',(#4556),#4560);
#4556 = LINE('',#4557,#4558);
#4557 = CARTESIAN_POINT('',(62.4,0.8));
#4558 = VECTOR('',#4559,1.);
#4559 = DIRECTION('',(0.,1.));
#4560 = ( GEOMETRIC_REPRESENTATION_CONTEXT(2) 
PARAMETRIC_REPRESENTATION_CONTEXT() REPRESENTATION_CONTEXT('2D SPACE',''
  ) );
#4561 = PCURVE('',#1047,#4562);
#4562 = DEFINITIONAL_REPRESENTATION('',(#4563),#4566);
#4563 = B_SPLINE_CURVE_WITH_KNOTS('',1,(#4564,#4565),.UNSPECIFIED.,.F.,
  .F.,(2,2),(5.2,121.2),.PIECEWISE_BEZIER_KNOTS.);
#4564 = CARTESIAN_POINT('',(0.15,-4.4));
#4565 = CARTESIAN_POINT('',(0.15,-120.4));
#4566 = ( GEOMETRIC_REPRESENTATION_CONTEXT(2) 
PARAMETRIC_REPRESENTATION_CONTEXT() REPRESENTATION_CONTEXT('2D SPACE',''
  ) );
#4567 = ORIENTED_EDGE('',*,*,#4568,.F.);
#4568 = EDGE_CURVE('',#4569,#4547,#4571,.T.);
#4569 = VERTEX_POINT('',#4570);
#4570 = CARTESIAN_POINT('',(18.1,31.4,0.55));
#4571 = SURFACE_CURVE('',#4572,(#4576,#4583),.PCURVE_S1.);
#4572 = LINE('',#4573,#4574);
#4573 = CARTESIAN_POINT('',(18.1,31.4,0.55));
#4574 = VECTOR('',#4575,1.);
#4575 = DIRECTION('',(1.,2.888385104716E-16,0.));
#4576 = PCURVE('',#100,#4577);
#4577 = DEFINITIONAL_REPRESENTATION('',(#4578),#4582);
#4578 = LINE('',#4579,#4580);
#4579 = CARTESIAN_POINT('',(50.1,95.4));
#4580 = VECTOR('',#4581,1.);
#4581 = DIRECTION('',(1.,2.888385104716E-16));
#4582 = ( GEOMETRIC_REPRESENTATION_CONTEXT(2) 
PARAMETRIC_REPRESENTATION_CONTEXT() REPRESENTATION_CONTEXT('2D SPACE',''
  ) );
#4583 = PCURVE('',#4584,#4589);
#4584 = PLANE('',#4585);
#4585 = AXIS2_PLACEMENT_3D('',#4586,#4587,#4588);
#4586 = CARTESIAN_POINT('',(18.5,31.4,0.55));
#4587 = DIRECTION('',(0.,1.,0.));
#4588 = DIRECTION('',(0.,0.,1.));
#4589 = DEFINITIONAL_REPRESENTATION('',(#4590),#4594);
#4590 = LINE('',#4591,#4592);
#4591 = CARTESIAN_POINT('',(0.,-0.4));
#4592 = VECTOR('',#4593,1.);
#4593 = DIRECTION('',(0.,1.));
#4594 = ( GEOMETRIC_REPRESENTATION_CONTEXT(2) 
PARAMETRIC_REPRESENTATION_CONTEXT() REPRESENTATION_CONTEXT('2D SPACE',''
  ) );
#4595 = ORIENTED_EDGE('',*,*,#4596,.F.);
#4596 = EDGE_CURVE('',#4597,#4569,#4599,.T.);
#4597 = VERTEX_POINT('',#4598);
#4598 = CARTESIAN_POINT('',(18.1,30.2,0.55));
#4599 = SURFACE_CURVE('',#4600,(#4604,#4611),.PCURVE_S1.);
#4600 = LINE('',#4601,#4602);
#4601 = CARTESIAN_POINT('',(18.1,30.2,0.55));
#4602 = VECTOR('',#4603,1.);
#4603 = DIRECTION('',(0.,1.,0.));
#4604 = PCURVE('',#100,#4605);
#4605 = DEFINITIONAL_REPRESENTATION('',(#4606),#4610);
#4606 = LINE('',#4607,#4608);
#4607 = CARTESIAN_POINT('',(50.1,94.2));
#4608 = VECTOR('',#4609,1.);
#4609 = DIRECTION('',(0.,1.));
#4610 = ( GEOMETRIC_REPRESENTATION_CONTEXT(2) 
PARAMETRIC_REPRESENTATION_CONTEXT() REPRESENTATION_CONTEXT('2D SPACE',''
  ) );
#4611 = PCURVE('',#4612,#4617);
#4612 = PLANE('',#4613);
#4613 = AXIS2_PLACEMENT_3D('',#4614,#4615,#4616);
#4614 = CARTESIAN_POINT('',(18.1,30.2,0.55));
#4615 = DIRECTION('',(1.,0.,0.));
#4616 = DIRECTION('',(0.,0.,1.));
#4617 = DEFINITIONAL_REPRESENTATION('',(#4618),#4622);
#4618 = LINE('',#4619,#4620);
#4619 = CARTESIAN_POINT('',(0.,0.));
#4620 = VECTOR('',#4621,1.);
#4621 = DIRECTION('',(0.,-1.));
#4622 = ( GEOMETRIC_REPRESENTATION_CONTEXT(2) 
PARAMETRIC_REPRESENTATION_CONTEXT() REPRESENTATION_CONTEXT('2D SPACE',''
  ) );
#4623 = ORIENTED_EDGE('',*,*,#4624,.F.);
#4624 = EDGE_CURVE('',#4625,#4597,#4627,.T.);
#4625 = VERTEX_POINT('',#4626);
#4626 = CARTESIAN_POINT('',(30.4,30.2,0.55));
#4627 = SURFACE_CURVE('',#4628,(#4632,#4639),.PCURVE_S1.);
#4628 = LINE('',#4629,#4630);
#4629 = CARTESIAN_POINT('',(30.4,30.2,0.55));
#4630 = VECTOR('',#4631,1.);
#4631 = DIRECTION('',(-1.,-2.888385104716E-16,0.));
#4632 = PCURVE('',#100,#4633);
#4633 = DEFINITIONAL_REPRESENTATION('',(#4634),#4638);
#4634 = LINE('',#4635,#4636);
#4635 = CARTESIAN_POINT('',(62.4,94.2));
#4636 = VECTOR('',#4637,1.);
#4637 = DIRECTION('',(-1.,-2.888385104716E-16));
#4638 = ( GEOMETRIC_REPRESENTATION_CONTEXT(2) 
PARAMETRIC_REPRESENTATION_CONTEXT() REPRESENTATION_CONTEXT('2D SPACE',''
  ) );
#4639 = PCURVE('',#4640,#4645);
#4640 = PLANE('',#4641);
#4641 = AXIS2_PLACEMENT_3D('',#4642,#4643,#4644);
#4642 = CARTESIAN_POINT('',(18.5,30.2,0.55));
#4643 = DIRECTION('',(0.,1.,0.));
#4644 = DIRECTION('',(0.,0.,1.));
#4645 = DEFINITIONAL_REPRESENTATION('',(#4646),#4650);
#4646 = LINE('',#4647,#4648);
#4647 = CARTESIAN_POINT('',(0.,11.9));
#4648 = VECTOR('',#4649,1.);
#4649 = DIRECTION('',(0.,-1.));
#4650 = ( GEOMETRIC_REPRESENTATION_CONTEXT(2) 
PARAMETRIC_REPRESENTATION_CONTEXT() REPRESENTATION_CONTEXT('2D SPACE',''
  ) );
#4651 = ORIENTED_EDGE('',*,*,#4652,.F.);
#4652 = EDGE_CURVE('',#4653,#4625,#4655,.T.);
#4653 = VERTEX_POINT('',#4654);
#4654 = CARTESIAN_POINT('',(30.4,21.9,0.55));
#4655 = SURFACE_CURVE('',#4656,(#4660,#4667),.PCURVE_S1.);
#4656 = LINE('',#4657,#4658);
#4657 = CARTESIAN_POINT('',(30.4,-63.2,0.55));
#4658 = VECTOR('',#4659,1.);
#4659 = DIRECTION('',(0.,1.,0.));
#4660 = PCURVE('',#100,#4661);
#4661 = DEFINITIONAL_REPRESENTATION('',(#4662),#4666);
#4662 = LINE('',#4663,#4664);
#4663 = CARTESIAN_POINT('',(62.4,0.8));
#4664 = VECTOR('',#4665,1.);
#4665 = DIRECTION('',(0.,1.));
#4666 = ( GEOMETRIC_REPRESENTATION_CONTEXT(2) 
PARAMETRIC_REPRESENTATION_CONTEXT() REPRESENTATION_CONTEXT('2D SPACE',''
  ) );
#4667 = PCURVE('',#1047,#4668);
#4668 = DEFINITIONAL_REPRESENTATION('',(#4669),#4672);
#4669 = B_SPLINE_CURVE_WITH_KNOTS('',1,(#4670,#4671),.UNSPECIFIED.,.F.,
  .F.,(2,2),(5.2,121.2),.PIECEWISE_BEZIER_KNOTS.);
#4670 = CARTESIAN_POINT('',(0.15,-4.4));
#4671 = CARTESIAN_POINT('',(0.15,-120.4));
#4672 = ( GEOMETRIC_REPRESENTATION_CONTEXT(2) 
PARAMETRIC_REPRESENTATION_CONTEXT() REPRESENTATION_CONTEXT('2D SPACE',''
  ) );
#4673 = ORIENTED_EDGE('',*,*,#4674,.F.);
#4674 = EDGE_CURVE('',#4675,#4653,#4677,.T.);
#4675 = VERTEX_POINT('',#4676);
#4676 = CARTESIAN_POINT('',(7.9961102,21.9,0.55));
#4677 = SURFACE_CURVE('',#4678,(#4682,#4689),.PCURVE_S1.);
#4678 = LINE('',#4679,#4680);
#4679 = CARTESIAN_POINT('',(7.9961102,21.9,0.55));
#4680 = VECTOR('',#4681,1.);
#4681 = DIRECTION('',(1.,0.,0.));
#4682 = PCURVE('',#100,#4683);
#4683 = DEFINITIONAL_REPRESENTATION('',(#4684),#4688);
#4684 = LINE('',#4685,#4686);
#4685 = CARTESIAN_POINT('',(39.9961102,85.9));
#4686 = VECTOR('',#4687,1.);
#4687 = DIRECTION('',(1.,0.));
#4688 = ( GEOMETRIC_REPRESENTATION_CONTEXT(2) 
PARAMETRIC_REPRESENTATION_CONTEXT() REPRESENTATION_CONTEXT('2D SPACE',''
  ) );
#4689 = PCURVE('',#4690,#4695);
#4690 = PLANE('',#4691);
#4691 = AXIS2_PLACEMENT_3D('',#4692,#4693,#4694);
#4692 = CARTESIAN_POINT('',(7.9961102,21.9,0.55));
#4693 = DIRECTION('',(0.,1.,0.));
#4694 = DIRECTION('',(0.,0.,1.));
#4695 = DEFINITIONAL_REPRESENTATION('',(#4696),#4700);
#4696 = LINE('',#4697,#4698);
#4697 = CARTESIAN_POINT('',(0.,0.));
#4698 = VECTOR('',#4699,1.);
#4699 = DIRECTION('',(0.,1.));
#4700 = ( GEOMETRIC_REPRESENTATION_CONTEXT(2) 
PARAMETRIC_REPRESENTATION_CONTEXT() REPRESENTATION_CONTEXT('2D SPACE',''
  ) );
#4701 = ORIENTED_EDGE('',*,*,#4702,.F.);
#4702 = EDGE_CURVE('',#4703,#4675,#4705,.T.);
#4703 = VERTEX_POINT('',#4704);
#4704 = CARTESIAN_POINT('',(7.9961102,2.8,0.55));
#4705 = SURFACE_CURVE('',#4706,(#4710,#4717),.PCURVE_S1.);
#4706 = LINE('',#4707,#4708);
#4707 = CARTESIAN_POINT('',(7.9961102,2.1,0.55));
#4708 = VECTOR('',#4709,1.);
#4709 = DIRECTION('',(0.,1.,0.));
#4710 = PCURVE('',#100,#4711);
#4711 = DEFINITIONAL_REPRESENTATION('',(#4712),#4716);
#4712 = LINE('',#4713,#4714);
#4713 = CARTESIAN_POINT('',(39.9961102,66.1));
#4714 = VECTOR('',#4715,1.);
#4715 = DIRECTION('',(0.,1.));
#4716 = ( GEOMETRIC_REPRESENTATION_CONTEXT(2) 
PARAMETRIC_REPRESENTATION_CONTEXT() REPRESENTATION_CONTEXT('2D SPACE',''
  ) );
#4717 = PCURVE('',#3443,#4718);
#4718 = DEFINITIONAL_REPRESENTATION('',(#4719),#4723);
#4719 = LINE('',#4720,#4721);
#4720 = CARTESIAN_POINT('',(0.,0.));
#4721 = VECTOR('',#4722,1.);
#4722 = DIRECTION('',(0.,-1.));
#4723 = ( GEOMETRIC_REPRESENTATION_CONTEXT(2) 
PARAMETRIC_REPRESENTATION_CONTEXT() REPRESENTATION_CONTEXT('2D SPACE',''
  ) );
#4724 = ORIENTED_EDGE('',*,*,#4725,.F.);
#4725 = EDGE_CURVE('',#4726,#4703,#4728,.T.);
#4726 = VERTEX_POINT('',#4727);
#4727 = CARTESIAN_POINT('',(-6.8,2.8,0.55));
#4728 = SURFACE_CURVE('',#4729,(#4733,#4740),.PCURVE_S1.);
#4729 = LINE('',#4730,#4731);
#4730 = CARTESIAN_POINT('',(-31.,2.8,0.55));
#4731 = VECTOR('',#4732,1.);
#4732 = DIRECTION('',(1.,0.,0.));
#4733 = PCURVE('',#100,#4734);
#4734 = DEFINITIONAL_REPRESENTATION('',(#4735),#4739);
#4735 = LINE('',#4736,#4737);
#4736 = CARTESIAN_POINT('',(1.,66.8));
#4737 = VECTOR('',#4738,1.);
#4738 = DIRECTION('',(1.,0.));
#4739 = ( GEOMETRIC_REPRESENTATION_CONTEXT(2) 
PARAMETRIC_REPRESENTATION_CONTEXT() REPRESENTATION_CONTEXT('2D SPACE',''
  ) );
#4740 = PCURVE('',#4741,#4746);
#4741 = PLANE('',#4742);
#4742 = AXIS2_PLACEMENT_3D('',#4743,#4744,#4745);
#4743 = CARTESIAN_POINT('',(-31.,2.8,0.55));
#4744 = DIRECTION('',(0.,1.,0.));
#4745 = DIRECTION('',(0.,0.,1.));
#4746 = DEFINITIONAL_REPRESENTATION('',(#4747),#4751);
#4747 = LINE('',#4748,#4749);
#4748 = CARTESIAN_POINT('',(0.,0.));
#4749 = VECTOR('',#4750,1.);
#4750 = DIRECTION('',(0.,1.));
#4751 = ( GEOMETRIC_REPRESENTATION_CONTEXT(2) 
PARAMETRIC_REPRESENTATION_CONTEXT() REPRESENTATION_CONTEXT('2D SPACE',''
  ) );
#4752 = ORIENTED_EDGE('',*,*,#4753,.F.);
#4753 = EDGE_CURVE('',#4754,#4726,#4756,.T.);
#4754 = VERTEX_POINT('',#4755);
#4755 = CARTESIAN_POINT('',(-6.8,21.105572809,0.55));
#4756 = SURFACE_CURVE('',#4757,(#4761,#4768),.PCURVE_S1.);
#4757 = LINE('',#4758,#4759);
#4758 = CARTESIAN_POINT('',(-6.8,22.,0.55));
#4759 = VECTOR('',#4760,1.);
#4760 = DIRECTION('',(0.,-1.,0.));
#4761 = PCURVE('',#100,#4762);
#4762 = DEFINITIONAL_REPRESENTATION('',(#4763),#4767);
#4763 = LINE('',#4764,#4765);
#4764 = CARTESIAN_POINT('',(25.2,86.));
#4765 = VECTOR('',#4766,1.);
#4766 = DIRECTION('',(0.,-1.));
#4767 = ( GEOMETRIC_REPRESENTATION_CONTEXT(2) 
PARAMETRIC_REPRESENTATION_CONTEXT() REPRESENTATION_CONTEXT('2D SPACE',''
  ) );
#4768 = PCURVE('',#3389,#4769);
#4769 = DEFINITIONAL_REPRESENTATION('',(#4770),#4774);
#4770 = LINE('',#4771,#4772);
#4771 = CARTESIAN_POINT('',(0.,-20.));
#4772 = VECTOR('',#4773,1.);
#4773 = DIRECTION('',(0.,1.));
#4774 = ( GEOMETRIC_REPRESENTATION_CONTEXT(2) 
PARAMETRIC_REPRESENTATION_CONTEXT() REPRESENTATION_CONTEXT('2D SPACE',''
  ) );
#4775 = ORIENTED_EDGE('',*,*,#4776,.T.);
#4776 = EDGE_CURVE('',#4754,#4777,#4779,.T.);
#4777 = VERTEX_POINT('',#4778);
#4778 = CARTESIAN_POINT('',(-4.8,22.,0.55));
#4779 = SURFACE_CURVE('',#4780,(#4785,#4792),.PCURVE_S1.);
#4780 = CIRCLE('',#4781,1.2);
#4781 = AXIS2_PLACEMENT_3D('',#4782,#4783,#4784);
#4782 = CARTESIAN_POINT('',(-6.,22.,0.55));
#4783 = DIRECTION('',(0.,0.,1.));
#4784 = DIRECTION('',(1.,0.,0.));
#4785 = PCURVE('',#100,#4786);
#4786 = DEFINITIONAL_REPRESENTATION('',(#4787),#4791);
#4787 = CIRCLE('',#4788,1.2);
#4788 = AXIS2_PLACEMENT_2D('',#4789,#4790);
#4789 = CARTESIAN_POINT('',(26.,86.));
#4790 = DIRECTION('',(1.,0.));
#4791 = ( GEOMETRIC_REPRESENTATION_CONTEXT(2) 
PARAMETRIC_REPRESENTATION_CONTEXT() REPRESENTATION_CONTEXT('2D SPACE',''
  ) );
#4792 = PCURVE('',#4793,#4798);
#4793 = CYLINDRICAL_SURFACE('',#4794,1.2);
#4794 = AXIS2_PLACEMENT_3D('',#4795,#4796,#4797);
#4795 = CARTESIAN_POINT('',(-6.,22.,0.55));
#4796 = DIRECTION('',(-0.,-0.,-1.));
#4797 = DIRECTION('',(1.,0.,0.));
#4798 = DEFINITIONAL_REPRESENTATION('',(#4799),#4803);
#4799 = LINE('',#4800,#4801);
#4800 = CARTESIAN_POINT('',(-0.,0.));
#4801 = VECTOR('',#4802,1.);
#4802 = DIRECTION('',(-1.,0.));
#4803 = ( GEOMETRIC_REPRESENTATION_CONTEXT(2) 
PARAMETRIC_REPRESENTATION_CONTEXT() REPRESENTATION_CONTEXT('2D SPACE',''
  ) );
#4804 = ORIENTED_EDGE('',*,*,#4805,.T.);
#4805 = EDGE_CURVE('',#4777,#4806,#4808,.T.);
#4806 = VERTEX_POINT('',#4807);
#4807 = CARTESIAN_POINT('',(-7.131370849898,22.4,0.55));
#4808 = SURFACE_CURVE('',#4809,(#4814,#4821),.PCURVE_S1.);
#4809 = CIRCLE('',#4810,1.2);
#4810 = AXIS2_PLACEMENT_3D('',#4811,#4812,#4813);
#4811 = CARTESIAN_POINT('',(-6.,22.,0.55));
#4812 = DIRECTION('',(0.,0.,1.));
#4813 = DIRECTION('',(1.,0.,0.));
#4814 = PCURVE('',#100,#4815);
#4815 = DEFINITIONAL_REPRESENTATION('',(#4816),#4820);
#4816 = CIRCLE('',#4817,1.2);
#4817 = AXIS2_PLACEMENT_2D('',#4818,#4819);
#4818 = CARTESIAN_POINT('',(26.,86.));
#4819 = DIRECTION('',(1.,0.));
#4820 = ( GEOMETRIC_REPRESENTATION_CONTEXT(2) 
PARAMETRIC_REPRESENTATION_CONTEXT() REPRESENTATION_CONTEXT('2D SPACE',''
  ) );
#4821 = PCURVE('',#4793,#4822);
#4822 = DEFINITIONAL_REPRESENTATION('',(#4823),#4827);
#4823 = LINE('',#4824,#4825);
#4824 = CARTESIAN_POINT('',(-0.,0.));
#4825 = VECTOR('',#4826,1.);
#4826 = DIRECTION('',(-1.,0.));
#4827 = ( GEOMETRIC_REPRESENTATION_CONTEXT(2) 
PARAMETRIC_REPRESENTATION_CONTEXT() REPRESENTATION_CONTEXT('2D SPACE',''
  ) );
#4828 = ORIENTED_EDGE('',*,*,#4829,.F.);
#4829 = EDGE_CURVE('',#4830,#4806,#4832,.T.);
#4830 = VERTEX_POINT('',#4831);
#4831 = CARTESIAN_POINT('',(-30.4,22.4,0.55));
#4832 = SURFACE_CURVE('',#4833,(#4837,#4844),.PCURVE_S1.);
#4833 = LINE('',#4834,#4835);
#4834 = CARTESIAN_POINT('',(-30.8,22.4,0.55));
#4835 = VECTOR('',#4836,1.);
#4836 = DIRECTION('',(1.,0.,0.));
#4837 = PCURVE('',#100,#4838);
#4838 = DEFINITIONAL_REPRESENTATION('',(#4839),#4843);
#4839 = LINE('',#4840,#4841);
#4840 = CARTESIAN_POINT('',(1.2,86.4));
#4841 = VECTOR('',#4842,1.);
#4842 = DIRECTION('',(1.,0.));
#4843 = ( GEOMETRIC_REPRESENTATION_CONTEXT(2) 
PARAMETRIC_REPRESENTATION_CONTEXT() REPRESENTATION_CONTEXT('2D SPACE',''
  ) );
#4844 = PCURVE('',#4845,#4850);
#4845 = PLANE('',#4846);
#4846 = AXIS2_PLACEMENT_3D('',#4847,#4848,#4849);
#4847 = CARTESIAN_POINT('',(-30.8,22.4,0.55));
#4848 = DIRECTION('',(0.,1.,0.));
#4849 = DIRECTION('',(0.,0.,1.));
#4850 = DEFINITIONAL_REPRESENTATION('',(#4851),#4855);
#4851 = LINE('',#4852,#4853);
#4852 = CARTESIAN_POINT('',(0.,0.));
#4853 = VECTOR('',#4854,1.);
#4854 = DIRECTION('',(0.,1.));
#4855 = ( GEOMETRIC_REPRESENTATION_CONTEXT(2) 
PARAMETRIC_REPRESENTATION_CONTEXT() REPRESENTATION_CONTEXT('2D SPACE',''
  ) );
#4856 = ORIENTED_EDGE('',*,*,#4857,.T.);
#4857 = EDGE_CURVE('',#4830,#4858,#4860,.T.);
#4858 = VERTEX_POINT('',#4859);
#4859 = CARTESIAN_POINT('',(-30.4,23.5,0.55));
#4860 = SURFACE_CURVE('',#4861,(#4865,#4872),.PCURVE_S1.);
#4861 = LINE('',#4862,#4863);
#4862 = CARTESIAN_POINT('',(-30.4,-63.2,0.55));
#4863 = VECTOR('',#4864,1.);
#4864 = DIRECTION('',(0.,1.,0.));
#4865 = PCURVE('',#100,#4866);
#4866 = DEFINITIONAL_REPRESENTATION('',(#4867),#4871);
#4867 = LINE('',#4868,#4869);
#4868 = CARTESIAN_POINT('',(1.6,0.8));
#4869 = VECTOR('',#4870,1.);
#4870 = DIRECTION('',(0.,1.));
#4871 = ( GEOMETRIC_REPRESENTATION_CONTEXT(2) 
PARAMETRIC_REPRESENTATION_CONTEXT() REPRESENTATION_CONTEXT('2D SPACE',''
  ) );
#4872 = PCURVE('',#1497,#4873);
#4873 = DEFINITIONAL_REPRESENTATION('',(#4874),#4877);
#4874 = B_SPLINE_CURVE_WITH_KNOTS('',1,(#4875,#4876),.UNSPECIFIED.,.F.,
  .F.,(2,2),(5.2,121.2),.PIECEWISE_BEZIER_KNOTS.);
#4875 = CARTESIAN_POINT('',(0.15,-4.4));
#4876 = CARTESIAN_POINT('',(0.15,-120.4));
#4877 = ( GEOMETRIC_REPRESENTATION_CONTEXT(2) 
PARAMETRIC_REPRESENTATION_CONTEXT() REPRESENTATION_CONTEXT('2D SPACE',''
  ) );
#4878 = ORIENTED_EDGE('',*,*,#4879,.T.);
#4879 = EDGE_CURVE('',#4858,#4880,#4882,.T.);
#4880 = VERTEX_POINT('',#4881);
#4881 = CARTESIAN_POINT('',(-27.7,23.5,0.55));
#4882 = SURFACE_CURVE('',#4883,(#4887,#4894),.PCURVE_S1.);
#4883 = LINE('',#4884,#4885);
#4884 = CARTESIAN_POINT('',(-30.4,23.5,0.55));
#4885 = VECTOR('',#4886,1.);
#4886 = DIRECTION('',(1.,0.,0.));
#4887 = PCURVE('',#100,#4888);
#4888 = DEFINITIONAL_REPRESENTATION('',(#4889),#4893);
#4889 = LINE('',#4890,#4891);
#4890 = CARTESIAN_POINT('',(1.6,87.5));
#4891 = VECTOR('',#4892,1.);
#4892 = DIRECTION('',(1.,0.));
#4893 = ( GEOMETRIC_REPRESENTATION_CONTEXT(2) 
PARAMETRIC_REPRESENTATION_CONTEXT() REPRESENTATION_CONTEXT('2D SPACE',''
  ) );
#4894 = PCURVE('',#4895,#4900);
#4895 = PLANE('',#4896);
#4896 = AXIS2_PLACEMENT_3D('',#4897,#4898,#4899);
#4897 = CARTESIAN_POINT('',(-30.4,23.5,0.55));
#4898 = DIRECTION('',(0.,1.,0.));
#4899 = DIRECTION('',(0.,0.,1.));
#4900 = DEFINITIONAL_REPRESENTATION('',(#4901),#4905);
#4901 = LINE('',#4902,#4903);
#4902 = CARTESIAN_POINT('',(0.,0.));
#4903 = VECTOR('',#4904,1.);
#4904 = DIRECTION('',(0.,1.));
#4905 = ( GEOMETRIC_REPRESENTATION_CONTEXT(2) 
PARAMETRIC_REPRESENTATION_CONTEXT() REPRESENTATION_CONTEXT('2D SPACE',''
  ) );
#4906 = ORIENTED_EDGE('',*,*,#4907,.T.);
#4907 = EDGE_CURVE('',#4880,#4908,#4910,.T.);
#4908 = VERTEX_POINT('',#4909);
#4909 = CARTESIAN_POINT('',(-27.7,57.32055052823,0.55));
#4910 = SURFACE_CURVE('',#4911,(#4915,#4922),.PCURVE_S1.);
#4911 = LINE('',#4912,#4913);
#4912 = CARTESIAN_POINT('',(-27.7,23.5,0.55));
#4913 = VECTOR('',#4914,1.);
#4914 = DIRECTION('',(0.,1.,0.));
#4915 = PCURVE('',#100,#4916);
#4916 = DEFINITIONAL_REPRESENTATION('',(#4917),#4921);
#4917 = LINE('',#4918,#4919);
#4918 = CARTESIAN_POINT('',(4.3,87.5));
#4919 = VECTOR('',#4920,1.);
#4920 = DIRECTION('',(0.,1.));
#4921 = ( GEOMETRIC_REPRESENTATION_CONTEXT(2) 
PARAMETRIC_REPRESENTATION_CONTEXT() REPRESENTATION_CONTEXT('2D SPACE',''
  ) );
#4922 = PCURVE('',#4923,#4928);
#4923 = PLANE('',#4924);
#4924 = AXIS2_PLACEMENT_3D('',#4925,#4926,#4927);
#4925 = CARTESIAN_POINT('',(-27.7,23.5,0.55));
#4926 = DIRECTION('',(1.,0.,0.));
#4927 = DIRECTION('',(0.,0.,1.));
#4928 = DEFINITIONAL_REPRESENTATION('',(#4929),#4933);
#4929 = LINE('',#4930,#4931);
#4930 = CARTESIAN_POINT('',(0.,0.));
#4931 = VECTOR('',#4932,1.);
#4932 = DIRECTION('',(0.,-1.));
#4933 = ( GEOMETRIC_REPRESENTATION_CONTEXT(2) 
PARAMETRIC_REPRESENTATION_CONTEXT() REPRESENTATION_CONTEXT('2D SPACE',''
  ) );
#4934 = ORIENTED_EDGE('',*,*,#4935,.F.);
#4935 = EDGE_CURVE('',#4936,#4908,#4938,.T.);
#4936 = VERTEX_POINT('',#4937);
#4937 = CARTESIAN_POINT('',(-28.45283097481,61.652892033579,0.55));
#4938 = SURFACE_CURVE('',#4939,(#4944,#4955),.PCURVE_S1.);
#4939 = CIRCLE('',#4940,2.2);
#4940 = AXIS2_PLACEMENT_3D('',#4941,#4942,#4943);
#4941 = CARTESIAN_POINT('',(-28.,59.5,0.55));
#4942 = DIRECTION('',(0.,0.,-1.));
#4943 = DIRECTION('',(-0.20583226128,0.97858728799,0.));
#4944 = PCURVE('',#100,#4945);
#4945 = DEFINITIONAL_REPRESENTATION('',(#4946),#4954);
#4946 = ( BOUNDED_CURVE() B_SPLINE_CURVE(2,(#4947,#4948,#4949,#4950,
#4951,#4952,#4953),.UNSPECIFIED.,.T.,.F.) B_SPLINE_CURVE_WITH_KNOTS((1,2
    ,2,2,2,1),(-2.094395102393,0.,2.094395102393,4.188790204786,
6.28318530718,8.377580409573),.UNSPECIFIED.) CURVE() 
GEOMETRIC_REPRESENTATION_ITEM() RATIONAL_B_SPLINE_CURVE((1.,0.5,1.,0.5,
1.,0.5,1.)) REPRESENTATION_ITEM('') );
#4947 = CARTESIAN_POINT('',(3.547169025184,125.65289203357));
#4948 = CARTESIAN_POINT('',(7.276087410553,126.4372182892));
#4949 = CARTESIAN_POINT('',(6.090874680092,122.81571711102));
#4950 = CARTESIAN_POINT('',(4.905661949632,119.19421593284));
#4951 = CARTESIAN_POINT('',(2.361956294723,122.0313908554));
#4952 = CARTESIAN_POINT('',(-0.181749360185,124.86856577795));
#4953 = CARTESIAN_POINT('',(3.547169025184,125.65289203357));
#4954 = ( GEOMETRIC_REPRESENTATION_CONTEXT(2) 
PARAMETRIC_REPRESENTATION_CONTEXT() REPRESENTATION_CONTEXT('2D SPACE',''
  ) );
#4955 = PCURVE('',#1553,#4956);
#4956 = DEFINITIONAL_REPRESENTATION('',(#4957),#4961);
#4957 = LINE('',#4958,#4959);
#4958 = CARTESIAN_POINT('',(-8.061295737479,0.));
#4959 = VECTOR('',#4960,1.);
#4960 = DIRECTION('',(1.,-0.));
#4961 = ( GEOMETRIC_REPRESENTATION_CONTEXT(2) 
PARAMETRIC_REPRESENTATION_CONTEXT() REPRESENTATION_CONTEXT('2D SPACE',''
  ) );
#4962 = ORIENTED_EDGE('',*,*,#4963,.F.);
#4963 = EDGE_CURVE('',#4964,#4936,#4966,.T.);
#4964 = VERTEX_POINT('',#4965);
#4965 = CARTESIAN_POINT('',(-26.,62.4,0.55));
#4966 = SURFACE_CURVE('',#4967,(#4972,#4979),.PCURVE_S1.);
#4967 = CIRCLE('',#4968,4.4);
#4968 = AXIS2_PLACEMENT_3D('',#4969,#4970,#4971);
#4969 = CARTESIAN_POINT('',(-26.,58.,0.55));
#4970 = DIRECTION('',(0.,0.,1.));
#4971 = DIRECTION('',(-1.,-0.,0.));
#4972 = PCURVE('',#100,#4973);
#4973 = DEFINITIONAL_REPRESENTATION('',(#4974),#4978);
#4974 = CIRCLE('',#4975,4.4);
#4975 = AXIS2_PLACEMENT_2D('',#4976,#4977);
#4976 = CARTESIAN_POINT('',(6.,122.));
#4977 = DIRECTION('',(-1.,0.));
#4978 = ( GEOMETRIC_REPRESENTATION_CONTEXT(2) 
PARAMETRIC_REPRESENTATION_CONTEXT() REPRESENTATION_CONTEXT('2D SPACE',''
  ) );
#4979 = PCURVE('',#1582,#4980);
#4980 = DEFINITIONAL_REPRESENTATION('',(#4981),#4985);
#4981 = LINE('',#4982,#4983);
#4982 = CARTESIAN_POINT('',(-6.28318530718,0.15));
#4983 = VECTOR('',#4984,1.);
#4984 = DIRECTION('',(1.,-0.));
#4985 = ( GEOMETRIC_REPRESENTATION_CONTEXT(2) 
PARAMETRIC_REPRESENTATION_CONTEXT() REPRESENTATION_CONTEXT('2D SPACE',''
  ) );
#4986 = ORIENTED_EDGE('',*,*,#4987,.F.);
#4987 = EDGE_CURVE('',#4988,#4964,#4990,.T.);
#4988 = VERTEX_POINT('',#4989);
#4989 = CARTESIAN_POINT('',(-6.663324958071,62.4,0.55));
#4990 = SURFACE_CURVE('',#4991,(#4995,#5002),.PCURVE_S1.);
#4991 = LINE('',#4992,#4993);
#4992 = CARTESIAN_POINT('',(-31.2,62.4,0.55));
#4993 = VECTOR('',#4994,1.);
#4994 = DIRECTION('',(-1.,0.,0.));
#4995 = PCURVE('',#100,#4996);
#4996 = DEFINITIONAL_REPRESENTATION('',(#4997),#5001);
#4997 = LINE('',#4998,#4999);
#4998 = CARTESIAN_POINT('',(0.8,126.4));
#4999 = VECTOR('',#5000,1.);
#5000 = DIRECTION('',(-1.,0.));
#5001 = ( GEOMETRIC_REPRESENTATION_CONTEXT(2) 
PARAMETRIC_REPRESENTATION_CONTEXT() REPRESENTATION_CONTEXT('2D SPACE',''
  ) );
#5002 = PCURVE('',#1610,#5003);
#5003 = DEFINITIONAL_REPRESENTATION('',(#5004),#5007);
#5004 = B_SPLINE_CURVE_WITH_KNOTS('',1,(#5005,#5006),.UNSPECIFIED.,.F.,
  .F.,(2,2),(-57.2,-5.2),.PIECEWISE_BEZIER_KNOTS.);
#5005 = CARTESIAN_POINT('',(0.15,56.4));
#5006 = CARTESIAN_POINT('',(0.15,4.4));
#5007 = ( GEOMETRIC_REPRESENTATION_CONTEXT(2) 
PARAMETRIC_REPRESENTATION_CONTEXT() REPRESENTATION_CONTEXT('2D SPACE',''
  ) );
#5008 = ORIENTED_EDGE('',*,*,#5009,.F.);
#5009 = EDGE_CURVE('',#4242,#4988,#5010,.T.);
#5010 = SURFACE_CURVE('',#5011,(#5016,#5027),.PCURVE_S1.);
#5011 = CIRCLE('',#5012,1.2);
#5012 = AXIS2_PLACEMENT_3D('',#5013,#5014,#5015);
#5013 = CARTESIAN_POINT('',(-6.,61.4,0.55));
#5014 = DIRECTION('',(0.,0.,-1.));
#5015 = DIRECTION('',(0.552770798393,0.833333333333,0.));
#5016 = PCURVE('',#100,#5017);
#5017 = DEFINITIONAL_REPRESENTATION('',(#5018),#5026);
#5018 = ( BOUNDED_CURVE() B_SPLINE_CURVE(2,(#5019,#5020,#5021,#5022,
#5023,#5024,#5025),.UNSPECIFIED.,.T.,.F.) B_SPLINE_CURVE_WITH_KNOTS((1,2
    ,2,2,2,1),(-2.094395102393,0.,2.094395102393,4.188790204786,
6.28318530718,8.377580409573),.UNSPECIFIED.) CURVE() 
GEOMETRIC_REPRESENTATION_ITEM() RATIONAL_B_SPLINE_CURVE((1.,0.5,1.,0.5,
1.,0.5,1.)) REPRESENTATION_ITEM('') );
#5019 = CARTESIAN_POINT('',(26.663324958071,126.4));
#5020 = CARTESIAN_POINT('',(28.39537576564,125.25108747069));
#5021 = CARTESIAN_POINT('',(26.534362924749,124.32554373534));
#5022 = CARTESIAN_POINT('',(24.673350083858,123.4));
#5023 = CARTESIAN_POINT('',(24.80231211718,125.47445626465));
#5024 = CARTESIAN_POINT('',(24.931274150502,127.5489125293));
#5025 = CARTESIAN_POINT('',(26.663324958071,126.4));
#5026 = ( GEOMETRIC_REPRESENTATION_CONTEXT(2) 
PARAMETRIC_REPRESENTATION_CONTEXT() REPRESENTATION_CONTEXT('2D SPACE',''
  ) );
#5027 = PCURVE('',#5028,#5033);
#5028 = CYLINDRICAL_SURFACE('',#5029,1.2);
#5029 = AXIS2_PLACEMENT_3D('',#5030,#5031,#5032);
#5030 = CARTESIAN_POINT('',(-6.,61.4,0.55));
#5031 = DIRECTION('',(-0.,-0.,-1.));
#5032 = DIRECTION('',(1.,0.,0.));
#5033 = DEFINITIONAL_REPRESENTATION('',(#5034),#5038);
#5034 = LINE('',#5035,#5036);
#5035 = CARTESIAN_POINT('',(-7.268296090517,0.));
#5036 = VECTOR('',#5037,1.);
#5037 = DIRECTION('',(1.,-0.));
#5038 = ( GEOMETRIC_REPRESENTATION_CONTEXT(2) 
PARAMETRIC_REPRESENTATION_CONTEXT() REPRESENTATION_CONTEXT('2D SPACE',''
  ) );
#5039 = ADVANCED_FACE('',(#5040),#159,.F.);
#5040 = FACE_BOUND('',#5041,.F.);
#5041 = EDGE_LOOP('',(#5042,#5065,#5066,#5089));
#5042 = ORIENTED_EDGE('',*,*,#5043,.F.);
#5043 = EDGE_CURVE('',#141,#5044,#5046,.T.);
#5044 = VERTEX_POINT('',#5045);
#5045 = CARTESIAN_POINT('',(-31.,6.25,2.));
#5046 = SURFACE_CURVE('',#5047,(#5051,#5058),.PCURVE_S1.);
#5047 = LINE('',#5048,#5049);
#5048 = CARTESIAN_POINT('',(-36.,6.25,2.));
#5049 = VECTOR('',#5050,1.);
#5050 = DIRECTION('',(1.,0.,-2.22044604925E-16));
#5051 = PCURVE('',#159,#5052);
#5052 = DEFINITIONAL_REPRESENTATION('',(#5053),#5057);
#5053 = LINE('',#5054,#5055);
#5054 = CARTESIAN_POINT('',(0.,0.));
#5055 = VECTOR('',#5056,1.);
#5056 = DIRECTION('',(0.,1.));
#5057 = ( GEOMETRIC_REPRESENTATION_CONTEXT(2) 
PARAMETRIC_REPRESENTATION_CONTEXT() REPRESENTATION_CONTEXT('2D SPACE',''
  ) );
#5058 = PCURVE('',#186,#5059);
#5059 = DEFINITIONAL_REPRESENTATION('',(#5060),#5064);
#5060 = LINE('',#5061,#5062);
#5061 = CARTESIAN_POINT('',(-9.992007221626E-17,-0.45));
#5062 = VECTOR('',#5063,1.);
#5063 = DIRECTION('',(1.,2.22044604925E-16));
#5064 = ( GEOMETRIC_REPRESENTATION_CONTEXT(2) 
PARAMETRIC_REPRESENTATION_CONTEXT() REPRESENTATION_CONTEXT('2D SPACE',''
  ) );
#5065 = ORIENTED_EDGE('',*,*,#140,.T.);
#5066 = ORIENTED_EDGE('',*,*,#5067,.T.);
#5067 = EDGE_CURVE('',#143,#5068,#5070,.T.);
#5068 = VERTEX_POINT('',#5069);
#5069 = CARTESIAN_POINT('',(-31.,6.7,1.55));
#5070 = SURFACE_CURVE('',#5071,(#5075,#5082),.PCURVE_S1.);
#5071 = LINE('',#5072,#5073);
#5072 = CARTESIAN_POINT('',(-36.,6.7,1.55));
#5073 = VECTOR('',#5074,1.);
#5074 = DIRECTION('',(1.,0.,-2.22044604925E-16));
#5075 = PCURVE('',#159,#5076);
#5076 = DEFINITIONAL_REPRESENTATION('',(#5077),#5081);
#5077 = LINE('',#5078,#5079);
#5078 = CARTESIAN_POINT('',(1.570796326795,0.));
#5079 = VECTOR('',#5080,1.);
#5080 = DIRECTION('',(0.,1.));
#5081 = ( GEOMETRIC_REPRESENTATION_CONTEXT(2) 
PARAMETRIC_REPRESENTATION_CONTEXT() REPRESENTATION_CONTEXT('2D SPACE',''
  ) );
#5082 = PCURVE('',#349,#5083);
#5083 = DEFINITIONAL_REPRESENTATION('',(#5084),#5088);
#5084 = LINE('',#5085,#5086);
#5085 = CARTESIAN_POINT('',(0.,0.45));
#5086 = VECTOR('',#5087,1.);
#5087 = DIRECTION('',(1.,-2.22044604925E-16));
#5088 = ( GEOMETRIC_REPRESENTATION_CONTEXT(2) 
PARAMETRIC_REPRESENTATION_CONTEXT() REPRESENTATION_CONTEXT('2D SPACE',''
  ) );
#5089 = ORIENTED_EDGE('',*,*,#5090,.F.);
#5090 = EDGE_CURVE('',#5044,#5068,#5091,.T.);
#5091 = SURFACE_CURVE('',#5092,(#5097,#5104),.PCURVE_S1.);
#5092 = CIRCLE('',#5093,0.45);
#5093 = AXIS2_PLACEMENT_3D('',#5094,#5095,#5096);
#5094 = CARTESIAN_POINT('',(-31.,6.7,2.));
#5095 = DIRECTION('',(1.,-1.079521069387E-78,-2.22044604925E-16));
#5096 = DIRECTION('',(1.094764425254E-47,-1.,4.930380657631E-32));
#5097 = PCURVE('',#159,#5098);
#5098 = DEFINITIONAL_REPRESENTATION('',(#5099),#5103);
#5099 = LINE('',#5100,#5101);
#5100 = CARTESIAN_POINT('',(0.,5.));
#5101 = VECTOR('',#5102,1.);
#5102 = DIRECTION('',(1.,0.));
#5103 = ( GEOMETRIC_REPRESENTATION_CONTEXT(2) 
PARAMETRIC_REPRESENTATION_CONTEXT() REPRESENTATION_CONTEXT('2D SPACE',''
  ) );
#5104 = PCURVE('',#5105,#5110);
#5105 = PLANE('',#5106);
#5106 = AXIS2_PLACEMENT_3D('',#5107,#5108,#5109);
#5107 = CARTESIAN_POINT('',(-31.,4.6,1.05));
#5108 = DIRECTION('',(1.,0.,0.));
#5109 = DIRECTION('',(0.,0.,1.));
#5110 = DEFINITIONAL_REPRESENTATION('',(#5111),#5115);
#5111 = CIRCLE('',#5112,0.45);
#5112 = AXIS2_PLACEMENT_2D('',#5113,#5114);
#5113 = CARTESIAN_POINT('',(0.95,-2.1));
#5114 = DIRECTION('',(4.930380657631E-32,1.));
#5115 = ( GEOMETRIC_REPRESENTATION_CONTEXT(2) 
PARAMETRIC_REPRESENTATION_CONTEXT() REPRESENTATION_CONTEXT('2D SPACE',''
  ) );
#5116 = ADVANCED_FACE('',(#5117),#349,.T.);
#5117 = FACE_BOUND('',#5118,.T.);
#5118 = EDGE_LOOP('',(#5119,#5142,#5143,#5144));
#5119 = ORIENTED_EDGE('',*,*,#5120,.F.);
#5120 = EDGE_CURVE('',#308,#5121,#5123,.T.);
#5121 = VERTEX_POINT('',#5122);
#5122 = CARTESIAN_POINT('',(-31.,17.3,1.55));
#5123 = SURFACE_CURVE('',#5124,(#5128,#5135),.PCURVE_S1.);
#5124 = LINE('',#5125,#5126);
#5125 = CARTESIAN_POINT('',(-36.,17.3,1.55));
#5126 = VECTOR('',#5127,1.);
#5127 = DIRECTION('',(1.,0.,-2.22044604925E-16));
#5128 = PCURVE('',#349,#5129);
#5129 = DEFINITIONAL_REPRESENTATION('',(#5130),#5134);
#5130 = LINE('',#5131,#5132);
#5131 = CARTESIAN_POINT('',(-5.423418723394E-31,11.05));
#5132 = VECTOR('',#5133,1.);
#5133 = DIRECTION('',(1.,-2.22044604925E-16));
#5134 = ( GEOMETRIC_REPRESENTATION_CONTEXT(2) 
PARAMETRIC_REPRESENTATION_CONTEXT() REPRESENTATION_CONTEXT('2D SPACE',''
  ) );
#5135 = PCURVE('',#324,#5136);
#5136 = DEFINITIONAL_REPRESENTATION('',(#5137),#5141);
#5137 = LINE('',#5138,#5139);
#5138 = CARTESIAN_POINT('',(-1.570796326795,0.));
#5139 = VECTOR('',#5140,1.);
#5140 = DIRECTION('',(-0.,1.));
#5141 = ( GEOMETRIC_REPRESENTATION_CONTEXT(2) 
PARAMETRIC_REPRESENTATION_CONTEXT() REPRESENTATION_CONTEXT('2D SPACE',''
  ) );
#5142 = ORIENTED_EDGE('',*,*,#336,.T.);
#5143 = ORIENTED_EDGE('',*,*,#5067,.T.);
#5144 = ORIENTED_EDGE('',*,*,#5145,.T.);
#5145 = EDGE_CURVE('',#5068,#5121,#5146,.T.);
#5146 = SURFACE_CURVE('',#5147,(#5151,#5157),.PCURVE_S1.);
#5147 = LINE('',#5148,#5149);
#5148 = CARTESIAN_POINT('',(-31.,5.425,1.55));
#5149 = VECTOR('',#5150,1.);
#5150 = DIRECTION('',(-0.,1.,2.22044604925E-16));
#5151 = PCURVE('',#349,#5152);
#5152 = DEFINITIONAL_REPRESENTATION('',(#5153),#5156);
#5153 = B_SPLINE_CURVE_WITH_KNOTS('',1,(#5154,#5155),.UNSPECIFIED.,.F.,
  .F.,(2,2),(1.275,11.875),.PIECEWISE_BEZIER_KNOTS.);
#5154 = CARTESIAN_POINT('',(5.,0.45));
#5155 = CARTESIAN_POINT('',(5.,11.05));
#5156 = ( GEOMETRIC_REPRESENTATION_CONTEXT(2) 
PARAMETRIC_REPRESENTATION_CONTEXT() REPRESENTATION_CONTEXT('2D SPACE',''
  ) );
#5157 = PCURVE('',#5105,#5158);
#5158 = DEFINITIONAL_REPRESENTATION('',(#5159),#5162);
#5159 = B_SPLINE_CURVE_WITH_KNOTS('',1,(#5160,#5161),.UNSPECIFIED.,.F.,
  .F.,(2,2),(1.275,11.875),.PIECEWISE_BEZIER_KNOTS.);
#5160 = CARTESIAN_POINT('',(0.5,-2.1));
#5161 = CARTESIAN_POINT('',(0.5,-12.7));
#5162 = ( GEOMETRIC_REPRESENTATION_CONTEXT(2) 
PARAMETRIC_REPRESENTATION_CONTEXT() REPRESENTATION_CONTEXT('2D SPACE',''
  ) );
#5163 = ADVANCED_FACE('',(#5164),#324,.F.);
#5164 = FACE_BOUND('',#5165,.T.);
#5165 = EDGE_LOOP('',(#5166,#5189,#5190,#5191));
#5166 = ORIENTED_EDGE('',*,*,#5167,.F.);
#5167 = EDGE_CURVE('',#282,#5168,#5170,.T.);
#5168 = VERTEX_POINT('',#5169);
#5169 = CARTESIAN_POINT('',(-31.,17.75,2.));
#5170 = SURFACE_CURVE('',#5171,(#5175,#5182),.PCURVE_S1.);
#5171 = LINE('',#5172,#5173);
#5172 = CARTESIAN_POINT('',(-36.,17.75,2.));
#5173 = VECTOR('',#5174,1.);
#5174 = DIRECTION('',(1.,0.,-2.22044604925E-16));
#5175 = PCURVE('',#324,#5176);
#5176 = DEFINITIONAL_REPRESENTATION('',(#5177),#5181);
#5177 = LINE('',#5178,#5179);
#5178 = CARTESIAN_POINT('',(-0.,0.));
#5179 = VECTOR('',#5180,1.);
#5180 = DIRECTION('',(-0.,1.));
#5181 = ( GEOMETRIC_REPRESENTATION_CONTEXT(2) 
PARAMETRIC_REPRESENTATION_CONTEXT() REPRESENTATION_CONTEXT('2D SPACE',''
  ) );
#5182 = PCURVE('',#296,#5183);
#5183 = DEFINITIONAL_REPRESENTATION('',(#5184),#5188);
#5184 = LINE('',#5185,#5186);
#5185 = CARTESIAN_POINT('',(-9.992007221626E-17,-0.45));
#5186 = VECTOR('',#5187,1.);
#5187 = DIRECTION('',(1.,2.22044604925E-16));
#5188 = ( GEOMETRIC_REPRESENTATION_CONTEXT(2) 
PARAMETRIC_REPRESENTATION_CONTEXT() REPRESENTATION_CONTEXT('2D SPACE',''
  ) );
#5189 = ORIENTED_EDGE('',*,*,#307,.F.);
#5190 = ORIENTED_EDGE('',*,*,#5120,.T.);
#5191 = ORIENTED_EDGE('',*,*,#5192,.T.);
#5192 = EDGE_CURVE('',#5121,#5168,#5193,.T.);
#5193 = SURFACE_CURVE('',#5194,(#5199,#5206),.PCURVE_S1.);
#5194 = CIRCLE('',#5195,0.45);
#5195 = AXIS2_PLACEMENT_3D('',#5196,#5197,#5198);
#5196 = CARTESIAN_POINT('',(-31.,17.3,2.));
#5197 = DIRECTION('',(1.,-1.079521069387E-78,-2.22044604925E-16));
#5198 = DIRECTION('',(-1.094764425254E-47,1.,-4.930380657631E-32));
#5199 = PCURVE('',#324,#5200);
#5200 = DEFINITIONAL_REPRESENTATION('',(#5201),#5205);
#5201 = LINE('',#5202,#5203);
#5202 = CARTESIAN_POINT('',(-6.28318530718,5.));
#5203 = VECTOR('',#5204,1.);
#5204 = DIRECTION('',(1.,-0.));
#5205 = ( GEOMETRIC_REPRESENTATION_CONTEXT(2) 
PARAMETRIC_REPRESENTATION_CONTEXT() REPRESENTATION_CONTEXT('2D SPACE',''
  ) );
#5206 = PCURVE('',#5105,#5207);
#5207 = DEFINITIONAL_REPRESENTATION('',(#5208),#5212);
#5208 = CIRCLE('',#5209,0.45);
#5209 = AXIS2_PLACEMENT_2D('',#5210,#5211);
#5210 = CARTESIAN_POINT('',(0.95,-12.7));
#5211 = DIRECTION('',(-4.930380657631E-32,-1.));
#5212 = ( GEOMETRIC_REPRESENTATION_CONTEXT(2) 
PARAMETRIC_REPRESENTATION_CONTEXT() REPRESENTATION_CONTEXT('2D SPACE',''
  ) );
#5213 = ADVANCED_FACE('',(#5214),#296,.F.);
#5214 = FACE_BOUND('',#5215,.F.);
#5215 = EDGE_LOOP('',(#5216,#5237,#5238,#5239));
#5216 = ORIENTED_EDGE('',*,*,#5217,.T.);
#5217 = EDGE_CURVE('',#5218,#5168,#5220,.T.);
#5218 = VERTEX_POINT('',#5219);
#5219 = CARTESIAN_POINT('',(-31.,17.75,2.6));
#5220 = SURFACE_CURVE('',#5221,(#5225,#5231),.PCURVE_S1.);
#5221 = LINE('',#5222,#5223);
#5222 = CARTESIAN_POINT('',(-31.,17.75,1.3));
#5223 = VECTOR('',#5224,1.);
#5224 = DIRECTION('',(0.,0.,-1.));
#5225 = PCURVE('',#296,#5226);
#5226 = DEFINITIONAL_REPRESENTATION('',(#5227),#5230);
#5227 = B_SPLINE_CURVE_WITH_KNOTS('',1,(#5228,#5229),.UNSPECIFIED.,.F.,
  .F.,(2,2),(-1.3,-0.7),.PIECEWISE_BEZIER_KNOTS.);
#5228 = CARTESIAN_POINT('',(5.,-1.05));
#5229 = CARTESIAN_POINT('',(5.,-0.45));
#5230 = ( GEOMETRIC_REPRESENTATION_CONTEXT(2) 
PARAMETRIC_REPRESENTATION_CONTEXT() REPRESENTATION_CONTEXT('2D SPACE',''
  ) );
#5231 = PCURVE('',#5105,#5232);
#5232 = DEFINITIONAL_REPRESENTATION('',(#5233),#5236);
#5233 = B_SPLINE_CURVE_WITH_KNOTS('',1,(#5234,#5235),.UNSPECIFIED.,.F.,
  .F.,(2,2),(-1.3,-0.7),.PIECEWISE_BEZIER_KNOTS.);
#5234 = CARTESIAN_POINT('',(1.55,-13.15));
#5235 = CARTESIAN_POINT('',(0.95,-13.15));
#5236 = ( GEOMETRIC_REPRESENTATION_CONTEXT(2) 
PARAMETRIC_REPRESENTATION_CONTEXT() REPRESENTATION_CONTEXT('2D SPACE',''
  ) );
#5237 = ORIENTED_EDGE('',*,*,#5167,.F.);
#5238 = ORIENTED_EDGE('',*,*,#281,.T.);
#5239 = ORIENTED_EDGE('',*,*,#5240,.T.);
#5240 = EDGE_CURVE('',#253,#5218,#5241,.T.);
#5241 = SURFACE_CURVE('',#5242,(#5246,#5253),.PCURVE_S1.);
#5242 = LINE('',#5243,#5244);
#5243 = CARTESIAN_POINT('',(-36.,17.75,2.6));
#5244 = VECTOR('',#5245,1.);
#5245 = DIRECTION('',(1.,0.,-2.22044604925E-16));
#5246 = PCURVE('',#296,#5247);
#5247 = DEFINITIONAL_REPRESENTATION('',(#5248),#5252);
#5248 = LINE('',#5249,#5250);
#5249 = CARTESIAN_POINT('',(-2.331468351713E-16,-1.05));
#5250 = VECTOR('',#5251,1.);
#5251 = DIRECTION('',(1.,2.22044604925E-16));
#5252 = ( GEOMETRIC_REPRESENTATION_CONTEXT(2) 
PARAMETRIC_REPRESENTATION_CONTEXT() REPRESENTATION_CONTEXT('2D SPACE',''
  ) );
#5253 = PCURVE('',#269,#5254);
#5254 = DEFINITIONAL_REPRESENTATION('',(#5255),#5259);
#5255 = LINE('',#5256,#5257);
#5256 = CARTESIAN_POINT('',(0.,0.));
#5257 = VECTOR('',#5258,1.);
#5258 = DIRECTION('',(0.,1.));
#5259 = ( GEOMETRIC_REPRESENTATION_CONTEXT(2) 
PARAMETRIC_REPRESENTATION_CONTEXT() REPRESENTATION_CONTEXT('2D SPACE',''
  ) );
#5260 = ADVANCED_FACE('',(#5261),#269,.F.);
#5261 = FACE_BOUND('',#5262,.F.);
#5262 = EDGE_LOOP('',(#5263,#5264,#5265,#5288));
#5263 = ORIENTED_EDGE('',*,*,#5240,.F.);
#5264 = ORIENTED_EDGE('',*,*,#252,.T.);
#5265 = ORIENTED_EDGE('',*,*,#5266,.T.);
#5266 = EDGE_CURVE('',#227,#5267,#5269,.T.);
#5267 = VERTEX_POINT('',#5268);
#5268 = CARTESIAN_POINT('',(-31.,17.3,3.05));
#5269 = SURFACE_CURVE('',#5270,(#5274,#5281),.PCURVE_S1.);
#5270 = LINE('',#5271,#5272);
#5271 = CARTESIAN_POINT('',(-36.,17.3,3.05));
#5272 = VECTOR('',#5273,1.);
#5273 = DIRECTION('',(1.,0.,-2.22044604925E-16));
#5274 = PCURVE('',#269,#5275);
#5275 = DEFINITIONAL_REPRESENTATION('',(#5276),#5280);
#5276 = LINE('',#5277,#5278);
#5277 = CARTESIAN_POINT('',(1.570796326795,0.));
#5278 = VECTOR('',#5279,1.);
#5279 = DIRECTION('',(0.,1.));
#5280 = ( GEOMETRIC_REPRESENTATION_CONTEXT(2) 
PARAMETRIC_REPRESENTATION_CONTEXT() REPRESENTATION_CONTEXT('2D SPACE',''
  ) );
#5281 = PCURVE('',#241,#5282);
#5282 = DEFINITIONAL_REPRESENTATION('',(#5283),#5287);
#5283 = LINE('',#5284,#5285);
#5284 = CARTESIAN_POINT('',(-5.916456789158E-31,11.05));
#5285 = VECTOR('',#5286,1.);
#5286 = DIRECTION('',(1.,-2.22044604925E-16));
#5287 = ( GEOMETRIC_REPRESENTATION_CONTEXT(2) 
PARAMETRIC_REPRESENTATION_CONTEXT() REPRESENTATION_CONTEXT('2D SPACE',''
  ) );
#5288 = ORIENTED_EDGE('',*,*,#5289,.F.);
#5289 = EDGE_CURVE('',#5218,#5267,#5290,.T.);
#5290 = SURFACE_CURVE('',#5291,(#5296,#5303),.PCURVE_S1.);
#5291 = CIRCLE('',#5292,0.45);
#5292 = AXIS2_PLACEMENT_3D('',#5293,#5294,#5295);
#5293 = CARTESIAN_POINT('',(-31.,17.3,2.6));
#5294 = DIRECTION('',(1.,-1.079521069387E-78,-2.22044604925E-16));
#5295 = DIRECTION('',(-1.094764425254E-47,1.,-4.930380657631E-32));
#5296 = PCURVE('',#269,#5297);
#5297 = DEFINITIONAL_REPRESENTATION('',(#5298),#5302);
#5298 = LINE('',#5299,#5300);
#5299 = CARTESIAN_POINT('',(0.,5.));
#5300 = VECTOR('',#5301,1.);
#5301 = DIRECTION('',(1.,0.));
#5302 = ( GEOMETRIC_REPRESENTATION_CONTEXT(2) 
PARAMETRIC_REPRESENTATION_CONTEXT() REPRESENTATION_CONTEXT('2D SPACE',''
  ) );
#5303 = PCURVE('',#5105,#5304);
#5304 = DEFINITIONAL_REPRESENTATION('',(#5305),#5309);
#5305 = CIRCLE('',#5306,0.45);
#5306 = AXIS2_PLACEMENT_2D('',#5307,#5308);
#5307 = CARTESIAN_POINT('',(1.55,-12.7));
#5308 = DIRECTION('',(-4.930380657631E-32,-1.));
#5309 = ( GEOMETRIC_REPRESENTATION_CONTEXT(2) 
PARAMETRIC_REPRESENTATION_CONTEXT() REPRESENTATION_CONTEXT('2D SPACE',''
  ) );
#5310 = ADVANCED_FACE('',(#5311),#241,.F.);
#5311 = FACE_BOUND('',#5312,.F.);
#5312 = EDGE_LOOP('',(#5313,#5314,#5315,#5338));
#5313 = ORIENTED_EDGE('',*,*,#5266,.F.);
#5314 = ORIENTED_EDGE('',*,*,#226,.T.);
#5315 = ORIENTED_EDGE('',*,*,#5316,.T.);
#5316 = EDGE_CURVE('',#198,#5317,#5319,.T.);
#5317 = VERTEX_POINT('',#5318);
#5318 = CARTESIAN_POINT('',(-31.,6.7,3.05));
#5319 = SURFACE_CURVE('',#5320,(#5324,#5331),.PCURVE_S1.);
#5320 = LINE('',#5321,#5322);
#5321 = CARTESIAN_POINT('',(-36.,6.7,3.05));
#5322 = VECTOR('',#5323,1.);
#5323 = DIRECTION('',(1.,0.,-2.22044604925E-16));
#5324 = PCURVE('',#241,#5325);
#5325 = DEFINITIONAL_REPRESENTATION('',(#5326),#5330);
#5326 = LINE('',#5327,#5328);
#5327 = CARTESIAN_POINT('',(0.,0.45));
#5328 = VECTOR('',#5329,1.);
#5329 = DIRECTION('',(1.,-2.22044604925E-16));
#5330 = ( GEOMETRIC_REPRESENTATION_CONTEXT(2) 
PARAMETRIC_REPRESENTATION_CONTEXT() REPRESENTATION_CONTEXT('2D SPACE',''
  ) );
#5331 = PCURVE('',#214,#5332);
#5332 = DEFINITIONAL_REPRESENTATION('',(#5333),#5337);
#5333 = LINE('',#5334,#5335);
#5334 = CARTESIAN_POINT('',(-1.570796326795,0.));
#5335 = VECTOR('',#5336,1.);
#5336 = DIRECTION('',(-0.,1.));
#5337 = ( GEOMETRIC_REPRESENTATION_CONTEXT(2) 
PARAMETRIC_REPRESENTATION_CONTEXT() REPRESENTATION_CONTEXT('2D SPACE',''
  ) );
#5338 = ORIENTED_EDGE('',*,*,#5339,.T.);
#5339 = EDGE_CURVE('',#5317,#5267,#5340,.T.);
#5340 = SURFACE_CURVE('',#5341,(#5345,#5351),.PCURVE_S1.);
#5341 = LINE('',#5342,#5343);
#5342 = CARTESIAN_POINT('',(-31.,5.425,3.05));
#5343 = VECTOR('',#5344,1.);
#5344 = DIRECTION('',(-0.,1.,2.22044604925E-16));
#5345 = PCURVE('',#241,#5346);
#5346 = DEFINITIONAL_REPRESENTATION('',(#5347),#5350);
#5347 = B_SPLINE_CURVE_WITH_KNOTS('',1,(#5348,#5349),.UNSPECIFIED.,.F.,
  .F.,(2,2),(1.275,11.875),.PIECEWISE_BEZIER_KNOTS.);
#5348 = CARTESIAN_POINT('',(5.,0.45));
#5349 = CARTESIAN_POINT('',(5.,11.05));
#5350 = ( GEOMETRIC_REPRESENTATION_CONTEXT(2) 
PARAMETRIC_REPRESENTATION_CONTEXT() REPRESENTATION_CONTEXT('2D SPACE',''
  ) );
#5351 = PCURVE('',#5105,#5352);
#5352 = DEFINITIONAL_REPRESENTATION('',(#5353),#5356);
#5353 = B_SPLINE_CURVE_WITH_KNOTS('',1,(#5354,#5355),.UNSPECIFIED.,.F.,
  .F.,(2,2),(1.275,11.875),.PIECEWISE_BEZIER_KNOTS.);
#5354 = CARTESIAN_POINT('',(2.,-2.1));
#5355 = CARTESIAN_POINT('',(2.,-12.7));
#5356 = ( GEOMETRIC_REPRESENTATION_CONTEXT(2) 
PARAMETRIC_REPRESENTATION_CONTEXT() REPRESENTATION_CONTEXT('2D SPACE',''
  ) );
#5357 = ADVANCED_FACE('',(#5358),#214,.F.);
#5358 = FACE_BOUND('',#5359,.T.);
#5359 = EDGE_LOOP('',(#5360,#5383,#5384,#5385));
#5360 = ORIENTED_EDGE('',*,*,#5361,.F.);
#5361 = EDGE_CURVE('',#172,#5362,#5364,.T.);
#5362 = VERTEX_POINT('',#5363);
#5363 = CARTESIAN_POINT('',(-31.,6.25,2.6));
#5364 = SURFACE_CURVE('',#5365,(#5369,#5376),.PCURVE_S1.);
#5365 = LINE('',#5366,#5367);
#5366 = CARTESIAN_POINT('',(-36.,6.25,2.6));
#5367 = VECTOR('',#5368,1.);
#5368 = DIRECTION('',(1.,0.,-2.22044604925E-16));
#5369 = PCURVE('',#214,#5370);
#5370 = DEFINITIONAL_REPRESENTATION('',(#5371),#5375);
#5371 = LINE('',#5372,#5373);
#5372 = CARTESIAN_POINT('',(-0.,0.));
#5373 = VECTOR('',#5374,1.);
#5374 = DIRECTION('',(-0.,1.));
#5375 = ( GEOMETRIC_REPRESENTATION_CONTEXT(2) 
PARAMETRIC_REPRESENTATION_CONTEXT() REPRESENTATION_CONTEXT('2D SPACE',''
  ) );
#5376 = PCURVE('',#186,#5377);
#5377 = DEFINITIONAL_REPRESENTATION('',(#5378),#5382);
#5378 = LINE('',#5379,#5380);
#5379 = CARTESIAN_POINT('',(-2.331468351713E-16,-1.05));
#5380 = VECTOR('',#5381,1.);
#5381 = DIRECTION('',(1.,2.22044604925E-16));
#5382 = ( GEOMETRIC_REPRESENTATION_CONTEXT(2) 
PARAMETRIC_REPRESENTATION_CONTEXT() REPRESENTATION_CONTEXT('2D SPACE',''
  ) );
#5383 = ORIENTED_EDGE('',*,*,#197,.F.);
#5384 = ORIENTED_EDGE('',*,*,#5316,.T.);
#5385 = ORIENTED_EDGE('',*,*,#5386,.T.);
#5386 = EDGE_CURVE('',#5317,#5362,#5387,.T.);
#5387 = SURFACE_CURVE('',#5388,(#5393,#5400),.PCURVE_S1.);
#5388 = CIRCLE('',#5389,0.45);
#5389 = AXIS2_PLACEMENT_3D('',#5390,#5391,#5392);
#5390 = CARTESIAN_POINT('',(-31.,6.7,2.6));
#5391 = DIRECTION('',(1.,-1.079521069387E-78,-2.22044604925E-16));
#5392 = DIRECTION('',(1.094764425254E-47,-1.,4.930380657631E-32));
#5393 = PCURVE('',#214,#5394);
#5394 = DEFINITIONAL_REPRESENTATION('',(#5395),#5399);
#5395 = LINE('',#5396,#5397);
#5396 = CARTESIAN_POINT('',(-6.28318530718,5.));
#5397 = VECTOR('',#5398,1.);
#5398 = DIRECTION('',(1.,-0.));
#5399 = ( GEOMETRIC_REPRESENTATION_CONTEXT(2) 
PARAMETRIC_REPRESENTATION_CONTEXT() REPRESENTATION_CONTEXT('2D SPACE',''
  ) );
#5400 = PCURVE('',#5105,#5401);
#5401 = DEFINITIONAL_REPRESENTATION('',(#5402),#5406);
#5402 = CIRCLE('',#5403,0.45);
#5403 = AXIS2_PLACEMENT_2D('',#5404,#5405);
#5404 = CARTESIAN_POINT('',(1.55,-2.1));
#5405 = DIRECTION('',(4.930380657631E-32,1.));
#5406 = ( GEOMETRIC_REPRESENTATION_CONTEXT(2) 
PARAMETRIC_REPRESENTATION_CONTEXT() REPRESENTATION_CONTEXT('2D SPACE',''
  ) );
#5407 = ADVANCED_FACE('',(#5408),#186,.T.);
#5408 = FACE_BOUND('',#5409,.T.);
#5409 = EDGE_LOOP('',(#5410,#5429,#5430,#5431));
#5410 = ORIENTED_EDGE('',*,*,#5411,.T.);
#5411 = EDGE_CURVE('',#5362,#5044,#5412,.T.);
#5412 = SURFACE_CURVE('',#5413,(#5417,#5423),.PCURVE_S1.);
#5413 = LINE('',#5414,#5415);
#5414 = CARTESIAN_POINT('',(-31.,6.25,1.3));
#5415 = VECTOR('',#5416,1.);
#5416 = DIRECTION('',(0.,0.,-1.));
#5417 = PCURVE('',#186,#5418);
#5418 = DEFINITIONAL_REPRESENTATION('',(#5419),#5422);
#5419 = B_SPLINE_CURVE_WITH_KNOTS('',1,(#5420,#5421),.UNSPECIFIED.,.F.,
  .F.,(2,2),(-1.3,-0.7),.PIECEWISE_BEZIER_KNOTS.);
#5420 = CARTESIAN_POINT('',(5.,-1.05));
#5421 = CARTESIAN_POINT('',(5.,-0.45));
#5422 = ( GEOMETRIC_REPRESENTATION_CONTEXT(2) 
PARAMETRIC_REPRESENTATION_CONTEXT() REPRESENTATION_CONTEXT('2D SPACE',''
  ) );
#5423 = PCURVE('',#5105,#5424);
#5424 = DEFINITIONAL_REPRESENTATION('',(#5425),#5428);
#5425 = B_SPLINE_CURVE_WITH_KNOTS('',1,(#5426,#5427),.UNSPECIFIED.,.F.,
  .F.,(2,2),(-1.3,-0.7),.PIECEWISE_BEZIER_KNOTS.);
#5426 = CARTESIAN_POINT('',(1.55,-1.65));
#5427 = CARTESIAN_POINT('',(0.95,-1.65));
#5428 = ( GEOMETRIC_REPRESENTATION_CONTEXT(2) 
PARAMETRIC_REPRESENTATION_CONTEXT() REPRESENTATION_CONTEXT('2D SPACE',''
  ) );
#5429 = ORIENTED_EDGE('',*,*,#5043,.F.);
#5430 = ORIENTED_EDGE('',*,*,#171,.T.);
#5431 = ORIENTED_EDGE('',*,*,#5361,.T.);
#5432 = ADVANCED_FACE('',(#5433),#404,.F.);
#5433 = FACE_BOUND('',#5434,.F.);
#5434 = EDGE_LOOP('',(#5435,#5436,#5457,#5458));
#5435 = ORIENTED_EDGE('',*,*,#388,.F.);
#5436 = ORIENTED_EDGE('',*,*,#5437,.F.);
#5437 = EDGE_CURVE('',#1878,#389,#5438,.T.);
#5438 = SURFACE_CURVE('',#5439,(#5443,#5450),.PCURVE_S1.);
#5439 = LINE('',#5440,#5441);
#5440 = CARTESIAN_POINT('',(-31.5,-61.,0.55));
#5441 = VECTOR('',#5442,1.);
#5442 = DIRECTION('',(0.,0.,1.));
#5443 = PCURVE('',#404,#5444);
#5444 = DEFINITIONAL_REPRESENTATION('',(#5445),#5449);
#5445 = LINE('',#5446,#5447);
#5446 = CARTESIAN_POINT('',(0.,0.));
#5447 = VECTOR('',#5448,1.);
#5448 = DIRECTION('',(1.,0.));
#5449 = ( GEOMETRIC_REPRESENTATION_CONTEXT(2) 
PARAMETRIC_REPRESENTATION_CONTEXT() REPRESENTATION_CONTEXT('2D SPACE',''
  ) );
#5450 = PCURVE('',#432,#5451);
#5451 = DEFINITIONAL_REPRESENTATION('',(#5452),#5456);
#5452 = LINE('',#5453,#5454);
#5453 = CARTESIAN_POINT('',(0.,0.));
#5454 = VECTOR('',#5455,1.);
#5455 = DIRECTION('',(1.,0.));
#5456 = ( GEOMETRIC_REPRESENTATION_CONTEXT(2) 
PARAMETRIC_REPRESENTATION_CONTEXT() REPRESENTATION_CONTEXT('2D SPACE',''
  ) );
#5457 = ORIENTED_EDGE('',*,*,#1877,.T.);
#5458 = ORIENTED_EDGE('',*,*,#1800,.T.);
#5459 = ADVANCED_FACE('',(#5460),#870,.F.);
#5460 = FACE_BOUND('',#5461,.F.);
#5461 = EDGE_LOOP('',(#5462,#5463,#5464,#5465));
#5462 = ORIENTED_EDGE('',*,*,#854,.F.);
#5463 = ORIENTED_EDGE('',*,*,#1852,.F.);
#5464 = ORIENTED_EDGE('',*,*,#2263,.T.);
#5465 = ORIENTED_EDGE('',*,*,#5466,.T.);
#5466 = EDGE_CURVE('',#2241,#827,#5467,.T.);
#5467 = SURFACE_CURVE('',#5468,(#5472,#5479),.PCURVE_S1.);
#5468 = LINE('',#5469,#5470);
#5469 = CARTESIAN_POINT('',(-31.5,61.,0.55));
#5470 = VECTOR('',#5471,1.);
#5471 = DIRECTION('',(0.,0.,1.));
#5472 = PCURVE('',#870,#5473);
#5473 = DEFINITIONAL_REPRESENTATION('',(#5474),#5478);
#5474 = LINE('',#5475,#5476);
#5475 = CARTESIAN_POINT('',(0.,-3.));
#5476 = VECTOR('',#5477,1.);
#5477 = DIRECTION('',(1.,0.));
#5478 = ( GEOMETRIC_REPRESENTATION_CONTEXT(2) 
PARAMETRIC_REPRESENTATION_CONTEXT() REPRESENTATION_CONTEXT('2D SPACE',''
  ) );
#5479 = PCURVE('',#842,#5480);
#5480 = DEFINITIONAL_REPRESENTATION('',(#5481),#5485);
#5481 = LINE('',#5482,#5483);
#5482 = CARTESIAN_POINT('',(0.,0.));
#5483 = VECTOR('',#5484,1.);
#5484 = DIRECTION('',(1.,0.));
#5485 = ( GEOMETRIC_REPRESENTATION_CONTEXT(2) 
PARAMETRIC_REPRESENTATION_CONTEXT() REPRESENTATION_CONTEXT('2D SPACE',''
  ) );
#5486 = ADVANCED_FACE('',(#5487),#432,.F.);
#5487 = FACE_BOUND('',#5488,.F.);
#5488 = EDGE_LOOP('',(#5489,#5490,#5491,#5492));
#5489 = ORIENTED_EDGE('',*,*,#1900,.F.);
#5490 = ORIENTED_EDGE('',*,*,#5437,.T.);
#5491 = ORIENTED_EDGE('',*,*,#416,.T.);
#5492 = ORIENTED_EDGE('',*,*,#5493,.F.);
#5493 = EDGE_CURVE('',#1901,#417,#5494,.T.);
#5494 = SURFACE_CURVE('',#5495,(#5499,#5505),.PCURVE_S1.);
#5495 = LINE('',#5496,#5497);
#5496 = CARTESIAN_POINT('',(-31.1961524227,-61.,0.55));
#5497 = VECTOR('',#5498,1.);
#5498 = DIRECTION('',(0.,0.,1.));
#5499 = PCURVE('',#432,#5500);
#5500 = DEFINITIONAL_REPRESENTATION('',(#5501),#5504);
#5501 = B_SPLINE_CURVE_WITH_KNOTS('',1,(#5502,#5503),.UNSPECIFIED.,.F.,
  .F.,(2,2),(-6.000000000173E-07,7.2000006),.PIECEWISE_BEZIER_KNOTS.);
#5502 = CARTESIAN_POINT('',(-6.000000000173E-07,0.303847577293));
#5503 = CARTESIAN_POINT('',(7.2000006,0.303847577293));
#5504 = ( GEOMETRIC_REPRESENTATION_CONTEXT(2) 
PARAMETRIC_REPRESENTATION_CONTEXT() REPRESENTATION_CONTEXT('2D SPACE',''
  ) );
#5505 = PCURVE('',#461,#5506);
#5506 = DEFINITIONAL_REPRESENTATION('',(#5507),#5510);
#5507 = B_SPLINE_CURVE_WITH_KNOTS('',1,(#5508,#5509),.UNSPECIFIED.,.F.,
  .F.,(2,2),(-6.000000000173E-07,7.2000006),.PIECEWISE_BEZIER_KNOTS.);
#5508 = CARTESIAN_POINT('',(0.523598775598,-6.000000000173E-07));
#5509 = CARTESIAN_POINT('',(0.523598775598,7.2000006));
#5510 = ( GEOMETRIC_REPRESENTATION_CONTEXT(2) 
PARAMETRIC_REPRESENTATION_CONTEXT() REPRESENTATION_CONTEXT('2D SPACE',''
  ) );
#5511 = ADVANCED_FACE('',(#5512),#842,.T.);
#5512 = FACE_BOUND('',#5513,.T.);
#5513 = EDGE_LOOP('',(#5514,#5515,#5516,#5517));
#5514 = ORIENTED_EDGE('',*,*,#2240,.F.);
#5515 = ORIENTED_EDGE('',*,*,#5466,.T.);
#5516 = ORIENTED_EDGE('',*,*,#826,.T.);
#5517 = ORIENTED_EDGE('',*,*,#5518,.F.);
#5518 = EDGE_CURVE('',#2213,#794,#5519,.T.);
#5519 = SURFACE_CURVE('',#5520,(#5524,#5530),.PCURVE_S1.);
#5520 = LINE('',#5521,#5522);
#5521 = CARTESIAN_POINT('',(-31.1961524227,61.,0.55));
#5522 = VECTOR('',#5523,1.);
#5523 = DIRECTION('',(0.,0.,1.));
#5524 = PCURVE('',#842,#5525);
#5525 = DEFINITIONAL_REPRESENTATION('',(#5526),#5529);
#5526 = B_SPLINE_CURVE_WITH_KNOTS('',1,(#5527,#5528),.UNSPECIFIED.,.F.,
  .F.,(2,2),(-6.000000000173E-07,7.2000006),.PIECEWISE_BEZIER_KNOTS.);
#5527 = CARTESIAN_POINT('',(-6.000000000173E-07,0.303847577293));
#5528 = CARTESIAN_POINT('',(7.2000006,0.303847577293));
#5529 = ( GEOMETRIC_REPRESENTATION_CONTEXT(2) 
PARAMETRIC_REPRESENTATION_CONTEXT() REPRESENTATION_CONTEXT('2D SPACE',''
  ) );
#5530 = PCURVE('',#814,#5531);
#5531 = DEFINITIONAL_REPRESENTATION('',(#5532),#5535);
#5532 = B_SPLINE_CURVE_WITH_KNOTS('',1,(#5533,#5534),.UNSPECIFIED.,.F.,
  .F.,(2,2),(-6.000000000173E-07,7.2000006),.PIECEWISE_BEZIER_KNOTS.);
#5533 = CARTESIAN_POINT('',(-0.523598775598,-6.000000000173E-07));
#5534 = CARTESIAN_POINT('',(-0.523598775598,7.2000006));
#5535 = ( GEOMETRIC_REPRESENTATION_CONTEXT(2) 
PARAMETRIC_REPRESENTATION_CONTEXT() REPRESENTATION_CONTEXT('2D SPACE',''
  ) );
#5536 = ADVANCED_FACE('',(#5537),#461,.T.);
#5537 = FACE_BOUND('',#5538,.T.);
#5538 = EDGE_LOOP('',(#5539,#5540,#5541,#5562));
#5539 = ORIENTED_EDGE('',*,*,#5493,.F.);
#5540 = ORIENTED_EDGE('',*,*,#1923,.T.);
#5541 = ORIENTED_EDGE('',*,*,#5542,.T.);
#5542 = EDGE_CURVE('',#1924,#445,#5543,.T.);
#5543 = SURFACE_CURVE('',#5544,(#5548,#5555),.PCURVE_S1.);
#5544 = LINE('',#5545,#5546);
#5545 = CARTESIAN_POINT('',(-26.,-64.,0.55));
#5546 = VECTOR('',#5547,1.);
#5547 = DIRECTION('',(0.,0.,1.));
#5548 = PCURVE('',#461,#5549);
#5549 = DEFINITIONAL_REPRESENTATION('',(#5550),#5554);
#5550 = LINE('',#5551,#5552);
#5551 = CARTESIAN_POINT('',(1.570796326795,0.));
#5552 = VECTOR('',#5553,1.);
#5553 = DIRECTION('',(0.,1.));
#5554 = ( GEOMETRIC_REPRESENTATION_CONTEXT(2) 
PARAMETRIC_REPRESENTATION_CONTEXT() REPRESENTATION_CONTEXT('2D SPACE',''
  ) );
#5555 = PCURVE('',#489,#5556);
#5556 = DEFINITIONAL_REPRESENTATION('',(#5557),#5561);
#5557 = LINE('',#5558,#5559);
#5558 = CARTESIAN_POINT('',(0.,6.));
#5559 = VECTOR('',#5560,1.);
#5560 = DIRECTION('',(1.,0.));
#5561 = ( GEOMETRIC_REPRESENTATION_CONTEXT(2) 
PARAMETRIC_REPRESENTATION_CONTEXT() REPRESENTATION_CONTEXT('2D SPACE',''
  ) );
#5562 = ORIENTED_EDGE('',*,*,#444,.F.);
#5563 = ADVANCED_FACE('',(#5564),#814,.T.);
#5564 = FACE_BOUND('',#5565,.F.);
#5565 = EDGE_LOOP('',(#5566,#5567,#5568,#5589));
#5566 = ORIENTED_EDGE('',*,*,#5518,.F.);
#5567 = ORIENTED_EDGE('',*,*,#2212,.T.);
#5568 = ORIENTED_EDGE('',*,*,#5569,.T.);
#5569 = EDGE_CURVE('',#2190,#766,#5570,.T.);
#5570 = SURFACE_CURVE('',#5571,(#5575,#5582),.PCURVE_S1.);
#5571 = LINE('',#5572,#5573);
#5572 = CARTESIAN_POINT('',(-26.,64.,0.55));
#5573 = VECTOR('',#5574,1.);
#5574 = DIRECTION('',(0.,0.,1.));
#5575 = PCURVE('',#814,#5576);
#5576 = DEFINITIONAL_REPRESENTATION('',(#5577),#5581);
#5577 = LINE('',#5578,#5579);
#5578 = CARTESIAN_POINT('',(-1.570796326795,0.));
#5579 = VECTOR('',#5580,1.);
#5580 = DIRECTION('',(-0.,1.));
#5581 = ( GEOMETRIC_REPRESENTATION_CONTEXT(2) 
PARAMETRIC_REPRESENTATION_CONTEXT() REPRESENTATION_CONTEXT('2D SPACE',''
  ) );
#5582 = PCURVE('',#781,#5583);
#5583 = DEFINITIONAL_REPRESENTATION('',(#5584),#5588);
#5584 = LINE('',#5585,#5586);
#5585 = CARTESIAN_POINT('',(0.,6.));
#5586 = VECTOR('',#5587,1.);
#5587 = DIRECTION('',(1.,0.));
#5588 = ( GEOMETRIC_REPRESENTATION_CONTEXT(2) 
PARAMETRIC_REPRESENTATION_CONTEXT() REPRESENTATION_CONTEXT('2D SPACE',''
  ) );
#5589 = ORIENTED_EDGE('',*,*,#793,.F.);
#5590 = ADVANCED_FACE('',(#5591,#5617),#489,.F.);
#5591 = FACE_BOUND('',#5592,.F.);
#5592 = EDGE_LOOP('',(#5593,#5594,#5595,#5616));
#5593 = ORIENTED_EDGE('',*,*,#5542,.T.);
#5594 = ORIENTED_EDGE('',*,*,#473,.T.);
#5595 = ORIENTED_EDGE('',*,*,#5596,.F.);
#5596 = EDGE_CURVE('',#1948,#474,#5597,.T.);
#5597 = SURFACE_CURVE('',#5598,(#5602,#5609),.PCURVE_S1.);
#5598 = LINE('',#5599,#5600);
#5599 = CARTESIAN_POINT('',(26.,-64.,0.55));
#5600 = VECTOR('',#5601,1.);
#5601 = DIRECTION('',(0.,0.,1.));
#5602 = PCURVE('',#489,#5603);
#5603 = DEFINITIONAL_REPRESENTATION('',(#5604),#5608);
#5604 = LINE('',#5605,#5606);
#5605 = CARTESIAN_POINT('',(0.,58.));
#5606 = VECTOR('',#5607,1.);
#5607 = DIRECTION('',(1.,0.));
#5608 = ( GEOMETRIC_REPRESENTATION_CONTEXT(2) 
PARAMETRIC_REPRESENTATION_CONTEXT() REPRESENTATION_CONTEXT('2D SPACE',''
  ) );
#5609 = PCURVE('',#522,#5610);
#5610 = DEFINITIONAL_REPRESENTATION('',(#5611),#5615);
#5611 = LINE('',#5612,#5613);
#5612 = CARTESIAN_POINT('',(-1.570796326795,0.));
#5613 = VECTOR('',#5614,1.);
#5614 = DIRECTION('',(-0.,1.));
#5615 = ( GEOMETRIC_REPRESENTATION_CONTEXT(2) 
PARAMETRIC_REPRESENTATION_CONTEXT() REPRESENTATION_CONTEXT('2D SPACE',''
  ) );
#5616 = ORIENTED_EDGE('',*,*,#1947,.T.);
#5617 = FACE_BOUND('',#5618,.F.);
#5618 = EDGE_LOOP('',(#5619));
#5619 = ORIENTED_EDGE('',*,*,#5620,.F.);
#5620 = EDGE_CURVE('',#5621,#5621,#5623,.T.);
#5621 = VERTEX_POINT('',#5622);
#5622 = CARTESIAN_POINT('',(2.5,-64.,4.42248296));
#5623 = SURFACE_CURVE('',#5624,(#5629,#5636),.PCURVE_S1.);
#5624 = CIRCLE('',#5625,2.5);
#5625 = AXIS2_PLACEMENT_3D('',#5626,#5627,#5628);
#5626 = CARTESIAN_POINT('',(1.7763568394E-15,-64.,4.42248296));
#5627 = DIRECTION('',(0.,1.,-1.110223024625E-16));
#5628 = DIRECTION('',(1.,0.,0.));
#5629 = PCURVE('',#489,#5630);
#5630 = DEFINITIONAL_REPRESENTATION('',(#5631),#5635);
#5631 = CIRCLE('',#5632,2.5);
#5632 = AXIS2_PLACEMENT_2D('',#5633,#5634);
#5633 = CARTESIAN_POINT('',(3.87248296,32.));
#5634 = DIRECTION('',(0.,1.));
#5635 = ( GEOMETRIC_REPRESENTATION_CONTEXT(2) 
PARAMETRIC_REPRESENTATION_CONTEXT() REPRESENTATION_CONTEXT('2D SPACE',''
  ) );
#5636 = PCURVE('',#5637,#5642);
#5637 = CYLINDRICAL_SURFACE('',#5638,2.5);
#5638 = AXIS2_PLACEMENT_3D('',#5639,#5640,#5641);
#5639 = CARTESIAN_POINT('',(1.7763568394E-15,-60.,4.42248296));
#5640 = DIRECTION('',(-0.,1.,-1.110223024625E-16));
#5641 = DIRECTION('',(1.,0.,0.));
#5642 = DEFINITIONAL_REPRESENTATION('',(#5643),#5647);
#5643 = LINE('',#5644,#5645);
#5644 = CARTESIAN_POINT('',(-6.28318530718,-4.));
#5645 = VECTOR('',#5646,1.);
#5646 = DIRECTION('',(1.,-0.));
#5647 = ( GEOMETRIC_REPRESENTATION_CONTEXT(2) 
PARAMETRIC_REPRESENTATION_CONTEXT() REPRESENTATION_CONTEXT('2D SPACE',''
  ) );
#5648 = ADVANCED_FACE('',(#5649),#781,.T.);
#5649 = FACE_BOUND('',#5650,.T.);
#5650 = EDGE_LOOP('',(#5651,#5652,#5653,#5654));
#5651 = ORIENTED_EDGE('',*,*,#2189,.F.);
#5652 = ORIENTED_EDGE('',*,*,#5569,.T.);
#5653 = ORIENTED_EDGE('',*,*,#765,.T.);
#5654 = ORIENTED_EDGE('',*,*,#5655,.F.);
#5655 = EDGE_CURVE('',#2166,#737,#5656,.T.);
#5656 = SURFACE_CURVE('',#5657,(#5661,#5668),.PCURVE_S1.);
#5657 = LINE('',#5658,#5659);
#5658 = CARTESIAN_POINT('',(26.,64.,0.55));
#5659 = VECTOR('',#5660,1.);
#5660 = DIRECTION('',(0.,0.,1.));
#5661 = PCURVE('',#781,#5662);
#5662 = DEFINITIONAL_REPRESENTATION('',(#5663),#5667);
#5663 = LINE('',#5664,#5665);
#5664 = CARTESIAN_POINT('',(0.,58.));
#5665 = VECTOR('',#5666,1.);
#5666 = DIRECTION('',(1.,0.));
#5667 = ( GEOMETRIC_REPRESENTATION_CONTEXT(2) 
PARAMETRIC_REPRESENTATION_CONTEXT() REPRESENTATION_CONTEXT('2D SPACE',''
  ) );
#5668 = PCURVE('',#753,#5669);
#5669 = DEFINITIONAL_REPRESENTATION('',(#5670),#5674);
#5670 = LINE('',#5671,#5672);
#5671 = CARTESIAN_POINT('',(1.570796326795,0.));
#5672 = VECTOR('',#5673,1.);
#5673 = DIRECTION('',(0.,1.));
#5674 = ( GEOMETRIC_REPRESENTATION_CONTEXT(2) 
PARAMETRIC_REPRESENTATION_CONTEXT() REPRESENTATION_CONTEXT('2D SPACE',''
  ) );
#5675 = ADVANCED_FACE('',(#5676),#522,.T.);
#5676 = FACE_BOUND('',#5677,.F.);
#5677 = EDGE_LOOP('',(#5678,#5697,#5698,#5699));
#5678 = ORIENTED_EDGE('',*,*,#5679,.F.);
#5679 = EDGE_CURVE('',#1971,#502,#5680,.T.);
#5680 = SURFACE_CURVE('',#5681,(#5685,#5691),.PCURVE_S1.);
#5681 = LINE('',#5682,#5683);
#5682 = CARTESIAN_POINT('',(31.196152422707,-61.,0.55));
#5683 = VECTOR('',#5684,1.);
#5684 = DIRECTION('',(0.,0.,1.));
#5685 = PCURVE('',#522,#5686);
#5686 = DEFINITIONAL_REPRESENTATION('',(#5687),#5690);
#5687 = B_SPLINE_CURVE_WITH_KNOTS('',1,(#5688,#5689),.UNSPECIFIED.,.F.,
  .F.,(2,2),(-6.000000000173E-07,7.2000006),.PIECEWISE_BEZIER_KNOTS.);
#5688 = CARTESIAN_POINT('',(-0.523598775598,-6.000000000173E-07));
#5689 = CARTESIAN_POINT('',(-0.523598775598,7.2000006));
#5690 = ( GEOMETRIC_REPRESENTATION_CONTEXT(2) 
PARAMETRIC_REPRESENTATION_CONTEXT() REPRESENTATION_CONTEXT('2D SPACE',''
  ) );
#5691 = PCURVE('',#550,#5692);
#5692 = DEFINITIONAL_REPRESENTATION('',(#5693),#5696);
#5693 = B_SPLINE_CURVE_WITH_KNOTS('',1,(#5694,#5695),.UNSPECIFIED.,.F.,
  .F.,(2,2),(-6.000000000173E-07,7.2000006),.PIECEWISE_BEZIER_KNOTS.);
#5694 = CARTESIAN_POINT('',(-6.000000000173E-07,2.696152422707));
#5695 = CARTESIAN_POINT('',(7.2000006,2.696152422707));
#5696 = ( GEOMETRIC_REPRESENTATION_CONTEXT(2) 
PARAMETRIC_REPRESENTATION_CONTEXT() REPRESENTATION_CONTEXT('2D SPACE',''
  ) );
#5697 = ORIENTED_EDGE('',*,*,#1970,.T.);
#5698 = ORIENTED_EDGE('',*,*,#5596,.T.);
#5699 = ORIENTED_EDGE('',*,*,#501,.F.);
#5700 = ADVANCED_FACE('',(#5701),#753,.T.);
#5701 = FACE_BOUND('',#5702,.T.);
#5702 = EDGE_LOOP('',(#5703,#5722,#5723,#5724));
#5703 = ORIENTED_EDGE('',*,*,#5704,.F.);
#5704 = EDGE_CURVE('',#2143,#709,#5705,.T.);
#5705 = SURFACE_CURVE('',#5706,(#5710,#5716),.PCURVE_S1.);
#5706 = LINE('',#5707,#5708);
#5707 = CARTESIAN_POINT('',(31.196152422707,61.,0.55));
#5708 = VECTOR('',#5709,1.);
#5709 = DIRECTION('',(0.,0.,1.));
#5710 = PCURVE('',#753,#5711);
#5711 = DEFINITIONAL_REPRESENTATION('',(#5712),#5715);
#5712 = B_SPLINE_CURVE_WITH_KNOTS('',1,(#5713,#5714),.UNSPECIFIED.,.F.,
  .F.,(2,2),(-6.000000000173E-07,7.2000006),.PIECEWISE_BEZIER_KNOTS.);
#5713 = CARTESIAN_POINT('',(0.523598775598,-6.000000000173E-07));
#5714 = CARTESIAN_POINT('',(0.523598775598,7.2000006));
#5715 = ( GEOMETRIC_REPRESENTATION_CONTEXT(2) 
PARAMETRIC_REPRESENTATION_CONTEXT() REPRESENTATION_CONTEXT('2D SPACE',''
  ) );
#5716 = PCURVE('',#724,#5717);
#5717 = DEFINITIONAL_REPRESENTATION('',(#5718),#5721);
#5718 = B_SPLINE_CURVE_WITH_KNOTS('',1,(#5719,#5720),.UNSPECIFIED.,.F.,
  .F.,(2,2),(-6.000000000173E-07,7.2000006),.PIECEWISE_BEZIER_KNOTS.);
#5719 = CARTESIAN_POINT('',(-6.000000000173E-07,2.696152422707));
#5720 = CARTESIAN_POINT('',(7.2000006,2.696152422707));
#5721 = ( GEOMETRIC_REPRESENTATION_CONTEXT(2) 
PARAMETRIC_REPRESENTATION_CONTEXT() REPRESENTATION_CONTEXT('2D SPACE',''
  ) );
#5722 = ORIENTED_EDGE('',*,*,#2165,.T.);
#5723 = ORIENTED_EDGE('',*,*,#5655,.T.);
#5724 = ORIENTED_EDGE('',*,*,#736,.F.);
#5725 = ADVANCED_FACE('',(#5726),#550,.F.);
#5726 = FACE_BOUND('',#5727,.F.);
#5727 = EDGE_LOOP('',(#5728,#5729,#5730,#5731));
#5728 = ORIENTED_EDGE('',*,*,#1998,.F.);
#5729 = ORIENTED_EDGE('',*,*,#5679,.T.);
#5730 = ORIENTED_EDGE('',*,*,#534,.T.);
#5731 = ORIENTED_EDGE('',*,*,#5732,.F.);
#5732 = EDGE_CURVE('',#1999,#535,#5733,.T.);
#5733 = SURFACE_CURVE('',#5734,(#5738,#5745),.PCURVE_S1.);
#5734 = LINE('',#5735,#5736);
#5735 = CARTESIAN_POINT('',(31.5,-61.,0.55));
#5736 = VECTOR('',#5737,1.);
#5737 = DIRECTION('',(0.,0.,1.));
#5738 = PCURVE('',#550,#5739);
#5739 = DEFINITIONAL_REPRESENTATION('',(#5740),#5744);
#5740 = LINE('',#5741,#5742);
#5741 = CARTESIAN_POINT('',(0.,3.));
#5742 = VECTOR('',#5743,1.);
#5743 = DIRECTION('',(1.,0.));
#5744 = ( GEOMETRIC_REPRESENTATION_CONTEXT(2) 
PARAMETRIC_REPRESENTATION_CONTEXT() REPRESENTATION_CONTEXT('2D SPACE',''
  ) );
#5745 = PCURVE('',#578,#5746);
#5746 = DEFINITIONAL_REPRESENTATION('',(#5747),#5751);
#5747 = LINE('',#5748,#5749);
#5748 = CARTESIAN_POINT('',(0.,0.));
#5749 = VECTOR('',#5750,1.);
#5750 = DIRECTION('',(1.,0.));
#5751 = ( GEOMETRIC_REPRESENTATION_CONTEXT(2) 
PARAMETRIC_REPRESENTATION_CONTEXT() REPRESENTATION_CONTEXT('2D SPACE',''
  ) );
#5752 = ADVANCED_FACE('',(#5753),#724,.T.);
#5753 = FACE_BOUND('',#5754,.T.);
#5754 = EDGE_LOOP('',(#5755,#5756,#5757,#5758));
#5755 = ORIENTED_EDGE('',*,*,#2142,.F.);
#5756 = ORIENTED_EDGE('',*,*,#5704,.T.);
#5757 = ORIENTED_EDGE('',*,*,#708,.T.);
#5758 = ORIENTED_EDGE('',*,*,#5759,.F.);
#5759 = EDGE_CURVE('',#2120,#681,#5760,.T.);
#5760 = SURFACE_CURVE('',#5761,(#5765,#5772),.PCURVE_S1.);
#5761 = LINE('',#5762,#5763);
#5762 = CARTESIAN_POINT('',(31.5,61.,0.55));
#5763 = VECTOR('',#5764,1.);
#5764 = DIRECTION('',(0.,0.,1.));
#5765 = PCURVE('',#724,#5766);
#5766 = DEFINITIONAL_REPRESENTATION('',(#5767),#5771);
#5767 = LINE('',#5768,#5769);
#5768 = CARTESIAN_POINT('',(0.,3.));
#5769 = VECTOR('',#5770,1.);
#5770 = DIRECTION('',(1.,0.));
#5771 = ( GEOMETRIC_REPRESENTATION_CONTEXT(2) 
PARAMETRIC_REPRESENTATION_CONTEXT() REPRESENTATION_CONTEXT('2D SPACE',''
  ) );
#5772 = PCURVE('',#696,#5773);
#5773 = DEFINITIONAL_REPRESENTATION('',(#5774),#5778);
#5774 = LINE('',#5775,#5776);
#5775 = CARTESIAN_POINT('',(0.,-3.));
#5776 = VECTOR('',#5777,1.);
#5777 = DIRECTION('',(1.,0.));
#5778 = ( GEOMETRIC_REPRESENTATION_CONTEXT(2) 
PARAMETRIC_REPRESENTATION_CONTEXT() REPRESENTATION_CONTEXT('2D SPACE',''
  ) );
#5779 = ADVANCED_FACE('',(#5780),#578,.T.);
#5780 = FACE_BOUND('',#5781,.T.);
#5781 = EDGE_LOOP('',(#5782,#5783,#5784,#5785));
#5782 = ORIENTED_EDGE('',*,*,#562,.F.);
#5783 = ORIENTED_EDGE('',*,*,#5732,.F.);
#5784 = ORIENTED_EDGE('',*,*,#2021,.T.);
#5785 = ORIENTED_EDGE('',*,*,#5786,.T.);
#5786 = EDGE_CURVE('',#2022,#563,#5787,.T.);
#5787 = SURFACE_CURVE('',#5788,(#5792,#5798),.PCURVE_S1.);
#5788 = LINE('',#5789,#5790);
#5789 = CARTESIAN_POINT('',(31.5,-60.39791576165,0.55));
#5790 = VECTOR('',#5791,1.);
#5791 = DIRECTION('',(0.,0.,1.));
#5792 = PCURVE('',#578,#5793);
#5793 = DEFINITIONAL_REPRESENTATION('',(#5794),#5797);
#5794 = B_SPLINE_CURVE_WITH_KNOTS('',1,(#5795,#5796),.UNSPECIFIED.,.F.,
  .F.,(2,2),(-6.000000000173E-07,7.2000006),.PIECEWISE_BEZIER_KNOTS.);
#5795 = CARTESIAN_POINT('',(-6.000000000173E-07,-0.602084238344));
#5796 = CARTESIAN_POINT('',(7.2000006,-0.602084238344));
#5797 = ( GEOMETRIC_REPRESENTATION_CONTEXT(2) 
PARAMETRIC_REPRESENTATION_CONTEXT() REPRESENTATION_CONTEXT('2D SPACE',''
  ) );
#5798 = PCURVE('',#611,#5799);
#5799 = DEFINITIONAL_REPRESENTATION('',(#5800),#5803);
#5800 = B_SPLINE_CURVE_WITH_KNOTS('',1,(#5801,#5802),.UNSPECIFIED.,.F.,
  .F.,(2,2),(-6.000000000173E-07,7.2000006),.PIECEWISE_BEZIER_KNOTS.);
#5801 = CARTESIAN_POINT('',(-0.411137862322,-6.000000000173E-07));
#5802 = CARTESIAN_POINT('',(-0.411137862322,7.2000006));
#5803 = ( GEOMETRIC_REPRESENTATION_CONTEXT(2) 
PARAMETRIC_REPRESENTATION_CONTEXT() REPRESENTATION_CONTEXT('2D SPACE',''
  ) );
#5804 = ADVANCED_FACE('',(#5805),#696,.T.);
#5805 = FACE_BOUND('',#5806,.T.);
#5806 = EDGE_LOOP('',(#5807,#5808,#5827,#5828));
#5807 = ORIENTED_EDGE('',*,*,#680,.F.);
#5808 = ORIENTED_EDGE('',*,*,#5809,.F.);
#5809 = EDGE_CURVE('',#2096,#652,#5810,.T.);
#5810 = SURFACE_CURVE('',#5811,(#5815,#5821),.PCURVE_S1.);
#5811 = LINE('',#5812,#5813);
#5812 = CARTESIAN_POINT('',(31.5,60.397915761656,0.55));
#5813 = VECTOR('',#5814,1.);
#5814 = DIRECTION('',(0.,0.,1.));
#5815 = PCURVE('',#696,#5816);
#5816 = DEFINITIONAL_REPRESENTATION('',(#5817),#5820);
#5817 = B_SPLINE_CURVE_WITH_KNOTS('',1,(#5818,#5819),.UNSPECIFIED.,.F.,
  .F.,(2,2),(-6.000000000173E-07,7.2000006),.PIECEWISE_BEZIER_KNOTS.);
#5818 = CARTESIAN_POINT('',(-6.000000000173E-07,-2.397915761656));
#5819 = CARTESIAN_POINT('',(7.2000006,-2.397915761656));
#5820 = ( GEOMETRIC_REPRESENTATION_CONTEXT(2) 
PARAMETRIC_REPRESENTATION_CONTEXT() REPRESENTATION_CONTEXT('2D SPACE',''
  ) );
#5821 = PCURVE('',#668,#5822);
#5822 = DEFINITIONAL_REPRESENTATION('',(#5823),#5826);
#5823 = B_SPLINE_CURVE_WITH_KNOTS('',1,(#5824,#5825),.UNSPECIFIED.,.F.,
  .F.,(2,2),(-6.000000000173E-07,7.2000006),.PIECEWISE_BEZIER_KNOTS.);
#5824 = CARTESIAN_POINT('',(0.411137862322,-6.000000000173E-07));
#5825 = CARTESIAN_POINT('',(0.411137862322,7.2000006));
#5826 = ( GEOMETRIC_REPRESENTATION_CONTEXT(2) 
PARAMETRIC_REPRESENTATION_CONTEXT() REPRESENTATION_CONTEXT('2D SPACE',''
  ) );
#5827 = ORIENTED_EDGE('',*,*,#2119,.T.);
#5828 = ORIENTED_EDGE('',*,*,#5759,.T.);
#5829 = ADVANCED_FACE('',(#5830),#611,.T.);
#5830 = FACE_BOUND('',#5831,.F.);
#5831 = EDGE_LOOP('',(#5832,#5853,#5854,#5855));
#5832 = ORIENTED_EDGE('',*,*,#5833,.F.);
#5833 = EDGE_CURVE('',#2045,#591,#5834,.T.);
#5834 = SURFACE_CURVE('',#5835,(#5839,#5846),.PCURVE_S1.);
#5835 = LINE('',#5836,#5837);
#5836 = CARTESIAN_POINT('',(32.,-58.,0.55));
#5837 = VECTOR('',#5838,1.);
#5838 = DIRECTION('',(0.,0.,1.));
#5839 = PCURVE('',#611,#5840);
#5840 = DEFINITIONAL_REPRESENTATION('',(#5841),#5845);
#5841 = LINE('',#5842,#5843);
#5842 = CARTESIAN_POINT('',(-0.,0.));
#5843 = VECTOR('',#5844,1.);
#5844 = DIRECTION('',(-0.,1.));
#5845 = ( GEOMETRIC_REPRESENTATION_CONTEXT(2) 
PARAMETRIC_REPRESENTATION_CONTEXT() REPRESENTATION_CONTEXT('2D SPACE',''
  ) );
#5846 = PCURVE('',#639,#5847);
#5847 = DEFINITIONAL_REPRESENTATION('',(#5848),#5852);
#5848 = LINE('',#5849,#5850);
#5849 = CARTESIAN_POINT('',(0.,-6.));
#5850 = VECTOR('',#5851,1.);
#5851 = DIRECTION('',(1.,0.));
#5852 = ( GEOMETRIC_REPRESENTATION_CONTEXT(2) 
PARAMETRIC_REPRESENTATION_CONTEXT() REPRESENTATION_CONTEXT('2D SPACE',''
  ) );
#5853 = ORIENTED_EDGE('',*,*,#2044,.T.);
#5854 = ORIENTED_EDGE('',*,*,#5786,.T.);
#5855 = ORIENTED_EDGE('',*,*,#590,.F.);
#5856 = ADVANCED_FACE('',(#5857),#668,.T.);
#5857 = FACE_BOUND('',#5858,.T.);
#5858 = EDGE_LOOP('',(#5859,#5880,#5881,#5882));
#5859 = ORIENTED_EDGE('',*,*,#5860,.F.);
#5860 = EDGE_CURVE('',#2073,#624,#5861,.T.);
#5861 = SURFACE_CURVE('',#5862,(#5866,#5873),.PCURVE_S1.);
#5862 = LINE('',#5863,#5864);
#5863 = CARTESIAN_POINT('',(32.,58.,0.55));
#5864 = VECTOR('',#5865,1.);
#5865 = DIRECTION('',(0.,0.,1.));
#5866 = PCURVE('',#668,#5867);
#5867 = DEFINITIONAL_REPRESENTATION('',(#5868),#5872);
#5868 = LINE('',#5869,#5870);
#5869 = CARTESIAN_POINT('',(0.,0.));
#5870 = VECTOR('',#5871,1.);
#5871 = DIRECTION('',(0.,1.));
#5872 = ( GEOMETRIC_REPRESENTATION_CONTEXT(2) 
PARAMETRIC_REPRESENTATION_CONTEXT() REPRESENTATION_CONTEXT('2D SPACE',''
  ) );
#5873 = PCURVE('',#639,#5874);
#5874 = DEFINITIONAL_REPRESENTATION('',(#5875),#5879);
#5875 = LINE('',#5876,#5877);
#5876 = CARTESIAN_POINT('',(0.,-122.));
#5877 = VECTOR('',#5878,1.);
#5878 = DIRECTION('',(1.,0.));
#5879 = ( GEOMETRIC_REPRESENTATION_CONTEXT(2) 
PARAMETRIC_REPRESENTATION_CONTEXT() REPRESENTATION_CONTEXT('2D SPACE',''
  ) );
#5880 = ORIENTED_EDGE('',*,*,#2095,.T.);
#5881 = ORIENTED_EDGE('',*,*,#5809,.T.);
#5882 = ORIENTED_EDGE('',*,*,#651,.F.);
#5883 = ADVANCED_FACE('',(#5884,#5890),#639,.T.);
#5884 = FACE_BOUND('',#5885,.T.);
#5885 = EDGE_LOOP('',(#5886,#5887,#5888,#5889));
#5886 = ORIENTED_EDGE('',*,*,#623,.F.);
#5887 = ORIENTED_EDGE('',*,*,#5833,.F.);
#5888 = ORIENTED_EDGE('',*,*,#2072,.T.);
#5889 = ORIENTED_EDGE('',*,*,#5860,.T.);
#5890 = FACE_BOUND('',#5891,.T.);
#5891 = EDGE_LOOP('',(#5892,#5923,#5949,#5978,#6004,#6033,#6059,#6088));
#5892 = ORIENTED_EDGE('',*,*,#5893,.F.);
#5893 = EDGE_CURVE('',#5894,#5896,#5898,.T.);
#5894 = VERTEX_POINT('',#5895);
#5895 = CARTESIAN_POINT('',(32.,7.3,2.305));
#5896 = VERTEX_POINT('',#5897);
#5897 = CARTESIAN_POINT('',(32.,7.75,1.855));
#5898 = SURFACE_CURVE('',#5899,(#5904,#5911),.PCURVE_S1.);
#5899 = CIRCLE('',#5900,0.45);
#5900 = AXIS2_PLACEMENT_3D('',#5901,#5902,#5903);
#5901 = CARTESIAN_POINT('',(32.,7.75,2.305));
#5902 = DIRECTION('',(1.,-1.079521069387E-78,-2.22044604925E-16));
#5903 = DIRECTION('',(1.094764425254E-47,-1.,4.930380657631E-32));
#5904 = PCURVE('',#639,#5905);
#5905 = DEFINITIONAL_REPRESENTATION('',(#5906),#5910);
#5906 = CIRCLE('',#5907,0.45);
#5907 = AXIS2_PLACEMENT_2D('',#5908,#5909);
#5908 = CARTESIAN_POINT('',(1.755,-71.75));
#5909 = DIRECTION('',(4.930380657631E-32,1.));
#5910 = ( GEOMETRIC_REPRESENTATION_CONTEXT(2) 
PARAMETRIC_REPRESENTATION_CONTEXT() REPRESENTATION_CONTEXT('2D SPACE',''
  ) );
#5911 = PCURVE('',#5912,#5917);
#5912 = CYLINDRICAL_SURFACE('',#5913,0.45);
#5913 = AXIS2_PLACEMENT_3D('',#5914,#5915,#5916);
#5914 = CARTESIAN_POINT('',(28.,7.75,2.305));
#5915 = DIRECTION('',(1.,0.,-2.22044604925E-16));
#5916 = DIRECTION('',(2.22044604925E-16,-1.,-0.));
#5917 = DEFINITIONAL_REPRESENTATION('',(#5918),#5922);
#5918 = LINE('',#5919,#5920);
#5919 = CARTESIAN_POINT('',(0.,4.));
#5920 = VECTOR('',#5921,1.);
#5921 = DIRECTION('',(1.,0.));
#5922 = ( GEOMETRIC_REPRESENTATION_CONTEXT(2) 
PARAMETRIC_REPRESENTATION_CONTEXT() REPRESENTATION_CONTEXT('2D SPACE',''
  ) );
#5923 = ORIENTED_EDGE('',*,*,#5924,.T.);
#5924 = EDGE_CURVE('',#5894,#5925,#5927,.T.);
#5925 = VERTEX_POINT('',#5926);
#5926 = CARTESIAN_POINT('',(32.,7.3,5.105));
#5927 = SURFACE_CURVE('',#5928,(#5932,#5938),.PCURVE_S1.);
#5928 = LINE('',#5929,#5930);
#5929 = CARTESIAN_POINT('',(32.,7.3,1.2025));
#5930 = VECTOR('',#5931,1.);
#5931 = DIRECTION('',(0.,-0.,1.));
#5932 = PCURVE('',#639,#5933);
#5933 = DEFINITIONAL_REPRESENTATION('',(#5934),#5937);
#5934 = B_SPLINE_CURVE_WITH_KNOTS('',1,(#5935,#5936),.UNSPECIFIED.,.F.,
  .F.,(2,2),(1.1025,3.9025),.PIECEWISE_BEZIER_KNOTS.);
#5935 = CARTESIAN_POINT('',(1.755,-71.3));
#5936 = CARTESIAN_POINT('',(4.555,-71.3));
#5937 = ( GEOMETRIC_REPRESENTATION_CONTEXT(2) 
PARAMETRIC_REPRESENTATION_CONTEXT() REPRESENTATION_CONTEXT('2D SPACE',''
  ) );
#5938 = PCURVE('',#5939,#5944);
#5939 = PLANE('',#5940);
#5940 = AXIS2_PLACEMENT_3D('',#5941,#5942,#5943);
#5941 = CARTESIAN_POINT('',(28.,7.3,1.855));
#5942 = DIRECTION('',(-2.22044604925E-16,1.,0.));
#5943 = DIRECTION('',(1.,0.,-2.22044604925E-16));
#5944 = DEFINITIONAL_REPRESENTATION('',(#5945),#5948);
#5945 = B_SPLINE_CURVE_WITH_KNOTS('',1,(#5946,#5947),.UNSPECIFIED.,.F.,
  .F.,(2,2),(1.1025,3.9025),.PIECEWISE_BEZIER_KNOTS.);
#5946 = CARTESIAN_POINT('',(4.,-0.45));
#5947 = CARTESIAN_POINT('',(4.,-3.25));
#5948 = ( GEOMETRIC_REPRESENTATION_CONTEXT(2) 
PARAMETRIC_REPRESENTATION_CONTEXT() REPRESENTATION_CONTEXT('2D SPACE',''
  ) );
#5949 = ORIENTED_EDGE('',*,*,#5950,.F.);
#5950 = EDGE_CURVE('',#5951,#5925,#5953,.T.);
#5951 = VERTEX_POINT('',#5952);
#5952 = CARTESIAN_POINT('',(32.,7.75,5.555));
#5953 = SURFACE_CURVE('',#5954,(#5959,#5966),.PCURVE_S1.);
#5954 = CIRCLE('',#5955,0.45);
#5955 = AXIS2_PLACEMENT_3D('',#5956,#5957,#5958);
#5956 = CARTESIAN_POINT('',(32.,7.75,5.105));
#5957 = DIRECTION('',(1.,-1.079521069387E-78,-2.22044604925E-16));
#5958 = DIRECTION('',(1.094764425254E-47,-1.,4.930380657631E-32));
#5959 = PCURVE('',#639,#5960);
#5960 = DEFINITIONAL_REPRESENTATION('',(#5961),#5965);
#5961 = CIRCLE('',#5962,0.45);
#5962 = AXIS2_PLACEMENT_2D('',#5963,#5964);
#5963 = CARTESIAN_POINT('',(4.555,-71.75));
#5964 = DIRECTION('',(4.930380657631E-32,1.));
#5965 = ( GEOMETRIC_REPRESENTATION_CONTEXT(2) 
PARAMETRIC_REPRESENTATION_CONTEXT() REPRESENTATION_CONTEXT('2D SPACE',''
  ) );
#5966 = PCURVE('',#5967,#5972);
#5967 = CYLINDRICAL_SURFACE('',#5968,0.45);
#5968 = AXIS2_PLACEMENT_3D('',#5969,#5970,#5971);
#5969 = CARTESIAN_POINT('',(28.,7.75,5.105));
#5970 = DIRECTION('',(1.,0.,-2.22044604925E-16));
#5971 = DIRECTION('',(2.22044604925E-16,-1.,-0.));
#5972 = DEFINITIONAL_REPRESENTATION('',(#5973),#5977);
#5973 = LINE('',#5974,#5975);
#5974 = CARTESIAN_POINT('',(-6.28318530718,4.));
#5975 = VECTOR('',#5976,1.);
#5976 = DIRECTION('',(1.,-0.));
#5977 = ( GEOMETRIC_REPRESENTATION_CONTEXT(2) 
PARAMETRIC_REPRESENTATION_CONTEXT() REPRESENTATION_CONTEXT('2D SPACE',''
  ) );
#5978 = ORIENTED_EDGE('',*,*,#5979,.F.);
#5979 = EDGE_CURVE('',#5980,#5951,#5982,.T.);
#5980 = VERTEX_POINT('',#5981);
#5981 = CARTESIAN_POINT('',(32.,16.25,5.555));
#5982 = SURFACE_CURVE('',#5983,(#5987,#5993),.PCURVE_S1.);
#5983 = LINE('',#5984,#5985);
#5984 = CARTESIAN_POINT('',(32.,-28.35,5.555));
#5985 = VECTOR('',#5986,1.);
#5986 = DIRECTION('',(0.,-1.,-2.22044604925E-16));
#5987 = PCURVE('',#639,#5988);
#5988 = DEFINITIONAL_REPRESENTATION('',(#5989),#5992);
#5989 = B_SPLINE_CURVE_WITH_KNOTS('',1,(#5990,#5991),.UNSPECIFIED.,.F.,
  .F.,(2,2),(-44.6,-36.1),.PIECEWISE_BEZIER_KNOTS.);
#5990 = CARTESIAN_POINT('',(5.005,-80.25));
#5991 = CARTESIAN_POINT('',(5.005,-71.75));
#5992 = ( GEOMETRIC_REPRESENTATION_CONTEXT(2) 
PARAMETRIC_REPRESENTATION_CONTEXT() REPRESENTATION_CONTEXT('2D SPACE',''
  ) );
#5993 = PCURVE('',#5994,#5999);
#5994 = PLANE('',#5995);
#5995 = AXIS2_PLACEMENT_3D('',#5996,#5997,#5998);
#5996 = CARTESIAN_POINT('',(28.,7.3,5.555));
#5997 = DIRECTION('',(0.,-2.22044604925E-16,1.));
#5998 = DIRECTION('',(1.,0.,-2.22044604925E-16));
#5999 = DEFINITIONAL_REPRESENTATION('',(#6000),#6003);
#6000 = B_SPLINE_CURVE_WITH_KNOTS('',1,(#6001,#6002),.UNSPECIFIED.,.F.,
  .F.,(2,2),(-44.6,-36.1),.PIECEWISE_BEZIER_KNOTS.);
#6001 = CARTESIAN_POINT('',(4.,8.95));
#6002 = CARTESIAN_POINT('',(4.,0.45));
#6003 = ( GEOMETRIC_REPRESENTATION_CONTEXT(2) 
PARAMETRIC_REPRESENTATION_CONTEXT() REPRESENTATION_CONTEXT('2D SPACE',''
  ) );
#6004 = ORIENTED_EDGE('',*,*,#6005,.F.);
#6005 = EDGE_CURVE('',#6006,#5980,#6008,.T.);
#6006 = VERTEX_POINT('',#6007);
#6007 = CARTESIAN_POINT('',(32.,16.7,5.105));
#6008 = SURFACE_CURVE('',#6009,(#6014,#6021),.PCURVE_S1.);
#6009 = CIRCLE('',#6010,0.45);
#6010 = AXIS2_PLACEMENT_3D('',#6011,#6012,#6013);
#6011 = CARTESIAN_POINT('',(32.,16.25,5.105));
#6012 = DIRECTION('',(1.,-1.079521069387E-78,-2.22044604925E-16));
#6013 = DIRECTION('',(-1.094764425254E-47,1.,-4.930380657631E-32));
#6014 = PCURVE('',#639,#6015);
#6015 = DEFINITIONAL_REPRESENTATION('',(#6016),#6020);
#6016 = CIRCLE('',#6017,0.45);
#6017 = AXIS2_PLACEMENT_2D('',#6018,#6019);
#6018 = CARTESIAN_POINT('',(4.555,-80.25));
#6019 = DIRECTION('',(-4.930380657631E-32,-1.));
#6020 = ( GEOMETRIC_REPRESENTATION_CONTEXT(2) 
PARAMETRIC_REPRESENTATION_CONTEXT() REPRESENTATION_CONTEXT('2D SPACE',''
  ) );
#6021 = PCURVE('',#6022,#6027);
#6022 = CYLINDRICAL_SURFACE('',#6023,0.45);
#6023 = AXIS2_PLACEMENT_3D('',#6024,#6025,#6026);
#6024 = CARTESIAN_POINT('',(28.,16.25,5.105));
#6025 = DIRECTION('',(1.,0.,-2.22044604925E-16));
#6026 = DIRECTION('',(-2.22044604925E-16,1.,0.));
#6027 = DEFINITIONAL_REPRESENTATION('',(#6028),#6032);
#6028 = LINE('',#6029,#6030);
#6029 = CARTESIAN_POINT('',(-2.22044604925E-16,4.));
#6030 = VECTOR('',#6031,1.);
#6031 = DIRECTION('',(1.,0.));
#6032 = ( GEOMETRIC_REPRESENTATION_CONTEXT(2) 
PARAMETRIC_REPRESENTATION_CONTEXT() REPRESENTATION_CONTEXT('2D SPACE',''
  ) );
#6033 = ORIENTED_EDGE('',*,*,#6034,.F.);
#6034 = EDGE_CURVE('',#6035,#6006,#6037,.T.);
#6035 = VERTEX_POINT('',#6036);
#6036 = CARTESIAN_POINT('',(32.,16.7,2.305));
#6037 = SURFACE_CURVE('',#6038,(#6042,#6048),.PCURVE_S1.);
#6038 = LINE('',#6039,#6040);
#6039 = CARTESIAN_POINT('',(32.,16.7,1.2025));
#6040 = VECTOR('',#6041,1.);
#6041 = DIRECTION('',(0.,-0.,1.));
#6042 = PCURVE('',#639,#6043);
#6043 = DEFINITIONAL_REPRESENTATION('',(#6044),#6047);
#6044 = B_SPLINE_CURVE_WITH_KNOTS('',1,(#6045,#6046),.UNSPECIFIED.,.F.,
  .F.,(2,2),(1.1025,3.9025),.PIECEWISE_BEZIER_KNOTS.);
#6045 = CARTESIAN_POINT('',(1.755,-80.7));
#6046 = CARTESIAN_POINT('',(4.555,-80.7));
#6047 = ( GEOMETRIC_REPRESENTATION_CONTEXT(2) 
PARAMETRIC_REPRESENTATION_CONTEXT() REPRESENTATION_CONTEXT('2D SPACE',''
  ) );
#6048 = PCURVE('',#6049,#6054);
#6049 = PLANE('',#6050);
#6050 = AXIS2_PLACEMENT_3D('',#6051,#6052,#6053);
#6051 = CARTESIAN_POINT('',(28.,16.7,1.855));
#6052 = DIRECTION('',(-2.22044604925E-16,1.,0.));
#6053 = DIRECTION('',(1.,0.,-2.22044604925E-16));
#6054 = DEFINITIONAL_REPRESENTATION('',(#6055),#6058);
#6055 = B_SPLINE_CURVE_WITH_KNOTS('',1,(#6056,#6057),.UNSPECIFIED.,.F.,
  .F.,(2,2),(1.1025,3.9025),.PIECEWISE_BEZIER_KNOTS.);
#6056 = CARTESIAN_POINT('',(4.,-0.45));
#6057 = CARTESIAN_POINT('',(4.,-3.25));
#6058 = ( GEOMETRIC_REPRESENTATION_CONTEXT(2) 
PARAMETRIC_REPRESENTATION_CONTEXT() REPRESENTATION_CONTEXT('2D SPACE',''
  ) );
#6059 = ORIENTED_EDGE('',*,*,#6060,.F.);
#6060 = EDGE_CURVE('',#6061,#6035,#6063,.T.);
#6061 = VERTEX_POINT('',#6062);
#6062 = CARTESIAN_POINT('',(32.,16.25,1.855));
#6063 = SURFACE_CURVE('',#6064,(#6069,#6076),.PCURVE_S1.);
#6064 = CIRCLE('',#6065,0.45);
#6065 = AXIS2_PLACEMENT_3D('',#6066,#6067,#6068);
#6066 = CARTESIAN_POINT('',(32.,16.25,2.305));
#6067 = DIRECTION('',(1.,-1.079521069387E-78,-2.22044604925E-16));
#6068 = DIRECTION('',(-1.094764425254E-47,1.,-4.930380657631E-32));
#6069 = PCURVE('',#639,#6070);
#6070 = DEFINITIONAL_REPRESENTATION('',(#6071),#6075);
#6071 = CIRCLE('',#6072,0.45);
#6072 = AXIS2_PLACEMENT_2D('',#6073,#6074);
#6073 = CARTESIAN_POINT('',(1.755,-80.25));
#6074 = DIRECTION('',(-4.930380657631E-32,-1.));
#6075 = ( GEOMETRIC_REPRESENTATION_CONTEXT(2) 
PARAMETRIC_REPRESENTATION_CONTEXT() REPRESENTATION_CONTEXT('2D SPACE',''
  ) );
#6076 = PCURVE('',#6077,#6082);
#6077 = CYLINDRICAL_SURFACE('',#6078,0.45);
#6078 = AXIS2_PLACEMENT_3D('',#6079,#6080,#6081);
#6079 = CARTESIAN_POINT('',(28.,16.25,2.305));
#6080 = DIRECTION('',(1.,0.,-2.22044604925E-16));
#6081 = DIRECTION('',(-2.22044604925E-16,1.,0.));
#6082 = DEFINITIONAL_REPRESENTATION('',(#6083),#6087);
#6083 = LINE('',#6084,#6085);
#6084 = CARTESIAN_POINT('',(-6.28318530718,4.));
#6085 = VECTOR('',#6086,1.);
#6086 = DIRECTION('',(1.,-0.));
#6087 = ( GEOMETRIC_REPRESENTATION_CONTEXT(2) 
PARAMETRIC_REPRESENTATION_CONTEXT() REPRESENTATION_CONTEXT('2D SPACE',''
  ) );
#6088 = ORIENTED_EDGE('',*,*,#6089,.T.);
#6089 = EDGE_CURVE('',#6061,#5896,#6090,.T.);
#6090 = SURFACE_CURVE('',#6091,(#6095,#6101),.PCURVE_S1.);
#6091 = LINE('',#6092,#6093);
#6092 = CARTESIAN_POINT('',(32.,-28.35,1.855));
#6093 = VECTOR('',#6094,1.);
#6094 = DIRECTION('',(0.,-1.,-2.22044604925E-16));
#6095 = PCURVE('',#639,#6096);
#6096 = DEFINITIONAL_REPRESENTATION('',(#6097),#6100);
#6097 = B_SPLINE_CURVE_WITH_KNOTS('',1,(#6098,#6099),.UNSPECIFIED.,.F.,
  .F.,(2,2),(-44.6,-36.1),.PIECEWISE_BEZIER_KNOTS.);
#6098 = CARTESIAN_POINT('',(1.305,-80.25));
#6099 = CARTESIAN_POINT('',(1.305,-71.75));
#6100 = ( GEOMETRIC_REPRESENTATION_CONTEXT(2) 
PARAMETRIC_REPRESENTATION_CONTEXT() REPRESENTATION_CONTEXT('2D SPACE',''
  ) );
#6101 = PCURVE('',#6102,#6107);
#6102 = PLANE('',#6103);
#6103 = AXIS2_PLACEMENT_3D('',#6104,#6105,#6106);
#6104 = CARTESIAN_POINT('',(28.,7.3,1.855));
#6105 = DIRECTION('',(0.,-2.22044604925E-16,1.));
#6106 = DIRECTION('',(1.,0.,-2.22044604925E-16));
#6107 = DEFINITIONAL_REPRESENTATION('',(#6108),#6111);
#6108 = B_SPLINE_CURVE_WITH_KNOTS('',1,(#6109,#6110),.UNSPECIFIED.,.F.,
  .F.,(2,2),(-44.6,-36.1),.PIECEWISE_BEZIER_KNOTS.);
#6109 = CARTESIAN_POINT('',(4.,8.95));
#6110 = CARTESIAN_POINT('',(4.,0.45));
#6111 = ( GEOMETRIC_REPRESENTATION_CONTEXT(2) 
PARAMETRIC_REPRESENTATION_CONTEXT() REPRESENTATION_CONTEXT('2D SPACE',''
  ) );
#6112 = ADVANCED_FACE('',(#6113),#927,.F.);
#6113 = FACE_BOUND('',#6114,.F.);
#6114 = EDGE_LOOP('',(#6115,#6116,#6139,#6166));
#6115 = ORIENTED_EDGE('',*,*,#910,.F.);
#6116 = ORIENTED_EDGE('',*,*,#6117,.F.);
#6117 = EDGE_CURVE('',#6118,#911,#6120,.T.);
#6118 = VERTEX_POINT('',#6119);
#6119 = CARTESIAN_POINT('',(-27.1,-59.5,7.5));
#6120 = SEAM_CURVE('',#6121,(#6125,#6132),.PCURVE_S1.);
#6121 = LINE('',#6122,#6123);
#6122 = CARTESIAN_POINT('',(-27.1,-59.5,7.5));
#6123 = VECTOR('',#6124,1.);
#6124 = DIRECTION('',(0.707106781187,-1.731912112471E-16,0.707106781187)
  );
#6125 = PCURVE('',#927,#6126);
#6126 = DEFINITIONAL_REPRESENTATION('',(#6127),#6131);
#6127 = LINE('',#6128,#6129);
#6128 = CARTESIAN_POINT('',(6.28318530718,-0.));
#6129 = VECTOR('',#6130,1.);
#6130 = DIRECTION('',(0.,1.));
#6131 = ( GEOMETRIC_REPRESENTATION_CONTEXT(2) 
PARAMETRIC_REPRESENTATION_CONTEXT() REPRESENTATION_CONTEXT('2D SPACE',''
  ) );
#6132 = PCURVE('',#927,#6133);
#6133 = DEFINITIONAL_REPRESENTATION('',(#6134),#6138);
#6134 = LINE('',#6135,#6136);
#6135 = CARTESIAN_POINT('',(0.,-0.));
#6136 = VECTOR('',#6137,1.);
#6137 = DIRECTION('',(0.,1.));
#6138 = ( GEOMETRIC_REPRESENTATION_CONTEXT(2) 
PARAMETRIC_REPRESENTATION_CONTEXT() REPRESENTATION_CONTEXT('2D SPACE',''
  ) );
#6139 = ORIENTED_EDGE('',*,*,#6140,.T.);
#6140 = EDGE_CURVE('',#6118,#6118,#6141,.T.);
#6141 = SURFACE_CURVE('',#6142,(#6147,#6154),.PCURVE_S1.);
#6142 = CIRCLE('',#6143,0.9);
#6143 = AXIS2_PLACEMENT_3D('',#6144,#6145,#6146);
#6144 = CARTESIAN_POINT('',(-28.,-59.5,7.5));
#6145 = DIRECTION('',(0.,0.,1.));
#6146 = DIRECTION('',(1.,0.,-0.));
#6147 = PCURVE('',#927,#6148);
#6148 = DEFINITIONAL_REPRESENTATION('',(#6149),#6153);
#6149 = LINE('',#6150,#6151);
#6150 = CARTESIAN_POINT('',(0.,0.));
#6151 = VECTOR('',#6152,1.);
#6152 = DIRECTION('',(1.,0.));
#6153 = ( GEOMETRIC_REPRESENTATION_CONTEXT(2) 
PARAMETRIC_REPRESENTATION_CONTEXT() REPRESENTATION_CONTEXT('2D SPACE',''
  ) );
#6154 = PCURVE('',#6155,#6160);
#6155 = PLANE('',#6156);
#6156 = AXIS2_PLACEMENT_3D('',#6157,#6158,#6159);
#6157 = CARTESIAN_POINT('',(-28.,-59.5,7.5));
#6158 = DIRECTION('',(0.,0.,1.));
#6159 = DIRECTION('',(1.,0.,-0.));
#6160 = DEFINITIONAL_REPRESENTATION('',(#6161),#6165);
#6161 = CIRCLE('',#6162,0.9);
#6162 = AXIS2_PLACEMENT_2D('',#6163,#6164);
#6163 = CARTESIAN_POINT('',(0.,0.));
#6164 = DIRECTION('',(1.,0.));
#6165 = ( GEOMETRIC_REPRESENTATION_CONTEXT(2) 
PARAMETRIC_REPRESENTATION_CONTEXT() REPRESENTATION_CONTEXT('2D SPACE',''
  ) );
#6166 = ORIENTED_EDGE('',*,*,#6117,.T.);
#6167 = ADVANCED_FACE('',(#6168),#958,.F.);
#6168 = FACE_BOUND('',#6169,.F.);
#6169 = EDGE_LOOP('',(#6170,#6171,#6194,#6221));
#6170 = ORIENTED_EDGE('',*,*,#941,.F.);
#6171 = ORIENTED_EDGE('',*,*,#6172,.F.);
#6172 = EDGE_CURVE('',#6173,#942,#6175,.T.);
#6173 = VERTEX_POINT('',#6174);
#6174 = CARTESIAN_POINT('',(-27.1,-2.204364238465E-16,7.5));
#6175 = SEAM_CURVE('',#6176,(#6180,#6187),.PCURVE_S1.);
#6176 = LINE('',#6177,#6178);
#6177 = CARTESIAN_POINT('',(-27.1,-2.204364238465E-16,7.5));
#6178 = VECTOR('',#6179,1.);
#6179 = DIRECTION('',(0.707106781187,-1.731912112471E-16,0.707106781187)
  );
#6180 = PCURVE('',#958,#6181);
#6181 = DEFINITIONAL_REPRESENTATION('',(#6182),#6186);
#6182 = LINE('',#6183,#6184);
#6183 = CARTESIAN_POINT('',(6.28318530718,-0.));
#6184 = VECTOR('',#6185,1.);
#6185 = DIRECTION('',(0.,1.));
#6186 = ( GEOMETRIC_REPRESENTATION_CONTEXT(2) 
PARAMETRIC_REPRESENTATION_CONTEXT() REPRESENTATION_CONTEXT('2D SPACE',''
  ) );
#6187 = PCURVE('',#958,#6188);
#6188 = DEFINITIONAL_REPRESENTATION('',(#6189),#6193);
#6189 = LINE('',#6190,#6191);
#6190 = CARTESIAN_POINT('',(0.,-0.));
#6191 = VECTOR('',#6192,1.);
#6192 = DIRECTION('',(0.,1.));
#6193 = ( GEOMETRIC_REPRESENTATION_CONTEXT(2) 
PARAMETRIC_REPRESENTATION_CONTEXT() REPRESENTATION_CONTEXT('2D SPACE',''
  ) );
#6194 = ORIENTED_EDGE('',*,*,#6195,.T.);
#6195 = EDGE_CURVE('',#6173,#6173,#6196,.T.);
#6196 = SURFACE_CURVE('',#6197,(#6202,#6209),.PCURVE_S1.);
#6197 = CIRCLE('',#6198,0.9);
#6198 = AXIS2_PLACEMENT_3D('',#6199,#6200,#6201);
#6199 = CARTESIAN_POINT('',(-28.,0.,7.5));
#6200 = DIRECTION('',(0.,0.,1.));
#6201 = DIRECTION('',(1.,0.,-0.));
#6202 = PCURVE('',#958,#6203);
#6203 = DEFINITIONAL_REPRESENTATION('',(#6204),#6208);
#6204 = LINE('',#6205,#6206);
#6205 = CARTESIAN_POINT('',(0.,0.));
#6206 = VECTOR('',#6207,1.);
#6207 = DIRECTION('',(1.,0.));
#6208 = ( GEOMETRIC_REPRESENTATION_CONTEXT(2) 
PARAMETRIC_REPRESENTATION_CONTEXT() REPRESENTATION_CONTEXT('2D SPACE',''
  ) );
#6209 = PCURVE('',#6210,#6215);
#6210 = PLANE('',#6211);
#6211 = AXIS2_PLACEMENT_3D('',#6212,#6213,#6214);
#6212 = CARTESIAN_POINT('',(-28.,0.,7.5));
#6213 = DIRECTION('',(0.,0.,1.));
#6214 = DIRECTION('',(1.,0.,-0.));
#6215 = DEFINITIONAL_REPRESENTATION('',(#6216),#6220);
#6216 = CIRCLE('',#6217,0.9);
#6217 = AXIS2_PLACEMENT_2D('',#6218,#6219);
#6218 = CARTESIAN_POINT('',(0.,0.));
#6219 = DIRECTION('',(1.,0.));
#6220 = ( GEOMETRIC_REPRESENTATION_CONTEXT(2) 
PARAMETRIC_REPRESENTATION_CONTEXT() REPRESENTATION_CONTEXT('2D SPACE',''
  ) );
#6221 = ORIENTED_EDGE('',*,*,#6172,.T.);
#6222 = ADVANCED_FACE('',(#6223),#991,.T.);
#6223 = FACE_BOUND('',#6224,.F.);
#6224 = EDGE_LOOP('',(#6225,#6226,#6245,#6246));
#6225 = ORIENTED_EDGE('',*,*,#4393,.F.);
#6226 = ORIENTED_EDGE('',*,*,#6227,.T.);
#6227 = EDGE_CURVE('',#4370,#973,#6228,.T.);
#6228 = SURFACE_CURVE('',#6229,(#6233,#6239),.PCURVE_S1.);
#6229 = LINE('',#6230,#6231);
#6230 = CARTESIAN_POINT('',(28.452830974816,61.652892033579,0.4));
#6231 = VECTOR('',#6232,1.);
#6232 = DIRECTION('',(0.,0.,1.));
#6233 = PCURVE('',#991,#6234);
#6234 = DEFINITIONAL_REPRESENTATION('',(#6235),#6238);
#6235 = B_SPLINE_CURVE_WITH_KNOTS('',1,(#6236,#6237),.UNSPECIFIED.,.F.,
  .F.,(2,2),(0.1499994,7.3500006),.PIECEWISE_BEZIER_KNOTS.);
#6236 = CARTESIAN_POINT('',(-1.36348222329,6.000000000173E-07));
#6237 = CARTESIAN_POINT('',(-1.36348222329,-7.2000006));
#6238 = ( GEOMETRIC_REPRESENTATION_CONTEXT(2) 
PARAMETRIC_REPRESENTATION_CONTEXT() REPRESENTATION_CONTEXT('2D SPACE',''
  ) );
#6239 = PCURVE('',#1636,#6240);
#6240 = DEFINITIONAL_REPRESENTATION('',(#6241),#6244);
#6241 = B_SPLINE_CURVE_WITH_KNOTS('',1,(#6242,#6243),.UNSPECIFIED.,.F.,
  .F.,(2,2),(0.1499994,7.3500006),.PIECEWISE_BEZIER_KNOTS.);
#6242 = CARTESIAN_POINT('',(0.979471261057,0.1499994));
#6243 = CARTESIAN_POINT('',(0.979471261057,7.3500006));
#6244 = ( GEOMETRIC_REPRESENTATION_CONTEXT(2) 
PARAMETRIC_REPRESENTATION_CONTEXT() REPRESENTATION_CONTEXT('2D SPACE',''
  ) );
#6245 = ORIENTED_EDGE('',*,*,#972,.T.);
#6246 = ORIENTED_EDGE('',*,*,#6247,.T.);
#6247 = EDGE_CURVE('',#975,#4394,#6248,.T.);
#6248 = SURFACE_CURVE('',#6249,(#6253,#6259),.PCURVE_S1.);
#6249 = LINE('',#6250,#6251);
#6250 = CARTESIAN_POINT('',(29.609347693943,58.,0.55));
#6251 = VECTOR('',#6252,1.);
#6252 = DIRECTION('',(-0.,-0.,-1.));
#6253 = PCURVE('',#991,#6254);
#6254 = DEFINITIONAL_REPRESENTATION('',(#6255),#6258);
#6255 = B_SPLINE_CURVE_WITH_KNOTS('',1,(#6256,#6257),.UNSPECIFIED.,.F.,
  .F.,(2,2),(-7.2000006,6.000000000173E-07),.PIECEWISE_BEZIER_KNOTS.);
#6256 = CARTESIAN_POINT('',(-5.532940063193,-7.2000006));
#6257 = CARTESIAN_POINT('',(-5.532940063193,6.000000000173E-07));
#6258 = ( GEOMETRIC_REPRESENTATION_CONTEXT(2) 
PARAMETRIC_REPRESENTATION_CONTEXT() REPRESENTATION_CONTEXT('2D SPACE',''
  ) );
#6259 = PCURVE('',#1019,#6260);
#6260 = DEFINITIONAL_REPRESENTATION('',(#6261),#6264);
#6261 = B_SPLINE_CURVE_WITH_KNOTS('',1,(#6262,#6263),.UNSPECIFIED.,.F.,
  .F.,(2,2),(-7.2000006,6.000000000173E-07),.PIECEWISE_BEZIER_KNOTS.);
#6262 = CARTESIAN_POINT('',(7.2000006,1.109347693943));
#6263 = CARTESIAN_POINT('',(-6.000000000173E-07,1.109347693943));
#6264 = ( GEOMETRIC_REPRESENTATION_CONTEXT(2) 
PARAMETRIC_REPRESENTATION_CONTEXT() REPRESENTATION_CONTEXT('2D SPACE',''
  ) );
#6265 = ADVANCED_FACE('',(#6266),#1636,.F.);
#6266 = FACE_BOUND('',#6267,.F.);
#6267 = EDGE_LOOP('',(#6268,#6269,#6270,#6291));
#6268 = ORIENTED_EDGE('',*,*,#6227,.F.);
#6269 = ORIENTED_EDGE('',*,*,#4369,.T.);
#6270 = ORIENTED_EDGE('',*,*,#6271,.T.);
#6271 = EDGE_CURVE('',#4348,#1595,#6272,.T.);
#6272 = SURFACE_CURVE('',#6273,(#6277,#6284),.PCURVE_S1.);
#6273 = LINE('',#6274,#6275);
#6274 = CARTESIAN_POINT('',(26.,62.4,0.4));
#6275 = VECTOR('',#6276,1.);
#6276 = DIRECTION('',(0.,0.,1.));
#6277 = PCURVE('',#1636,#6278);
#6278 = DEFINITIONAL_REPRESENTATION('',(#6279),#6283);
#6279 = LINE('',#6280,#6281);
#6280 = CARTESIAN_POINT('',(1.570796326795,0.));
#6281 = VECTOR('',#6282,1.);
#6282 = DIRECTION('',(0.,1.));
#6283 = ( GEOMETRIC_REPRESENTATION_CONTEXT(2) 
PARAMETRIC_REPRESENTATION_CONTEXT() REPRESENTATION_CONTEXT('2D SPACE',''
  ) );
#6284 = PCURVE('',#1610,#6285);
#6285 = DEFINITIONAL_REPRESENTATION('',(#6286),#6290);
#6286 = LINE('',#6287,#6288);
#6287 = CARTESIAN_POINT('',(0.,56.4));
#6288 = VECTOR('',#6289,1.);
#6289 = DIRECTION('',(1.,0.));
#6290 = ( GEOMETRIC_REPRESENTATION_CONTEXT(2) 
PARAMETRIC_REPRESENTATION_CONTEXT() REPRESENTATION_CONTEXT('2D SPACE',''
  ) );
#6291 = ORIENTED_EDGE('',*,*,#1621,.F.);
#6292 = ADVANCED_FACE('',(#6293),#1019,.F.);
#6293 = FACE_BOUND('',#6294,.F.);
#6294 = EDGE_LOOP('',(#6295,#6316,#6317,#6318));
#6295 = ORIENTED_EDGE('',*,*,#6296,.F.);
#6296 = EDGE_CURVE('',#4418,#1004,#6297,.T.);
#6297 = SURFACE_CURVE('',#6298,(#6302,#6309),.PCURVE_S1.);
#6298 = LINE('',#6299,#6300);
#6299 = CARTESIAN_POINT('',(30.4,58.,0.4));
#6300 = VECTOR('',#6301,1.);
#6301 = DIRECTION('',(0.,0.,1.));
#6302 = PCURVE('',#1019,#6303);
#6303 = DEFINITIONAL_REPRESENTATION('',(#6304),#6308);
#6304 = LINE('',#6305,#6306);
#6305 = CARTESIAN_POINT('',(-0.15,1.9));
#6306 = VECTOR('',#6307,1.);
#6307 = DIRECTION('',(1.,0.));
#6308 = ( GEOMETRIC_REPRESENTATION_CONTEXT(2) 
PARAMETRIC_REPRESENTATION_CONTEXT() REPRESENTATION_CONTEXT('2D SPACE',''
  ) );
#6309 = PCURVE('',#1047,#6310);
#6310 = DEFINITIONAL_REPRESENTATION('',(#6311),#6315);
#6311 = LINE('',#6312,#6313);
#6312 = CARTESIAN_POINT('',(0.,-120.4));
#6313 = VECTOR('',#6314,1.);
#6314 = DIRECTION('',(1.,0.));
#6315 = ( GEOMETRIC_REPRESENTATION_CONTEXT(2) 
PARAMETRIC_REPRESENTATION_CONTEXT() REPRESENTATION_CONTEXT('2D SPACE',''
  ) );
#6316 = ORIENTED_EDGE('',*,*,#4417,.F.);
#6317 = ORIENTED_EDGE('',*,*,#6247,.F.);
#6318 = ORIENTED_EDGE('',*,*,#1003,.T.);
#6319 = ADVANCED_FACE('',(#6320),#1610,.F.);
#6320 = FACE_BOUND('',#6321,.F.);
#6321 = EDGE_LOOP('',(#6322,#6323,#6324,#6345,#6371,#6390,#6391,#6412,
    #6438,#6457,#6458,#6479));
#6322 = ORIENTED_EDGE('',*,*,#6271,.F.);
#6323 = ORIENTED_EDGE('',*,*,#4347,.T.);
#6324 = ORIENTED_EDGE('',*,*,#6325,.F.);
#6325 = EDGE_CURVE('',#6326,#4320,#6328,.T.);
#6326 = VERTEX_POINT('',#6327);
#6327 = CARTESIAN_POINT('',(17.1,62.4,4.));
#6328 = SURFACE_CURVE('',#6329,(#6333,#6339),.PCURVE_S1.);
#6329 = LINE('',#6330,#6331);
#6330 = CARTESIAN_POINT('',(17.1,62.4,0.475));
#6331 = VECTOR('',#6332,1.);
#6332 = DIRECTION('',(0.,0.,-1.));
#6333 = PCURVE('',#1610,#6334);
#6334 = DEFINITIONAL_REPRESENTATION('',(#6335),#6338);
#6335 = B_SPLINE_CURVE_WITH_KNOTS('',1,(#6336,#6337),.UNSPECIFIED.,.F.,
  .F.,(2,2),(-3.525,-7.5E-02),.PIECEWISE_BEZIER_KNOTS.);
#6336 = CARTESIAN_POINT('',(3.6,47.5));
#6337 = CARTESIAN_POINT('',(0.15,47.5));
#6338 = ( GEOMETRIC_REPRESENTATION_CONTEXT(2) 
PARAMETRIC_REPRESENTATION_CONTEXT() REPRESENTATION_CONTEXT('2D SPACE',''
  ) );
#6339 = PCURVE('',#4335,#6340);
#6340 = DEFINITIONAL_REPRESENTATION('',(#6341),#6344);
#6341 = B_SPLINE_CURVE_WITH_KNOTS('',1,(#6342,#6343),.UNSPECIFIED.,.F.,
  .F.,(2,2),(-3.525,-7.5E-02),.PIECEWISE_BEZIER_KNOTS.);
#6342 = CARTESIAN_POINT('',(3.45,-40.4));
#6343 = CARTESIAN_POINT('',(0.,-40.4));
#6344 = ( GEOMETRIC_REPRESENTATION_CONTEXT(2) 
PARAMETRIC_REPRESENTATION_CONTEXT() REPRESENTATION_CONTEXT('2D SPACE',''
  ) );
#6345 = ORIENTED_EDGE('',*,*,#6346,.F.);
#6346 = EDGE_CURVE('',#6347,#6326,#6349,.T.);
#6347 = VERTEX_POINT('',#6348);
#6348 = CARTESIAN_POINT('',(16.1,62.4,4.));
#6349 = SURFACE_CURVE('',#6350,(#6354,#6360),.PCURVE_S1.);
#6350 = LINE('',#6351,#6352);
#6351 = CARTESIAN_POINT('',(-7.15,62.4,4.));
#6352 = VECTOR('',#6353,1.);
#6353 = DIRECTION('',(1.,0.,0.));
#6354 = PCURVE('',#1610,#6355);
#6355 = DEFINITIONAL_REPRESENTATION('',(#6356),#6359);
#6356 = B_SPLINE_CURVE_WITH_KNOTS('',1,(#6357,#6358),.UNSPECIFIED.,.F.,
  .F.,(2,2),(23.25,24.25),.PIECEWISE_BEZIER_KNOTS.);
#6357 = CARTESIAN_POINT('',(3.6,46.5));
#6358 = CARTESIAN_POINT('',(3.6,47.5));
#6359 = ( GEOMETRIC_REPRESENTATION_CONTEXT(2) 
PARAMETRIC_REPRESENTATION_CONTEXT() REPRESENTATION_CONTEXT('2D SPACE',''
  ) );
#6360 = PCURVE('',#6361,#6366);
#6361 = PLANE('',#6362);
#6362 = AXIS2_PLACEMENT_3D('',#6363,#6364,#6365);
#6363 = CARTESIAN_POINT('',(16.1,22.,4.));
#6364 = DIRECTION('',(0.,0.,1.));
#6365 = DIRECTION('',(1.,0.,0.));
#6366 = DEFINITIONAL_REPRESENTATION('',(#6367),#6370);
#6367 = B_SPLINE_CURVE_WITH_KNOTS('',1,(#6368,#6369),.UNSPECIFIED.,.F.,
  .F.,(2,2),(23.25,24.25),.PIECEWISE_BEZIER_KNOTS.);
#6368 = CARTESIAN_POINT('',(0.,40.4));
#6369 = CARTESIAN_POINT('',(1.,40.4));
#6370 = ( GEOMETRIC_REPRESENTATION_CONTEXT(2) 
PARAMETRIC_REPRESENTATION_CONTEXT() REPRESENTATION_CONTEXT('2D SPACE',''
  ) );
#6371 = ORIENTED_EDGE('',*,*,#6372,.T.);
#6372 = EDGE_CURVE('',#6347,#4240,#6373,.T.);
#6373 = SURFACE_CURVE('',#6374,(#6378,#6384),.PCURVE_S1.);
#6374 = LINE('',#6375,#6376);
#6375 = CARTESIAN_POINT('',(16.1,62.4,0.475));
#6376 = VECTOR('',#6377,1.);
#6377 = DIRECTION('',(0.,0.,-1.));
#6378 = PCURVE('',#1610,#6379);
#6379 = DEFINITIONAL_REPRESENTATION('',(#6380),#6383);
#6380 = B_SPLINE_CURVE_WITH_KNOTS('',1,(#6381,#6382),.UNSPECIFIED.,.F.,
  .F.,(2,2),(-3.525,-7.5E-02),.PIECEWISE_BEZIER_KNOTS.);
#6381 = CARTESIAN_POINT('',(3.6,46.5));
#6382 = CARTESIAN_POINT('',(0.15,46.5));
#6383 = ( GEOMETRIC_REPRESENTATION_CONTEXT(2) 
PARAMETRIC_REPRESENTATION_CONTEXT() REPRESENTATION_CONTEXT('2D SPACE',''
  ) );
#6384 = PCURVE('',#4279,#6385);
#6385 = DEFINITIONAL_REPRESENTATION('',(#6386),#6389);
#6386 = B_SPLINE_CURVE_WITH_KNOTS('',1,(#6387,#6388),.UNSPECIFIED.,.F.,
  .F.,(2,2),(-3.525,-7.5E-02),.PIECEWISE_BEZIER_KNOTS.);
#6387 = CARTESIAN_POINT('',(3.45,-40.4));
#6388 = CARTESIAN_POINT('',(0.,-40.4));
#6389 = ( GEOMETRIC_REPRESENTATION_CONTEXT(2) 
PARAMETRIC_REPRESENTATION_CONTEXT() REPRESENTATION_CONTEXT('2D SPACE',''
  ) );
#6390 = ORIENTED_EDGE('',*,*,#4239,.T.);
#6391 = ORIENTED_EDGE('',*,*,#6392,.F.);
#6392 = EDGE_CURVE('',#6393,#4242,#6395,.T.);
#6393 = VERTEX_POINT('',#6394);
#6394 = CARTESIAN_POINT('',(-5.336675041929,62.4,4.));
#6395 = SURFACE_CURVE('',#6396,(#6400,#6406),.PCURVE_S1.);
#6396 = LINE('',#6397,#6398);
#6397 = CARTESIAN_POINT('',(-5.336675041929,62.4,0.55));
#6398 = VECTOR('',#6399,1.);
#6399 = DIRECTION('',(-0.,-0.,-1.));
#6400 = PCURVE('',#1610,#6401);
#6401 = DEFINITIONAL_REPRESENTATION('',(#6402),#6405);
#6402 = B_SPLINE_CURVE_WITH_KNOTS('',1,(#6403,#6404),.UNSPECIFIED.,.F.,
  .F.,(2,2),(-3.4500006,6.000000000173E-07),.PIECEWISE_BEZIER_KNOTS.);
#6403 = CARTESIAN_POINT('',(3.6000006,25.063324958071));
#6404 = CARTESIAN_POINT('',(0.1499994,25.063324958071));
#6405 = ( GEOMETRIC_REPRESENTATION_CONTEXT(2) 
PARAMETRIC_REPRESENTATION_CONTEXT() REPRESENTATION_CONTEXT('2D SPACE',''
  ) );
#6406 = PCURVE('',#5028,#6407);
#6407 = DEFINITIONAL_REPRESENTATION('',(#6408),#6411);
#6408 = B_SPLINE_CURVE_WITH_KNOTS('',1,(#6409,#6410),.UNSPECIFIED.,.F.,
  .F.,(2,2),(-3.45,0.),.PIECEWISE_BEZIER_KNOTS.);
#6409 = CARTESIAN_POINT('',(-7.268296090517,-3.45));
#6410 = CARTESIAN_POINT('',(-7.268296090517,0.));
#6411 = ( GEOMETRIC_REPRESENTATION_CONTEXT(2) 
PARAMETRIC_REPRESENTATION_CONTEXT() REPRESENTATION_CONTEXT('2D SPACE',''
  ) );
#6412 = ORIENTED_EDGE('',*,*,#6413,.F.);
#6413 = EDGE_CURVE('',#6414,#6393,#6416,.T.);
#6414 = VERTEX_POINT('',#6415);
#6415 = CARTESIAN_POINT('',(-6.663324958071,62.4,4.));
#6416 = SURFACE_CURVE('',#6417,(#6421,#6427),.PCURVE_S1.);
#6417 = LINE('',#6418,#6419);
#6418 = CARTESIAN_POINT('',(-18.2,62.4,4.));
#6419 = VECTOR('',#6420,1.);
#6420 = DIRECTION('',(1.,0.,0.));
#6421 = PCURVE('',#1610,#6422);
#6422 = DEFINITIONAL_REPRESENTATION('',(#6423),#6426);
#6423 = B_SPLINE_CURVE_WITH_KNOTS('',1,(#6424,#6425),.UNSPECIFIED.,.F.,
  .F.,(2,2),(11.,13.4),.PIECEWISE_BEZIER_KNOTS.);
#6424 = CARTESIAN_POINT('',(3.6,23.2));
#6425 = CARTESIAN_POINT('',(3.6,25.6));
#6426 = ( GEOMETRIC_REPRESENTATION_CONTEXT(2) 
PARAMETRIC_REPRESENTATION_CONTEXT() REPRESENTATION_CONTEXT('2D SPACE',''
  ) );
#6427 = PCURVE('',#6428,#6433);
#6428 = PLANE('',#6429);
#6429 = AXIS2_PLACEMENT_3D('',#6430,#6431,#6432);
#6430 = CARTESIAN_POINT('',(-6.,61.4,4.));
#6431 = DIRECTION('',(0.,0.,1.));
#6432 = DIRECTION('',(1.,0.,-0.));
#6433 = DEFINITIONAL_REPRESENTATION('',(#6434),#6437);
#6434 = B_SPLINE_CURVE_WITH_KNOTS('',1,(#6435,#6436),.UNSPECIFIED.,.F.,
  .F.,(2,2),(11.,13.4),.PIECEWISE_BEZIER_KNOTS.);
#6435 = CARTESIAN_POINT('',(-1.2,1.));
#6436 = CARTESIAN_POINT('',(1.2,1.));
#6437 = ( GEOMETRIC_REPRESENTATION_CONTEXT(2) 
PARAMETRIC_REPRESENTATION_CONTEXT() REPRESENTATION_CONTEXT('2D SPACE',''
  ) );
#6438 = ORIENTED_EDGE('',*,*,#6439,.T.);
#6439 = EDGE_CURVE('',#6414,#4988,#6440,.T.);
#6440 = SURFACE_CURVE('',#6441,(#6445,#6451),.PCURVE_S1.);
#6441 = LINE('',#6442,#6443);
#6442 = CARTESIAN_POINT('',(-6.663324958071,62.4,0.55));
#6443 = VECTOR('',#6444,1.);
#6444 = DIRECTION('',(-0.,-0.,-1.));
#6445 = PCURVE('',#1610,#6446);
#6446 = DEFINITIONAL_REPRESENTATION('',(#6447),#6450);
#6447 = B_SPLINE_CURVE_WITH_KNOTS('',1,(#6448,#6449),.UNSPECIFIED.,.F.,
  .F.,(2,2),(-3.4500006,6.000000000173E-07),.PIECEWISE_BEZIER_KNOTS.);
#6448 = CARTESIAN_POINT('',(3.6000006,23.736675041929));
#6449 = CARTESIAN_POINT('',(0.1499994,23.736675041929));
#6450 = ( GEOMETRIC_REPRESENTATION_CONTEXT(2) 
PARAMETRIC_REPRESENTATION_CONTEXT() REPRESENTATION_CONTEXT('2D SPACE',''
  ) );
#6451 = PCURVE('',#5028,#6452);
#6452 = DEFINITIONAL_REPRESENTATION('',(#6453),#6456);
#6453 = B_SPLINE_CURVE_WITH_KNOTS('',1,(#6454,#6455),.UNSPECIFIED.,.F.,
  .F.,(2,2),(-3.45,-0.),.PIECEWISE_BEZIER_KNOTS.);
#6454 = CARTESIAN_POINT('',(-2.156481870252,-3.45));
#6455 = CARTESIAN_POINT('',(-2.156481870252,0.));
#6456 = ( GEOMETRIC_REPRESENTATION_CONTEXT(2) 
PARAMETRIC_REPRESENTATION_CONTEXT() REPRESENTATION_CONTEXT('2D SPACE',''
  ) );
#6457 = ORIENTED_EDGE('',*,*,#4987,.T.);
#6458 = ORIENTED_EDGE('',*,*,#6459,.T.);
#6459 = EDGE_CURVE('',#4964,#1566,#6460,.T.);
#6460 = SURFACE_CURVE('',#6461,(#6465,#6472),.PCURVE_S1.);
#6461 = LINE('',#6462,#6463);
#6462 = CARTESIAN_POINT('',(-26.,62.4,0.4));
#6463 = VECTOR('',#6464,1.);
#6464 = DIRECTION('',(0.,0.,1.));
#6465 = PCURVE('',#1610,#6466);
#6466 = DEFINITIONAL_REPRESENTATION('',(#6467),#6471);
#6467 = LINE('',#6468,#6469);
#6468 = CARTESIAN_POINT('',(0.,4.4));
#6469 = VECTOR('',#6470,1.);
#6470 = DIRECTION('',(1.,0.));
#6471 = ( GEOMETRIC_REPRESENTATION_CONTEXT(2) 
PARAMETRIC_REPRESENTATION_CONTEXT() REPRESENTATION_CONTEXT('2D SPACE',''
  ) );
#6472 = PCURVE('',#1582,#6473);
#6473 = DEFINITIONAL_REPRESENTATION('',(#6474),#6478);
#6474 = LINE('',#6475,#6476);
#6475 = CARTESIAN_POINT('',(-1.570796326795,0.));
#6476 = VECTOR('',#6477,1.);
#6477 = DIRECTION('',(-0.,1.));
#6478 = ( GEOMETRIC_REPRESENTATION_CONTEXT(2) 
PARAMETRIC_REPRESENTATION_CONTEXT() REPRESENTATION_CONTEXT('2D SPACE',''
  ) );
#6479 = ORIENTED_EDGE('',*,*,#1594,.F.);
#6480 = ADVANCED_FACE('',(#6481,#6774),#1047,.F.);
#6481 = FACE_BOUND('',#6482,.F.);
#6482 = EDGE_LOOP('',(#6483,#6484,#6503,#6504,#6525,#6552,#6571,#6572,
    #6593,#6615,#6634,#6635,#6657,#6683,#6703,#6704,#6726,#6752,#6772,
    #6773));
#6483 = ORIENTED_EDGE('',*,*,#1031,.F.);
#6484 = ORIENTED_EDGE('',*,*,#6485,.F.);
#6485 = EDGE_CURVE('',#4195,#1032,#6486,.T.);
#6486 = SURFACE_CURVE('',#6487,(#6491,#6497),.PCURVE_S1.);
#6487 = LINE('',#6488,#6489);
#6488 = CARTESIAN_POINT('',(30.4,1.5,0.475));
#6489 = VECTOR('',#6490,1.);
#6490 = DIRECTION('',(0.,0.,1.));
#6491 = PCURVE('',#1047,#6492);
#6492 = DEFINITIONAL_REPRESENTATION('',(#6493),#6496);
#6493 = B_SPLINE_CURVE_WITH_KNOTS('',1,(#6494,#6495),.UNSPECIFIED.,.F.,
  .F.,(2,2),(7.5E-02,7.275),.PIECEWISE_BEZIER_KNOTS.);
#6494 = CARTESIAN_POINT('',(0.15,-63.9));
#6495 = CARTESIAN_POINT('',(7.35,-63.9));
#6496 = ( GEOMETRIC_REPRESENTATION_CONTEXT(2) 
PARAMETRIC_REPRESENTATION_CONTEXT() REPRESENTATION_CONTEXT('2D SPACE',''
  ) );
#6497 = PCURVE('',#1074,#6498);
#6498 = DEFINITIONAL_REPRESENTATION('',(#6499),#6502);
#6499 = B_SPLINE_CURVE_WITH_KNOTS('',1,(#6500,#6501),.UNSPECIFIED.,.F.,
  .F.,(2,2),(7.5E-02,7.275),.PIECEWISE_BEZIER_KNOTS.);
#6500 = CARTESIAN_POINT('',(0.,1.9));
#6501 = CARTESIAN_POINT('',(7.2,1.9));
#6502 = ( GEOMETRIC_REPRESENTATION_CONTEXT(2) 
PARAMETRIC_REPRESENTATION_CONTEXT() REPRESENTATION_CONTEXT('2D SPACE',''
  ) );
#6503 = ORIENTED_EDGE('',*,*,#4194,.T.);
#6504 = ORIENTED_EDGE('',*,*,#6505,.T.);
#6505 = EDGE_CURVE('',#4167,#6506,#6508,.T.);
#6506 = VERTEX_POINT('',#6507);
#6507 = CARTESIAN_POINT('',(30.4,2.1,2.35));
#6508 = SURFACE_CURVE('',#6509,(#6513,#6519),.PCURVE_S1.);
#6509 = LINE('',#6510,#6511);
#6510 = CARTESIAN_POINT('',(30.4,2.1,0.475));
#6511 = VECTOR('',#6512,1.);
#6512 = DIRECTION('',(0.,0.,1.));
#6513 = PCURVE('',#1047,#6514);
#6514 = DEFINITIONAL_REPRESENTATION('',(#6515),#6518);
#6515 = B_SPLINE_CURVE_WITH_KNOTS('',1,(#6516,#6517),.UNSPECIFIED.,.F.,
  .F.,(2,2),(7.5E-02,1.875),.PIECEWISE_BEZIER_KNOTS.);
#6516 = CARTESIAN_POINT('',(0.15,-64.5));
#6517 = CARTESIAN_POINT('',(1.95,-64.5));
#6518 = ( GEOMETRIC_REPRESENTATION_CONTEXT(2) 
PARAMETRIC_REPRESENTATION_CONTEXT() REPRESENTATION_CONTEXT('2D SPACE',''
  ) );
#6519 = PCURVE('',#4182,#6520);
#6520 = DEFINITIONAL_REPRESENTATION('',(#6521),#6524);
#6521 = B_SPLINE_CURVE_WITH_KNOTS('',1,(#6522,#6523),.UNSPECIFIED.,.F.,
  .F.,(2,2),(7.5E-02,1.875),.PIECEWISE_BEZIER_KNOTS.);
#6522 = CARTESIAN_POINT('',(0.,22.4038898));
#6523 = CARTESIAN_POINT('',(1.8,22.4038898));
#6524 = ( GEOMETRIC_REPRESENTATION_CONTEXT(2) 
PARAMETRIC_REPRESENTATION_CONTEXT() REPRESENTATION_CONTEXT('2D SPACE',''
  ) );
#6525 = ORIENTED_EDGE('',*,*,#6526,.F.);
#6526 = EDGE_CURVE('',#6527,#6506,#6529,.T.);
#6527 = VERTEX_POINT('',#6528);
#6528 = CARTESIAN_POINT('',(30.4,2.9,2.35));
#6529 = SURFACE_CURVE('',#6530,(#6534,#6540),.PCURVE_S1.);
#6530 = LINE('',#6531,#6532);
#6531 = CARTESIAN_POINT('',(30.4,-30.15,2.35));
#6532 = VECTOR('',#6533,1.);
#6533 = DIRECTION('',(0.,-1.,0.));
#6534 = PCURVE('',#1047,#6535);
#6535 = DEFINITIONAL_REPRESENTATION('',(#6536),#6539);
#6536 = B_SPLINE_CURVE_WITH_KNOTS('',1,(#6537,#6538),.UNSPECIFIED.,.F.,
  .F.,(2,2),(-33.05,-32.25),.PIECEWISE_BEZIER_KNOTS.);
#6537 = CARTESIAN_POINT('',(1.95,-65.3));
#6538 = CARTESIAN_POINT('',(1.95,-64.5));
#6539 = ( GEOMETRIC_REPRESENTATION_CONTEXT(2) 
PARAMETRIC_REPRESENTATION_CONTEXT() REPRESENTATION_CONTEXT('2D SPACE',''
  ) );
#6540 = PCURVE('',#6541,#6546);
#6541 = PLANE('',#6542);
#6542 = AXIS2_PLACEMENT_3D('',#6543,#6544,#6545);
#6543 = CARTESIAN_POINT('',(7.9961102,21.1,2.35));
#6544 = DIRECTION('',(0.,0.,1.));
#6545 = DIRECTION('',(1.,0.,0.));
#6546 = DEFINITIONAL_REPRESENTATION('',(#6547),#6551);
#6547 = LINE('',#6548,#6549);
#6548 = CARTESIAN_POINT('',(22.4038898,-51.25));
#6549 = VECTOR('',#6550,1.);
#6550 = DIRECTION('',(0.,-1.));
#6551 = ( GEOMETRIC_REPRESENTATION_CONTEXT(2) 
PARAMETRIC_REPRESENTATION_CONTEXT() REPRESENTATION_CONTEXT('2D SPACE',''
  ) );
#6552 = ORIENTED_EDGE('',*,*,#6553,.F.);
#6553 = EDGE_CURVE('',#3928,#6527,#6554,.T.);
#6554 = SURFACE_CURVE('',#6555,(#6559,#6565),.PCURVE_S1.);
#6555 = LINE('',#6556,#6557);
#6556 = CARTESIAN_POINT('',(30.4,2.9,0.475));
#6557 = VECTOR('',#6558,1.);
#6558 = DIRECTION('',(0.,0.,1.));
#6559 = PCURVE('',#1047,#6560);
#6560 = DEFINITIONAL_REPRESENTATION('',(#6561),#6564);
#6561 = B_SPLINE_CURVE_WITH_KNOTS('',1,(#6562,#6563),.UNSPECIFIED.,.F.,
  .F.,(2,2),(7.5E-02,1.875),.PIECEWISE_BEZIER_KNOTS.);
#6562 = CARTESIAN_POINT('',(0.15,-65.3));
#6563 = CARTESIAN_POINT('',(1.95,-65.3));
#6564 = ( GEOMETRIC_REPRESENTATION_CONTEXT(2) 
PARAMETRIC_REPRESENTATION_CONTEXT() REPRESENTATION_CONTEXT('2D SPACE',''
  ) );
#6565 = PCURVE('',#3943,#6566);
#6566 = DEFINITIONAL_REPRESENTATION('',(#6567),#6570);
#6567 = B_SPLINE_CURVE_WITH_KNOTS('',1,(#6568,#6569),.UNSPECIFIED.,.F.,
  .F.,(2,2),(7.5E-02,1.875),.PIECEWISE_BEZIER_KNOTS.);
#6568 = CARTESIAN_POINT('',(0.,22.4038898));
#6569 = CARTESIAN_POINT('',(1.8,22.4038898));
#6570 = ( GEOMETRIC_REPRESENTATION_CONTEXT(2) 
PARAMETRIC_REPRESENTATION_CONTEXT() REPRESENTATION_CONTEXT('2D SPACE',''
  ) );
#6571 = ORIENTED_EDGE('',*,*,#4118,.T.);
#6572 = ORIENTED_EDGE('',*,*,#6573,.T.);
#6573 = EDGE_CURVE('',#4091,#6574,#6576,.T.);
#6574 = VERTEX_POINT('',#6575);
#6575 = CARTESIAN_POINT('',(30.4,21.1,2.35));
#6576 = SURFACE_CURVE('',#6577,(#6581,#6587),.PCURVE_S1.);
#6577 = LINE('',#6578,#6579);
#6578 = CARTESIAN_POINT('',(30.4,21.1,0.475));
#6579 = VECTOR('',#6580,1.);
#6580 = DIRECTION('',(0.,0.,1.));
#6581 = PCURVE('',#1047,#6582);
#6582 = DEFINITIONAL_REPRESENTATION('',(#6583),#6586);
#6583 = B_SPLINE_CURVE_WITH_KNOTS('',1,(#6584,#6585),.UNSPECIFIED.,.F.,
  .F.,(2,2),(7.5E-02,1.875),.PIECEWISE_BEZIER_KNOTS.);
#6584 = CARTESIAN_POINT('',(0.15,-83.5));
#6585 = CARTESIAN_POINT('',(1.95,-83.5));
#6586 = ( GEOMETRIC_REPRESENTATION_CONTEXT(2) 
PARAMETRIC_REPRESENTATION_CONTEXT() REPRESENTATION_CONTEXT('2D SPACE',''
  ) );
#6587 = PCURVE('',#4106,#6588);
#6588 = DEFINITIONAL_REPRESENTATION('',(#6589),#6592);
#6589 = B_SPLINE_CURVE_WITH_KNOTS('',1,(#6590,#6591),.UNSPECIFIED.,.F.,
  .F.,(2,2),(7.5E-02,1.875),.PIECEWISE_BEZIER_KNOTS.);
#6590 = CARTESIAN_POINT('',(0.,22.4038898));
#6591 = CARTESIAN_POINT('',(1.8,22.4038898));
#6592 = ( GEOMETRIC_REPRESENTATION_CONTEXT(2) 
PARAMETRIC_REPRESENTATION_CONTEXT() REPRESENTATION_CONTEXT('2D SPACE',''
  ) );
#6593 = ORIENTED_EDGE('',*,*,#6594,.F.);
#6594 = EDGE_CURVE('',#6595,#6574,#6597,.T.);
#6595 = VERTEX_POINT('',#6596);
#6596 = CARTESIAN_POINT('',(30.4,21.9,2.35));
#6597 = SURFACE_CURVE('',#6598,(#6602,#6608),.PCURVE_S1.);
#6598 = LINE('',#6599,#6600);
#6599 = CARTESIAN_POINT('',(30.4,-20.65,2.35));
#6600 = VECTOR('',#6601,1.);
#6601 = DIRECTION('',(0.,-1.,0.));
#6602 = PCURVE('',#1047,#6603);
#6603 = DEFINITIONAL_REPRESENTATION('',(#6604),#6607);
#6604 = B_SPLINE_CURVE_WITH_KNOTS('',1,(#6605,#6606),.UNSPECIFIED.,.F.,
  .F.,(2,2),(-42.55,-41.75),.PIECEWISE_BEZIER_KNOTS.);
#6605 = CARTESIAN_POINT('',(1.95,-84.3));
#6606 = CARTESIAN_POINT('',(1.95,-83.5));
#6607 = ( GEOMETRIC_REPRESENTATION_CONTEXT(2) 
PARAMETRIC_REPRESENTATION_CONTEXT() REPRESENTATION_CONTEXT('2D SPACE',''
  ) );
#6608 = PCURVE('',#6541,#6609);
#6609 = DEFINITIONAL_REPRESENTATION('',(#6610),#6614);
#6610 = LINE('',#6611,#6612);
#6611 = CARTESIAN_POINT('',(22.4038898,-41.75));
#6612 = VECTOR('',#6613,1.);
#6613 = DIRECTION('',(0.,-1.));
#6614 = ( GEOMETRIC_REPRESENTATION_CONTEXT(2) 
PARAMETRIC_REPRESENTATION_CONTEXT() REPRESENTATION_CONTEXT('2D SPACE',''
  ) );
#6615 = ORIENTED_EDGE('',*,*,#6616,.F.);
#6616 = EDGE_CURVE('',#4653,#6595,#6617,.T.);
#6617 = SURFACE_CURVE('',#6618,(#6622,#6628),.PCURVE_S1.);
#6618 = LINE('',#6619,#6620);
#6619 = CARTESIAN_POINT('',(30.4,21.9,0.475));
#6620 = VECTOR('',#6621,1.);
#6621 = DIRECTION('',(0.,0.,1.));
#6622 = PCURVE('',#1047,#6623);
#6623 = DEFINITIONAL_REPRESENTATION('',(#6624),#6627);
#6624 = B_SPLINE_CURVE_WITH_KNOTS('',1,(#6625,#6626),.UNSPECIFIED.,.F.,
  .F.,(2,2),(7.5E-02,1.875),.PIECEWISE_BEZIER_KNOTS.);
#6625 = CARTESIAN_POINT('',(0.15,-84.3));
#6626 = CARTESIAN_POINT('',(1.95,-84.3));
#6627 = ( GEOMETRIC_REPRESENTATION_CONTEXT(2) 
PARAMETRIC_REPRESENTATION_CONTEXT() REPRESENTATION_CONTEXT('2D SPACE',''
  ) );
#6628 = PCURVE('',#4690,#6629);
#6629 = DEFINITIONAL_REPRESENTATION('',(#6630),#6633);
#6630 = B_SPLINE_CURVE_WITH_KNOTS('',1,(#6631,#6632),.UNSPECIFIED.,.F.,
  .F.,(2,2),(7.5E-02,1.875),.PIECEWISE_BEZIER_KNOTS.);
#6631 = CARTESIAN_POINT('',(0.,22.4038898));
#6632 = CARTESIAN_POINT('',(1.8,22.4038898));
#6633 = ( GEOMETRIC_REPRESENTATION_CONTEXT(2) 
PARAMETRIC_REPRESENTATION_CONTEXT() REPRESENTATION_CONTEXT('2D SPACE',''
  ) );
#6634 = ORIENTED_EDGE('',*,*,#4652,.T.);
#6635 = ORIENTED_EDGE('',*,*,#6636,.T.);
#6636 = EDGE_CURVE('',#4625,#6637,#6639,.T.);
#6637 = VERTEX_POINT('',#6638);
#6638 = CARTESIAN_POINT('',(30.4,30.2,1.25));
#6639 = SURFACE_CURVE('',#6640,(#6644,#6650),.PCURVE_S1.);
#6640 = LINE('',#6641,#6642);
#6641 = CARTESIAN_POINT('',(30.4,30.2,0.475));
#6642 = VECTOR('',#6643,1.);
#6643 = DIRECTION('',(0.,0.,1.));
#6644 = PCURVE('',#1047,#6645);
#6645 = DEFINITIONAL_REPRESENTATION('',(#6646),#6649);
#6646 = B_SPLINE_CURVE_WITH_KNOTS('',1,(#6647,#6648),.UNSPECIFIED.,.F.,
  .F.,(2,2),(7.5E-02,0.775),.PIECEWISE_BEZIER_KNOTS.);
#6647 = CARTESIAN_POINT('',(0.15,-92.6));
#6648 = CARTESIAN_POINT('',(0.85,-92.6));
#6649 = ( GEOMETRIC_REPRESENTATION_CONTEXT(2) 
PARAMETRIC_REPRESENTATION_CONTEXT() REPRESENTATION_CONTEXT('2D SPACE',''
  ) );
#6650 = PCURVE('',#4640,#6651);
#6651 = DEFINITIONAL_REPRESENTATION('',(#6652),#6656);
#6652 = LINE('',#6653,#6654);
#6653 = CARTESIAN_POINT('',(-7.5E-02,11.9));
#6654 = VECTOR('',#6655,1.);
#6655 = DIRECTION('',(1.,0.));
#6656 = ( GEOMETRIC_REPRESENTATION_CONTEXT(2) 
PARAMETRIC_REPRESENTATION_CONTEXT() REPRESENTATION_CONTEXT('2D SPACE',''
  ) );
#6657 = ORIENTED_EDGE('',*,*,#6658,.F.);
#6658 = EDGE_CURVE('',#6659,#6637,#6661,.T.);
#6659 = VERTEX_POINT('',#6660);
#6660 = CARTESIAN_POINT('',(30.4,31.4,1.25));
#6661 = SURFACE_CURVE('',#6662,(#6666,#6672),.PCURVE_S1.);
#6662 = LINE('',#6663,#6664);
#6663 = CARTESIAN_POINT('',(30.4,-16.1,1.25));
#6664 = VECTOR('',#6665,1.);
#6665 = DIRECTION('',(0.,-1.,0.));
#6666 = PCURVE('',#1047,#6667);
#6667 = DEFINITIONAL_REPRESENTATION('',(#6668),#6671);
#6668 = B_SPLINE_CURVE_WITH_KNOTS('',1,(#6669,#6670),.UNSPECIFIED.,.F.,
  .F.,(2,2),(-47.5,-46.3),.PIECEWISE_BEZIER_KNOTS.);
#6669 = CARTESIAN_POINT('',(0.85,-93.8));
#6670 = CARTESIAN_POINT('',(0.85,-92.6));
#6671 = ( GEOMETRIC_REPRESENTATION_CONTEXT(2) 
PARAMETRIC_REPRESENTATION_CONTEXT() REPRESENTATION_CONTEXT('2D SPACE',''
  ) );
#6672 = PCURVE('',#6673,#6678);
#6673 = PLANE('',#6674);
#6674 = AXIS2_PLACEMENT_3D('',#6675,#6676,#6677);
#6675 = CARTESIAN_POINT('',(18.5,30.2,1.25));
#6676 = DIRECTION('',(0.,0.,1.));
#6677 = DIRECTION('',(1.,0.,0.));
#6678 = DEFINITIONAL_REPRESENTATION('',(#6679),#6682);
#6679 = B_SPLINE_CURVE_WITH_KNOTS('',1,(#6680,#6681),.UNSPECIFIED.,.F.,
  .F.,(2,2),(-47.5,-46.3),.PIECEWISE_BEZIER_KNOTS.);
#6680 = CARTESIAN_POINT('',(11.9,1.2));
#6681 = CARTESIAN_POINT('',(11.9,0.));
#6682 = ( GEOMETRIC_REPRESENTATION_CONTEXT(2) 
PARAMETRIC_REPRESENTATION_CONTEXT() REPRESENTATION_CONTEXT('2D SPACE',''
  ) );
#6683 = ORIENTED_EDGE('',*,*,#6684,.F.);
#6684 = EDGE_CURVE('',#4547,#6659,#6685,.T.);
#6685 = SURFACE_CURVE('',#6686,(#6690,#6696),.PCURVE_S1.);
#6686 = LINE('',#6687,#6688);
#6687 = CARTESIAN_POINT('',(30.4,31.4,0.475));
#6688 = VECTOR('',#6689,1.);
#6689 = DIRECTION('',(0.,0.,1.));
#6690 = PCURVE('',#1047,#6691);
#6691 = DEFINITIONAL_REPRESENTATION('',(#6692),#6695);
#6692 = B_SPLINE_CURVE_WITH_KNOTS('',1,(#6693,#6694),.UNSPECIFIED.,.F.,
  .F.,(2,2),(7.5E-02,0.775),.PIECEWISE_BEZIER_KNOTS.);
#6693 = CARTESIAN_POINT('',(0.15,-93.8));
#6694 = CARTESIAN_POINT('',(0.85,-93.8));
#6695 = ( GEOMETRIC_REPRESENTATION_CONTEXT(2) 
PARAMETRIC_REPRESENTATION_CONTEXT() REPRESENTATION_CONTEXT('2D SPACE',''
  ) );
#6696 = PCURVE('',#4584,#6697);
#6697 = DEFINITIONAL_REPRESENTATION('',(#6698),#6702);
#6698 = LINE('',#6699,#6700);
#6699 = CARTESIAN_POINT('',(-7.5E-02,11.9));
#6700 = VECTOR('',#6701,1.);
#6701 = DIRECTION('',(1.,0.));
#6702 = ( GEOMETRIC_REPRESENTATION_CONTEXT(2) 
PARAMETRIC_REPRESENTATION_CONTEXT() REPRESENTATION_CONTEXT('2D SPACE',''
  ) );
#6703 = ORIENTED_EDGE('',*,*,#4546,.T.);
#6704 = ORIENTED_EDGE('',*,*,#6705,.T.);
#6705 = EDGE_CURVE('',#4519,#6706,#6708,.T.);
#6706 = VERTEX_POINT('',#6707);
#6707 = CARTESIAN_POINT('',(30.4,52.6,1.25));
#6708 = SURFACE_CURVE('',#6709,(#6713,#6719),.PCURVE_S1.);
#6709 = LINE('',#6710,#6711);
#6710 = CARTESIAN_POINT('',(30.4,52.6,0.475));
#6711 = VECTOR('',#6712,1.);
#6712 = DIRECTION('',(0.,0.,1.));
#6713 = PCURVE('',#1047,#6714);
#6714 = DEFINITIONAL_REPRESENTATION('',(#6715),#6718);
#6715 = B_SPLINE_CURVE_WITH_KNOTS('',1,(#6716,#6717),.UNSPECIFIED.,.F.,
  .F.,(2,2),(7.5E-02,0.775),.PIECEWISE_BEZIER_KNOTS.);
#6716 = CARTESIAN_POINT('',(0.15,-115.));
#6717 = CARTESIAN_POINT('',(0.85,-115.));
#6718 = ( GEOMETRIC_REPRESENTATION_CONTEXT(2) 
PARAMETRIC_REPRESENTATION_CONTEXT() REPRESENTATION_CONTEXT('2D SPACE',''
  ) );
#6719 = PCURVE('',#4534,#6720);
#6720 = DEFINITIONAL_REPRESENTATION('',(#6721),#6725);
#6721 = LINE('',#6722,#6723);
#6722 = CARTESIAN_POINT('',(-7.5E-02,11.9));
#6723 = VECTOR('',#6724,1.);
#6724 = DIRECTION('',(1.,0.));
#6725 = ( GEOMETRIC_REPRESENTATION_CONTEXT(2) 
PARAMETRIC_REPRESENTATION_CONTEXT() REPRESENTATION_CONTEXT('2D SPACE',''
  ) );
#6726 = ORIENTED_EDGE('',*,*,#6727,.F.);
#6727 = EDGE_CURVE('',#6728,#6706,#6730,.T.);
#6728 = VERTEX_POINT('',#6729);
#6729 = CARTESIAN_POINT('',(30.4,53.8,1.25));
#6730 = SURFACE_CURVE('',#6731,(#6735,#6741),.PCURVE_S1.);
#6731 = LINE('',#6732,#6733);
#6732 = CARTESIAN_POINT('',(30.4,-4.9,1.25));
#6733 = VECTOR('',#6734,1.);
#6734 = DIRECTION('',(0.,-1.,0.));
#6735 = PCURVE('',#1047,#6736);
#6736 = DEFINITIONAL_REPRESENTATION('',(#6737),#6740);
#6737 = B_SPLINE_CURVE_WITH_KNOTS('',1,(#6738,#6739),.UNSPECIFIED.,.F.,
  .F.,(2,2),(-58.7,-57.5),.PIECEWISE_BEZIER_KNOTS.);
#6738 = CARTESIAN_POINT('',(0.85,-116.2));
#6739 = CARTESIAN_POINT('',(0.85,-115.));
#6740 = ( GEOMETRIC_REPRESENTATION_CONTEXT(2) 
PARAMETRIC_REPRESENTATION_CONTEXT() REPRESENTATION_CONTEXT('2D SPACE',''
  ) );
#6741 = PCURVE('',#6742,#6747);
#6742 = PLANE('',#6743);
#6743 = AXIS2_PLACEMENT_3D('',#6744,#6745,#6746);
#6744 = CARTESIAN_POINT('',(18.5,52.6,1.25));
#6745 = DIRECTION('',(0.,0.,1.));
#6746 = DIRECTION('',(1.,0.,0.));
#6747 = DEFINITIONAL_REPRESENTATION('',(#6748),#6751);
#6748 = B_SPLINE_CURVE_WITH_KNOTS('',1,(#6749,#6750),.UNSPECIFIED.,.F.,
  .F.,(2,2),(-58.7,-57.5),.PIECEWISE_BEZIER_KNOTS.);
#6749 = CARTESIAN_POINT('',(11.9,1.2));
#6750 = CARTESIAN_POINT('',(11.9,0.));
#6751 = ( GEOMETRIC_REPRESENTATION_CONTEXT(2) 
PARAMETRIC_REPRESENTATION_CONTEXT() REPRESENTATION_CONTEXT('2D SPACE',''
  ) );
#6752 = ORIENTED_EDGE('',*,*,#6753,.F.);
#6753 = EDGE_CURVE('',#4441,#6728,#6754,.T.);
#6754 = SURFACE_CURVE('',#6755,(#6759,#6765),.PCURVE_S1.);
#6755 = LINE('',#6756,#6757);
#6756 = CARTESIAN_POINT('',(30.4,53.8,0.475));
#6757 = VECTOR('',#6758,1.);
#6758 = DIRECTION('',(0.,0.,1.));
#6759 = PCURVE('',#1047,#6760);
#6760 = DEFINITIONAL_REPRESENTATION('',(#6761),#6764);
#6761 = B_SPLINE_CURVE_WITH_KNOTS('',1,(#6762,#6763),.UNSPECIFIED.,.F.,
  .F.,(2,2),(7.5E-02,0.775),.PIECEWISE_BEZIER_KNOTS.);
#6762 = CARTESIAN_POINT('',(0.15,-116.2));
#6763 = CARTESIAN_POINT('',(0.85,-116.2));
#6764 = ( GEOMETRIC_REPRESENTATION_CONTEXT(2) 
PARAMETRIC_REPRESENTATION_CONTEXT() REPRESENTATION_CONTEXT('2D SPACE',''
  ) );
#6765 = PCURVE('',#4478,#6766);
#6766 = DEFINITIONAL_REPRESENTATION('',(#6767),#6771);
#6767 = LINE('',#6768,#6769);
#6768 = CARTESIAN_POINT('',(-7.5E-02,11.9));
#6769 = VECTOR('',#6770,1.);
#6770 = DIRECTION('',(1.,0.));
#6771 = ( GEOMETRIC_REPRESENTATION_CONTEXT(2) 
PARAMETRIC_REPRESENTATION_CONTEXT() REPRESENTATION_CONTEXT('2D SPACE',''
  ) );
#6772 = ORIENTED_EDGE('',*,*,#4440,.T.);
#6773 = ORIENTED_EDGE('',*,*,#6296,.T.);
#6774 = FACE_BOUND('',#6775,.F.);
#6775 = EDGE_LOOP('',(#6776,#6804,#6830,#6856));
#6776 = ORIENTED_EDGE('',*,*,#6777,.T.);
#6777 = EDGE_CURVE('',#6778,#6780,#6782,.T.);
#6778 = VERTEX_POINT('',#6779);
#6779 = CARTESIAN_POINT('',(30.4,18.,1.305));
#6780 = VERTEX_POINT('',#6781);
#6781 = CARTESIAN_POINT('',(30.4,6.,1.305));
#6782 = SURFACE_CURVE('',#6783,(#6787,#6793),.PCURVE_S1.);
#6783 = LINE('',#6784,#6785);
#6784 = CARTESIAN_POINT('',(30.4,-28.2,1.305));
#6785 = VECTOR('',#6786,1.);
#6786 = DIRECTION('',(0.,-1.,0.));
#6787 = PCURVE('',#1047,#6788);
#6788 = DEFINITIONAL_REPRESENTATION('',(#6789),#6792);
#6789 = B_SPLINE_CURVE_WITH_KNOTS('',1,(#6790,#6791),.UNSPECIFIED.,.F.,
  .F.,(2,2),(-46.2,-34.2),.PIECEWISE_BEZIER_KNOTS.);
#6790 = CARTESIAN_POINT('',(0.905,-80.4));
#6791 = CARTESIAN_POINT('',(0.905,-68.4));
#6792 = ( GEOMETRIC_REPRESENTATION_CONTEXT(2) 
PARAMETRIC_REPRESENTATION_CONTEXT() REPRESENTATION_CONTEXT('2D SPACE',''
  ) );
#6793 = PCURVE('',#6794,#6799);
#6794 = PLANE('',#6795);
#6795 = AXIS2_PLACEMENT_3D('',#6796,#6797,#6798);
#6796 = CARTESIAN_POINT('',(27.,6.,1.305));
#6797 = DIRECTION('',(0.,0.,1.));
#6798 = DIRECTION('',(1.,0.,0.));
#6799 = DEFINITIONAL_REPRESENTATION('',(#6800),#6803);
#6800 = B_SPLINE_CURVE_WITH_KNOTS('',1,(#6801,#6802),.UNSPECIFIED.,.F.,
  .F.,(2,2),(-46.2,-34.2),.PIECEWISE_BEZIER_KNOTS.);
#6801 = CARTESIAN_POINT('',(3.4,12.));
#6802 = CARTESIAN_POINT('',(3.4,0.));
#6803 = ( GEOMETRIC_REPRESENTATION_CONTEXT(2) 
PARAMETRIC_REPRESENTATION_CONTEXT() REPRESENTATION_CONTEXT('2D SPACE',''
  ) );
#6804 = ORIENTED_EDGE('',*,*,#6805,.T.);
#6805 = EDGE_CURVE('',#6780,#6806,#6808,.T.);
#6806 = VERTEX_POINT('',#6807);
#6807 = CARTESIAN_POINT('',(30.4,6.,6.105));
#6808 = SURFACE_CURVE('',#6809,(#6813,#6819),.PCURVE_S1.);
#6809 = LINE('',#6810,#6811);
#6810 = CARTESIAN_POINT('',(30.4,6.,0.8525));
#6811 = VECTOR('',#6812,1.);
#6812 = DIRECTION('',(0.,0.,1.));
#6813 = PCURVE('',#1047,#6814);
#6814 = DEFINITIONAL_REPRESENTATION('',(#6815),#6818);
#6815 = B_SPLINE_CURVE_WITH_KNOTS('',1,(#6816,#6817),.UNSPECIFIED.,.F.,
  .F.,(2,2),(0.4525,5.2525),.PIECEWISE_BEZIER_KNOTS.);
#6816 = CARTESIAN_POINT('',(0.905,-68.4));
#6817 = CARTESIAN_POINT('',(5.705,-68.4));
#6818 = ( GEOMETRIC_REPRESENTATION_CONTEXT(2) 
PARAMETRIC_REPRESENTATION_CONTEXT() REPRESENTATION_CONTEXT('2D SPACE',''
  ) );
#6819 = PCURVE('',#6820,#6825);
#6820 = PLANE('',#6821);
#6821 = AXIS2_PLACEMENT_3D('',#6822,#6823,#6824);
#6822 = CARTESIAN_POINT('',(27.,6.,1.305));
#6823 = DIRECTION('',(0.,1.,0.));
#6824 = DIRECTION('',(0.,0.,1.));
#6825 = DEFINITIONAL_REPRESENTATION('',(#6826),#6829);
#6826 = B_SPLINE_CURVE_WITH_KNOTS('',1,(#6827,#6828),.UNSPECIFIED.,.F.,
  .F.,(2,2),(0.4525,5.2525),.PIECEWISE_BEZIER_KNOTS.);
#6827 = CARTESIAN_POINT('',(0.,3.4));
#6828 = CARTESIAN_POINT('',(4.8,3.4));
#6829 = ( GEOMETRIC_REPRESENTATION_CONTEXT(2) 
PARAMETRIC_REPRESENTATION_CONTEXT() REPRESENTATION_CONTEXT('2D SPACE',''
  ) );
#6830 = ORIENTED_EDGE('',*,*,#6831,.F.);
#6831 = EDGE_CURVE('',#6832,#6806,#6834,.T.);
#6832 = VERTEX_POINT('',#6833);
#6833 = CARTESIAN_POINT('',(30.4,18.,6.105));
#6834 = SURFACE_CURVE('',#6835,(#6839,#6845),.PCURVE_S1.);
#6835 = LINE('',#6836,#6837);
#6836 = CARTESIAN_POINT('',(30.4,-28.2,6.105));
#6837 = VECTOR('',#6838,1.);
#6838 = DIRECTION('',(0.,-1.,0.));
#6839 = PCURVE('',#1047,#6840);
#6840 = DEFINITIONAL_REPRESENTATION('',(#6841),#6844);
#6841 = B_SPLINE_CURVE_WITH_KNOTS('',1,(#6842,#6843),.UNSPECIFIED.,.F.,
  .F.,(2,2),(-46.2,-34.2),.PIECEWISE_BEZIER_KNOTS.);
#6842 = CARTESIAN_POINT('',(5.705,-80.4));
#6843 = CARTESIAN_POINT('',(5.705,-68.4));
#6844 = ( GEOMETRIC_REPRESENTATION_CONTEXT(2) 
PARAMETRIC_REPRESENTATION_CONTEXT() REPRESENTATION_CONTEXT('2D SPACE',''
  ) );
#6845 = PCURVE('',#6846,#6851);
#6846 = PLANE('',#6847);
#6847 = AXIS2_PLACEMENT_3D('',#6848,#6849,#6850);
#6848 = CARTESIAN_POINT('',(27.,6.,6.105));
#6849 = DIRECTION('',(0.,0.,1.));
#6850 = DIRECTION('',(1.,0.,0.));
#6851 = DEFINITIONAL_REPRESENTATION('',(#6852),#6855);
#6852 = B_SPLINE_CURVE_WITH_KNOTS('',1,(#6853,#6854),.UNSPECIFIED.,.F.,
  .F.,(2,2),(-46.2,-34.2),.PIECEWISE_BEZIER_KNOTS.);
#6853 = CARTESIAN_POINT('',(3.4,12.));
#6854 = CARTESIAN_POINT('',(3.4,0.));
#6855 = ( GEOMETRIC_REPRESENTATION_CONTEXT(2) 
PARAMETRIC_REPRESENTATION_CONTEXT() REPRESENTATION_CONTEXT('2D SPACE',''
  ) );
#6856 = ORIENTED_EDGE('',*,*,#6857,.F.);
#6857 = EDGE_CURVE('',#6778,#6832,#6858,.T.);
#6858 = SURFACE_CURVE('',#6859,(#6863,#6869),.PCURVE_S1.);
#6859 = LINE('',#6860,#6861);
#6860 = CARTESIAN_POINT('',(30.4,18.,0.8525));
#6861 = VECTOR('',#6862,1.);
#6862 = DIRECTION('',(0.,0.,1.));
#6863 = PCURVE('',#1047,#6864);
#6864 = DEFINITIONAL_REPRESENTATION('',(#6865),#6868);
#6865 = B_SPLINE_CURVE_WITH_KNOTS('',1,(#6866,#6867),.UNSPECIFIED.,.F.,
  .F.,(2,2),(0.4525,5.2525),.PIECEWISE_BEZIER_KNOTS.);
#6866 = CARTESIAN_POINT('',(0.905,-80.4));
#6867 = CARTESIAN_POINT('',(5.705,-80.4));
#6868 = ( GEOMETRIC_REPRESENTATION_CONTEXT(2) 
PARAMETRIC_REPRESENTATION_CONTEXT() REPRESENTATION_CONTEXT('2D SPACE',''
  ) );
#6869 = PCURVE('',#6870,#6875);
#6870 = PLANE('',#6871);
#6871 = AXIS2_PLACEMENT_3D('',#6872,#6873,#6874);
#6872 = CARTESIAN_POINT('',(27.,18.,1.305));
#6873 = DIRECTION('',(0.,1.,0.));
#6874 = DIRECTION('',(0.,0.,1.));
#6875 = DEFINITIONAL_REPRESENTATION('',(#6876),#6879);
#6876 = B_SPLINE_CURVE_WITH_KNOTS('',1,(#6877,#6878),.UNSPECIFIED.,.F.,
  .F.,(2,2),(0.4525,5.2525),.PIECEWISE_BEZIER_KNOTS.);
#6877 = CARTESIAN_POINT('',(0.,3.4));
#6878 = CARTESIAN_POINT('',(4.8,3.4));
#6879 = ( GEOMETRIC_REPRESENTATION_CONTEXT(2) 
PARAMETRIC_REPRESENTATION_CONTEXT() REPRESENTATION_CONTEXT('2D SPACE',''
  ) );
#6880 = ADVANCED_FACE('',(#6881),#1582,.F.);
#6881 = FACE_BOUND('',#6882,.T.);
#6882 = EDGE_LOOP('',(#6883,#6902,#6903,#6904));
#6883 = ORIENTED_EDGE('',*,*,#6884,.F.);
#6884 = EDGE_CURVE('',#4936,#1537,#6885,.T.);
#6885 = SURFACE_CURVE('',#6886,(#6890,#6896),.PCURVE_S1.);
#6886 = LINE('',#6887,#6888);
#6887 = CARTESIAN_POINT('',(-28.45283097481,61.652892033579,0.4));
#6888 = VECTOR('',#6889,1.);
#6889 = DIRECTION('',(0.,0.,1.));
#6890 = PCURVE('',#1582,#6891);
#6891 = DEFINITIONAL_REPRESENTATION('',(#6892),#6895);
#6892 = B_SPLINE_CURVE_WITH_KNOTS('',1,(#6893,#6894),.UNSPECIFIED.,.F.,
  .F.,(2,2),(0.1499994,7.3500006),.PIECEWISE_BEZIER_KNOTS.);
#6893 = CARTESIAN_POINT('',(-0.979471261057,0.1499994));
#6894 = CARTESIAN_POINT('',(-0.979471261057,7.3500006));
#6895 = ( GEOMETRIC_REPRESENTATION_CONTEXT(2) 
PARAMETRIC_REPRESENTATION_CONTEXT() REPRESENTATION_CONTEXT('2D SPACE',''
  ) );
#6896 = PCURVE('',#1553,#6897);
#6897 = DEFINITIONAL_REPRESENTATION('',(#6898),#6901);
#6898 = B_SPLINE_CURVE_WITH_KNOTS('',1,(#6899,#6900),.UNSPECIFIED.,.F.,
  .F.,(2,2),(0.15,7.35),.PIECEWISE_BEZIER_KNOTS.);
#6899 = CARTESIAN_POINT('',(-8.061295737479,0.));
#6900 = CARTESIAN_POINT('',(-8.061295737479,-7.2));
#6901 = ( GEOMETRIC_REPRESENTATION_CONTEXT(2) 
PARAMETRIC_REPRESENTATION_CONTEXT() REPRESENTATION_CONTEXT('2D SPACE',''
  ) );
#6902 = ORIENTED_EDGE('',*,*,#4963,.F.);
#6903 = ORIENTED_EDGE('',*,*,#6459,.T.);
#6904 = ORIENTED_EDGE('',*,*,#1565,.T.);
#6905 = ADVANCED_FACE('',(#6906),#1074,.T.);
#6906 = FACE_BOUND('',#6907,.T.);
#6907 = EDGE_LOOP('',(#6908,#6909,#6928,#6929));
#6908 = ORIENTED_EDGE('',*,*,#4216,.F.);
#6909 = ORIENTED_EDGE('',*,*,#6910,.F.);
#6910 = EDGE_CURVE('',#1059,#4141,#6911,.T.);
#6911 = SURFACE_CURVE('',#6912,(#6916,#6922),.PCURVE_S1.);
#6912 = LINE('',#6913,#6914);
#6913 = CARTESIAN_POINT('',(29.609347693943,1.5,0.55));
#6914 = VECTOR('',#6915,1.);
#6915 = DIRECTION('',(-0.,-0.,-1.));
#6916 = PCURVE('',#1074,#6917);
#6917 = DEFINITIONAL_REPRESENTATION('',(#6918),#6921);
#6918 = B_SPLINE_CURVE_WITH_KNOTS('',1,(#6919,#6920),.UNSPECIFIED.,.F.,
  .F.,(2,2),(-7.2000006,6.000000000173E-07),.PIECEWISE_BEZIER_KNOTS.);
#6919 = CARTESIAN_POINT('',(7.2000006,1.109347693943));
#6920 = CARTESIAN_POINT('',(-6.000000000173E-07,1.109347693943));
#6921 = ( GEOMETRIC_REPRESENTATION_CONTEXT(2) 
PARAMETRIC_REPRESENTATION_CONTEXT() REPRESENTATION_CONTEXT('2D SPACE',''
  ) );
#6922 = PCURVE('',#1103,#6923);
#6923 = DEFINITIONAL_REPRESENTATION('',(#6924),#6927);
#6924 = B_SPLINE_CURVE_WITH_KNOTS('',1,(#6925,#6926),.UNSPECIFIED.,.F.,
  .F.,(2,2),(-7.2000006,6.000000000173E-07),.PIECEWISE_BEZIER_KNOTS.);
#6925 = CARTESIAN_POINT('',(-0.750245243987,-7.2000006));
#6926 = CARTESIAN_POINT('',(-0.750245243987,6.000000000173E-07));
#6927 = ( GEOMETRIC_REPRESENTATION_CONTEXT(2) 
PARAMETRIC_REPRESENTATION_CONTEXT() REPRESENTATION_CONTEXT('2D SPACE',''
  ) );
#6928 = ORIENTED_EDGE('',*,*,#1058,.T.);
#6929 = ORIENTED_EDGE('',*,*,#6485,.F.);
#6930 = ADVANCED_FACE('',(#6931),#1553,.T.);
#6931 = FACE_BOUND('',#6932,.F.);
#6932 = EDGE_LOOP('',(#6933,#6934,#6935,#6956,#6989,#7008));
#6933 = ORIENTED_EDGE('',*,*,#6884,.F.);
#6934 = ORIENTED_EDGE('',*,*,#4935,.T.);
#6935 = ORIENTED_EDGE('',*,*,#6936,.F.);
#6936 = EDGE_CURVE('',#6937,#4908,#6939,.T.);
#6937 = VERTEX_POINT('',#6938);
#6938 = CARTESIAN_POINT('',(-27.7,57.32055052823,4.));
#6939 = SURFACE_CURVE('',#6940,(#6944,#6950),.PCURVE_S1.);
#6940 = LINE('',#6941,#6942);
#6941 = CARTESIAN_POINT('',(-27.7,57.32055052823,0.55));
#6942 = VECTOR('',#6943,1.);
#6943 = DIRECTION('',(-0.,-0.,-1.));
#6944 = PCURVE('',#1553,#6945);
#6945 = DEFINITIONAL_REPRESENTATION('',(#6946),#6949);
#6946 = B_SPLINE_CURVE_WITH_KNOTS('',1,(#6947,#6948),.UNSPECIFIED.,.F.,
  .F.,(2,2),(-3.795,6.000000000173E-07),.PIECEWISE_BEZIER_KNOTS.);
#6947 = CARTESIAN_POINT('',(-4.849178807309,-3.795));
#6948 = CARTESIAN_POINT('',(-4.849178807309,6.000000000173E-07));
#6949 = ( GEOMETRIC_REPRESENTATION_CONTEXT(2) 
PARAMETRIC_REPRESENTATION_CONTEXT() REPRESENTATION_CONTEXT('2D SPACE',''
  ) );
#6950 = PCURVE('',#4923,#6951);
#6951 = DEFINITIONAL_REPRESENTATION('',(#6952),#6955);
#6952 = B_SPLINE_CURVE_WITH_KNOTS('',1,(#6953,#6954),.UNSPECIFIED.,.F.,
  .F.,(2,2),(-3.795,6.000000000173E-07),.PIECEWISE_BEZIER_KNOTS.);
#6953 = CARTESIAN_POINT('',(3.795,-33.82055052823));
#6954 = CARTESIAN_POINT('',(-6.000000000173E-07,-33.82055052823));
#6955 = ( GEOMETRIC_REPRESENTATION_CONTEXT(2) 
PARAMETRIC_REPRESENTATION_CONTEXT() REPRESENTATION_CONTEXT('2D SPACE',''
  ) );
#6956 = ORIENTED_EDGE('',*,*,#6957,.T.);
#6957 = EDGE_CURVE('',#6937,#6958,#6960,.T.);
#6958 = VERTEX_POINT('',#6959);
#6959 = CARTESIAN_POINT('',(-29.60934769394,58.,4.));
#6960 = SURFACE_CURVE('',#6961,(#6966,#6973),.PCURVE_S1.);
#6961 = CIRCLE('',#6962,2.2);
#6962 = AXIS2_PLACEMENT_3D('',#6963,#6964,#6965);
#6963 = CARTESIAN_POINT('',(-28.,59.5,4.));
#6964 = DIRECTION('',(0.,0.,-1.));
#6965 = DIRECTION('',(1.,0.,0.));
#6966 = PCURVE('',#1553,#6967);
#6967 = DEFINITIONAL_REPRESENTATION('',(#6968),#6972);
#6968 = LINE('',#6969,#6970);
#6969 = CARTESIAN_POINT('',(-6.28318530718,-3.45));
#6970 = VECTOR('',#6971,1.);
#6971 = DIRECTION('',(1.,-0.));
#6972 = ( GEOMETRIC_REPRESENTATION_CONTEXT(2) 
PARAMETRIC_REPRESENTATION_CONTEXT() REPRESENTATION_CONTEXT('2D SPACE',''
  ) );
#6973 = PCURVE('',#6974,#6979);
#6974 = PLANE('',#6975);
#6975 = AXIS2_PLACEMENT_3D('',#6976,#6977,#6978);
#6976 = CARTESIAN_POINT('',(-30.4,23.5,4.));
#6977 = DIRECTION('',(0.,0.,1.));
#6978 = DIRECTION('',(1.,0.,0.));
#6979 = DEFINITIONAL_REPRESENTATION('',(#6980),#6988);
#6980 = ( BOUNDED_CURVE() B_SPLINE_CURVE(2,(#6981,#6982,#6983,#6984,
#6985,#6986,#6987),.UNSPECIFIED.,.T.,.F.) B_SPLINE_CURVE_WITH_KNOTS((1,2
    ,2,2,2,1),(-2.094395102393,0.,2.094395102393,4.188790204786,
6.28318530718,8.377580409573),.UNSPECIFIED.) CURVE() 
GEOMETRIC_REPRESENTATION_ITEM() RATIONAL_B_SPLINE_CURVE((1.,0.5,1.,0.5,
1.,0.5,1.)) REPRESENTATION_ITEM('') );
#6981 = CARTESIAN_POINT('',(4.6,36.));
#6982 = CARTESIAN_POINT('',(4.6,32.189488223348));
#6983 = CARTESIAN_POINT('',(1.3,34.094744111674));
#6984 = CARTESIAN_POINT('',(-2.,36.));
#6985 = CARTESIAN_POINT('',(1.3,37.905255888326));
#6986 = CARTESIAN_POINT('',(4.6,39.810511776652));
#6987 = CARTESIAN_POINT('',(4.6,36.));
#6988 = ( GEOMETRIC_REPRESENTATION_CONTEXT(2) 
PARAMETRIC_REPRESENTATION_CONTEXT() REPRESENTATION_CONTEXT('2D SPACE',''
  ) );
#6989 = ORIENTED_EDGE('',*,*,#6990,.F.);
#6990 = EDGE_CURVE('',#1509,#6958,#6991,.T.);
#6991 = SURFACE_CURVE('',#6992,(#6996,#7002),.PCURVE_S1.);
#6992 = LINE('',#6993,#6994);
#6993 = CARTESIAN_POINT('',(-29.60934769394,58.,0.55));
#6994 = VECTOR('',#6995,1.);
#6995 = DIRECTION('',(-0.,-0.,-1.));
#6996 = PCURVE('',#1553,#6997);
#6997 = DEFINITIONAL_REPRESENTATION('',(#6998),#7001);
#6998 = B_SPLINE_CURVE_WITH_KNOTS('',1,(#6999,#7000),.UNSPECIFIED.,.F.,
  .F.,(2,2),(-7.2000006,6.000000000173E-07),.PIECEWISE_BEZIER_KNOTS.);
#6999 = CARTESIAN_POINT('',(-3.891837897576,-7.2000006));
#7000 = CARTESIAN_POINT('',(-3.891837897576,6.000000000173E-07));
#7001 = ( GEOMETRIC_REPRESENTATION_CONTEXT(2) 
PARAMETRIC_REPRESENTATION_CONTEXT() REPRESENTATION_CONTEXT('2D SPACE',''
  ) );
#7002 = PCURVE('',#1524,#7003);
#7003 = DEFINITIONAL_REPRESENTATION('',(#7004),#7007);
#7004 = B_SPLINE_CURVE_WITH_KNOTS('',1,(#7005,#7006),.UNSPECIFIED.,.F.,
  .F.,(2,2),(-7.2000006,6.000000000173E-07),.PIECEWISE_BEZIER_KNOTS.);
#7005 = CARTESIAN_POINT('',(7.2000006,1.890652306057));
#7006 = CARTESIAN_POINT('',(-6.000000000173E-07,1.890652306057));
#7007 = ( GEOMETRIC_REPRESENTATION_CONTEXT(2) 
PARAMETRIC_REPRESENTATION_CONTEXT() REPRESENTATION_CONTEXT('2D SPACE',''
  ) );
#7008 = ORIENTED_EDGE('',*,*,#1536,.T.);
#7009 = ADVANCED_FACE('',(#7010),#1103,.T.);
#7010 = FACE_BOUND('',#7011,.F.);
#7011 = EDGE_LOOP('',(#7012,#7013,#7014,#7015,#7034,#7035,#7056,#7084));
#7012 = ORIENTED_EDGE('',*,*,#4140,.F.);
#7013 = ORIENTED_EDGE('',*,*,#6910,.F.);
#7014 = ORIENTED_EDGE('',*,*,#1086,.T.);
#7015 = ORIENTED_EDGE('',*,*,#7016,.T.);
#7016 = EDGE_CURVE('',#1087,#3539,#7017,.T.);
#7017 = SURFACE_CURVE('',#7018,(#7022,#7028),.PCURVE_S1.);
#7018 = LINE('',#7019,#7020);
#7019 = CARTESIAN_POINT('',(29.609347693943,-1.5,0.55));
#7020 = VECTOR('',#7021,1.);
#7021 = DIRECTION('',(-0.,-0.,-1.));
#7022 = PCURVE('',#1103,#7023);
#7023 = DEFINITIONAL_REPRESENTATION('',(#7024),#7027);
#7024 = B_SPLINE_CURVE_WITH_KNOTS('',1,(#7025,#7026),.UNSPECIFIED.,.F.,
  .F.,(2,2),(-7.2000006,6.000000000173E-07),.PIECEWISE_BEZIER_KNOTS.);
#7025 = CARTESIAN_POINT('',(-5.532940063193,-7.2000006));
#7026 = CARTESIAN_POINT('',(-5.532940063193,6.000000000173E-07));
#7027 = ( GEOMETRIC_REPRESENTATION_CONTEXT(2) 
PARAMETRIC_REPRESENTATION_CONTEXT() REPRESENTATION_CONTEXT('2D SPACE',''
  ) );
#7028 = PCURVE('',#1131,#7029);
#7029 = DEFINITIONAL_REPRESENTATION('',(#7030),#7033);
#7030 = B_SPLINE_CURVE_WITH_KNOTS('',1,(#7031,#7032),.UNSPECIFIED.,.F.,
  .F.,(2,2),(-7.2000006,6.000000000173E-07),.PIECEWISE_BEZIER_KNOTS.);
#7031 = CARTESIAN_POINT('',(7.2000006,1.109347693943));
#7032 = CARTESIAN_POINT('',(-6.000000000173E-07,1.109347693943));
#7033 = ( GEOMETRIC_REPRESENTATION_CONTEXT(2) 
PARAMETRIC_REPRESENTATION_CONTEXT() REPRESENTATION_CONTEXT('2D SPACE',''
  ) );
#7034 = ORIENTED_EDGE('',*,*,#3538,.F.);
#7035 = ORIENTED_EDGE('',*,*,#7036,.F.);
#7036 = EDGE_CURVE('',#7037,#3516,#7039,.T.);
#7037 = VERTEX_POINT('',#7038);
#7038 = CARTESIAN_POINT('',(27.34425614757,2.1,2.35));
#7039 = SURFACE_CURVE('',#7040,(#7044,#7050),.PCURVE_S1.);
#7040 = LINE('',#7041,#7042);
#7041 = CARTESIAN_POINT('',(27.34425614757,2.1,0.55));
#7042 = VECTOR('',#7043,1.);
#7043 = DIRECTION('',(-0.,-0.,-1.));
#7044 = PCURVE('',#1103,#7045);
#7045 = DEFINITIONAL_REPRESENTATION('',(#7046),#7049);
#7046 = B_SPLINE_CURVE_WITH_KNOTS('',1,(#7047,#7048),.UNSPECIFIED.,.F.,
  .F.,(2,2),(-1.98,6.000000000173E-07),.PIECEWISE_BEZIER_KNOTS.);
#7047 = CARTESIAN_POINT('',(-1.873461600749,-1.98));
#7048 = CARTESIAN_POINT('',(-1.873461600749,6.000000000173E-07));
#7049 = ( GEOMETRIC_REPRESENTATION_CONTEXT(2) 
PARAMETRIC_REPRESENTATION_CONTEXT() REPRESENTATION_CONTEXT('2D SPACE',''
  ) );
#7050 = PCURVE('',#3254,#7051);
#7051 = DEFINITIONAL_REPRESENTATION('',(#7052),#7055);
#7052 = B_SPLINE_CURVE_WITH_KNOTS('',1,(#7053,#7054),.UNSPECIFIED.,.F.,
  .F.,(2,2),(-1.98,6.000000000173E-07),.PIECEWISE_BEZIER_KNOTS.);
#7053 = CARTESIAN_POINT('',(1.98,19.34814594757));
#7054 = CARTESIAN_POINT('',(-6.000000000173E-07,19.34814594757));
#7055 = ( GEOMETRIC_REPRESENTATION_CONTEXT(2) 
PARAMETRIC_REPRESENTATION_CONTEXT() REPRESENTATION_CONTEXT('2D SPACE',''
  ) );
#7056 = ORIENTED_EDGE('',*,*,#7057,.T.);
#7057 = EDGE_CURVE('',#7037,#7058,#7060,.T.);
#7058 = VERTEX_POINT('',#7059);
#7059 = CARTESIAN_POINT('',(28.65574385243,2.1,2.35));
#7060 = SURFACE_CURVE('',#7061,(#7066,#7073),.PCURVE_S1.);
#7061 = CIRCLE('',#7062,2.2);
#7062 = AXIS2_PLACEMENT_3D('',#7063,#7064,#7065);
#7063 = CARTESIAN_POINT('',(28.,0.,2.35));
#7064 = DIRECTION('',(0.,0.,-1.));
#7065 = DIRECTION('',(1.,0.,0.));
#7066 = PCURVE('',#1103,#7067);
#7067 = DEFINITIONAL_REPRESENTATION('',(#7068),#7072);
#7068 = LINE('',#7069,#7070);
#7069 = CARTESIAN_POINT('',(-6.28318530718,-1.8));
#7070 = VECTOR('',#7071,1.);
#7071 = DIRECTION('',(1.,-0.));
#7072 = ( GEOMETRIC_REPRESENTATION_CONTEXT(2) 
PARAMETRIC_REPRESENTATION_CONTEXT() REPRESENTATION_CONTEXT('2D SPACE',''
  ) );
#7073 = PCURVE('',#6541,#7074);
#7074 = DEFINITIONAL_REPRESENTATION('',(#7075),#7083);
#7075 = ( BOUNDED_CURVE() B_SPLINE_CURVE(2,(#7076,#7077,#7078,#7079,
#7080,#7081,#7082),.UNSPECIFIED.,.T.,.F.) B_SPLINE_CURVE_WITH_KNOTS((1,2
    ,2,2,2,1),(-2.094395102393,0.,2.094395102393,4.188790204786,
6.28318530718,8.377580409573),.UNSPECIFIED.) CURVE() 
GEOMETRIC_REPRESENTATION_ITEM() RATIONAL_B_SPLINE_CURVE((1.,0.5,1.,0.5,
1.,0.5,1.)) REPRESENTATION_ITEM('') );
#7076 = CARTESIAN_POINT('',(22.2038898,-21.1));
#7077 = CARTESIAN_POINT('',(22.2038898,-24.91051177665));
#7078 = CARTESIAN_POINT('',(18.9038898,-23.00525588832));
#7079 = CARTESIAN_POINT('',(15.6038898,-21.1));
#7080 = CARTESIAN_POINT('',(18.9038898,-19.19474411167));
#7081 = CARTESIAN_POINT('',(22.2038898,-17.28948822334));
#7082 = CARTESIAN_POINT('',(22.2038898,-21.1));
#7083 = ( GEOMETRIC_REPRESENTATION_CONTEXT(2) 
PARAMETRIC_REPRESENTATION_CONTEXT() REPRESENTATION_CONTEXT('2D SPACE',''
  ) );
#7084 = ORIENTED_EDGE('',*,*,#7085,.T.);
#7085 = EDGE_CURVE('',#7058,#4143,#7086,.T.);
#7086 = SURFACE_CURVE('',#7087,(#7091,#7097),.PCURVE_S1.);
#7087 = LINE('',#7088,#7089);
#7088 = CARTESIAN_POINT('',(28.65574385243,2.1,0.55));
#7089 = VECTOR('',#7090,1.);
#7090 = DIRECTION('',(-0.,-0.,-1.));
#7091 = PCURVE('',#1103,#7092);
#7092 = DEFINITIONAL_REPRESENTATION('',(#7093),#7096);
#7093 = B_SPLINE_CURVE_WITH_KNOTS('',1,(#7094,#7095),.UNSPECIFIED.,.F.,
  .F.,(2,2),(-1.98,6.000000000173E-07),.PIECEWISE_BEZIER_KNOTS.);
#7094 = CARTESIAN_POINT('',(-1.26813105284,-1.98));
#7095 = CARTESIAN_POINT('',(-1.26813105284,6.000000000173E-07));
#7096 = ( GEOMETRIC_REPRESENTATION_CONTEXT(2) 
PARAMETRIC_REPRESENTATION_CONTEXT() REPRESENTATION_CONTEXT('2D SPACE',''
  ) );
#7097 = PCURVE('',#4182,#7098);
#7098 = DEFINITIONAL_REPRESENTATION('',(#7099),#7102);
#7099 = B_SPLINE_CURVE_WITH_KNOTS('',1,(#7100,#7101),.UNSPECIFIED.,.F.,
  .F.,(2,2),(-1.98,6.000000000173E-07),.PIECEWISE_BEZIER_KNOTS.);
#7100 = CARTESIAN_POINT('',(1.98,20.65963365243));
#7101 = CARTESIAN_POINT('',(-6.000000000173E-07,20.65963365243));
#7102 = ( GEOMETRIC_REPRESENTATION_CONTEXT(2) 
PARAMETRIC_REPRESENTATION_CONTEXT() REPRESENTATION_CONTEXT('2D SPACE',''
  ) );
#7103 = ADVANCED_FACE('',(#7104),#1524,.F.);
#7104 = FACE_BOUND('',#7105,.F.);
#7105 = EDGE_LOOP('',(#7106,#7127,#7148,#7149));
#7106 = ORIENTED_EDGE('',*,*,#7107,.F.);
#7107 = EDGE_CURVE('',#7108,#6958,#7110,.T.);
#7108 = VERTEX_POINT('',#7109);
#7109 = CARTESIAN_POINT('',(-30.4,58.,4.));
#7110 = SURFACE_CURVE('',#7111,(#7115,#7121),.PCURVE_S1.);
#7111 = LINE('',#7112,#7113);
#7112 = CARTESIAN_POINT('',(-30.95,58.,4.));
#7113 = VECTOR('',#7114,1.);
#7114 = DIRECTION('',(1.,0.,0.));
#7115 = PCURVE('',#1524,#7116);
#7116 = DEFINITIONAL_REPRESENTATION('',(#7117),#7120);
#7117 = B_SPLINE_CURVE_WITH_KNOTS('',1,(#7118,#7119),.UNSPECIFIED.,.F.,
  .F.,(2,2),(0.55,1.340652306057),.PIECEWISE_BEZIER_KNOTS.);
#7118 = CARTESIAN_POINT('',(3.45,1.1));
#7119 = CARTESIAN_POINT('',(3.45,1.890652306057));
#7120 = ( GEOMETRIC_REPRESENTATION_CONTEXT(2) 
PARAMETRIC_REPRESENTATION_CONTEXT() REPRESENTATION_CONTEXT('2D SPACE',''
  ) );
#7121 = PCURVE('',#6974,#7122);
#7122 = DEFINITIONAL_REPRESENTATION('',(#7123),#7126);
#7123 = B_SPLINE_CURVE_WITH_KNOTS('',1,(#7124,#7125),.UNSPECIFIED.,.F.,
  .F.,(2,2),(0.55,1.340652306057),.PIECEWISE_BEZIER_KNOTS.);
#7124 = CARTESIAN_POINT('',(3.552713678801E-15,34.5));
#7125 = CARTESIAN_POINT('',(0.790652306057,34.5));
#7126 = ( GEOMETRIC_REPRESENTATION_CONTEXT(2) 
PARAMETRIC_REPRESENTATION_CONTEXT() REPRESENTATION_CONTEXT('2D SPACE',''
  ) );
#7127 = ORIENTED_EDGE('',*,*,#7128,.T.);
#7128 = EDGE_CURVE('',#7108,#1482,#7129,.T.);
#7129 = SURFACE_CURVE('',#7130,(#7134,#7141),.PCURVE_S1.);
#7130 = LINE('',#7131,#7132);
#7131 = CARTESIAN_POINT('',(-30.4,58.,0.4));
#7132 = VECTOR('',#7133,1.);
#7133 = DIRECTION('',(0.,0.,1.));
#7134 = PCURVE('',#1524,#7135);
#7135 = DEFINITIONAL_REPRESENTATION('',(#7136),#7140);
#7136 = LINE('',#7137,#7138);
#7137 = CARTESIAN_POINT('',(-0.15,1.1));
#7138 = VECTOR('',#7139,1.);
#7139 = DIRECTION('',(1.,0.));
#7140 = ( GEOMETRIC_REPRESENTATION_CONTEXT(2) 
PARAMETRIC_REPRESENTATION_CONTEXT() REPRESENTATION_CONTEXT('2D SPACE',''
  ) );
#7141 = PCURVE('',#1497,#7142);
#7142 = DEFINITIONAL_REPRESENTATION('',(#7143),#7147);
#7143 = LINE('',#7144,#7145);
#7144 = CARTESIAN_POINT('',(0.,-120.4));
#7145 = VECTOR('',#7146,1.);
#7146 = DIRECTION('',(1.,0.));
#7147 = ( GEOMETRIC_REPRESENTATION_CONTEXT(2) 
PARAMETRIC_REPRESENTATION_CONTEXT() REPRESENTATION_CONTEXT('2D SPACE',''
  ) );
#7148 = ORIENTED_EDGE('',*,*,#1508,.T.);
#7149 = ORIENTED_EDGE('',*,*,#6990,.T.);
#7150 = ADVANCED_FACE('',(#7151),#1131,.F.);
#7151 = FACE_BOUND('',#7152,.F.);
#7152 = EDGE_LOOP('',(#7153,#7154,#7155,#7156));
#7153 = ORIENTED_EDGE('',*,*,#3562,.F.);
#7154 = ORIENTED_EDGE('',*,*,#7016,.F.);
#7155 = ORIENTED_EDGE('',*,*,#1115,.T.);
#7156 = ORIENTED_EDGE('',*,*,#7157,.F.);
#7157 = EDGE_CURVE('',#3563,#1116,#7158,.T.);
#7158 = SURFACE_CURVE('',#7159,(#7163,#7169),.PCURVE_S1.);
#7159 = LINE('',#7160,#7161);
#7160 = CARTESIAN_POINT('',(30.4,-1.5,0.475));
#7161 = VECTOR('',#7162,1.);
#7162 = DIRECTION('',(0.,0.,1.));
#7163 = PCURVE('',#1131,#7164);
#7164 = DEFINITIONAL_REPRESENTATION('',(#7165),#7168);
#7165 = B_SPLINE_CURVE_WITH_KNOTS('',1,(#7166,#7167),.UNSPECIFIED.,.F.,
  .F.,(2,2),(7.5E-02,7.275),.PIECEWISE_BEZIER_KNOTS.);
#7166 = CARTESIAN_POINT('',(0.,1.9));
#7167 = CARTESIAN_POINT('',(7.2,1.9));
#7168 = ( GEOMETRIC_REPRESENTATION_CONTEXT(2) 
PARAMETRIC_REPRESENTATION_CONTEXT() REPRESENTATION_CONTEXT('2D SPACE',''
  ) );
#7169 = PCURVE('',#1159,#7170);
#7170 = DEFINITIONAL_REPRESENTATION('',(#7171),#7174);
#7171 = B_SPLINE_CURVE_WITH_KNOTS('',1,(#7172,#7173),.UNSPECIFIED.,.F.,
  .F.,(2,2),(7.5E-02,7.275),.PIECEWISE_BEZIER_KNOTS.);
#7172 = CARTESIAN_POINT('',(0.15,-60.9));
#7173 = CARTESIAN_POINT('',(7.35,-60.9));
#7174 = ( GEOMETRIC_REPRESENTATION_CONTEXT(2) 
PARAMETRIC_REPRESENTATION_CONTEXT() REPRESENTATION_CONTEXT('2D SPACE',''
  ) );
#7175 = ADVANCED_FACE('',(#7176,#7429),#1497,.T.);
#7176 = FACE_BOUND('',#7177,.T.);
#7177 = EDGE_LOOP('',(#7178,#7179,#7198,#7199,#7220,#7247,#7268,#7269,
    #7290,#7312,#7338,#7364,#7383,#7384,#7407,#7428));
#7178 = ORIENTED_EDGE('',*,*,#1481,.F.);
#7179 = ORIENTED_EDGE('',*,*,#7180,.F.);
#7180 = EDGE_CURVE('',#3608,#1454,#7181,.T.);
#7181 = SURFACE_CURVE('',#7182,(#7186,#7192),.PCURVE_S1.);
#7182 = LINE('',#7183,#7184);
#7183 = CARTESIAN_POINT('',(-30.4,1.5,0.475));
#7184 = VECTOR('',#7185,1.);
#7185 = DIRECTION('',(0.,0.,1.));
#7186 = PCURVE('',#1497,#7187);
#7187 = DEFINITIONAL_REPRESENTATION('',(#7188),#7191);
#7188 = B_SPLINE_CURVE_WITH_KNOTS('',1,(#7189,#7190),.UNSPECIFIED.,.F.,
  .F.,(2,2),(7.5E-02,7.275),.PIECEWISE_BEZIER_KNOTS.);
#7189 = CARTESIAN_POINT('',(0.15,-63.9));
#7190 = CARTESIAN_POINT('',(7.35,-63.9));
#7191 = ( GEOMETRIC_REPRESENTATION_CONTEXT(2) 
PARAMETRIC_REPRESENTATION_CONTEXT() REPRESENTATION_CONTEXT('2D SPACE',''
  ) );
#7192 = PCURVE('',#1469,#7193);
#7193 = DEFINITIONAL_REPRESENTATION('',(#7194),#7197);
#7194 = B_SPLINE_CURVE_WITH_KNOTS('',1,(#7195,#7196),.UNSPECIFIED.,.F.,
  .F.,(2,2),(7.5E-02,7.275),.PIECEWISE_BEZIER_KNOTS.);
#7195 = CARTESIAN_POINT('',(0.,1.1));
#7196 = CARTESIAN_POINT('',(7.2,1.1));
#7197 = ( GEOMETRIC_REPRESENTATION_CONTEXT(2) 
PARAMETRIC_REPRESENTATION_CONTEXT() REPRESENTATION_CONTEXT('2D SPACE',''
  ) );
#7198 = ORIENTED_EDGE('',*,*,#3607,.T.);
#7199 = ORIENTED_EDGE('',*,*,#7200,.T.);
#7200 = EDGE_CURVE('',#3610,#7201,#7203,.T.);
#7201 = VERTEX_POINT('',#7202);
#7202 = CARTESIAN_POINT('',(-30.4,2.,2.35));
#7203 = SURFACE_CURVE('',#7204,(#7208,#7214),.PCURVE_S1.);
#7204 = LINE('',#7205,#7206);
#7205 = CARTESIAN_POINT('',(-30.4,2.,0.475));
#7206 = VECTOR('',#7207,1.);
#7207 = DIRECTION('',(0.,0.,1.));
#7208 = PCURVE('',#1497,#7209);
#7209 = DEFINITIONAL_REPRESENTATION('',(#7210),#7213);
#7210 = B_SPLINE_CURVE_WITH_KNOTS('',1,(#7211,#7212),.UNSPECIFIED.,.F.,
  .F.,(2,2),(7.5E-02,1.875),.PIECEWISE_BEZIER_KNOTS.);
#7211 = CARTESIAN_POINT('',(0.15,-64.4));
#7212 = CARTESIAN_POINT('',(1.95,-64.4));
#7213 = ( GEOMETRIC_REPRESENTATION_CONTEXT(2) 
PARAMETRIC_REPRESENTATION_CONTEXT() REPRESENTATION_CONTEXT('2D SPACE',''
  ) );
#7214 = PCURVE('',#3647,#7215);
#7215 = DEFINITIONAL_REPRESENTATION('',(#7216),#7219);
#7216 = B_SPLINE_CURVE_WITH_KNOTS('',1,(#7217,#7218),.UNSPECIFIED.,.F.,
  .F.,(2,2),(7.5E-02,1.875),.PIECEWISE_BEZIER_KNOTS.);
#7217 = CARTESIAN_POINT('',(0.,1.2));
#7218 = CARTESIAN_POINT('',(1.8,1.2));
#7219 = ( GEOMETRIC_REPRESENTATION_CONTEXT(2) 
PARAMETRIC_REPRESENTATION_CONTEXT() REPRESENTATION_CONTEXT('2D SPACE',''
  ) );
#7220 = ORIENTED_EDGE('',*,*,#7221,.F.);
#7221 = EDGE_CURVE('',#7222,#7201,#7224,.T.);
#7222 = VERTEX_POINT('',#7223);
#7223 = CARTESIAN_POINT('',(-30.4,2.8,2.35));
#7224 = SURFACE_CURVE('',#7225,(#7229,#7235),.PCURVE_S1.);
#7225 = LINE('',#7226,#7227);
#7226 = CARTESIAN_POINT('',(-30.4,-30.2,2.35));
#7227 = VECTOR('',#7228,1.);
#7228 = DIRECTION('',(0.,-1.,0.));
#7229 = PCURVE('',#1497,#7230);
#7230 = DEFINITIONAL_REPRESENTATION('',(#7231),#7234);
#7231 = B_SPLINE_CURVE_WITH_KNOTS('',1,(#7232,#7233),.UNSPECIFIED.,.F.,
  .F.,(2,2),(-33.,-32.2),.PIECEWISE_BEZIER_KNOTS.);
#7232 = CARTESIAN_POINT('',(1.95,-65.2));
#7233 = CARTESIAN_POINT('',(1.95,-64.4));
#7234 = ( GEOMETRIC_REPRESENTATION_CONTEXT(2) 
PARAMETRIC_REPRESENTATION_CONTEXT() REPRESENTATION_CONTEXT('2D SPACE',''
  ) );
#7235 = PCURVE('',#7236,#7241);
#7236 = PLANE('',#7237);
#7237 = AXIS2_PLACEMENT_3D('',#7238,#7239,#7240);
#7238 = CARTESIAN_POINT('',(-31.6,21.2,2.35));
#7239 = DIRECTION('',(0.,0.,1.));
#7240 = DIRECTION('',(1.,0.,0.));
#7241 = DEFINITIONAL_REPRESENTATION('',(#7242),#7246);
#7242 = LINE('',#7243,#7244);
#7243 = CARTESIAN_POINT('',(1.2,-51.4));
#7244 = VECTOR('',#7245,1.);
#7245 = DIRECTION('',(0.,-1.));
#7246 = ( GEOMETRIC_REPRESENTATION_CONTEXT(2) 
PARAMETRIC_REPRESENTATION_CONTEXT() REPRESENTATION_CONTEXT('2D SPACE',''
  ) );
#7247 = ORIENTED_EDGE('',*,*,#7248,.T.);
#7248 = EDGE_CURVE('',#7222,#3825,#7249,.T.);
#7249 = SURFACE_CURVE('',#7250,(#7254,#7261),.PCURVE_S1.);
#7250 = LINE('',#7251,#7252);
#7251 = CARTESIAN_POINT('',(-30.4,2.8,2.35));
#7252 = VECTOR('',#7253,1.);
#7253 = DIRECTION('',(0.,-7.401486830834E-16,-1.));
#7254 = PCURVE('',#1497,#7255);
#7255 = DEFINITIONAL_REPRESENTATION('',(#7256),#7260);
#7256 = LINE('',#7257,#7258);
#7257 = CARTESIAN_POINT('',(1.95,-65.2));
#7258 = VECTOR('',#7259,1.);
#7259 = DIRECTION('',(-1.,7.401486830834E-16));
#7260 = ( GEOMETRIC_REPRESENTATION_CONTEXT(2) 
PARAMETRIC_REPRESENTATION_CONTEXT() REPRESENTATION_CONTEXT('2D SPACE',''
  ) );
#7261 = PCURVE('',#3728,#7262);
#7262 = DEFINITIONAL_REPRESENTATION('',(#7263),#7267);
#7263 = LINE('',#7264,#7265);
#7264 = CARTESIAN_POINT('',(1.8,1.2));
#7265 = VECTOR('',#7266,1.);
#7266 = DIRECTION('',(-1.,0.));
#7267 = ( GEOMETRIC_REPRESENTATION_CONTEXT(2) 
PARAMETRIC_REPRESENTATION_CONTEXT() REPRESENTATION_CONTEXT('2D SPACE',''
  ) );
#7268 = ORIENTED_EDGE('',*,*,#3847,.T.);
#7269 = ORIENTED_EDGE('',*,*,#7270,.T.);
#7270 = EDGE_CURVE('',#3848,#7271,#7273,.T.);
#7271 = VERTEX_POINT('',#7272);
#7272 = CARTESIAN_POINT('',(-30.4,21.2,2.35));
#7273 = SURFACE_CURVE('',#7274,(#7278,#7284),.PCURVE_S1.);
#7274 = LINE('',#7275,#7276);
#7275 = CARTESIAN_POINT('',(-30.4,21.2,0.475));
#7276 = VECTOR('',#7277,1.);
#7277 = DIRECTION('',(0.,0.,1.));
#7278 = PCURVE('',#1497,#7279);
#7279 = DEFINITIONAL_REPRESENTATION('',(#7280),#7283);
#7280 = B_SPLINE_CURVE_WITH_KNOTS('',1,(#7281,#7282),.UNSPECIFIED.,.F.,
  .F.,(2,2),(7.5E-02,1.875),.PIECEWISE_BEZIER_KNOTS.);
#7281 = CARTESIAN_POINT('',(0.15,-83.6));
#7282 = CARTESIAN_POINT('',(1.95,-83.6));
#7283 = ( GEOMETRIC_REPRESENTATION_CONTEXT(2) 
PARAMETRIC_REPRESENTATION_CONTEXT() REPRESENTATION_CONTEXT('2D SPACE',''
  ) );
#7284 = PCURVE('',#3885,#7285);
#7285 = DEFINITIONAL_REPRESENTATION('',(#7286),#7289);
#7286 = B_SPLINE_CURVE_WITH_KNOTS('',1,(#7287,#7288),.UNSPECIFIED.,.F.,
  .F.,(2,2),(7.5E-02,1.875),.PIECEWISE_BEZIER_KNOTS.);
#7287 = CARTESIAN_POINT('',(0.,1.2));
#7288 = CARTESIAN_POINT('',(1.8,1.2));
#7289 = ( GEOMETRIC_REPRESENTATION_CONTEXT(2) 
PARAMETRIC_REPRESENTATION_CONTEXT() REPRESENTATION_CONTEXT('2D SPACE',''
  ) );
#7290 = ORIENTED_EDGE('',*,*,#7291,.F.);
#7291 = EDGE_CURVE('',#7292,#7271,#7294,.T.);
#7292 = VERTEX_POINT('',#7293);
#7293 = CARTESIAN_POINT('',(-30.4,22.,2.35));
#7294 = SURFACE_CURVE('',#7295,(#7299,#7305),.PCURVE_S1.);
#7295 = LINE('',#7296,#7297);
#7296 = CARTESIAN_POINT('',(-30.4,-20.6,2.35));
#7297 = VECTOR('',#7298,1.);
#7298 = DIRECTION('',(0.,-1.,0.));
#7299 = PCURVE('',#1497,#7300);
#7300 = DEFINITIONAL_REPRESENTATION('',(#7301),#7304);
#7301 = B_SPLINE_CURVE_WITH_KNOTS('',1,(#7302,#7303),.UNSPECIFIED.,.F.,
  .F.,(2,2),(-42.6,-41.8),.PIECEWISE_BEZIER_KNOTS.);
#7302 = CARTESIAN_POINT('',(1.95,-84.4));
#7303 = CARTESIAN_POINT('',(1.95,-83.6));
#7304 = ( GEOMETRIC_REPRESENTATION_CONTEXT(2) 
PARAMETRIC_REPRESENTATION_CONTEXT() REPRESENTATION_CONTEXT('2D SPACE',''
  ) );
#7305 = PCURVE('',#7236,#7306);
#7306 = DEFINITIONAL_REPRESENTATION('',(#7307),#7311);
#7307 = LINE('',#7308,#7309);
#7308 = CARTESIAN_POINT('',(1.2,-41.8));
#7309 = VECTOR('',#7310,1.);
#7310 = DIRECTION('',(0.,-1.));
#7311 = ( GEOMETRIC_REPRESENTATION_CONTEXT(2) 
PARAMETRIC_REPRESENTATION_CONTEXT() REPRESENTATION_CONTEXT('2D SPACE',''
  ) );
#7312 = ORIENTED_EDGE('',*,*,#7313,.F.);
#7313 = EDGE_CURVE('',#7314,#7292,#7316,.T.);
#7314 = VERTEX_POINT('',#7315);
#7315 = CARTESIAN_POINT('',(-30.4,22.,1.75));
#7316 = SURFACE_CURVE('',#7317,(#7321,#7327),.PCURVE_S1.);
#7317 = LINE('',#7318,#7319);
#7318 = CARTESIAN_POINT('',(-30.4,22.,0.475));
#7319 = VECTOR('',#7320,1.);
#7320 = DIRECTION('',(0.,0.,1.));
#7321 = PCURVE('',#1497,#7322);
#7322 = DEFINITIONAL_REPRESENTATION('',(#7323),#7326);
#7323 = B_SPLINE_CURVE_WITH_KNOTS('',1,(#7324,#7325),.UNSPECIFIED.,.F.,
  .F.,(2,2),(7.5E-02,1.875),.PIECEWISE_BEZIER_KNOTS.);
#7324 = CARTESIAN_POINT('',(0.15,-84.4));
#7325 = CARTESIAN_POINT('',(1.95,-84.4));
#7326 = ( GEOMETRIC_REPRESENTATION_CONTEXT(2) 
PARAMETRIC_REPRESENTATION_CONTEXT() REPRESENTATION_CONTEXT('2D SPACE',''
  ) );
#7327 = PCURVE('',#7328,#7333);
#7328 = PLANE('',#7329);
#7329 = AXIS2_PLACEMENT_3D('',#7330,#7331,#7332);
#7330 = CARTESIAN_POINT('',(-31.6,22.,0.55));
#7331 = DIRECTION('',(0.,1.,0.));
#7332 = DIRECTION('',(0.,0.,1.));
#7333 = DEFINITIONAL_REPRESENTATION('',(#7334),#7337);
#7334 = B_SPLINE_CURVE_WITH_KNOTS('',1,(#7335,#7336),.UNSPECIFIED.,.F.,
  .F.,(2,2),(7.5E-02,1.875),.PIECEWISE_BEZIER_KNOTS.);
#7335 = CARTESIAN_POINT('',(0.,1.2));
#7336 = CARTESIAN_POINT('',(1.8,1.2));
#7337 = ( GEOMETRIC_REPRESENTATION_CONTEXT(2) 
PARAMETRIC_REPRESENTATION_CONTEXT() REPRESENTATION_CONTEXT('2D SPACE',''
  ) );
#7338 = ORIENTED_EDGE('',*,*,#7339,.F.);
#7339 = EDGE_CURVE('',#7340,#7314,#7342,.T.);
#7340 = VERTEX_POINT('',#7341);
#7341 = CARTESIAN_POINT('',(-30.4,22.4,1.75));
#7342 = SURFACE_CURVE('',#7343,(#7347,#7353),.PCURVE_S1.);
#7343 = LINE('',#7344,#7345);
#7344 = CARTESIAN_POINT('',(-30.4,-20.4,1.75));
#7345 = VECTOR('',#7346,1.);
#7346 = DIRECTION('',(0.,-1.,0.));
#7347 = PCURVE('',#1497,#7348);
#7348 = DEFINITIONAL_REPRESENTATION('',(#7349),#7352);
#7349 = B_SPLINE_CURVE_WITH_KNOTS('',1,(#7350,#7351),.UNSPECIFIED.,.F.,
  .F.,(2,2),(-42.8,-42.),.PIECEWISE_BEZIER_KNOTS.);
#7350 = CARTESIAN_POINT('',(1.35,-84.8));
#7351 = CARTESIAN_POINT('',(1.35,-84.));
#7352 = ( GEOMETRIC_REPRESENTATION_CONTEXT(2) 
PARAMETRIC_REPRESENTATION_CONTEXT() REPRESENTATION_CONTEXT('2D SPACE',''
  ) );
#7353 = PCURVE('',#7354,#7359);
#7354 = PLANE('',#7355);
#7355 = AXIS2_PLACEMENT_3D('',#7356,#7357,#7358);
#7356 = CARTESIAN_POINT('',(-30.8,21.6,1.75));
#7357 = DIRECTION('',(0.,0.,1.));
#7358 = DIRECTION('',(1.,0.,0.));
#7359 = DEFINITIONAL_REPRESENTATION('',(#7360),#7363);
#7360 = B_SPLINE_CURVE_WITH_KNOTS('',1,(#7361,#7362),.UNSPECIFIED.,.F.,
  .F.,(2,2),(-42.8,-42.),.PIECEWISE_BEZIER_KNOTS.);
#7361 = CARTESIAN_POINT('',(0.4,0.8));
#7362 = CARTESIAN_POINT('',(0.4,0.));
#7363 = ( GEOMETRIC_REPRESENTATION_CONTEXT(2) 
PARAMETRIC_REPRESENTATION_CONTEXT() REPRESENTATION_CONTEXT('2D SPACE',''
  ) );
#7364 = ORIENTED_EDGE('',*,*,#7365,.F.);
#7365 = EDGE_CURVE('',#4830,#7340,#7366,.T.);
#7366 = SURFACE_CURVE('',#7367,(#7371,#7377),.PCURVE_S1.);
#7367 = LINE('',#7368,#7369);
#7368 = CARTESIAN_POINT('',(-30.4,22.4,0.475));
#7369 = VECTOR('',#7370,1.);
#7370 = DIRECTION('',(0.,0.,1.));
#7371 = PCURVE('',#1497,#7372);
#7372 = DEFINITIONAL_REPRESENTATION('',(#7373),#7376);
#7373 = B_SPLINE_CURVE_WITH_KNOTS('',1,(#7374,#7375),.UNSPECIFIED.,.F.,
  .F.,(2,2),(7.5E-02,1.275),.PIECEWISE_BEZIER_KNOTS.);
#7374 = CARTESIAN_POINT('',(0.15,-84.8));
#7375 = CARTESIAN_POINT('',(1.35,-84.8));
#7376 = ( GEOMETRIC_REPRESENTATION_CONTEXT(2) 
PARAMETRIC_REPRESENTATION_CONTEXT() REPRESENTATION_CONTEXT('2D SPACE',''
  ) );
#7377 = PCURVE('',#4845,#7378);
#7378 = DEFINITIONAL_REPRESENTATION('',(#7379),#7382);
#7379 = B_SPLINE_CURVE_WITH_KNOTS('',1,(#7380,#7381),.UNSPECIFIED.,.F.,
  .F.,(2,2),(7.5E-02,1.275),.PIECEWISE_BEZIER_KNOTS.);
#7380 = CARTESIAN_POINT('',(0.,0.4));
#7381 = CARTESIAN_POINT('',(1.2,0.4));
#7382 = ( GEOMETRIC_REPRESENTATION_CONTEXT(2) 
PARAMETRIC_REPRESENTATION_CONTEXT() REPRESENTATION_CONTEXT('2D SPACE',''
  ) );
#7383 = ORIENTED_EDGE('',*,*,#4857,.T.);
#7384 = ORIENTED_EDGE('',*,*,#7385,.T.);
#7385 = EDGE_CURVE('',#4858,#7386,#7388,.T.);
#7386 = VERTEX_POINT('',#7387);
#7387 = CARTESIAN_POINT('',(-30.4,23.5,4.));
#7388 = SURFACE_CURVE('',#7389,(#7393,#7400),.PCURVE_S1.);
#7389 = LINE('',#7390,#7391);
#7390 = CARTESIAN_POINT('',(-30.4,23.5,0.55));
#7391 = VECTOR('',#7392,1.);
#7392 = DIRECTION('',(0.,0.,1.));
#7393 = PCURVE('',#1497,#7394);
#7394 = DEFINITIONAL_REPRESENTATION('',(#7395),#7399);
#7395 = LINE('',#7396,#7397);
#7396 = CARTESIAN_POINT('',(0.15,-85.9));
#7397 = VECTOR('',#7398,1.);
#7398 = DIRECTION('',(1.,0.));
#7399 = ( GEOMETRIC_REPRESENTATION_CONTEXT(2) 
PARAMETRIC_REPRESENTATION_CONTEXT() REPRESENTATION_CONTEXT('2D SPACE',''
  ) );
#7400 = PCURVE('',#4895,#7401);
#7401 = DEFINITIONAL_REPRESENTATION('',(#7402),#7406);
#7402 = LINE('',#7403,#7404);
#7403 = CARTESIAN_POINT('',(0.,0.));
#7404 = VECTOR('',#7405,1.);
#7405 = DIRECTION('',(1.,0.));
#7406 = ( GEOMETRIC_REPRESENTATION_CONTEXT(2) 
PARAMETRIC_REPRESENTATION_CONTEXT() REPRESENTATION_CONTEXT('2D SPACE',''
  ) );
#7407 = ORIENTED_EDGE('',*,*,#7408,.T.);
#7408 = EDGE_CURVE('',#7386,#7108,#7409,.T.);
#7409 = SURFACE_CURVE('',#7410,(#7414,#7421),.PCURVE_S1.);
#7410 = LINE('',#7411,#7412);
#7411 = CARTESIAN_POINT('',(-30.4,23.5,4.));
#7412 = VECTOR('',#7413,1.);
#7413 = DIRECTION('',(0.,1.,0.));
#7414 = PCURVE('',#1497,#7415);
#7415 = DEFINITIONAL_REPRESENTATION('',(#7416),#7420);
#7416 = LINE('',#7417,#7418);
#7417 = CARTESIAN_POINT('',(3.6,-85.9));
#7418 = VECTOR('',#7419,1.);
#7419 = DIRECTION('',(0.,-1.));
#7420 = ( GEOMETRIC_REPRESENTATION_CONTEXT(2) 
PARAMETRIC_REPRESENTATION_CONTEXT() REPRESENTATION_CONTEXT('2D SPACE',''
  ) );
#7421 = PCURVE('',#6974,#7422);
#7422 = DEFINITIONAL_REPRESENTATION('',(#7423),#7427);
#7423 = LINE('',#7424,#7425);
#7424 = CARTESIAN_POINT('',(0.,0.));
#7425 = VECTOR('',#7426,1.);
#7426 = DIRECTION('',(0.,1.));
#7427 = ( GEOMETRIC_REPRESENTATION_CONTEXT(2) 
PARAMETRIC_REPRESENTATION_CONTEXT() REPRESENTATION_CONTEXT('2D SPACE',''
  ) );
#7428 = ORIENTED_EDGE('',*,*,#7128,.T.);
#7429 = FACE_BOUND('',#7430,.T.);
#7430 = EDGE_LOOP('',(#7431,#7459,#7485,#7511));
#7431 = ORIENTED_EDGE('',*,*,#7432,.T.);
#7432 = EDGE_CURVE('',#7433,#7435,#7437,.T.);
#7433 = VERTEX_POINT('',#7434);
#7434 = CARTESIAN_POINT('',(-30.4,19.4,1.05));
#7435 = VERTEX_POINT('',#7436);
#7436 = CARTESIAN_POINT('',(-30.4,4.6,1.05));
#7437 = SURFACE_CURVE('',#7438,(#7442,#7448),.PCURVE_S1.);
#7438 = LINE('',#7439,#7440);
#7439 = CARTESIAN_POINT('',(-30.4,-28.9,1.05));
#7440 = VECTOR('',#7441,1.);
#7441 = DIRECTION('',(0.,-1.,0.));
#7442 = PCURVE('',#1497,#7443);
#7443 = DEFINITIONAL_REPRESENTATION('',(#7444),#7447);
#7444 = B_SPLINE_CURVE_WITH_KNOTS('',1,(#7445,#7446),.UNSPECIFIED.,.F.,
  .F.,(2,2),(-48.3,-33.5),.PIECEWISE_BEZIER_KNOTS.);
#7445 = CARTESIAN_POINT('',(0.65,-81.8));
#7446 = CARTESIAN_POINT('',(0.65,-67.));
#7447 = ( GEOMETRIC_REPRESENTATION_CONTEXT(2) 
PARAMETRIC_REPRESENTATION_CONTEXT() REPRESENTATION_CONTEXT('2D SPACE',''
  ) );
#7448 = PCURVE('',#7449,#7454);
#7449 = PLANE('',#7450);
#7450 = AXIS2_PLACEMENT_3D('',#7451,#7452,#7453);
#7451 = CARTESIAN_POINT('',(-31.,4.6,1.05));
#7452 = DIRECTION('',(0.,0.,1.));
#7453 = DIRECTION('',(1.,0.,0.));
#7454 = DEFINITIONAL_REPRESENTATION('',(#7455),#7458);
#7455 = B_SPLINE_CURVE_WITH_KNOTS('',1,(#7456,#7457),.UNSPECIFIED.,.F.,
  .F.,(2,2),(-48.3,-33.5),.PIECEWISE_BEZIER_KNOTS.);
#7456 = CARTESIAN_POINT('',(0.6,14.8));
#7457 = CARTESIAN_POINT('',(0.6,0.));
#7458 = ( GEOMETRIC_REPRESENTATION_CONTEXT(2) 
PARAMETRIC_REPRESENTATION_CONTEXT() REPRESENTATION_CONTEXT('2D SPACE',''
  ) );
#7459 = ORIENTED_EDGE('',*,*,#7460,.T.);
#7460 = EDGE_CURVE('',#7435,#7461,#7463,.T.);
#7461 = VERTEX_POINT('',#7462);
#7462 = CARTESIAN_POINT('',(-30.4,4.6,3.55));
#7463 = SURFACE_CURVE('',#7464,(#7468,#7474),.PCURVE_S1.);
#7464 = LINE('',#7465,#7466);
#7465 = CARTESIAN_POINT('',(-30.4,4.6,0.725));
#7466 = VECTOR('',#7467,1.);
#7467 = DIRECTION('',(0.,0.,1.));
#7468 = PCURVE('',#1497,#7469);
#7469 = DEFINITIONAL_REPRESENTATION('',(#7470),#7473);
#7470 = B_SPLINE_CURVE_WITH_KNOTS('',1,(#7471,#7472),.UNSPECIFIED.,.F.,
  .F.,(2,2),(0.325,2.825),.PIECEWISE_BEZIER_KNOTS.);
#7471 = CARTESIAN_POINT('',(0.65,-67.));
#7472 = CARTESIAN_POINT('',(3.15,-67.));
#7473 = ( GEOMETRIC_REPRESENTATION_CONTEXT(2) 
PARAMETRIC_REPRESENTATION_CONTEXT() REPRESENTATION_CONTEXT('2D SPACE',''
  ) );
#7474 = PCURVE('',#7475,#7480);
#7475 = PLANE('',#7476);
#7476 = AXIS2_PLACEMENT_3D('',#7477,#7478,#7479);
#7477 = CARTESIAN_POINT('',(-31.,4.6,1.05));
#7478 = DIRECTION('',(0.,1.,0.));
#7479 = DIRECTION('',(0.,0.,1.));
#7480 = DEFINITIONAL_REPRESENTATION('',(#7481),#7484);
#7481 = B_SPLINE_CURVE_WITH_KNOTS('',1,(#7482,#7483),.UNSPECIFIED.,.F.,
  .F.,(2,2),(0.325,2.825),.PIECEWISE_BEZIER_KNOTS.);
#7482 = CARTESIAN_POINT('',(0.,0.6));
#7483 = CARTESIAN_POINT('',(2.5,0.6));
#7484 = ( GEOMETRIC_REPRESENTATION_CONTEXT(2) 
PARAMETRIC_REPRESENTATION_CONTEXT() REPRESENTATION_CONTEXT('2D SPACE',''
  ) );
#7485 = ORIENTED_EDGE('',*,*,#7486,.F.);
#7486 = EDGE_CURVE('',#7487,#7461,#7489,.T.);
#7487 = VERTEX_POINT('',#7488);
#7488 = CARTESIAN_POINT('',(-30.4,19.4,3.55));
#7489 = SURFACE_CURVE('',#7490,(#7494,#7500),.PCURVE_S1.);
#7490 = LINE('',#7491,#7492);
#7491 = CARTESIAN_POINT('',(-30.4,-28.9,3.55));
#7492 = VECTOR('',#7493,1.);
#7493 = DIRECTION('',(0.,-1.,0.));
#7494 = PCURVE('',#1497,#7495);
#7495 = DEFINITIONAL_REPRESENTATION('',(#7496),#7499);
#7496 = B_SPLINE_CURVE_WITH_KNOTS('',1,(#7497,#7498),.UNSPECIFIED.,.F.,
  .F.,(2,2),(-48.3,-33.5),.PIECEWISE_BEZIER_KNOTS.);
#7497 = CARTESIAN_POINT('',(3.15,-81.8));
#7498 = CARTESIAN_POINT('',(3.15,-67.));
#7499 = ( GEOMETRIC_REPRESENTATION_CONTEXT(2) 
PARAMETRIC_REPRESENTATION_CONTEXT() REPRESENTATION_CONTEXT('2D SPACE',''
  ) );
#7500 = PCURVE('',#7501,#7506);
#7501 = PLANE('',#7502);
#7502 = AXIS2_PLACEMENT_3D('',#7503,#7504,#7505);
#7503 = CARTESIAN_POINT('',(-31.,4.6,3.55));
#7504 = DIRECTION('',(0.,0.,1.));
#7505 = DIRECTION('',(1.,0.,0.));
#7506 = DEFINITIONAL_REPRESENTATION('',(#7507),#7510);
#7507 = B_SPLINE_CURVE_WITH_KNOTS('',1,(#7508,#7509),.UNSPECIFIED.,.F.,
  .F.,(2,2),(-48.3,-33.5),.PIECEWISE_BEZIER_KNOTS.);
#7508 = CARTESIAN_POINT('',(0.6,14.8));
#7509 = CARTESIAN_POINT('',(0.6,0.));
#7510 = ( GEOMETRIC_REPRESENTATION_CONTEXT(2) 
PARAMETRIC_REPRESENTATION_CONTEXT() REPRESENTATION_CONTEXT('2D SPACE',''
  ) );
#7511 = ORIENTED_EDGE('',*,*,#7512,.F.);
#7512 = EDGE_CURVE('',#7433,#7487,#7513,.T.);
#7513 = SURFACE_CURVE('',#7514,(#7518,#7524),.PCURVE_S1.);
#7514 = LINE('',#7515,#7516);
#7515 = CARTESIAN_POINT('',(-30.4,19.4,0.725));
#7516 = VECTOR('',#7517,1.);
#7517 = DIRECTION('',(0.,0.,1.));
#7518 = PCURVE('',#1497,#7519);
#7519 = DEFINITIONAL_REPRESENTATION('',(#7520),#7523);
#7520 = B_SPLINE_CURVE_WITH_KNOTS('',1,(#7521,#7522),.UNSPECIFIED.,.F.,
  .F.,(2,2),(0.325,2.825),.PIECEWISE_BEZIER_KNOTS.);
#7521 = CARTESIAN_POINT('',(0.65,-81.8));
#7522 = CARTESIAN_POINT('',(3.15,-81.8));
#7523 = ( GEOMETRIC_REPRESENTATION_CONTEXT(2) 
PARAMETRIC_REPRESENTATION_CONTEXT() REPRESENTATION_CONTEXT('2D SPACE',''
  ) );
#7524 = PCURVE('',#7525,#7530);
#7525 = PLANE('',#7526);
#7526 = AXIS2_PLACEMENT_3D('',#7527,#7528,#7529);
#7527 = CARTESIAN_POINT('',(-31.,19.4,1.05));
#7528 = DIRECTION('',(0.,1.,0.));
#7529 = DIRECTION('',(0.,0.,1.));
#7530 = DEFINITIONAL_REPRESENTATION('',(#7531),#7534);
#7531 = B_SPLINE_CURVE_WITH_KNOTS('',1,(#7532,#7533),.UNSPECIFIED.,.F.,
  .F.,(2,2),(0.325,2.825),.PIECEWISE_BEZIER_KNOTS.);
#7532 = CARTESIAN_POINT('',(0.,0.6));
#7533 = CARTESIAN_POINT('',(2.5,0.6));
#7534 = ( GEOMETRIC_REPRESENTATION_CONTEXT(2) 
PARAMETRIC_REPRESENTATION_CONTEXT() REPRESENTATION_CONTEXT('2D SPACE',''
  ) );
#7535 = ADVANCED_FACE('',(#7536),#1159,.F.);
#7536 = FACE_BOUND('',#7537,.F.);
#7537 = EDGE_LOOP('',(#7538,#7539,#7560,#7561,#7582,#7609,#7628,#7629));
#7538 = ORIENTED_EDGE('',*,*,#1143,.F.);
#7539 = ORIENTED_EDGE('',*,*,#7540,.F.);
#7540 = EDGE_CURVE('',#3168,#1144,#7541,.T.);
#7541 = SURFACE_CURVE('',#7542,(#7546,#7553),.PCURVE_S1.);
#7542 = LINE('',#7543,#7544);
#7543 = CARTESIAN_POINT('',(30.4,-58.,0.4));
#7544 = VECTOR('',#7545,1.);
#7545 = DIRECTION('',(0.,0.,1.));
#7546 = PCURVE('',#1159,#7547);
#7547 = DEFINITIONAL_REPRESENTATION('',(#7548),#7552);
#7548 = LINE('',#7549,#7550);
#7549 = CARTESIAN_POINT('',(0.,-4.4));
#7550 = VECTOR('',#7551,1.);
#7551 = DIRECTION('',(1.,0.));
#7552 = ( GEOMETRIC_REPRESENTATION_CONTEXT(2) 
PARAMETRIC_REPRESENTATION_CONTEXT() REPRESENTATION_CONTEXT('2D SPACE',''
  ) );
#7553 = PCURVE('',#1186,#7554);
#7554 = DEFINITIONAL_REPRESENTATION('',(#7555),#7559);
#7555 = LINE('',#7556,#7557);
#7556 = CARTESIAN_POINT('',(-0.15,1.9));
#7557 = VECTOR('',#7558,1.);
#7558 = DIRECTION('',(1.,0.));
#7559 = ( GEOMETRIC_REPRESENTATION_CONTEXT(2) 
PARAMETRIC_REPRESENTATION_CONTEXT() REPRESENTATION_CONTEXT('2D SPACE',''
  ) );
#7560 = ORIENTED_EDGE('',*,*,#3167,.T.);
#7561 = ORIENTED_EDGE('',*,*,#7562,.T.);
#7562 = EDGE_CURVE('',#3140,#7563,#7565,.T.);
#7563 = VERTEX_POINT('',#7564);
#7564 = CARTESIAN_POINT('',(30.4,-28.8,1.95));
#7565 = SURFACE_CURVE('',#7566,(#7570,#7576),.PCURVE_S1.);
#7566 = LINE('',#7567,#7568);
#7567 = CARTESIAN_POINT('',(30.4,-28.8,0.475));
#7568 = VECTOR('',#7569,1.);
#7569 = DIRECTION('',(0.,0.,1.));
#7570 = PCURVE('',#1159,#7571);
#7571 = DEFINITIONAL_REPRESENTATION('',(#7572),#7575);
#7572 = B_SPLINE_CURVE_WITH_KNOTS('',1,(#7573,#7574),.UNSPECIFIED.,.F.,
  .F.,(2,2),(7.5E-02,1.475),.PIECEWISE_BEZIER_KNOTS.);
#7573 = CARTESIAN_POINT('',(0.15,-33.6));
#7574 = CARTESIAN_POINT('',(1.55,-33.6));
#7575 = ( GEOMETRIC_REPRESENTATION_CONTEXT(2) 
PARAMETRIC_REPRESENTATION_CONTEXT() REPRESENTATION_CONTEXT('2D SPACE',''
  ) );
#7576 = PCURVE('',#3155,#7577);
#7577 = DEFINITIONAL_REPRESENTATION('',(#7578),#7581);
#7578 = B_SPLINE_CURVE_WITH_KNOTS('',1,(#7579,#7580),.UNSPECIFIED.,.F.,
  .F.,(2,2),(7.5E-02,1.475),.PIECEWISE_BEZIER_KNOTS.);
#7579 = CARTESIAN_POINT('',(0.,61.4));
#7580 = CARTESIAN_POINT('',(1.4,61.4));
#7581 = ( GEOMETRIC_REPRESENTATION_CONTEXT(2) 
PARAMETRIC_REPRESENTATION_CONTEXT() REPRESENTATION_CONTEXT('2D SPACE',''
  ) );
#7582 = ORIENTED_EDGE('',*,*,#7583,.F.);
#7583 = EDGE_CURVE('',#7584,#7563,#7586,.T.);
#7584 = VERTEX_POINT('',#7585);
#7585 = CARTESIAN_POINT('',(30.4,-28.2,1.95));
#7586 = SURFACE_CURVE('',#7587,(#7591,#7597),.PCURVE_S1.);
#7587 = LINE('',#7588,#7589);
#7588 = CARTESIAN_POINT('',(30.4,-45.6,1.95));
#7589 = VECTOR('',#7590,1.);
#7590 = DIRECTION('',(0.,-1.,0.));
#7591 = PCURVE('',#1159,#7592);
#7592 = DEFINITIONAL_REPRESENTATION('',(#7593),#7596);
#7593 = B_SPLINE_CURVE_WITH_KNOTS('',1,(#7594,#7595),.UNSPECIFIED.,.F.,
  .F.,(2,2),(-17.4,-16.8),.PIECEWISE_BEZIER_KNOTS.);
#7594 = CARTESIAN_POINT('',(1.55,-34.2));
#7595 = CARTESIAN_POINT('',(1.55,-33.6));
#7596 = ( GEOMETRIC_REPRESENTATION_CONTEXT(2) 
PARAMETRIC_REPRESENTATION_CONTEXT() REPRESENTATION_CONTEXT('2D SPACE',''
  ) );
#7597 = PCURVE('',#7598,#7603);
#7598 = PLANE('',#7599);
#7599 = AXIS2_PLACEMENT_3D('',#7600,#7601,#7602);
#7600 = CARTESIAN_POINT('',(-31.,-28.8,1.95));
#7601 = DIRECTION('',(0.,0.,1.));
#7602 = DIRECTION('',(1.,0.,0.));
#7603 = DEFINITIONAL_REPRESENTATION('',(#7604),#7608);
#7604 = LINE('',#7605,#7606);
#7605 = CARTESIAN_POINT('',(61.4,-16.8));
#7606 = VECTOR('',#7607,1.);
#7607 = DIRECTION('',(0.,-1.));
#7608 = ( GEOMETRIC_REPRESENTATION_CONTEXT(2) 
PARAMETRIC_REPRESENTATION_CONTEXT() REPRESENTATION_CONTEXT('2D SPACE',''
  ) );
#7609 = ORIENTED_EDGE('',*,*,#7610,.F.);
#7610 = EDGE_CURVE('',#3460,#7584,#7611,.T.);
#7611 = SURFACE_CURVE('',#7612,(#7616,#7622),.PCURVE_S1.);
#7612 = LINE('',#7613,#7614);
#7613 = CARTESIAN_POINT('',(30.4,-28.2,0.475));
#7614 = VECTOR('',#7615,1.);
#7615 = DIRECTION('',(0.,0.,1.));
#7616 = PCURVE('',#1159,#7617);
#7617 = DEFINITIONAL_REPRESENTATION('',(#7618),#7621);
#7618 = B_SPLINE_CURVE_WITH_KNOTS('',1,(#7619,#7620),.UNSPECIFIED.,.F.,
  .F.,(2,2),(7.5E-02,1.475),.PIECEWISE_BEZIER_KNOTS.);
#7619 = CARTESIAN_POINT('',(0.15,-34.2));
#7620 = CARTESIAN_POINT('',(1.55,-34.2));
#7621 = ( GEOMETRIC_REPRESENTATION_CONTEXT(2) 
PARAMETRIC_REPRESENTATION_CONTEXT() REPRESENTATION_CONTEXT('2D SPACE',''
  ) );
#7622 = PCURVE('',#3475,#7623);
#7623 = DEFINITIONAL_REPRESENTATION('',(#7624),#7627);
#7624 = B_SPLINE_CURVE_WITH_KNOTS('',1,(#7625,#7626),.UNSPECIFIED.,.F.,
  .F.,(2,2),(7.5E-02,1.475),.PIECEWISE_BEZIER_KNOTS.);
#7625 = CARTESIAN_POINT('',(0.,61.4));
#7626 = CARTESIAN_POINT('',(1.4,61.4));
#7627 = ( GEOMETRIC_REPRESENTATION_CONTEXT(2) 
PARAMETRIC_REPRESENTATION_CONTEXT() REPRESENTATION_CONTEXT('2D SPACE',''
  ) );
#7628 = ORIENTED_EDGE('',*,*,#3585,.T.);
#7629 = ORIENTED_EDGE('',*,*,#7157,.T.);
#7630 = ADVANCED_FACE('',(#7631),#1469,.T.);
#7631 = FACE_BOUND('',#7632,.T.);
#7632 = EDGE_LOOP('',(#7633,#7634,#7635,#7636));
#7633 = ORIENTED_EDGE('',*,*,#3687,.F.);
#7634 = ORIENTED_EDGE('',*,*,#7180,.T.);
#7635 = ORIENTED_EDGE('',*,*,#1453,.T.);
#7636 = ORIENTED_EDGE('',*,*,#7637,.T.);
#7637 = EDGE_CURVE('',#1425,#3660,#7638,.T.);
#7638 = SURFACE_CURVE('',#7639,(#7643,#7649),.PCURVE_S1.);
#7639 = LINE('',#7640,#7641);
#7640 = CARTESIAN_POINT('',(-29.60934769394,1.5,0.55));
#7641 = VECTOR('',#7642,1.);
#7642 = DIRECTION('',(-0.,-0.,-1.));
#7643 = PCURVE('',#1469,#7644);
#7644 = DEFINITIONAL_REPRESENTATION('',(#7645),#7648);
#7645 = B_SPLINE_CURVE_WITH_KNOTS('',1,(#7646,#7647),.UNSPECIFIED.,.F.,
  .F.,(2,2),(-7.2000006,6.000000000173E-07),.PIECEWISE_BEZIER_KNOTS.);
#7646 = CARTESIAN_POINT('',(7.2000006,1.890652306057));
#7647 = CARTESIAN_POINT('',(-6.000000000173E-07,1.890652306057));
#7648 = ( GEOMETRIC_REPRESENTATION_CONTEXT(2) 
PARAMETRIC_REPRESENTATION_CONTEXT() REPRESENTATION_CONTEXT('2D SPACE',''
  ) );
#7649 = PCURVE('',#1441,#7650);
#7650 = DEFINITIONAL_REPRESENTATION('',(#7651),#7654);
#7651 = B_SPLINE_CURVE_WITH_KNOTS('',1,(#7652,#7653),.UNSPECIFIED.,.F.,
  .F.,(2,2),(-7.2,0.),.PIECEWISE_BEZIER_KNOTS.);
#7652 = CARTESIAN_POINT('',(-8.674532716783,-7.2));
#7653 = CARTESIAN_POINT('',(-8.674532716783,0.));
#7654 = ( GEOMETRIC_REPRESENTATION_CONTEXT(2) 
PARAMETRIC_REPRESENTATION_CONTEXT() REPRESENTATION_CONTEXT('2D SPACE',''
  ) );
#7655 = ADVANCED_FACE('',(#7656),#1186,.T.);
#7656 = FACE_BOUND('',#7657,.T.);
#7657 = EDGE_LOOP('',(#7658,#7659,#7660,#7679));
#7658 = ORIENTED_EDGE('',*,*,#7540,.F.);
#7659 = ORIENTED_EDGE('',*,*,#3189,.F.);
#7660 = ORIENTED_EDGE('',*,*,#7661,.F.);
#7661 = EDGE_CURVE('',#1171,#3190,#7662,.T.);
#7662 = SURFACE_CURVE('',#7663,(#7667,#7673),.PCURVE_S1.);
#7663 = LINE('',#7664,#7665);
#7664 = CARTESIAN_POINT('',(29.609347693943,-58.,0.55));
#7665 = VECTOR('',#7666,1.);
#7666 = DIRECTION('',(-0.,-0.,-1.));
#7667 = PCURVE('',#1186,#7668);
#7668 = DEFINITIONAL_REPRESENTATION('',(#7669),#7672);
#7669 = B_SPLINE_CURVE_WITH_KNOTS('',1,(#7670,#7671),.UNSPECIFIED.,.F.,
  .F.,(2,2),(-7.2000006,6.000000000173E-07),.PIECEWISE_BEZIER_KNOTS.);
#7670 = CARTESIAN_POINT('',(7.2000006,1.109347693943));
#7671 = CARTESIAN_POINT('',(-6.000000000173E-07,1.109347693943));
#7672 = ( GEOMETRIC_REPRESENTATION_CONTEXT(2) 
PARAMETRIC_REPRESENTATION_CONTEXT() REPRESENTATION_CONTEXT('2D SPACE',''
  ) );
#7673 = PCURVE('',#1215,#7674);
#7674 = DEFINITIONAL_REPRESENTATION('',(#7675),#7678);
#7675 = B_SPLINE_CURVE_WITH_KNOTS('',1,(#7676,#7677),.UNSPECIFIED.,.F.,
  .F.,(2,2),(-7.2000006,6.000000000173E-07),.PIECEWISE_BEZIER_KNOTS.);
#7676 = CARTESIAN_POINT('',(-0.750245243987,-7.2000006));
#7677 = CARTESIAN_POINT('',(-0.750245243987,6.000000000173E-07));
#7678 = ( GEOMETRIC_REPRESENTATION_CONTEXT(2) 
PARAMETRIC_REPRESENTATION_CONTEXT() REPRESENTATION_CONTEXT('2D SPACE',''
  ) );
#7679 = ORIENTED_EDGE('',*,*,#1170,.T.);
#7680 = ADVANCED_FACE('',(#7681),#1441,.T.);
#7681 = FACE_BOUND('',#7682,.F.);
#7682 = EDGE_LOOP('',(#7683,#7684,#7685,#7706,#7734,#7753,#7754,#7773));
#7683 = ORIENTED_EDGE('',*,*,#7637,.T.);
#7684 = ORIENTED_EDGE('',*,*,#3659,.T.);
#7685 = ORIENTED_EDGE('',*,*,#7686,.F.);
#7686 = EDGE_CURVE('',#7687,#3632,#7689,.T.);
#7687 = VERTEX_POINT('',#7688);
#7688 = CARTESIAN_POINT('',(-28.91651513899,2.,2.35));
#7689 = SURFACE_CURVE('',#7690,(#7694,#7700),.PCURVE_S1.);
#7690 = LINE('',#7691,#7692);
#7691 = CARTESIAN_POINT('',(-28.91651513899,2.,0.55));
#7692 = VECTOR('',#7693,1.);
#7693 = DIRECTION('',(-0.,-0.,-1.));
#7694 = PCURVE('',#1441,#7695);
#7695 = DEFINITIONAL_REPRESENTATION('',(#7696),#7699);
#7696 = B_SPLINE_CURVE_WITH_KNOTS('',1,(#7697,#7698),.UNSPECIFIED.,.F.,
  .F.,(2,2),(-1.98,6.000000000173E-07),.PIECEWISE_BEZIER_KNOTS.);
#7697 = CARTESIAN_POINT('',(-8.283681300126,-1.98));
#7698 = CARTESIAN_POINT('',(-8.283681300126,6.000000000173E-07));
#7699 = ( GEOMETRIC_REPRESENTATION_CONTEXT(2) 
PARAMETRIC_REPRESENTATION_CONTEXT() REPRESENTATION_CONTEXT('2D SPACE',''
  ) );
#7700 = PCURVE('',#3647,#7701);
#7701 = DEFINITIONAL_REPRESENTATION('',(#7702),#7705);
#7702 = B_SPLINE_CURVE_WITH_KNOTS('',1,(#7703,#7704),.UNSPECIFIED.,.F.,
  .F.,(2,2),(-1.98,6.000000000173E-07),.PIECEWISE_BEZIER_KNOTS.);
#7703 = CARTESIAN_POINT('',(1.98,2.683484861009));
#7704 = CARTESIAN_POINT('',(-6.000000000173E-07,2.683484861009));
#7705 = ( GEOMETRIC_REPRESENTATION_CONTEXT(2) 
PARAMETRIC_REPRESENTATION_CONTEXT() REPRESENTATION_CONTEXT('2D SPACE',''
  ) );
#7706 = ORIENTED_EDGE('',*,*,#7707,.T.);
#7707 = EDGE_CURVE('',#7687,#7708,#7710,.T.);
#7708 = VERTEX_POINT('',#7709);
#7709 = CARTESIAN_POINT('',(-27.083484861,2.,2.35));
#7710 = SURFACE_CURVE('',#7711,(#7716,#7723),.PCURVE_S1.);
#7711 = CIRCLE('',#7712,2.2);
#7712 = AXIS2_PLACEMENT_3D('',#7713,#7714,#7715);
#7713 = CARTESIAN_POINT('',(-28.,0.,2.35));
#7714 = DIRECTION('',(0.,0.,-1.));
#7715 = DIRECTION('',(1.,0.,0.));
#7716 = PCURVE('',#1441,#7717);
#7717 = DEFINITIONAL_REPRESENTATION('',(#7718),#7722);
#7718 = LINE('',#7719,#7720);
#7719 = CARTESIAN_POINT('',(-12.56637061435,-1.8));
#7720 = VECTOR('',#7721,1.);
#7721 = DIRECTION('',(1.,-0.));
#7722 = ( GEOMETRIC_REPRESENTATION_CONTEXT(2) 
PARAMETRIC_REPRESENTATION_CONTEXT() REPRESENTATION_CONTEXT('2D SPACE',''
  ) );
#7723 = PCURVE('',#7236,#7724);
#7724 = DEFINITIONAL_REPRESENTATION('',(#7725),#7733);
#7725 = ( BOUNDED_CURVE() B_SPLINE_CURVE(2,(#7726,#7727,#7728,#7729,
#7730,#7731,#7732),.UNSPECIFIED.,.T.,.F.) B_SPLINE_CURVE_WITH_KNOTS((1,2
    ,2,2,2,1),(-2.094395102393,0.,2.094395102393,4.188790204786,
6.28318530718,8.377580409573),.UNSPECIFIED.) CURVE() 
GEOMETRIC_REPRESENTATION_ITEM() RATIONAL_B_SPLINE_CURVE((1.,0.5,1.,0.5,
1.,0.5,1.)) REPRESENTATION_ITEM('') );
#7726 = CARTESIAN_POINT('',(5.8,-21.2));
#7727 = CARTESIAN_POINT('',(5.8,-25.01051177665));
#7728 = CARTESIAN_POINT('',(2.5,-23.10525588832));
#7729 = CARTESIAN_POINT('',(-0.8,-21.2));
#7730 = CARTESIAN_POINT('',(2.5,-19.29474411167));
#7731 = CARTESIAN_POINT('',(5.8,-17.38948822334));
#7732 = CARTESIAN_POINT('',(5.8,-21.2));
#7733 = ( GEOMETRIC_REPRESENTATION_CONTEXT(2) 
PARAMETRIC_REPRESENTATION_CONTEXT() REPRESENTATION_CONTEXT('2D SPACE',''
  ) );
#7734 = ORIENTED_EDGE('',*,*,#7735,.T.);
#7735 = EDGE_CURVE('',#7708,#2288,#7736,.T.);
#7736 = SURFACE_CURVE('',#7737,(#7741,#7747),.PCURVE_S1.);
#7737 = LINE('',#7738,#7739);
#7738 = CARTESIAN_POINT('',(-27.083484861,2.,0.55));
#7739 = VECTOR('',#7740,1.);
#7740 = DIRECTION('',(-0.,-0.,-1.));
#7741 = PCURVE('',#1441,#7742);
#7742 = DEFINITIONAL_REPRESENTATION('',(#7743),#7746);
#7743 = B_SPLINE_CURVE_WITH_KNOTS('',1,(#7744,#7745),.UNSPECIFIED.,.F.,
  .F.,(2,2),(-1.98,6.000000000173E-07),.PIECEWISE_BEZIER_KNOTS.);
#7744 = CARTESIAN_POINT('',(-7.424281967823,-1.98));
#7745 = CARTESIAN_POINT('',(-7.424281967823,6.000000000173E-07));
#7746 = ( GEOMETRIC_REPRESENTATION_CONTEXT(2) 
PARAMETRIC_REPRESENTATION_CONTEXT() REPRESENTATION_CONTEXT('2D SPACE',''
  ) );
#7747 = PCURVE('',#2305,#7748);
#7748 = DEFINITIONAL_REPRESENTATION('',(#7749),#7752);
#7749 = B_SPLINE_CURVE_WITH_KNOTS('',1,(#7750,#7751),.UNSPECIFIED.,.F.,
  .F.,(2,2),(-1.98,6.000000000173E-07),.PIECEWISE_BEZIER_KNOTS.);
#7750 = CARTESIAN_POINT('',(1.98,4.516515138991));
#7751 = CARTESIAN_POINT('',(-6.000000000173E-07,4.516515138991));
#7752 = ( GEOMETRIC_REPRESENTATION_CONTEXT(2) 
PARAMETRIC_REPRESENTATION_CONTEXT() REPRESENTATION_CONTEXT('2D SPACE',''
  ) );
#7753 = ORIENTED_EDGE('',*,*,#2418,.T.);
#7754 = ORIENTED_EDGE('',*,*,#7755,.F.);
#7755 = EDGE_CURVE('',#1397,#2396,#7756,.T.);
#7756 = SURFACE_CURVE('',#7757,(#7761,#7767),.PCURVE_S1.);
#7757 = LINE('',#7758,#7759);
#7758 = CARTESIAN_POINT('',(-29.60934769394,-1.5,0.55));
#7759 = VECTOR('',#7760,1.);
#7760 = DIRECTION('',(-0.,-0.,-1.));
#7761 = PCURVE('',#1441,#7762);
#7762 = DEFINITIONAL_REPRESENTATION('',(#7763),#7766);
#7763 = B_SPLINE_CURVE_WITH_KNOTS('',1,(#7764,#7765),.UNSPECIFIED.,.F.,
  .F.,(2,2),(-7.2,0.),.PIECEWISE_BEZIER_KNOTS.);
#7764 = CARTESIAN_POINT('',(-3.891837897576,-7.2));
#7765 = CARTESIAN_POINT('',(-3.891837897576,0.));
#7766 = ( GEOMETRIC_REPRESENTATION_CONTEXT(2) 
PARAMETRIC_REPRESENTATION_CONTEXT() REPRESENTATION_CONTEXT('2D SPACE',''
  ) );
#7767 = PCURVE('',#1412,#7768);
#7768 = DEFINITIONAL_REPRESENTATION('',(#7769),#7772);
#7769 = B_SPLINE_CURVE_WITH_KNOTS('',1,(#7770,#7771),.UNSPECIFIED.,.F.,
  .F.,(2,2),(-7.2000006,6.000000000173E-07),.PIECEWISE_BEZIER_KNOTS.);
#7770 = CARTESIAN_POINT('',(7.2000006,1.890652306057));
#7771 = CARTESIAN_POINT('',(-6.000000000173E-07,1.890652306057));
#7772 = ( GEOMETRIC_REPRESENTATION_CONTEXT(2) 
PARAMETRIC_REPRESENTATION_CONTEXT() REPRESENTATION_CONTEXT('2D SPACE',''
  ) );
#7773 = ORIENTED_EDGE('',*,*,#1424,.T.);
#7774 = ADVANCED_FACE('',(#7775),#1215,.T.);
#7775 = FACE_BOUND('',#7776,.F.);
#7776 = EDGE_LOOP('',(#7777,#7778,#7779,#7780));
#7777 = ORIENTED_EDGE('',*,*,#3212,.F.);
#7778 = ORIENTED_EDGE('',*,*,#7661,.F.);
#7779 = ORIENTED_EDGE('',*,*,#1198,.T.);
#7780 = ORIENTED_EDGE('',*,*,#7781,.F.);
#7781 = EDGE_CURVE('',#2449,#1199,#7782,.T.);
#7782 = SURFACE_CURVE('',#7783,(#7787,#7793),.PCURVE_S1.);
#7783 = LINE('',#7784,#7785);
#7784 = CARTESIAN_POINT('',(28.452830974816,-61.65289203357,0.4));
#7785 = VECTOR('',#7786,1.);
#7786 = DIRECTION('',(0.,0.,1.));
#7787 = PCURVE('',#1215,#7788);
#7788 = DEFINITIONAL_REPRESENTATION('',(#7789),#7792);
#7789 = B_SPLINE_CURVE_WITH_KNOTS('',1,(#7790,#7791),.UNSPECIFIED.,.F.,
  .F.,(2,2),(0.1499994,7.3500006),.PIECEWISE_BEZIER_KNOTS.);
#7790 = CARTESIAN_POINT('',(-4.91970308389,6.000000000173E-07));
#7791 = CARTESIAN_POINT('',(-4.91970308389,-7.2000006));
#7792 = ( GEOMETRIC_REPRESENTATION_CONTEXT(2) 
PARAMETRIC_REPRESENTATION_CONTEXT() REPRESENTATION_CONTEXT('2D SPACE',''
  ) );
#7793 = PCURVE('',#1244,#7794);
#7794 = DEFINITIONAL_REPRESENTATION('',(#7795),#7798);
#7795 = B_SPLINE_CURVE_WITH_KNOTS('',1,(#7796,#7797),.UNSPECIFIED.,.F.,
  .F.,(2,2),(0.1499994,7.3500006),.PIECEWISE_BEZIER_KNOTS.);
#7796 = CARTESIAN_POINT('',(-0.979471261057,0.1499994));
#7797 = CARTESIAN_POINT('',(-0.979471261057,7.3500006));
#7798 = ( GEOMETRIC_REPRESENTATION_CONTEXT(2) 
PARAMETRIC_REPRESENTATION_CONTEXT() REPRESENTATION_CONTEXT('2D SPACE',''
  ) );
#7799 = ADVANCED_FACE('',(#7800),#1412,.F.);
#7800 = FACE_BOUND('',#7801,.F.);
#7801 = EDGE_LOOP('',(#7802,#7803,#7822,#7823));
#7802 = ORIENTED_EDGE('',*,*,#2395,.F.);
#7803 = ORIENTED_EDGE('',*,*,#7804,.T.);
#7804 = EDGE_CURVE('',#2374,#1370,#7805,.T.);
#7805 = SURFACE_CURVE('',#7806,(#7810,#7816),.PCURVE_S1.);
#7806 = LINE('',#7807,#7808);
#7807 = CARTESIAN_POINT('',(-30.4,-1.5,0.475));
#7808 = VECTOR('',#7809,1.);
#7809 = DIRECTION('',(0.,0.,1.));
#7810 = PCURVE('',#1412,#7811);
#7811 = DEFINITIONAL_REPRESENTATION('',(#7812),#7815);
#7812 = B_SPLINE_CURVE_WITH_KNOTS('',1,(#7813,#7814),.UNSPECIFIED.,.F.,
  .F.,(2,2),(7.5E-02,7.275),.PIECEWISE_BEZIER_KNOTS.);
#7813 = CARTESIAN_POINT('',(0.,1.1));
#7814 = CARTESIAN_POINT('',(7.2,1.1));
#7815 = ( GEOMETRIC_REPRESENTATION_CONTEXT(2) 
PARAMETRIC_REPRESENTATION_CONTEXT() REPRESENTATION_CONTEXT('2D SPACE',''
  ) );
#7816 = PCURVE('',#1385,#7817);
#7817 = DEFINITIONAL_REPRESENTATION('',(#7818),#7821);
#7818 = B_SPLINE_CURVE_WITH_KNOTS('',1,(#7819,#7820),.UNSPECIFIED.,.F.,
  .F.,(2,2),(7.5E-02,7.275),.PIECEWISE_BEZIER_KNOTS.);
#7819 = CARTESIAN_POINT('',(0.15,-60.9));
#7820 = CARTESIAN_POINT('',(7.35,-60.9));
#7821 = ( GEOMETRIC_REPRESENTATION_CONTEXT(2) 
PARAMETRIC_REPRESENTATION_CONTEXT() REPRESENTATION_CONTEXT('2D SPACE',''
  ) );
#7822 = ORIENTED_EDGE('',*,*,#1396,.T.);
#7823 = ORIENTED_EDGE('',*,*,#7755,.T.);
#7824 = ADVANCED_FACE('',(#7825),#1244,.F.);
#7825 = FACE_BOUND('',#7826,.T.);
#7826 = EDGE_LOOP('',(#7827,#7828,#7829,#7850));
#7827 = ORIENTED_EDGE('',*,*,#7781,.F.);
#7828 = ORIENTED_EDGE('',*,*,#2446,.F.);
#7829 = ORIENTED_EDGE('',*,*,#7830,.T.);
#7830 = EDGE_CURVE('',#2447,#1228,#7831,.T.);
#7831 = SURFACE_CURVE('',#7832,(#7836,#7843),.PCURVE_S1.);
#7832 = LINE('',#7833,#7834);
#7833 = CARTESIAN_POINT('',(26.,-62.4,0.4));
#7834 = VECTOR('',#7835,1.);
#7835 = DIRECTION('',(0.,0.,1.));
#7836 = PCURVE('',#1244,#7837);
#7837 = DEFINITIONAL_REPRESENTATION('',(#7838),#7842);
#7838 = LINE('',#7839,#7840);
#7839 = CARTESIAN_POINT('',(-1.570796326795,0.));
#7840 = VECTOR('',#7841,1.);
#7841 = DIRECTION('',(-0.,1.));
#7842 = ( GEOMETRIC_REPRESENTATION_CONTEXT(2) 
PARAMETRIC_REPRESENTATION_CONTEXT() REPRESENTATION_CONTEXT('2D SPACE',''
  ) );
#7843 = PCURVE('',#1272,#7844);
#7844 = DEFINITIONAL_REPRESENTATION('',(#7845),#7849);
#7845 = LINE('',#7846,#7847);
#7846 = CARTESIAN_POINT('',(0.,56.4));
#7847 = VECTOR('',#7848,1.);
#7848 = DIRECTION('',(1.,0.));
#7849 = ( GEOMETRIC_REPRESENTATION_CONTEXT(2) 
PARAMETRIC_REPRESENTATION_CONTEXT() REPRESENTATION_CONTEXT('2D SPACE',''
  ) );
#7850 = ORIENTED_EDGE('',*,*,#1227,.T.);
#7851 = ADVANCED_FACE('',(#7852),#1385,.T.);
#7852 = FACE_BOUND('',#7853,.T.);
#7853 = EDGE_LOOP('',(#7854,#7855,#7876,#7877,#7898,#7920,#7939,#7940));
#7854 = ORIENTED_EDGE('',*,*,#1369,.F.);
#7855 = ORIENTED_EDGE('',*,*,#7856,.F.);
#7856 = EDGE_CURVE('',#2759,#1342,#7857,.T.);
#7857 = SURFACE_CURVE('',#7858,(#7862,#7869),.PCURVE_S1.);
#7858 = LINE('',#7859,#7860);
#7859 = CARTESIAN_POINT('',(-30.4,-58.,0.4));
#7860 = VECTOR('',#7861,1.);
#7861 = DIRECTION('',(0.,0.,1.));
#7862 = PCURVE('',#1385,#7863);
#7863 = DEFINITIONAL_REPRESENTATION('',(#7864),#7868);
#7864 = LINE('',#7865,#7866);
#7865 = CARTESIAN_POINT('',(0.,-4.4));
#7866 = VECTOR('',#7867,1.);
#7867 = DIRECTION('',(1.,0.));
#7868 = ( GEOMETRIC_REPRESENTATION_CONTEXT(2) 
PARAMETRIC_REPRESENTATION_CONTEXT() REPRESENTATION_CONTEXT('2D SPACE',''
  ) );
#7869 = PCURVE('',#1357,#7870);
#7870 = DEFINITIONAL_REPRESENTATION('',(#7871),#7875);
#7871 = LINE('',#7872,#7873);
#7872 = CARTESIAN_POINT('',(-0.15,1.1));
#7873 = VECTOR('',#7874,1.);
#7874 = DIRECTION('',(1.,0.));
#7875 = ( GEOMETRIC_REPRESENTATION_CONTEXT(2) 
PARAMETRIC_REPRESENTATION_CONTEXT() REPRESENTATION_CONTEXT('2D SPACE',''
  ) );
#7876 = ORIENTED_EDGE('',*,*,#2781,.T.);
#7877 = ORIENTED_EDGE('',*,*,#7878,.T.);
#7878 = EDGE_CURVE('',#2782,#7879,#7881,.T.);
#7879 = VERTEX_POINT('',#7880);
#7880 = CARTESIAN_POINT('',(-30.4,-28.8,1.95));
#7881 = SURFACE_CURVE('',#7882,(#7886,#7892),.PCURVE_S1.);
#7882 = LINE('',#7883,#7884);
#7883 = CARTESIAN_POINT('',(-30.4,-28.8,0.475));
#7884 = VECTOR('',#7885,1.);
#7885 = DIRECTION('',(0.,0.,1.));
#7886 = PCURVE('',#1385,#7887);
#7887 = DEFINITIONAL_REPRESENTATION('',(#7888),#7891);
#7888 = B_SPLINE_CURVE_WITH_KNOTS('',1,(#7889,#7890),.UNSPECIFIED.,.F.,
  .F.,(2,2),(7.5E-02,1.475),.PIECEWISE_BEZIER_KNOTS.);
#7889 = CARTESIAN_POINT('',(0.15,-33.6));
#7890 = CARTESIAN_POINT('',(1.55,-33.6));
#7891 = ( GEOMETRIC_REPRESENTATION_CONTEXT(2) 
PARAMETRIC_REPRESENTATION_CONTEXT() REPRESENTATION_CONTEXT('2D SPACE',''
  ) );
#7892 = PCURVE('',#2819,#7893);
#7893 = DEFINITIONAL_REPRESENTATION('',(#7894),#7897);
#7894 = B_SPLINE_CURVE_WITH_KNOTS('',1,(#7895,#7896),.UNSPECIFIED.,.F.,
  .F.,(2,2),(7.5E-02,1.475),.PIECEWISE_BEZIER_KNOTS.);
#7895 = CARTESIAN_POINT('',(0.,0.6));
#7896 = CARTESIAN_POINT('',(1.4,0.6));
#7897 = ( GEOMETRIC_REPRESENTATION_CONTEXT(2) 
PARAMETRIC_REPRESENTATION_CONTEXT() REPRESENTATION_CONTEXT('2D SPACE',''
  ) );
#7898 = ORIENTED_EDGE('',*,*,#7899,.F.);
#7899 = EDGE_CURVE('',#7900,#7879,#7902,.T.);
#7900 = VERTEX_POINT('',#7901);
#7901 = CARTESIAN_POINT('',(-30.4,-28.2,1.95));
#7902 = SURFACE_CURVE('',#7903,(#7907,#7913),.PCURVE_S1.);
#7903 = LINE('',#7904,#7905);
#7904 = CARTESIAN_POINT('',(-30.4,-45.6,1.95));
#7905 = VECTOR('',#7906,1.);
#7906 = DIRECTION('',(0.,-1.,0.));
#7907 = PCURVE('',#1385,#7908);
#7908 = DEFINITIONAL_REPRESENTATION('',(#7909),#7912);
#7909 = B_SPLINE_CURVE_WITH_KNOTS('',1,(#7910,#7911),.UNSPECIFIED.,.F.,
  .F.,(2,2),(-17.4,-16.8),.PIECEWISE_BEZIER_KNOTS.);
#7910 = CARTESIAN_POINT('',(1.55,-34.2));
#7911 = CARTESIAN_POINT('',(1.55,-33.6));
#7912 = ( GEOMETRIC_REPRESENTATION_CONTEXT(2) 
PARAMETRIC_REPRESENTATION_CONTEXT() REPRESENTATION_CONTEXT('2D SPACE',''
  ) );
#7913 = PCURVE('',#7598,#7914);
#7914 = DEFINITIONAL_REPRESENTATION('',(#7915),#7919);
#7915 = LINE('',#7916,#7917);
#7916 = CARTESIAN_POINT('',(0.6,-16.8));
#7917 = VECTOR('',#7918,1.);
#7918 = DIRECTION('',(0.,-1.));
#7919 = ( GEOMETRIC_REPRESENTATION_CONTEXT(2) 
PARAMETRIC_REPRESENTATION_CONTEXT() REPRESENTATION_CONTEXT('2D SPACE',''
  ) );
#7920 = ORIENTED_EDGE('',*,*,#7921,.F.);
#7921 = EDGE_CURVE('',#2346,#7900,#7922,.T.);
#7922 = SURFACE_CURVE('',#7923,(#7927,#7933),.PCURVE_S1.);
#7923 = LINE('',#7924,#7925);
#7924 = CARTESIAN_POINT('',(-30.4,-28.2,0.475));
#7925 = VECTOR('',#7926,1.);
#7926 = DIRECTION('',(0.,0.,1.));
#7927 = PCURVE('',#1385,#7928);
#7928 = DEFINITIONAL_REPRESENTATION('',(#7929),#7932);
#7929 = B_SPLINE_CURVE_WITH_KNOTS('',1,(#7930,#7931),.UNSPECIFIED.,.F.,
  .F.,(2,2),(7.5E-02,1.475),.PIECEWISE_BEZIER_KNOTS.);
#7930 = CARTESIAN_POINT('',(0.15,-34.2));
#7931 = CARTESIAN_POINT('',(1.55,-34.2));
#7932 = ( GEOMETRIC_REPRESENTATION_CONTEXT(2) 
PARAMETRIC_REPRESENTATION_CONTEXT() REPRESENTATION_CONTEXT('2D SPACE',''
  ) );
#7933 = PCURVE('',#2361,#7934);
#7934 = DEFINITIONAL_REPRESENTATION('',(#7935),#7938);
#7935 = B_SPLINE_CURVE_WITH_KNOTS('',1,(#7936,#7937),.UNSPECIFIED.,.F.,
  .F.,(2,2),(7.5E-02,1.475),.PIECEWISE_BEZIER_KNOTS.);
#7936 = CARTESIAN_POINT('',(0.,0.6));
#7937 = CARTESIAN_POINT('',(1.4,0.6));
#7938 = ( GEOMETRIC_REPRESENTATION_CONTEXT(2) 
PARAMETRIC_REPRESENTATION_CONTEXT() REPRESENTATION_CONTEXT('2D SPACE',''
  ) );
#7939 = ORIENTED_EDGE('',*,*,#2373,.T.);
#7940 = ORIENTED_EDGE('',*,*,#7804,.T.);
#7941 = ADVANCED_FACE('',(#7942,#8102),#1272,.T.);
#7942 = FACE_BOUND('',#7943,.T.);
#7943 = EDGE_LOOP('',(#7944,#7945,#7946,#7967,#7993,#8012,#8013,#8034,
    #8060,#8079,#8080,#8101));
#7944 = ORIENTED_EDGE('',*,*,#7830,.F.);
#7945 = ORIENTED_EDGE('',*,*,#2472,.T.);
#7946 = ORIENTED_EDGE('',*,*,#7947,.F.);
#7947 = EDGE_CURVE('',#7948,#2473,#7950,.T.);
#7948 = VERTEX_POINT('',#7949);
#7949 = CARTESIAN_POINT('',(9.9408473,-62.4,2.55));
#7950 = SURFACE_CURVE('',#7951,(#7955,#7961),.PCURVE_S1.);
#7951 = LINE('',#7952,#7953);
#7952 = CARTESIAN_POINT('',(9.9408473,-62.4,0.475));
#7953 = VECTOR('',#7954,1.);
#7954 = DIRECTION('',(0.,0.,-1.));
#7955 = PCURVE('',#1272,#7956);
#7956 = DEFINITIONAL_REPRESENTATION('',(#7957),#7960);
#7957 = B_SPLINE_CURVE_WITH_KNOTS('',1,(#7958,#7959),.UNSPECIFIED.,.F.,
  .F.,(2,2),(-2.075,-7.5E-02),.PIECEWISE_BEZIER_KNOTS.);
#7958 = CARTESIAN_POINT('',(2.15,40.3408473));
#7959 = CARTESIAN_POINT('',(0.15,40.3408473));
#7960 = ( GEOMETRIC_REPRESENTATION_CONTEXT(2) 
PARAMETRIC_REPRESENTATION_CONTEXT() REPRESENTATION_CONTEXT('2D SPACE',''
  ) );
#7961 = PCURVE('',#2510,#7962);
#7962 = DEFINITIONAL_REPRESENTATION('',(#7963),#7966);
#7963 = B_SPLINE_CURVE_WITH_KNOTS('',1,(#7964,#7965),.UNSPECIFIED.,.F.,
  .F.,(2,2),(-2.075,-7.5E-02),.PIECEWISE_BEZIER_KNOTS.);
#7964 = CARTESIAN_POINT('',(2.,-1.6));
#7965 = CARTESIAN_POINT('',(0.,-1.6));
#7966 = ( GEOMETRIC_REPRESENTATION_CONTEXT(2) 
PARAMETRIC_REPRESENTATION_CONTEXT() REPRESENTATION_CONTEXT('2D SPACE',''
  ) );
#7967 = ORIENTED_EDGE('',*,*,#7968,.F.);
#7968 = EDGE_CURVE('',#7969,#7948,#7971,.T.);
#7969 = VERTEX_POINT('',#7970);
#7970 = CARTESIAN_POINT('',(8.9408473,-62.4,2.55));
#7971 = SURFACE_CURVE('',#7972,(#7976,#7982),.PCURVE_S1.);
#7972 = LINE('',#7973,#7974);
#7973 = CARTESIAN_POINT('',(-10.72957635,-62.4,2.55));
#7974 = VECTOR('',#7975,1.);
#7975 = DIRECTION('',(1.,0.,0.));
#7976 = PCURVE('',#1272,#7977);
#7977 = DEFINITIONAL_REPRESENTATION('',(#7978),#7981);
#7978 = B_SPLINE_CURVE_WITH_KNOTS('',1,(#7979,#7980),.UNSPECIFIED.,.F.,
  .F.,(2,2),(19.67042365,20.67042365),.PIECEWISE_BEZIER_KNOTS.);
#7979 = CARTESIAN_POINT('',(2.15,39.3408473));
#7980 = CARTESIAN_POINT('',(2.15,40.3408473));
#7981 = ( GEOMETRIC_REPRESENTATION_CONTEXT(2) 
PARAMETRIC_REPRESENTATION_CONTEXT() REPRESENTATION_CONTEXT('2D SPACE',''
  ) );
#7982 = PCURVE('',#7983,#7988);
#7983 = PLANE('',#7984);
#7984 = AXIS2_PLACEMENT_3D('',#7985,#7986,#7987);
#7985 = CARTESIAN_POINT('',(8.9408473,-64.,2.55));
#7986 = DIRECTION('',(0.,0.,1.));
#7987 = DIRECTION('',(1.,0.,0.));
#7988 = DEFINITIONAL_REPRESENTATION('',(#7989),#7992);
#7989 = B_SPLINE_CURVE_WITH_KNOTS('',1,(#7990,#7991),.UNSPECIFIED.,.F.,
  .F.,(2,2),(19.67042365,20.67042365),.PIECEWISE_BEZIER_KNOTS.);
#7990 = CARTESIAN_POINT('',(0.,1.6));
#7991 = CARTESIAN_POINT('',(1.,1.6));
#7992 = ( GEOMETRIC_REPRESENTATION_CONTEXT(2) 
PARAMETRIC_REPRESENTATION_CONTEXT() REPRESENTATION_CONTEXT('2D SPACE',''
  ) );
#7993 = ORIENTED_EDGE('',*,*,#7994,.T.);
#7994 = EDGE_CURVE('',#7969,#2551,#7995,.T.);
#7995 = SURFACE_CURVE('',#7996,(#8000,#8006),.PCURVE_S1.);
#7996 = LINE('',#7997,#7998);
#7997 = CARTESIAN_POINT('',(8.9408473,-62.4,0.475));
#7998 = VECTOR('',#7999,1.);
#7999 = DIRECTION('',(0.,0.,-1.));
#8000 = PCURVE('',#1272,#8001);
#8001 = DEFINITIONAL_REPRESENTATION('',(#8002),#8005);
#8002 = B_SPLINE_CURVE_WITH_KNOTS('',1,(#8003,#8004),.UNSPECIFIED.,.F.,
  .F.,(2,2),(-2.075,-7.5E-02),.PIECEWISE_BEZIER_KNOTS.);
#8003 = CARTESIAN_POINT('',(2.15,39.3408473));
#8004 = CARTESIAN_POINT('',(0.15,39.3408473));
#8005 = ( GEOMETRIC_REPRESENTATION_CONTEXT(2) 
PARAMETRIC_REPRESENTATION_CONTEXT() REPRESENTATION_CONTEXT('2D SPACE',''
  ) );
#8006 = PCURVE('',#2566,#8007);
#8007 = DEFINITIONAL_REPRESENTATION('',(#8008),#8011);
#8008 = B_SPLINE_CURVE_WITH_KNOTS('',1,(#8009,#8010),.UNSPECIFIED.,.F.,
  .F.,(2,2),(-2.075,-7.5E-02),.PIECEWISE_BEZIER_KNOTS.);
#8009 = CARTESIAN_POINT('',(2.,-1.6));
#8010 = CARTESIAN_POINT('',(0.,-1.6));
#8011 = ( GEOMETRIC_REPRESENTATION_CONTEXT(2) 
PARAMETRIC_REPRESENTATION_CONTEXT() REPRESENTATION_CONTEXT('2D SPACE',''
  ) );
#8012 = ORIENTED_EDGE('',*,*,#2578,.T.);
#8013 = ORIENTED_EDGE('',*,*,#8014,.F.);
#8014 = EDGE_CURVE('',#8015,#2579,#8017,.T.);
#8015 = VERTEX_POINT('',#8016);
#8016 = CARTESIAN_POINT('',(-17.0591527,-62.4,2.55));
#8017 = SURFACE_CURVE('',#8018,(#8022,#8028),.PCURVE_S1.);
#8018 = LINE('',#8019,#8020);
#8019 = CARTESIAN_POINT('',(-17.0591527,-62.4,0.475));
#8020 = VECTOR('',#8021,1.);
#8021 = DIRECTION('',(0.,0.,-1.));
#8022 = PCURVE('',#1272,#8023);
#8023 = DEFINITIONAL_REPRESENTATION('',(#8024),#8027);
#8024 = B_SPLINE_CURVE_WITH_KNOTS('',1,(#8025,#8026),.UNSPECIFIED.,.F.,
  .F.,(2,2),(-2.075,-7.5E-02),.PIECEWISE_BEZIER_KNOTS.);
#8025 = CARTESIAN_POINT('',(2.15,13.3408473));
#8026 = CARTESIAN_POINT('',(0.15,13.3408473));
#8027 = ( GEOMETRIC_REPRESENTATION_CONTEXT(2) 
PARAMETRIC_REPRESENTATION_CONTEXT() REPRESENTATION_CONTEXT('2D SPACE',''
  ) );
#8028 = PCURVE('',#2616,#8029);
#8029 = DEFINITIONAL_REPRESENTATION('',(#8030),#8033);
#8030 = B_SPLINE_CURVE_WITH_KNOTS('',1,(#8031,#8032),.UNSPECIFIED.,.F.,
  .F.,(2,2),(-2.075,-7.5E-02),.PIECEWISE_BEZIER_KNOTS.);
#8031 = CARTESIAN_POINT('',(2.,-1.6));
#8032 = CARTESIAN_POINT('',(0.,-1.6));
#8033 = ( GEOMETRIC_REPRESENTATION_CONTEXT(2) 
PARAMETRIC_REPRESENTATION_CONTEXT() REPRESENTATION_CONTEXT('2D SPACE',''
  ) );
#8034 = ORIENTED_EDGE('',*,*,#8035,.F.);
#8035 = EDGE_CURVE('',#8036,#8015,#8038,.T.);
#8036 = VERTEX_POINT('',#8037);
#8037 = CARTESIAN_POINT('',(-18.0591527,-62.4,2.55));
#8038 = SURFACE_CURVE('',#8039,(#8043,#8049),.PCURVE_S1.);
#8039 = LINE('',#8040,#8041);
#8040 = CARTESIAN_POINT('',(-24.22957635,-62.4,2.55));
#8041 = VECTOR('',#8042,1.);
#8042 = DIRECTION('',(1.,0.,0.));
#8043 = PCURVE('',#1272,#8044);
#8044 = DEFINITIONAL_REPRESENTATION('',(#8045),#8048);
#8045 = B_SPLINE_CURVE_WITH_KNOTS('',1,(#8046,#8047),.UNSPECIFIED.,.F.,
  .F.,(2,2),(6.17042365,7.17042365),.PIECEWISE_BEZIER_KNOTS.);
#8046 = CARTESIAN_POINT('',(2.15,12.3408473));
#8047 = CARTESIAN_POINT('',(2.15,13.3408473));
#8048 = ( GEOMETRIC_REPRESENTATION_CONTEXT(2) 
PARAMETRIC_REPRESENTATION_CONTEXT() REPRESENTATION_CONTEXT('2D SPACE',''
  ) );
#8049 = PCURVE('',#8050,#8055);
#8050 = PLANE('',#8051);
#8051 = AXIS2_PLACEMENT_3D('',#8052,#8053,#8054);
#8052 = CARTESIAN_POINT('',(-18.0591527,-64.,2.55));
#8053 = DIRECTION('',(0.,0.,1.));
#8054 = DIRECTION('',(1.,0.,0.));
#8055 = DEFINITIONAL_REPRESENTATION('',(#8056),#8059);
#8056 = B_SPLINE_CURVE_WITH_KNOTS('',1,(#8057,#8058),.UNSPECIFIED.,.F.,
  .F.,(2,2),(6.17042365,7.17042365),.PIECEWISE_BEZIER_KNOTS.);
#8057 = CARTESIAN_POINT('',(0.,1.6));
#8058 = CARTESIAN_POINT('',(1.,1.6));
#8059 = ( GEOMETRIC_REPRESENTATION_CONTEXT(2) 
PARAMETRIC_REPRESENTATION_CONTEXT() REPRESENTATION_CONTEXT('2D SPACE',''
  ) );
#8060 = ORIENTED_EDGE('',*,*,#8061,.T.);
#8061 = EDGE_CURVE('',#8036,#2657,#8062,.T.);
#8062 = SURFACE_CURVE('',#8063,(#8067,#8073),.PCURVE_S1.);
#8063 = LINE('',#8064,#8065);
#8064 = CARTESIAN_POINT('',(-18.0591527,-62.4,0.475));
#8065 = VECTOR('',#8066,1.);
#8066 = DIRECTION('',(0.,0.,-1.));
#8067 = PCURVE('',#1272,#8068);
#8068 = DEFINITIONAL_REPRESENTATION('',(#8069),#8072);
#8069 = B_SPLINE_CURVE_WITH_KNOTS('',1,(#8070,#8071),.UNSPECIFIED.,.F.,
  .F.,(2,2),(-2.075,-7.5E-02),.PIECEWISE_BEZIER_KNOTS.);
#8070 = CARTESIAN_POINT('',(2.15,12.3408473));
#8071 = CARTESIAN_POINT('',(0.15,12.3408473));
#8072 = ( GEOMETRIC_REPRESENTATION_CONTEXT(2) 
PARAMETRIC_REPRESENTATION_CONTEXT() REPRESENTATION_CONTEXT('2D SPACE',''
  ) );
#8073 = PCURVE('',#2672,#8074);
#8074 = DEFINITIONAL_REPRESENTATION('',(#8075),#8078);
#8075 = B_SPLINE_CURVE_WITH_KNOTS('',1,(#8076,#8077),.UNSPECIFIED.,.F.,
  .F.,(2,2),(-2.075,-7.5E-02),.PIECEWISE_BEZIER_KNOTS.);
#8076 = CARTESIAN_POINT('',(2.,-1.6));
#8077 = CARTESIAN_POINT('',(0.,-1.6));
#8078 = ( GEOMETRIC_REPRESENTATION_CONTEXT(2) 
PARAMETRIC_REPRESENTATION_CONTEXT() REPRESENTATION_CONTEXT('2D SPACE',''
  ) );
#8079 = ORIENTED_EDGE('',*,*,#2684,.T.);
#8080 = ORIENTED_EDGE('',*,*,#8081,.T.);
#8081 = EDGE_CURVE('',#2685,#1257,#8082,.T.);
#8082 = SURFACE_CURVE('',#8083,(#8087,#8094),.PCURVE_S1.);
#8083 = LINE('',#8084,#8085);
#8084 = CARTESIAN_POINT('',(-26.,-62.4,0.4));
#8085 = VECTOR('',#8086,1.);
#8086 = DIRECTION('',(0.,0.,1.));
#8087 = PCURVE('',#1272,#8088);
#8088 = DEFINITIONAL_REPRESENTATION('',(#8089),#8093);
#8089 = LINE('',#8090,#8091);
#8090 = CARTESIAN_POINT('',(0.,4.4));
#8091 = VECTOR('',#8092,1.);
#8092 = DIRECTION('',(1.,0.));
#8093 = ( GEOMETRIC_REPRESENTATION_CONTEXT(2) 
PARAMETRIC_REPRESENTATION_CONTEXT() REPRESENTATION_CONTEXT('2D SPACE',''
  ) );
#8094 = PCURVE('',#1300,#8095);
#8095 = DEFINITIONAL_REPRESENTATION('',(#8096),#8100);
#8096 = LINE('',#8097,#8098);
#8097 = CARTESIAN_POINT('',(1.570796326795,0.));
#8098 = VECTOR('',#8099,1.);
#8099 = DIRECTION('',(0.,1.));
#8100 = ( GEOMETRIC_REPRESENTATION_CONTEXT(2) 
PARAMETRIC_REPRESENTATION_CONTEXT() REPRESENTATION_CONTEXT('2D SPACE',''
  ) );
#8101 = ORIENTED_EDGE('',*,*,#1256,.F.);
#8102 = FACE_BOUND('',#8103,.T.);
#8103 = EDGE_LOOP('',(#8104,#8132,#8158,#8184));
#8104 = ORIENTED_EDGE('',*,*,#8105,.F.);
#8105 = EDGE_CURVE('',#8106,#8108,#8110,.T.);
#8106 = VERTEX_POINT('',#8107);
#8107 = CARTESIAN_POINT('',(-4.,-62.4,7.52248296));
#8108 = VERTEX_POINT('',#8109);
#8109 = CARTESIAN_POINT('',(4.,-62.4,7.52248296));
#8110 = SURFACE_CURVE('',#8111,(#8115,#8121),.PCURVE_S1.);
#8111 = LINE('',#8112,#8113);
#8112 = CARTESIAN_POINT('',(-17.2,-62.4,7.52248296));
#8113 = VECTOR('',#8114,1.);
#8114 = DIRECTION('',(1.,0.,0.));
#8115 = PCURVE('',#1272,#8116);
#8116 = DEFINITIONAL_REPRESENTATION('',(#8117),#8120);
#8117 = B_SPLINE_CURVE_WITH_KNOTS('',1,(#8118,#8119),.UNSPECIFIED.,.F.,
  .F.,(2,2),(13.2,21.2),.PIECEWISE_BEZIER_KNOTS.);
#8118 = CARTESIAN_POINT('',(7.12248296,26.4));
#8119 = CARTESIAN_POINT('',(7.12248296,34.4));
#8120 = ( GEOMETRIC_REPRESENTATION_CONTEXT(2) 
PARAMETRIC_REPRESENTATION_CONTEXT() REPRESENTATION_CONTEXT('2D SPACE',''
  ) );
#8121 = PCURVE('',#8122,#8127);
#8122 = PLANE('',#8123);
#8123 = AXIS2_PLACEMENT_3D('',#8124,#8125,#8126);
#8124 = CARTESIAN_POINT('',(-4.,-63.,7.52248296));
#8125 = DIRECTION('',(0.,0.,1.));
#8126 = DIRECTION('',(1.,0.,0.));
#8127 = DEFINITIONAL_REPRESENTATION('',(#8128),#8131);
#8128 = B_SPLINE_CURVE_WITH_KNOTS('',1,(#8129,#8130),.UNSPECIFIED.,.F.,
  .F.,(2,2),(13.2,21.2),.PIECEWISE_BEZIER_KNOTS.);
#8129 = CARTESIAN_POINT('',(0.,0.6));
#8130 = CARTESIAN_POINT('',(8.,0.6));
#8131 = ( GEOMETRIC_REPRESENTATION_CONTEXT(2) 
PARAMETRIC_REPRESENTATION_CONTEXT() REPRESENTATION_CONTEXT('2D SPACE',''
  ) );
#8132 = ORIENTED_EDGE('',*,*,#8133,.T.);
#8133 = EDGE_CURVE('',#8106,#8134,#8136,.T.);
#8134 = VERTEX_POINT('',#8135);
#8135 = CARTESIAN_POINT('',(-4.,-62.4,1.32248296));
#8136 = SURFACE_CURVE('',#8137,(#8141,#8147),.PCURVE_S1.);
#8137 = LINE('',#8138,#8139);
#8138 = CARTESIAN_POINT('',(-4.,-62.4,0.86124148));
#8139 = VECTOR('',#8140,1.);
#8140 = DIRECTION('',(0.,0.,-1.));
#8141 = PCURVE('',#1272,#8142);
#8142 = DEFINITIONAL_REPRESENTATION('',(#8143),#8146);
#8143 = B_SPLINE_CURVE_WITH_KNOTS('',1,(#8144,#8145),.UNSPECIFIED.,.F.,
  .F.,(2,2),(-6.66124148,-0.46124148),.PIECEWISE_BEZIER_KNOTS.);
#8144 = CARTESIAN_POINT('',(7.12248296,26.4));
#8145 = CARTESIAN_POINT('',(0.92248296,26.4));
#8146 = ( GEOMETRIC_REPRESENTATION_CONTEXT(2) 
PARAMETRIC_REPRESENTATION_CONTEXT() REPRESENTATION_CONTEXT('2D SPACE',''
  ) );
#8147 = PCURVE('',#8148,#8153);
#8148 = PLANE('',#8149);
#8149 = AXIS2_PLACEMENT_3D('',#8150,#8151,#8152);
#8150 = CARTESIAN_POINT('',(-4.,-63.,1.32248296));
#8151 = DIRECTION('',(1.,0.,0.));
#8152 = DIRECTION('',(0.,0.,1.));
#8153 = DEFINITIONAL_REPRESENTATION('',(#8154),#8157);
#8154 = B_SPLINE_CURVE_WITH_KNOTS('',1,(#8155,#8156),.UNSPECIFIED.,.F.,
  .F.,(2,2),(-6.66124148,-0.46124148),.PIECEWISE_BEZIER_KNOTS.);
#8155 = CARTESIAN_POINT('',(6.2,-0.6));
#8156 = CARTESIAN_POINT('',(0.,-0.6));
#8157 = ( GEOMETRIC_REPRESENTATION_CONTEXT(2) 
PARAMETRIC_REPRESENTATION_CONTEXT() REPRESENTATION_CONTEXT('2D SPACE',''
  ) );
#8158 = ORIENTED_EDGE('',*,*,#8159,.T.);
#8159 = EDGE_CURVE('',#8134,#8160,#8162,.T.);
#8160 = VERTEX_POINT('',#8161);
#8161 = CARTESIAN_POINT('',(4.,-62.4,1.32248296));
#8162 = SURFACE_CURVE('',#8163,(#8167,#8173),.PCURVE_S1.);
#8163 = LINE('',#8164,#8165);
#8164 = CARTESIAN_POINT('',(-17.2,-62.4,1.32248296));
#8165 = VECTOR('',#8166,1.);
#8166 = DIRECTION('',(1.,0.,0.));
#8167 = PCURVE('',#1272,#8168);
#8168 = DEFINITIONAL_REPRESENTATION('',(#8169),#8172);
#8169 = B_SPLINE_CURVE_WITH_KNOTS('',1,(#8170,#8171),.UNSPECIFIED.,.F.,
  .F.,(2,2),(13.2,21.2),.PIECEWISE_BEZIER_KNOTS.);
#8170 = CARTESIAN_POINT('',(0.92248296,26.4));
#8171 = CARTESIAN_POINT('',(0.92248296,34.4));
#8172 = ( GEOMETRIC_REPRESENTATION_CONTEXT(2) 
PARAMETRIC_REPRESENTATION_CONTEXT() REPRESENTATION_CONTEXT('2D SPACE',''
  ) );
#8173 = PCURVE('',#8174,#8179);
#8174 = PLANE('',#8175);
#8175 = AXIS2_PLACEMENT_3D('',#8176,#8177,#8178);
#8176 = CARTESIAN_POINT('',(-4.,-63.,1.32248296));
#8177 = DIRECTION('',(0.,0.,1.));
#8178 = DIRECTION('',(1.,0.,0.));
#8179 = DEFINITIONAL_REPRESENTATION('',(#8180),#8183);
#8180 = B_SPLINE_CURVE_WITH_KNOTS('',1,(#8181,#8182),.UNSPECIFIED.,.F.,
  .F.,(2,2),(13.2,21.2),.PIECEWISE_BEZIER_KNOTS.);
#8181 = CARTESIAN_POINT('',(0.,0.6));
#8182 = CARTESIAN_POINT('',(8.,0.6));
#8183 = ( GEOMETRIC_REPRESENTATION_CONTEXT(2) 
PARAMETRIC_REPRESENTATION_CONTEXT() REPRESENTATION_CONTEXT('2D SPACE',''
  ) );
#8184 = ORIENTED_EDGE('',*,*,#8185,.F.);
#8185 = EDGE_CURVE('',#8108,#8160,#8186,.T.);
#8186 = SURFACE_CURVE('',#8187,(#8191,#8197),.PCURVE_S1.);
#8187 = LINE('',#8188,#8189);
#8188 = CARTESIAN_POINT('',(4.,-62.4,0.86124148));
#8189 = VECTOR('',#8190,1.);
#8190 = DIRECTION('',(0.,0.,-1.));
#8191 = PCURVE('',#1272,#8192);
#8192 = DEFINITIONAL_REPRESENTATION('',(#8193),#8196);
#8193 = B_SPLINE_CURVE_WITH_KNOTS('',1,(#8194,#8195),.UNSPECIFIED.,.F.,
  .F.,(2,2),(-6.66124148,-0.46124148),.PIECEWISE_BEZIER_KNOTS.);
#8194 = CARTESIAN_POINT('',(7.12248296,34.4));
#8195 = CARTESIAN_POINT('',(0.92248296,34.4));
#8196 = ( GEOMETRIC_REPRESENTATION_CONTEXT(2) 
PARAMETRIC_REPRESENTATION_CONTEXT() REPRESENTATION_CONTEXT('2D SPACE',''
  ) );
#8197 = PCURVE('',#8198,#8203);
#8198 = PLANE('',#8199);
#8199 = AXIS2_PLACEMENT_3D('',#8200,#8201,#8202);
#8200 = CARTESIAN_POINT('',(4.,-63.,1.32248296));
#8201 = DIRECTION('',(1.,0.,0.));
#8202 = DIRECTION('',(0.,0.,1.));
#8203 = DEFINITIONAL_REPRESENTATION('',(#8204),#8207);
#8204 = B_SPLINE_CURVE_WITH_KNOTS('',1,(#8205,#8206),.UNSPECIFIED.,.F.,
  .F.,(2,2),(-6.66124148,-0.46124148),.PIECEWISE_BEZIER_KNOTS.);
#8205 = CARTESIAN_POINT('',(6.2,-0.6));
#8206 = CARTESIAN_POINT('',(0.,-0.6));
#8207 = ( GEOMETRIC_REPRESENTATION_CONTEXT(2) 
PARAMETRIC_REPRESENTATION_CONTEXT() REPRESENTATION_CONTEXT('2D SPACE',''
  ) );
#8208 = ADVANCED_FACE('',(#8209),#1357,.T.);
#8209 = FACE_BOUND('',#8210,.T.);
#8210 = EDGE_LOOP('',(#8211,#8212,#8213,#8214));
#8211 = ORIENTED_EDGE('',*,*,#2758,.F.);
#8212 = ORIENTED_EDGE('',*,*,#7856,.T.);
#8213 = ORIENTED_EDGE('',*,*,#1341,.T.);
#8214 = ORIENTED_EDGE('',*,*,#8215,.T.);
#8215 = EDGE_CURVE('',#1313,#2731,#8216,.T.);
#8216 = SURFACE_CURVE('',#8217,(#8221,#8227),.PCURVE_S1.);
#8217 = LINE('',#8218,#8219);
#8218 = CARTESIAN_POINT('',(-29.60934769394,-58.,0.55));
#8219 = VECTOR('',#8220,1.);
#8220 = DIRECTION('',(-0.,-0.,-1.));
#8221 = PCURVE('',#1357,#8222);
#8222 = DEFINITIONAL_REPRESENTATION('',(#8223),#8226);
#8223 = B_SPLINE_CURVE_WITH_KNOTS('',1,(#8224,#8225),.UNSPECIFIED.,.F.,
  .F.,(2,2),(-7.2000006,6.000000000173E-07),.PIECEWISE_BEZIER_KNOTS.);
#8224 = CARTESIAN_POINT('',(7.2000006,1.890652306057));
#8225 = CARTESIAN_POINT('',(-6.000000000173E-07,1.890652306057));
#8226 = ( GEOMETRIC_REPRESENTATION_CONTEXT(2) 
PARAMETRIC_REPRESENTATION_CONTEXT() REPRESENTATION_CONTEXT('2D SPACE',''
  ) );
#8227 = PCURVE('',#1329,#8228);
#8228 = DEFINITIONAL_REPRESENTATION('',(#8229),#8232);
#8229 = B_SPLINE_CURVE_WITH_KNOTS('',1,(#8230,#8231),.UNSPECIFIED.,.F.,
  .F.,(2,2),(-7.2000006,6.000000000173E-07),.PIECEWISE_BEZIER_KNOTS.);
#8230 = CARTESIAN_POINT('',(-8.674532716783,-7.2000006));
#8231 = CARTESIAN_POINT('',(-8.674532716783,6.000000000173E-07));
#8232 = ( GEOMETRIC_REPRESENTATION_CONTEXT(2) 
PARAMETRIC_REPRESENTATION_CONTEXT() REPRESENTATION_CONTEXT('2D SPACE',''
  ) );
#8233 = ADVANCED_FACE('',(#8234),#1300,.F.);
#8234 = FACE_BOUND('',#8235,.F.);
#8235 = EDGE_LOOP('',(#8236,#8255,#8256,#8257));
#8236 = ORIENTED_EDGE('',*,*,#8237,.F.);
#8237 = EDGE_CURVE('',#2707,#1284,#8238,.T.);
#8238 = SURFACE_CURVE('',#8239,(#8243,#8249),.PCURVE_S1.);
#8239 = LINE('',#8240,#8241);
#8240 = CARTESIAN_POINT('',(-28.45283097481,-61.65289203357,0.4));
#8241 = VECTOR('',#8242,1.);
#8242 = DIRECTION('',(0.,0.,1.));
#8243 = PCURVE('',#1300,#8244);
#8244 = DEFINITIONAL_REPRESENTATION('',(#8245),#8248);
#8245 = B_SPLINE_CURVE_WITH_KNOTS('',1,(#8246,#8247),.UNSPECIFIED.,.F.,
  .F.,(2,2),(0.1499994,7.3500006),.PIECEWISE_BEZIER_KNOTS.);
#8246 = CARTESIAN_POINT('',(0.979471261057,0.1499994));
#8247 = CARTESIAN_POINT('',(0.979471261057,7.3500006));
#8248 = ( GEOMETRIC_REPRESENTATION_CONTEXT(2) 
PARAMETRIC_REPRESENTATION_CONTEXT() REPRESENTATION_CONTEXT('2D SPACE',''
  ) );
#8249 = PCURVE('',#1329,#8250);
#8250 = DEFINITIONAL_REPRESENTATION('',(#8251),#8254);
#8251 = B_SPLINE_CURVE_WITH_KNOTS('',1,(#8252,#8253),.UNSPECIFIED.,.F.,
  .F.,(2,2),(0.15,7.35),.PIECEWISE_BEZIER_KNOTS.);
#8252 = CARTESIAN_POINT('',(-4.50507487688,0.));
#8253 = CARTESIAN_POINT('',(-4.50507487688,-7.2));
#8254 = ( GEOMETRIC_REPRESENTATION_CONTEXT(2) 
PARAMETRIC_REPRESENTATION_CONTEXT() REPRESENTATION_CONTEXT('2D SPACE',''
  ) );
#8255 = ORIENTED_EDGE('',*,*,#2706,.T.);
#8256 = ORIENTED_EDGE('',*,*,#8081,.T.);
#8257 = ORIENTED_EDGE('',*,*,#1283,.F.);
#8258 = ADVANCED_FACE('',(#8259),#1329,.T.);
#8259 = FACE_BOUND('',#8260,.F.);
#8260 = EDGE_LOOP('',(#8261,#8262,#8263,#8264));
#8261 = ORIENTED_EDGE('',*,*,#8215,.T.);
#8262 = ORIENTED_EDGE('',*,*,#2730,.T.);
#8263 = ORIENTED_EDGE('',*,*,#8237,.T.);
#8264 = ORIENTED_EDGE('',*,*,#1312,.T.);
#8265 = ADVANCED_FACE('',(#8266),#1667,.F.);
#8266 = FACE_BOUND('',#8267,.F.);
#8267 = EDGE_LOOP('',(#8268,#8269,#8292,#8319));
#8268 = ORIENTED_EDGE('',*,*,#1650,.F.);
#8269 = ORIENTED_EDGE('',*,*,#8270,.F.);
#8270 = EDGE_CURVE('',#8271,#1651,#8273,.T.);
#8271 = VERTEX_POINT('',#8272);
#8272 = CARTESIAN_POINT('',(28.9,-59.5,7.5));
#8273 = SEAM_CURVE('',#8274,(#8278,#8285),.PCURVE_S1.);
#8274 = LINE('',#8275,#8276);
#8275 = CARTESIAN_POINT('',(28.9,-59.5,7.5));
#8276 = VECTOR('',#8277,1.);
#8277 = DIRECTION('',(0.707106781187,-1.731912112471E-16,0.707106781187)
  );
#8278 = PCURVE('',#1667,#8279);
#8279 = DEFINITIONAL_REPRESENTATION('',(#8280),#8284);
#8280 = LINE('',#8281,#8282);
#8281 = CARTESIAN_POINT('',(6.28318530718,-0.));
#8282 = VECTOR('',#8283,1.);
#8283 = DIRECTION('',(0.,1.));
#8284 = ( GEOMETRIC_REPRESENTATION_CONTEXT(2) 
PARAMETRIC_REPRESENTATION_CONTEXT() REPRESENTATION_CONTEXT('2D SPACE',''
  ) );
#8285 = PCURVE('',#1667,#8286);
#8286 = DEFINITIONAL_REPRESENTATION('',(#8287),#8291);
#8287 = LINE('',#8288,#8289);
#8288 = CARTESIAN_POINT('',(0.,-0.));
#8289 = VECTOR('',#8290,1.);
#8290 = DIRECTION('',(0.,1.));
#8291 = ( GEOMETRIC_REPRESENTATION_CONTEXT(2) 
PARAMETRIC_REPRESENTATION_CONTEXT() REPRESENTATION_CONTEXT('2D SPACE',''
  ) );
#8292 = ORIENTED_EDGE('',*,*,#8293,.T.);
#8293 = EDGE_CURVE('',#8271,#8271,#8294,.T.);
#8294 = SURFACE_CURVE('',#8295,(#8300,#8307),.PCURVE_S1.);
#8295 = CIRCLE('',#8296,0.9);
#8296 = AXIS2_PLACEMENT_3D('',#8297,#8298,#8299);
#8297 = CARTESIAN_POINT('',(28.,-59.5,7.5));
#8298 = DIRECTION('',(0.,0.,1.));
#8299 = DIRECTION('',(1.,0.,-0.));
#8300 = PCURVE('',#1667,#8301);
#8301 = DEFINITIONAL_REPRESENTATION('',(#8302),#8306);
#8302 = LINE('',#8303,#8304);
#8303 = CARTESIAN_POINT('',(0.,0.));
#8304 = VECTOR('',#8305,1.);
#8305 = DIRECTION('',(1.,0.));
#8306 = ( GEOMETRIC_REPRESENTATION_CONTEXT(2) 
PARAMETRIC_REPRESENTATION_CONTEXT() REPRESENTATION_CONTEXT('2D SPACE',''
  ) );
#8307 = PCURVE('',#8308,#8313);
#8308 = PLANE('',#8309);
#8309 = AXIS2_PLACEMENT_3D('',#8310,#8311,#8312);
#8310 = CARTESIAN_POINT('',(28.,-59.5,7.5));
#8311 = DIRECTION('',(0.,0.,1.));
#8312 = DIRECTION('',(1.,0.,-0.));
#8313 = DEFINITIONAL_REPRESENTATION('',(#8314),#8318);
#8314 = CIRCLE('',#8315,0.9);
#8315 = AXIS2_PLACEMENT_2D('',#8316,#8317);
#8316 = CARTESIAN_POINT('',(0.,0.));
#8317 = DIRECTION('',(1.,0.));
#8318 = ( GEOMETRIC_REPRESENTATION_CONTEXT(2) 
PARAMETRIC_REPRESENTATION_CONTEXT() REPRESENTATION_CONTEXT('2D SPACE',''
  ) );
#8319 = ORIENTED_EDGE('',*,*,#8270,.T.);
#8320 = ADVANCED_FACE('',(#8321),#1698,.F.);
#8321 = FACE_BOUND('',#8322,.F.);
#8322 = EDGE_LOOP('',(#8323,#8324,#8347,#8374));
#8323 = ORIENTED_EDGE('',*,*,#1681,.F.);
#8324 = ORIENTED_EDGE('',*,*,#8325,.F.);
#8325 = EDGE_CURVE('',#8326,#1682,#8328,.T.);
#8326 = VERTEX_POINT('',#8327);
#8327 = CARTESIAN_POINT('',(28.9,-2.204364238465E-16,7.5));
#8328 = SEAM_CURVE('',#8329,(#8333,#8340),.PCURVE_S1.);
#8329 = LINE('',#8330,#8331);
#8330 = CARTESIAN_POINT('',(28.9,-2.204364238465E-16,7.5));
#8331 = VECTOR('',#8332,1.);
#8332 = DIRECTION('',(0.707106781187,-1.731912112471E-16,0.707106781187)
  );
#8333 = PCURVE('',#1698,#8334);
#8334 = DEFINITIONAL_REPRESENTATION('',(#8335),#8339);
#8335 = LINE('',#8336,#8337);
#8336 = CARTESIAN_POINT('',(6.28318530718,-0.));
#8337 = VECTOR('',#8338,1.);
#8338 = DIRECTION('',(0.,1.));
#8339 = ( GEOMETRIC_REPRESENTATION_CONTEXT(2) 
PARAMETRIC_REPRESENTATION_CONTEXT() REPRESENTATION_CONTEXT('2D SPACE',''
  ) );
#8340 = PCURVE('',#1698,#8341);
#8341 = DEFINITIONAL_REPRESENTATION('',(#8342),#8346);
#8342 = LINE('',#8343,#8344);
#8343 = CARTESIAN_POINT('',(0.,-0.));
#8344 = VECTOR('',#8345,1.);
#8345 = DIRECTION('',(0.,1.));
#8346 = ( GEOMETRIC_REPRESENTATION_CONTEXT(2) 
PARAMETRIC_REPRESENTATION_CONTEXT() REPRESENTATION_CONTEXT('2D SPACE',''
  ) );
#8347 = ORIENTED_EDGE('',*,*,#8348,.T.);
#8348 = EDGE_CURVE('',#8326,#8326,#8349,.T.);
#8349 = SURFACE_CURVE('',#8350,(#8355,#8362),.PCURVE_S1.);
#8350 = CIRCLE('',#8351,0.9);
#8351 = AXIS2_PLACEMENT_3D('',#8352,#8353,#8354);
#8352 = CARTESIAN_POINT('',(28.,0.,7.5));
#8353 = DIRECTION('',(0.,0.,1.));
#8354 = DIRECTION('',(1.,0.,-0.));
#8355 = PCURVE('',#1698,#8356);
#8356 = DEFINITIONAL_REPRESENTATION('',(#8357),#8361);
#8357 = LINE('',#8358,#8359);
#8358 = CARTESIAN_POINT('',(0.,0.));
#8359 = VECTOR('',#8360,1.);
#8360 = DIRECTION('',(1.,0.));
#8361 = ( GEOMETRIC_REPRESENTATION_CONTEXT(2) 
PARAMETRIC_REPRESENTATION_CONTEXT() REPRESENTATION_CONTEXT('2D SPACE',''
  ) );
#8362 = PCURVE('',#8363,#8368);
#8363 = PLANE('',#8364);
#8364 = AXIS2_PLACEMENT_3D('',#8365,#8366,#8367);
#8365 = CARTESIAN_POINT('',(28.,0.,7.5));
#8366 = DIRECTION('',(0.,0.,1.));
#8367 = DIRECTION('',(1.,0.,-0.));
#8368 = DEFINITIONAL_REPRESENTATION('',(#8369),#8373);
#8369 = CIRCLE('',#8370,0.9);
#8370 = AXIS2_PLACEMENT_2D('',#8371,#8372);
#8371 = CARTESIAN_POINT('',(0.,0.));
#8372 = DIRECTION('',(1.,0.));
#8373 = ( GEOMETRIC_REPRESENTATION_CONTEXT(2) 
PARAMETRIC_REPRESENTATION_CONTEXT() REPRESENTATION_CONTEXT('2D SPACE',''
  ) );
#8374 = ORIENTED_EDGE('',*,*,#8325,.T.);
#8375 = ADVANCED_FACE('',(#8376),#1729,.F.);
#8376 = FACE_BOUND('',#8377,.F.);
#8377 = EDGE_LOOP('',(#8378,#8379,#8402,#8429));
#8378 = ORIENTED_EDGE('',*,*,#1712,.F.);
#8379 = ORIENTED_EDGE('',*,*,#8380,.F.);
#8380 = EDGE_CURVE('',#8381,#1713,#8383,.T.);
#8381 = VERTEX_POINT('',#8382);
#8382 = CARTESIAN_POINT('',(-27.1,59.5,7.5));
#8383 = SEAM_CURVE('',#8384,(#8388,#8395),.PCURVE_S1.);
#8384 = LINE('',#8385,#8386);
#8385 = CARTESIAN_POINT('',(-27.1,59.5,7.5));
#8386 = VECTOR('',#8387,1.);
#8387 = DIRECTION('',(0.707106781187,-1.731912112471E-16,0.707106781187)
  );
#8388 = PCURVE('',#1729,#8389);
#8389 = DEFINITIONAL_REPRESENTATION('',(#8390),#8394);
#8390 = LINE('',#8391,#8392);
#8391 = CARTESIAN_POINT('',(6.28318530718,-0.));
#8392 = VECTOR('',#8393,1.);
#8393 = DIRECTION('',(0.,1.));
#8394 = ( GEOMETRIC_REPRESENTATION_CONTEXT(2) 
PARAMETRIC_REPRESENTATION_CONTEXT() REPRESENTATION_CONTEXT('2D SPACE',''
  ) );
#8395 = PCURVE('',#1729,#8396);
#8396 = DEFINITIONAL_REPRESENTATION('',(#8397),#8401);
#8397 = LINE('',#8398,#8399);
#8398 = CARTESIAN_POINT('',(0.,-0.));
#8399 = VECTOR('',#8400,1.);
#8400 = DIRECTION('',(0.,1.));
#8401 = ( GEOMETRIC_REPRESENTATION_CONTEXT(2) 
PARAMETRIC_REPRESENTATION_CONTEXT() REPRESENTATION_CONTEXT('2D SPACE',''
  ) );
#8402 = ORIENTED_EDGE('',*,*,#8403,.T.);
#8403 = EDGE_CURVE('',#8381,#8381,#8404,.T.);
#8404 = SURFACE_CURVE('',#8405,(#8410,#8417),.PCURVE_S1.);
#8405 = CIRCLE('',#8406,0.9);
#8406 = AXIS2_PLACEMENT_3D('',#8407,#8408,#8409);
#8407 = CARTESIAN_POINT('',(-28.,59.5,7.5));
#8408 = DIRECTION('',(0.,0.,1.));
#8409 = DIRECTION('',(1.,0.,-0.));
#8410 = PCURVE('',#1729,#8411);
#8411 = DEFINITIONAL_REPRESENTATION('',(#8412),#8416);
#8412 = LINE('',#8413,#8414);
#8413 = CARTESIAN_POINT('',(0.,0.));
#8414 = VECTOR('',#8415,1.);
#8415 = DIRECTION('',(1.,0.));
#8416 = ( GEOMETRIC_REPRESENTATION_CONTEXT(2) 
PARAMETRIC_REPRESENTATION_CONTEXT() REPRESENTATION_CONTEXT('2D SPACE',''
  ) );
#8417 = PCURVE('',#8418,#8423);
#8418 = PLANE('',#8419);
#8419 = AXIS2_PLACEMENT_3D('',#8420,#8421,#8422);
#8420 = CARTESIAN_POINT('',(-28.,59.5,7.5));
#8421 = DIRECTION('',(0.,0.,1.));
#8422 = DIRECTION('',(1.,0.,-0.));
#8423 = DEFINITIONAL_REPRESENTATION('',(#8424),#8428);
#8424 = CIRCLE('',#8425,0.9);
#8425 = AXIS2_PLACEMENT_2D('',#8426,#8427);
#8426 = CARTESIAN_POINT('',(0.,0.));
#8427 = DIRECTION('',(1.,0.));
#8428 = ( GEOMETRIC_REPRESENTATION_CONTEXT(2) 
PARAMETRIC_REPRESENTATION_CONTEXT() REPRESENTATION_CONTEXT('2D SPACE',''
  ) );
#8429 = ORIENTED_EDGE('',*,*,#8380,.T.);
#8430 = ADVANCED_FACE('',(#8431),#1760,.F.);
#8431 = FACE_BOUND('',#8432,.F.);
#8432 = EDGE_LOOP('',(#8433,#8434,#8457,#8484));
#8433 = ORIENTED_EDGE('',*,*,#1743,.F.);
#8434 = ORIENTED_EDGE('',*,*,#8435,.F.);
#8435 = EDGE_CURVE('',#8436,#1744,#8438,.T.);
#8436 = VERTEX_POINT('',#8437);
#8437 = CARTESIAN_POINT('',(28.9,59.5,7.5));
#8438 = SEAM_CURVE('',#8439,(#8443,#8450),.PCURVE_S1.);
#8439 = LINE('',#8440,#8441);
#8440 = CARTESIAN_POINT('',(28.9,59.5,7.5));
#8441 = VECTOR('',#8442,1.);
#8442 = DIRECTION('',(0.707106781187,-1.731912112471E-16,0.707106781187)
  );
#8443 = PCURVE('',#1760,#8444);
#8444 = DEFINITIONAL_REPRESENTATION('',(#8445),#8449);
#8445 = LINE('',#8446,#8447);
#8446 = CARTESIAN_POINT('',(6.28318530718,-0.));
#8447 = VECTOR('',#8448,1.);
#8448 = DIRECTION('',(0.,1.));
#8449 = ( GEOMETRIC_REPRESENTATION_CONTEXT(2) 
PARAMETRIC_REPRESENTATION_CONTEXT() REPRESENTATION_CONTEXT('2D SPACE',''
  ) );
#8450 = PCURVE('',#1760,#8451);
#8451 = DEFINITIONAL_REPRESENTATION('',(#8452),#8456);
#8452 = LINE('',#8453,#8454);
#8453 = CARTESIAN_POINT('',(0.,-0.));
#8454 = VECTOR('',#8455,1.);
#8455 = DIRECTION('',(0.,1.));
#8456 = ( GEOMETRIC_REPRESENTATION_CONTEXT(2) 
PARAMETRIC_REPRESENTATION_CONTEXT() REPRESENTATION_CONTEXT('2D SPACE',''
  ) );
#8457 = ORIENTED_EDGE('',*,*,#8458,.T.);
#8458 = EDGE_CURVE('',#8436,#8436,#8459,.T.);
#8459 = SURFACE_CURVE('',#8460,(#8465,#8472),.PCURVE_S1.);
#8460 = CIRCLE('',#8461,0.9);
#8461 = AXIS2_PLACEMENT_3D('',#8462,#8463,#8464);
#8462 = CARTESIAN_POINT('',(28.,59.5,7.5));
#8463 = DIRECTION('',(0.,0.,1.));
#8464 = DIRECTION('',(1.,0.,-0.));
#8465 = PCURVE('',#1760,#8466);
#8466 = DEFINITIONAL_REPRESENTATION('',(#8467),#8471);
#8467 = LINE('',#8468,#8469);
#8468 = CARTESIAN_POINT('',(0.,0.));
#8469 = VECTOR('',#8470,1.);
#8470 = DIRECTION('',(1.,0.));
#8471 = ( GEOMETRIC_REPRESENTATION_CONTEXT(2) 
PARAMETRIC_REPRESENTATION_CONTEXT() REPRESENTATION_CONTEXT('2D SPACE',''
  ) );
#8472 = PCURVE('',#8473,#8478);
#8473 = PLANE('',#8474);
#8474 = AXIS2_PLACEMENT_3D('',#8475,#8476,#8477);
#8475 = CARTESIAN_POINT('',(28.,59.5,7.5));
#8476 = DIRECTION('',(0.,0.,1.));
#8477 = DIRECTION('',(1.,0.,-0.));
#8478 = DEFINITIONAL_REPRESENTATION('',(#8479),#8483);
#8479 = CIRCLE('',#8480,0.9);
#8480 = AXIS2_PLACEMENT_2D('',#8481,#8482);
#8481 = CARTESIAN_POINT('',(0.,0.));
#8482 = DIRECTION('',(1.,0.));
#8483 = ( GEOMETRIC_REPRESENTATION_CONTEXT(2) 
PARAMETRIC_REPRESENTATION_CONTEXT() REPRESENTATION_CONTEXT('2D SPACE',''
  ) );
#8484 = ORIENTED_EDGE('',*,*,#8435,.T.);
#8485 = ADVANCED_FACE('',(#8486),#2305,.F.);
#8486 = FACE_BOUND('',#8487,.F.);
#8487 = EDGE_LOOP('',(#8488,#8489,#8490,#8513,#8534,#8535,#8556,#8578));
#8488 = ORIENTED_EDGE('',*,*,#2287,.F.);
#8489 = ORIENTED_EDGE('',*,*,#7735,.F.);
#8490 = ORIENTED_EDGE('',*,*,#8491,.T.);
#8491 = EDGE_CURVE('',#7708,#8492,#8494,.T.);
#8492 = VERTEX_POINT('',#8493);
#8493 = CARTESIAN_POINT('',(-6.8,2.,2.35));
#8494 = SURFACE_CURVE('',#8495,(#8499,#8506),.PCURVE_S1.);
#8495 = LINE('',#8496,#8497);
#8496 = CARTESIAN_POINT('',(-31.6,2.,2.35));
#8497 = VECTOR('',#8498,1.);
#8498 = DIRECTION('',(1.,0.,0.));
#8499 = PCURVE('',#2305,#8500);
#8500 = DEFINITIONAL_REPRESENTATION('',(#8501),#8505);
#8501 = LINE('',#8502,#8503);
#8502 = CARTESIAN_POINT('',(1.8,0.));
#8503 = VECTOR('',#8504,1.);
#8504 = DIRECTION('',(0.,1.));
#8505 = ( GEOMETRIC_REPRESENTATION_CONTEXT(2) 
PARAMETRIC_REPRESENTATION_CONTEXT() REPRESENTATION_CONTEXT('2D SPACE',''
  ) );
#8506 = PCURVE('',#7236,#8507);
#8507 = DEFINITIONAL_REPRESENTATION('',(#8508),#8512);
#8508 = LINE('',#8509,#8510);
#8509 = CARTESIAN_POINT('',(0.,-19.2));
#8510 = VECTOR('',#8511,1.);
#8511 = DIRECTION('',(1.,0.));
#8512 = ( GEOMETRIC_REPRESENTATION_CONTEXT(2) 
PARAMETRIC_REPRESENTATION_CONTEXT() REPRESENTATION_CONTEXT('2D SPACE',''
  ) );
#8513 = ORIENTED_EDGE('',*,*,#8514,.F.);
#8514 = EDGE_CURVE('',#3351,#8492,#8515,.T.);
#8515 = SURFACE_CURVE('',#8516,(#8520,#8527),.PCURVE_S1.);
#8516 = LINE('',#8517,#8518);
#8517 = CARTESIAN_POINT('',(-6.8,2.,0.55));
#8518 = VECTOR('',#8519,1.);
#8519 = DIRECTION('',(0.,0.,1.));
#8520 = PCURVE('',#2305,#8521);
#8521 = DEFINITIONAL_REPRESENTATION('',(#8522),#8526);
#8522 = LINE('',#8523,#8524);
#8523 = CARTESIAN_POINT('',(0.,24.8));
#8524 = VECTOR('',#8525,1.);
#8525 = DIRECTION('',(1.,0.));
#8526 = ( GEOMETRIC_REPRESENTATION_CONTEXT(2) 
PARAMETRIC_REPRESENTATION_CONTEXT() REPRESENTATION_CONTEXT('2D SPACE',''
  ) );
#8527 = PCURVE('',#3389,#8528);
#8528 = DEFINITIONAL_REPRESENTATION('',(#8529),#8533);
#8529 = LINE('',#8530,#8531);
#8530 = CARTESIAN_POINT('',(0.,0.));
#8531 = VECTOR('',#8532,1.);
#8532 = DIRECTION('',(1.,0.));
#8533 = ( GEOMETRIC_REPRESENTATION_CONTEXT(2) 
PARAMETRIC_REPRESENTATION_CONTEXT() REPRESENTATION_CONTEXT('2D SPACE',''
  ) );
#8534 = ORIENTED_EDGE('',*,*,#3350,.F.);
#8535 = ORIENTED_EDGE('',*,*,#8536,.F.);
#8536 = EDGE_CURVE('',#8537,#3323,#8539,.T.);
#8537 = VERTEX_POINT('',#8538);
#8538 = CARTESIAN_POINT('',(-20.4,2.,1.95));
#8539 = SURFACE_CURVE('',#8540,(#8544,#8550),.PCURVE_S1.);
#8540 = LINE('',#8541,#8542);
#8541 = CARTESIAN_POINT('',(-20.4,2.,0.55));
#8542 = VECTOR('',#8543,1.);
#8543 = DIRECTION('',(0.,0.,-1.));
#8544 = PCURVE('',#2305,#8545);
#8545 = DEFINITIONAL_REPRESENTATION('',(#8546),#8549);
#8546 = B_SPLINE_CURVE_WITH_KNOTS('',1,(#8547,#8548),.UNSPECIFIED.,.F.,
  .F.,(2,2),(-1.4,0.),.PIECEWISE_BEZIER_KNOTS.);
#8547 = CARTESIAN_POINT('',(1.4,11.2));
#8548 = CARTESIAN_POINT('',(0.,11.2));
#8549 = ( GEOMETRIC_REPRESENTATION_CONTEXT(2) 
PARAMETRIC_REPRESENTATION_CONTEXT() REPRESENTATION_CONTEXT('2D SPACE',''
  ) );
#8550 = PCURVE('',#3338,#8551);
#8551 = DEFINITIONAL_REPRESENTATION('',(#8552),#8555);
#8552 = B_SPLINE_CURVE_WITH_KNOTS('',1,(#8553,#8554),.UNSPECIFIED.,.F.,
  .F.,(2,2),(-1.4,0.),.PIECEWISE_BEZIER_KNOTS.);
#8553 = CARTESIAN_POINT('',(1.4,-31.));
#8554 = CARTESIAN_POINT('',(0.,-31.));
#8555 = ( GEOMETRIC_REPRESENTATION_CONTEXT(2) 
PARAMETRIC_REPRESENTATION_CONTEXT() REPRESENTATION_CONTEXT('2D SPACE',''
  ) );
#8556 = ORIENTED_EDGE('',*,*,#8557,.F.);
#8557 = EDGE_CURVE('',#8558,#8537,#8560,.T.);
#8558 = VERTEX_POINT('',#8559);
#8559 = CARTESIAN_POINT('',(-21.2,2.,1.95));
#8560 = SURFACE_CURVE('',#8561,(#8565,#8571),.PCURVE_S1.);
#8561 = LINE('',#8562,#8563);
#8562 = CARTESIAN_POINT('',(-26.4,2.,1.95));
#8563 = VECTOR('',#8564,1.);
#8564 = DIRECTION('',(1.,0.,0.));
#8565 = PCURVE('',#2305,#8566);
#8566 = DEFINITIONAL_REPRESENTATION('',(#8567),#8570);
#8567 = B_SPLINE_CURVE_WITH_KNOTS('',1,(#8568,#8569),.UNSPECIFIED.,.F.,
  .F.,(2,2),(5.2,6.),.PIECEWISE_BEZIER_KNOTS.);
#8568 = CARTESIAN_POINT('',(1.4,10.4));
#8569 = CARTESIAN_POINT('',(1.4,11.2));
#8570 = ( GEOMETRIC_REPRESENTATION_CONTEXT(2) 
PARAMETRIC_REPRESENTATION_CONTEXT() REPRESENTATION_CONTEXT('2D SPACE',''
  ) );
#8571 = PCURVE('',#7598,#8572);
#8572 = DEFINITIONAL_REPRESENTATION('',(#8573),#8577);
#8573 = LINE('',#8574,#8575);
#8574 = CARTESIAN_POINT('',(4.6,30.8));
#8575 = VECTOR('',#8576,1.);
#8576 = DIRECTION('',(1.,0.));
#8577 = ( GEOMETRIC_REPRESENTATION_CONTEXT(2) 
PARAMETRIC_REPRESENTATION_CONTEXT() REPRESENTATION_CONTEXT('2D SPACE',''
  ) );
#8578 = ORIENTED_EDGE('',*,*,#8579,.T.);
#8579 = EDGE_CURVE('',#8558,#2290,#8580,.T.);
#8580 = SURFACE_CURVE('',#8581,(#8585,#8591),.PCURVE_S1.);
#8581 = LINE('',#8582,#8583);
#8582 = CARTESIAN_POINT('',(-21.2,2.,0.55));
#8583 = VECTOR('',#8584,1.);
#8584 = DIRECTION('',(0.,0.,-1.));
#8585 = PCURVE('',#2305,#8586);
#8586 = DEFINITIONAL_REPRESENTATION('',(#8587),#8590);
#8587 = B_SPLINE_CURVE_WITH_KNOTS('',1,(#8588,#8589),.UNSPECIFIED.,.F.,
  .F.,(2,2),(-1.4,0.),.PIECEWISE_BEZIER_KNOTS.);
#8588 = CARTESIAN_POINT('',(1.4,10.4));
#8589 = CARTESIAN_POINT('',(0.,10.4));
#8590 = ( GEOMETRIC_REPRESENTATION_CONTEXT(2) 
PARAMETRIC_REPRESENTATION_CONTEXT() REPRESENTATION_CONTEXT('2D SPACE',''
  ) );
#8591 = PCURVE('',#2333,#8592);
#8592 = DEFINITIONAL_REPRESENTATION('',(#8593),#8596);
#8593 = B_SPLINE_CURVE_WITH_KNOTS('',1,(#8594,#8595),.UNSPECIFIED.,.F.,
  .F.,(2,2),(-1.4,0.),.PIECEWISE_BEZIER_KNOTS.);
#8594 = CARTESIAN_POINT('',(1.4,-31.));
#8595 = CARTESIAN_POINT('',(0.,-31.));
#8596 = ( GEOMETRIC_REPRESENTATION_CONTEXT(2) 
PARAMETRIC_REPRESENTATION_CONTEXT() REPRESENTATION_CONTEXT('2D SPACE',''
  ) );
#8597 = ADVANCED_FACE('',(#8598),#2333,.F.);
#8598 = FACE_BOUND('',#8599,.F.);
#8599 = EDGE_LOOP('',(#8600,#8623,#8642,#8643));
#8600 = ORIENTED_EDGE('',*,*,#8601,.F.);
#8601 = EDGE_CURVE('',#8602,#8558,#8604,.T.);
#8602 = VERTEX_POINT('',#8603);
#8603 = CARTESIAN_POINT('',(-21.2,-28.2,1.95));
#8604 = SURFACE_CURVE('',#8605,(#8609,#8616),.PCURVE_S1.);
#8605 = LINE('',#8606,#8607);
#8606 = CARTESIAN_POINT('',(-21.2,-29.,1.95));
#8607 = VECTOR('',#8608,1.);
#8608 = DIRECTION('',(0.,1.,0.));
#8609 = PCURVE('',#2333,#8610);
#8610 = DEFINITIONAL_REPRESENTATION('',(#8611),#8615);
#8611 = LINE('',#8612,#8613);
#8612 = CARTESIAN_POINT('',(1.4,0.));
#8613 = VECTOR('',#8614,1.);
#8614 = DIRECTION('',(0.,-1.));
#8615 = ( GEOMETRIC_REPRESENTATION_CONTEXT(2) 
PARAMETRIC_REPRESENTATION_CONTEXT() REPRESENTATION_CONTEXT('2D SPACE',''
  ) );
#8616 = PCURVE('',#7598,#8617);
#8617 = DEFINITIONAL_REPRESENTATION('',(#8618),#8622);
#8618 = LINE('',#8619,#8620);
#8619 = CARTESIAN_POINT('',(9.8,-0.2));
#8620 = VECTOR('',#8621,1.);
#8621 = DIRECTION('',(0.,1.));
#8622 = ( GEOMETRIC_REPRESENTATION_CONTEXT(2) 
PARAMETRIC_REPRESENTATION_CONTEXT() REPRESENTATION_CONTEXT('2D SPACE',''
  ) );
#8623 = ORIENTED_EDGE('',*,*,#8624,.T.);
#8624 = EDGE_CURVE('',#8602,#2318,#8625,.T.);
#8625 = SURFACE_CURVE('',#8626,(#8630,#8636),.PCURVE_S1.);
#8626 = LINE('',#8627,#8628);
#8627 = CARTESIAN_POINT('',(-21.2,-28.2,0.55));
#8628 = VECTOR('',#8629,1.);
#8629 = DIRECTION('',(0.,0.,-1.));
#8630 = PCURVE('',#2333,#8631);
#8631 = DEFINITIONAL_REPRESENTATION('',(#8632),#8635);
#8632 = B_SPLINE_CURVE_WITH_KNOTS('',1,(#8633,#8634),.UNSPECIFIED.,.F.,
  .F.,(2,2),(-1.4,0.),.PIECEWISE_BEZIER_KNOTS.);
#8633 = CARTESIAN_POINT('',(1.4,-0.8));
#8634 = CARTESIAN_POINT('',(0.,-0.8));
#8635 = ( GEOMETRIC_REPRESENTATION_CONTEXT(2) 
PARAMETRIC_REPRESENTATION_CONTEXT() REPRESENTATION_CONTEXT('2D SPACE',''
  ) );
#8636 = PCURVE('',#2361,#8637);
#8637 = DEFINITIONAL_REPRESENTATION('',(#8638),#8641);
#8638 = B_SPLINE_CURVE_WITH_KNOTS('',1,(#8639,#8640),.UNSPECIFIED.,.F.,
  .F.,(2,2),(-1.4,0.),.PIECEWISE_BEZIER_KNOTS.);
#8639 = CARTESIAN_POINT('',(1.4,9.8));
#8640 = CARTESIAN_POINT('',(0.,9.8));
#8641 = ( GEOMETRIC_REPRESENTATION_CONTEXT(2) 
PARAMETRIC_REPRESENTATION_CONTEXT() REPRESENTATION_CONTEXT('2D SPACE',''
  ) );
#8642 = ORIENTED_EDGE('',*,*,#2317,.T.);
#8643 = ORIENTED_EDGE('',*,*,#8579,.F.);
#8644 = ADVANCED_FACE('',(#8645),#2361,.T.);
#8645 = FACE_BOUND('',#8646,.T.);
#8646 = EDGE_LOOP('',(#8647,#8648,#8649,#8670));
#8647 = ORIENTED_EDGE('',*,*,#2345,.F.);
#8648 = ORIENTED_EDGE('',*,*,#7921,.T.);
#8649 = ORIENTED_EDGE('',*,*,#8650,.T.);
#8650 = EDGE_CURVE('',#7900,#8602,#8651,.T.);
#8651 = SURFACE_CURVE('',#8652,(#8656,#8663),.PCURVE_S1.);
#8652 = LINE('',#8653,#8654);
#8653 = CARTESIAN_POINT('',(-31.,-28.2,1.95));
#8654 = VECTOR('',#8655,1.);
#8655 = DIRECTION('',(1.,0.,0.));
#8656 = PCURVE('',#2361,#8657);
#8657 = DEFINITIONAL_REPRESENTATION('',(#8658),#8662);
#8658 = LINE('',#8659,#8660);
#8659 = CARTESIAN_POINT('',(1.4,0.));
#8660 = VECTOR('',#8661,1.);
#8661 = DIRECTION('',(0.,1.));
#8662 = ( GEOMETRIC_REPRESENTATION_CONTEXT(2) 
PARAMETRIC_REPRESENTATION_CONTEXT() REPRESENTATION_CONTEXT('2D SPACE',''
  ) );
#8663 = PCURVE('',#7598,#8664);
#8664 = DEFINITIONAL_REPRESENTATION('',(#8665),#8669);
#8665 = LINE('',#8666,#8667);
#8666 = CARTESIAN_POINT('',(0.,0.6));
#8667 = VECTOR('',#8668,1.);
#8668 = DIRECTION('',(1.,0.));
#8669 = ( GEOMETRIC_REPRESENTATION_CONTEXT(2) 
PARAMETRIC_REPRESENTATION_CONTEXT() REPRESENTATION_CONTEXT('2D SPACE',''
  ) );
#8670 = ORIENTED_EDGE('',*,*,#8624,.T.);
#8671 = ADVANCED_FACE('',(#8672),#2510,.T.);
#8672 = FACE_BOUND('',#8673,.T.);
#8673 = EDGE_LOOP('',(#8674,#8697,#8698,#8699));
#8674 = ORIENTED_EDGE('',*,*,#8675,.F.);
#8675 = EDGE_CURVE('',#7948,#8676,#8678,.T.);
#8676 = VERTEX_POINT('',#8677);
#8677 = CARTESIAN_POINT('',(9.9408473,-30.0629905,2.55));
#8678 = SURFACE_CURVE('',#8679,(#8683,#8690),.PCURVE_S1.);
#8679 = LINE('',#8680,#8681);
#8680 = CARTESIAN_POINT('',(9.9408473,-64.,2.55));
#8681 = VECTOR('',#8682,1.);
#8682 = DIRECTION('',(0.,1.,0.));
#8683 = PCURVE('',#2510,#8684);
#8684 = DEFINITIONAL_REPRESENTATION('',(#8685),#8689);
#8685 = LINE('',#8686,#8687);
#8686 = CARTESIAN_POINT('',(2.,0.));
#8687 = VECTOR('',#8688,1.);
#8688 = DIRECTION('',(0.,-1.));
#8689 = ( GEOMETRIC_REPRESENTATION_CONTEXT(2) 
PARAMETRIC_REPRESENTATION_CONTEXT() REPRESENTATION_CONTEXT('2D SPACE',''
  ) );
#8690 = PCURVE('',#7983,#8691);
#8691 = DEFINITIONAL_REPRESENTATION('',(#8692),#8696);
#8692 = LINE('',#8693,#8694);
#8693 = CARTESIAN_POINT('',(1.,0.));
#8694 = VECTOR('',#8695,1.);
#8695 = DIRECTION('',(0.,1.));
#8696 = ( GEOMETRIC_REPRESENTATION_CONTEXT(2) 
PARAMETRIC_REPRESENTATION_CONTEXT() REPRESENTATION_CONTEXT('2D SPACE',''
  ) );
#8697 = ORIENTED_EDGE('',*,*,#7947,.T.);
#8698 = ORIENTED_EDGE('',*,*,#2494,.T.);
#8699 = ORIENTED_EDGE('',*,*,#8700,.T.);
#8700 = EDGE_CURVE('',#2495,#8676,#8701,.T.);
#8701 = SURFACE_CURVE('',#8702,(#8706,#8713),.PCURVE_S1.);
#8702 = LINE('',#8703,#8704);
#8703 = CARTESIAN_POINT('',(9.9408473,-30.0629905,0.55));
#8704 = VECTOR('',#8705,1.);
#8705 = DIRECTION('',(0.,0.,1.));
#8706 = PCURVE('',#2510,#8707);
#8707 = DEFINITIONAL_REPRESENTATION('',(#8708),#8712);
#8708 = LINE('',#8709,#8710);
#8709 = CARTESIAN_POINT('',(0.,-33.9370095));
#8710 = VECTOR('',#8711,1.);
#8711 = DIRECTION('',(1.,0.));
#8712 = ( GEOMETRIC_REPRESENTATION_CONTEXT(2) 
PARAMETRIC_REPRESENTATION_CONTEXT() REPRESENTATION_CONTEXT('2D SPACE',''
  ) );
#8713 = PCURVE('',#2538,#8714);
#8714 = DEFINITIONAL_REPRESENTATION('',(#8715),#8719);
#8715 = LINE('',#8716,#8717);
#8716 = CARTESIAN_POINT('',(0.,1.));
#8717 = VECTOR('',#8718,1.);
#8718 = DIRECTION('',(1.,0.));
#8719 = ( GEOMETRIC_REPRESENTATION_CONTEXT(2) 
PARAMETRIC_REPRESENTATION_CONTEXT() REPRESENTATION_CONTEXT('2D SPACE',''
  ) );
#8720 = ADVANCED_FACE('',(#8721),#2538,.T.);
#8721 = FACE_BOUND('',#8722,.T.);
#8722 = EDGE_LOOP('',(#8723,#8724,#8747,#8768));
#8723 = ORIENTED_EDGE('',*,*,#2522,.F.);
#8724 = ORIENTED_EDGE('',*,*,#8725,.T.);
#8725 = EDGE_CURVE('',#2523,#8726,#8728,.T.);
#8726 = VERTEX_POINT('',#8727);
#8727 = CARTESIAN_POINT('',(8.9408473,-30.0629905,2.55));
#8728 = SURFACE_CURVE('',#8729,(#8733,#8740),.PCURVE_S1.);
#8729 = LINE('',#8730,#8731);
#8730 = CARTESIAN_POINT('',(8.9408473,-30.0629905,0.55));
#8731 = VECTOR('',#8732,1.);
#8732 = DIRECTION('',(0.,0.,1.));
#8733 = PCURVE('',#2538,#8734);
#8734 = DEFINITIONAL_REPRESENTATION('',(#8735),#8739);
#8735 = LINE('',#8736,#8737);
#8736 = CARTESIAN_POINT('',(0.,0.));
#8737 = VECTOR('',#8738,1.);
#8738 = DIRECTION('',(1.,0.));
#8739 = ( GEOMETRIC_REPRESENTATION_CONTEXT(2) 
PARAMETRIC_REPRESENTATION_CONTEXT() REPRESENTATION_CONTEXT('2D SPACE',''
  ) );
#8740 = PCURVE('',#2566,#8741);
#8741 = DEFINITIONAL_REPRESENTATION('',(#8742),#8746);
#8742 = LINE('',#8743,#8744);
#8743 = CARTESIAN_POINT('',(0.,-33.9370095));
#8744 = VECTOR('',#8745,1.);
#8745 = DIRECTION('',(1.,0.));
#8746 = ( GEOMETRIC_REPRESENTATION_CONTEXT(2) 
PARAMETRIC_REPRESENTATION_CONTEXT() REPRESENTATION_CONTEXT('2D SPACE',''
  ) );
#8747 = ORIENTED_EDGE('',*,*,#8748,.T.);
#8748 = EDGE_CURVE('',#8726,#8676,#8749,.T.);
#8749 = SURFACE_CURVE('',#8750,(#8754,#8761),.PCURVE_S1.);
#8750 = LINE('',#8751,#8752);
#8751 = CARTESIAN_POINT('',(8.9408473,-30.0629905,2.55));
#8752 = VECTOR('',#8753,1.);
#8753 = DIRECTION('',(1.,0.,0.));
#8754 = PCURVE('',#2538,#8755);
#8755 = DEFINITIONAL_REPRESENTATION('',(#8756),#8760);
#8756 = LINE('',#8757,#8758);
#8757 = CARTESIAN_POINT('',(2.,0.));
#8758 = VECTOR('',#8759,1.);
#8759 = DIRECTION('',(0.,1.));
#8760 = ( GEOMETRIC_REPRESENTATION_CONTEXT(2) 
PARAMETRIC_REPRESENTATION_CONTEXT() REPRESENTATION_CONTEXT('2D SPACE',''
  ) );
#8761 = PCURVE('',#7983,#8762);
#8762 = DEFINITIONAL_REPRESENTATION('',(#8763),#8767);
#8763 = LINE('',#8764,#8765);
#8764 = CARTESIAN_POINT('',(0.,33.9370095));
#8765 = VECTOR('',#8766,1.);
#8766 = DIRECTION('',(1.,0.));
#8767 = ( GEOMETRIC_REPRESENTATION_CONTEXT(2) 
PARAMETRIC_REPRESENTATION_CONTEXT() REPRESENTATION_CONTEXT('2D SPACE',''
  ) );
#8768 = ORIENTED_EDGE('',*,*,#8700,.F.);
#8769 = ADVANCED_FACE('',(#8770),#2566,.F.);
#8770 = FACE_BOUND('',#8771,.F.);
#8771 = EDGE_LOOP('',(#8772,#8793,#8794,#8795));
#8772 = ORIENTED_EDGE('',*,*,#8773,.F.);
#8773 = EDGE_CURVE('',#7969,#8726,#8774,.T.);
#8774 = SURFACE_CURVE('',#8775,(#8779,#8786),.PCURVE_S1.);
#8775 = LINE('',#8776,#8777);
#8776 = CARTESIAN_POINT('',(8.9408473,-64.,2.55));
#8777 = VECTOR('',#8778,1.);
#8778 = DIRECTION('',(0.,1.,0.));
#8779 = PCURVE('',#2566,#8780);
#8780 = DEFINITIONAL_REPRESENTATION('',(#8781),#8785);
#8781 = LINE('',#8782,#8783);
#8782 = CARTESIAN_POINT('',(2.,0.));
#8783 = VECTOR('',#8784,1.);
#8784 = DIRECTION('',(0.,-1.));
#8785 = ( GEOMETRIC_REPRESENTATION_CONTEXT(2) 
PARAMETRIC_REPRESENTATION_CONTEXT() REPRESENTATION_CONTEXT('2D SPACE',''
  ) );
#8786 = PCURVE('',#7983,#8787);
#8787 = DEFINITIONAL_REPRESENTATION('',(#8788),#8792);
#8788 = LINE('',#8789,#8790);
#8789 = CARTESIAN_POINT('',(0.,0.));
#8790 = VECTOR('',#8791,1.);
#8791 = DIRECTION('',(0.,1.));
#8792 = ( GEOMETRIC_REPRESENTATION_CONTEXT(2) 
PARAMETRIC_REPRESENTATION_CONTEXT() REPRESENTATION_CONTEXT('2D SPACE',''
  ) );
#8793 = ORIENTED_EDGE('',*,*,#7994,.T.);
#8794 = ORIENTED_EDGE('',*,*,#2550,.T.);
#8795 = ORIENTED_EDGE('',*,*,#8725,.T.);
#8796 = ADVANCED_FACE('',(#8797),#2616,.T.);
#8797 = FACE_BOUND('',#8798,.T.);
#8798 = EDGE_LOOP('',(#8799,#8822,#8823,#8824));
#8799 = ORIENTED_EDGE('',*,*,#8800,.F.);
#8800 = EDGE_CURVE('',#8015,#8801,#8803,.T.);
#8801 = VERTEX_POINT('',#8802);
#8802 = CARTESIAN_POINT('',(-17.0591527,-30.0629905,2.55));
#8803 = SURFACE_CURVE('',#8804,(#8808,#8815),.PCURVE_S1.);
#8804 = LINE('',#8805,#8806);
#8805 = CARTESIAN_POINT('',(-17.0591527,-64.,2.55));
#8806 = VECTOR('',#8807,1.);
#8807 = DIRECTION('',(0.,1.,0.));
#8808 = PCURVE('',#2616,#8809);
#8809 = DEFINITIONAL_REPRESENTATION('',(#8810),#8814);
#8810 = LINE('',#8811,#8812);
#8811 = CARTESIAN_POINT('',(2.,0.));
#8812 = VECTOR('',#8813,1.);
#8813 = DIRECTION('',(0.,-1.));
#8814 = ( GEOMETRIC_REPRESENTATION_CONTEXT(2) 
PARAMETRIC_REPRESENTATION_CONTEXT() REPRESENTATION_CONTEXT('2D SPACE',''
  ) );
#8815 = PCURVE('',#8050,#8816);
#8816 = DEFINITIONAL_REPRESENTATION('',(#8817),#8821);
#8817 = LINE('',#8818,#8819);
#8818 = CARTESIAN_POINT('',(1.,0.));
#8819 = VECTOR('',#8820,1.);
#8820 = DIRECTION('',(0.,1.));
#8821 = ( GEOMETRIC_REPRESENTATION_CONTEXT(2) 
PARAMETRIC_REPRESENTATION_CONTEXT() REPRESENTATION_CONTEXT('2D SPACE',''
  ) );
#8822 = ORIENTED_EDGE('',*,*,#8014,.T.);
#8823 = ORIENTED_EDGE('',*,*,#2600,.T.);
#8824 = ORIENTED_EDGE('',*,*,#8825,.T.);
#8825 = EDGE_CURVE('',#2601,#8801,#8826,.T.);
#8826 = SURFACE_CURVE('',#8827,(#8831,#8838),.PCURVE_S1.);
#8827 = LINE('',#8828,#8829);
#8828 = CARTESIAN_POINT('',(-17.0591527,-30.0629905,0.55));
#8829 = VECTOR('',#8830,1.);
#8830 = DIRECTION('',(0.,0.,1.));
#8831 = PCURVE('',#2616,#8832);
#8832 = DEFINITIONAL_REPRESENTATION('',(#8833),#8837);
#8833 = LINE('',#8834,#8835);
#8834 = CARTESIAN_POINT('',(0.,-33.9370095));
#8835 = VECTOR('',#8836,1.);
#8836 = DIRECTION('',(1.,0.));
#8837 = ( GEOMETRIC_REPRESENTATION_CONTEXT(2) 
PARAMETRIC_REPRESENTATION_CONTEXT() REPRESENTATION_CONTEXT('2D SPACE',''
  ) );
#8838 = PCURVE('',#2644,#8839);
#8839 = DEFINITIONAL_REPRESENTATION('',(#8840),#8844);
#8840 = LINE('',#8841,#8842);
#8841 = CARTESIAN_POINT('',(0.,1.));
#8842 = VECTOR('',#8843,1.);
#8843 = DIRECTION('',(1.,0.));
#8844 = ( GEOMETRIC_REPRESENTATION_CONTEXT(2) 
PARAMETRIC_REPRESENTATION_CONTEXT() REPRESENTATION_CONTEXT('2D SPACE',''
  ) );
#8845 = ADVANCED_FACE('',(#8846),#2644,.T.);
#8846 = FACE_BOUND('',#8847,.T.);
#8847 = EDGE_LOOP('',(#8848,#8849,#8872,#8893));
#8848 = ORIENTED_EDGE('',*,*,#2628,.F.);
#8849 = ORIENTED_EDGE('',*,*,#8850,.T.);
#8850 = EDGE_CURVE('',#2629,#8851,#8853,.T.);
#8851 = VERTEX_POINT('',#8852);
#8852 = CARTESIAN_POINT('',(-18.0591527,-30.0629905,2.55));
#8853 = SURFACE_CURVE('',#8854,(#8858,#8865),.PCURVE_S1.);
#8854 = LINE('',#8855,#8856);
#8855 = CARTESIAN_POINT('',(-18.0591527,-30.0629905,0.55));
#8856 = VECTOR('',#8857,1.);
#8857 = DIRECTION('',(0.,0.,1.));
#8858 = PCURVE('',#2644,#8859);
#8859 = DEFINITIONAL_REPRESENTATION('',(#8860),#8864);
#8860 = LINE('',#8861,#8862);
#8861 = CARTESIAN_POINT('',(0.,0.));
#8862 = VECTOR('',#8863,1.);
#8863 = DIRECTION('',(1.,0.));
#8864 = ( GEOMETRIC_REPRESENTATION_CONTEXT(2) 
PARAMETRIC_REPRESENTATION_CONTEXT() REPRESENTATION_CONTEXT('2D SPACE',''
  ) );
#8865 = PCURVE('',#2672,#8866);
#8866 = DEFINITIONAL_REPRESENTATION('',(#8867),#8871);
#8867 = LINE('',#8868,#8869);
#8868 = CARTESIAN_POINT('',(0.,-33.9370095));
#8869 = VECTOR('',#8870,1.);
#8870 = DIRECTION('',(1.,0.));
#8871 = ( GEOMETRIC_REPRESENTATION_CONTEXT(2) 
PARAMETRIC_REPRESENTATION_CONTEXT() REPRESENTATION_CONTEXT('2D SPACE',''
  ) );
#8872 = ORIENTED_EDGE('',*,*,#8873,.T.);
#8873 = EDGE_CURVE('',#8851,#8801,#8874,.T.);
#8874 = SURFACE_CURVE('',#8875,(#8879,#8886),.PCURVE_S1.);
#8875 = LINE('',#8876,#8877);
#8876 = CARTESIAN_POINT('',(-18.0591527,-30.0629905,2.55));
#8877 = VECTOR('',#8878,1.);
#8878 = DIRECTION('',(1.,0.,0.));
#8879 = PCURVE('',#2644,#8880);
#8880 = DEFINITIONAL_REPRESENTATION('',(#8881),#8885);
#8881 = LINE('',#8882,#8883);
#8882 = CARTESIAN_POINT('',(2.,0.));
#8883 = VECTOR('',#8884,1.);
#8884 = DIRECTION('',(0.,1.));
#8885 = ( GEOMETRIC_REPRESENTATION_CONTEXT(2) 
PARAMETRIC_REPRESENTATION_CONTEXT() REPRESENTATION_CONTEXT('2D SPACE',''
  ) );
#8886 = PCURVE('',#8050,#8887);
#8887 = DEFINITIONAL_REPRESENTATION('',(#8888),#8892);
#8888 = LINE('',#8889,#8890);
#8889 = CARTESIAN_POINT('',(0.,33.9370095));
#8890 = VECTOR('',#8891,1.);
#8891 = DIRECTION('',(1.,0.));
#8892 = ( GEOMETRIC_REPRESENTATION_CONTEXT(2) 
PARAMETRIC_REPRESENTATION_CONTEXT() REPRESENTATION_CONTEXT('2D SPACE',''
  ) );
#8893 = ORIENTED_EDGE('',*,*,#8825,.F.);
#8894 = ADVANCED_FACE('',(#8895),#2672,.F.);
#8895 = FACE_BOUND('',#8896,.F.);
#8896 = EDGE_LOOP('',(#8897,#8918,#8919,#8920));
#8897 = ORIENTED_EDGE('',*,*,#8898,.F.);
#8898 = EDGE_CURVE('',#8036,#8851,#8899,.T.);
#8899 = SURFACE_CURVE('',#8900,(#8904,#8911),.PCURVE_S1.);
#8900 = LINE('',#8901,#8902);
#8901 = CARTESIAN_POINT('',(-18.0591527,-64.,2.55));
#8902 = VECTOR('',#8903,1.);
#8903 = DIRECTION('',(0.,1.,0.));
#8904 = PCURVE('',#2672,#8905);
#8905 = DEFINITIONAL_REPRESENTATION('',(#8906),#8910);
#8906 = LINE('',#8907,#8908);
#8907 = CARTESIAN_POINT('',(2.,0.));
#8908 = VECTOR('',#8909,1.);
#8909 = DIRECTION('',(0.,-1.));
#8910 = ( GEOMETRIC_REPRESENTATION_CONTEXT(2) 
PARAMETRIC_REPRESENTATION_CONTEXT() REPRESENTATION_CONTEXT('2D SPACE',''
  ) );
#8911 = PCURVE('',#8050,#8912);
#8912 = DEFINITIONAL_REPRESENTATION('',(#8913),#8917);
#8913 = LINE('',#8914,#8915);
#8914 = CARTESIAN_POINT('',(0.,0.));
#8915 = VECTOR('',#8916,1.);
#8916 = DIRECTION('',(0.,1.));
#8917 = ( GEOMETRIC_REPRESENTATION_CONTEXT(2) 
PARAMETRIC_REPRESENTATION_CONTEXT() REPRESENTATION_CONTEXT('2D SPACE',''
  ) );
#8918 = ORIENTED_EDGE('',*,*,#8061,.T.);
#8919 = ORIENTED_EDGE('',*,*,#2656,.T.);
#8920 = ORIENTED_EDGE('',*,*,#8850,.T.);
#8921 = ADVANCED_FACE('',(#8922),#2819,.F.);
#8922 = FACE_BOUND('',#8923,.F.);
#8923 = EDGE_LOOP('',(#8924,#8925,#8926,#8949));
#8924 = ORIENTED_EDGE('',*,*,#2803,.F.);
#8925 = ORIENTED_EDGE('',*,*,#7878,.T.);
#8926 = ORIENTED_EDGE('',*,*,#8927,.T.);
#8927 = EDGE_CURVE('',#7879,#8928,#8930,.T.);
#8928 = VERTEX_POINT('',#8929);
#8929 = CARTESIAN_POINT('',(-21.2,-28.8,1.95));
#8930 = SURFACE_CURVE('',#8931,(#8935,#8942),.PCURVE_S1.);
#8931 = LINE('',#8932,#8933);
#8932 = CARTESIAN_POINT('',(-31.,-28.8,1.95));
#8933 = VECTOR('',#8934,1.);
#8934 = DIRECTION('',(1.,0.,0.));
#8935 = PCURVE('',#2819,#8936);
#8936 = DEFINITIONAL_REPRESENTATION('',(#8937),#8941);
#8937 = LINE('',#8938,#8939);
#8938 = CARTESIAN_POINT('',(1.4,0.));
#8939 = VECTOR('',#8940,1.);
#8940 = DIRECTION('',(0.,1.));
#8941 = ( GEOMETRIC_REPRESENTATION_CONTEXT(2) 
PARAMETRIC_REPRESENTATION_CONTEXT() REPRESENTATION_CONTEXT('2D SPACE',''
  ) );
#8942 = PCURVE('',#7598,#8943);
#8943 = DEFINITIONAL_REPRESENTATION('',(#8944),#8948);
#8944 = LINE('',#8945,#8946);
#8945 = CARTESIAN_POINT('',(0.,0.));
#8946 = VECTOR('',#8947,1.);
#8947 = DIRECTION('',(1.,0.));
#8948 = ( GEOMETRIC_REPRESENTATION_CONTEXT(2) 
PARAMETRIC_REPRESENTATION_CONTEXT() REPRESENTATION_CONTEXT('2D SPACE',''
  ) );
#8949 = ORIENTED_EDGE('',*,*,#8950,.T.);
#8950 = EDGE_CURVE('',#8928,#2804,#8951,.T.);
#8951 = SURFACE_CURVE('',#8952,(#8956,#8962),.PCURVE_S1.);
#8952 = LINE('',#8953,#8954);
#8953 = CARTESIAN_POINT('',(-21.2,-28.8,0.55));
#8954 = VECTOR('',#8955,1.);
#8955 = DIRECTION('',(0.,0.,-1.));
#8956 = PCURVE('',#2819,#8957);
#8957 = DEFINITIONAL_REPRESENTATION('',(#8958),#8961);
#8958 = B_SPLINE_CURVE_WITH_KNOTS('',1,(#8959,#8960),.UNSPECIFIED.,.F.,
  .F.,(2,2),(-1.4,0.),.PIECEWISE_BEZIER_KNOTS.);
#8959 = CARTESIAN_POINT('',(1.4,9.8));
#8960 = CARTESIAN_POINT('',(0.,9.8));
#8961 = ( GEOMETRIC_REPRESENTATION_CONTEXT(2) 
PARAMETRIC_REPRESENTATION_CONTEXT() REPRESENTATION_CONTEXT('2D SPACE',''
  ) );
#8962 = PCURVE('',#2847,#8963);
#8963 = DEFINITIONAL_REPRESENTATION('',(#8964),#8967);
#8964 = B_SPLINE_CURVE_WITH_KNOTS('',1,(#8965,#8966),.UNSPECIFIED.,.F.,
  .F.,(2,2),(-1.4,0.),.PIECEWISE_BEZIER_KNOTS.);
#8965 = CARTESIAN_POINT('',(1.4,-0.2));
#8966 = CARTESIAN_POINT('',(0.,-0.2));
#8967 = ( GEOMETRIC_REPRESENTATION_CONTEXT(2) 
PARAMETRIC_REPRESENTATION_CONTEXT() REPRESENTATION_CONTEXT('2D SPACE',''
  ) );
#8968 = ADVANCED_FACE('',(#8969),#2847,.F.);
#8969 = FACE_BOUND('',#8970,.F.);
#8970 = EDGE_LOOP('',(#8971,#8994,#9015,#9016));
#8971 = ORIENTED_EDGE('',*,*,#8972,.F.);
#8972 = EDGE_CURVE('',#8973,#8928,#8975,.T.);
#8973 = VERTEX_POINT('',#8974);
#8974 = CARTESIAN_POINT('',(-21.2,-29.,1.95));
#8975 = SURFACE_CURVE('',#8976,(#8980,#8987),.PCURVE_S1.);
#8976 = LINE('',#8977,#8978);
#8977 = CARTESIAN_POINT('',(-21.2,-29.,1.95));
#8978 = VECTOR('',#8979,1.);
#8979 = DIRECTION('',(0.,1.,0.));
#8980 = PCURVE('',#2847,#8981);
#8981 = DEFINITIONAL_REPRESENTATION('',(#8982),#8986);
#8982 = LINE('',#8983,#8984);
#8983 = CARTESIAN_POINT('',(1.4,0.));
#8984 = VECTOR('',#8985,1.);
#8985 = DIRECTION('',(0.,-1.));
#8986 = ( GEOMETRIC_REPRESENTATION_CONTEXT(2) 
PARAMETRIC_REPRESENTATION_CONTEXT() REPRESENTATION_CONTEXT('2D SPACE',''
  ) );
#8987 = PCURVE('',#7598,#8988);
#8988 = DEFINITIONAL_REPRESENTATION('',(#8989),#8993);
#8989 = LINE('',#8990,#8991);
#8990 = CARTESIAN_POINT('',(9.8,-0.2));
#8991 = VECTOR('',#8992,1.);
#8992 = DIRECTION('',(0.,1.));
#8993 = ( GEOMETRIC_REPRESENTATION_CONTEXT(2) 
PARAMETRIC_REPRESENTATION_CONTEXT() REPRESENTATION_CONTEXT('2D SPACE',''
  ) );
#8994 = ORIENTED_EDGE('',*,*,#8995,.F.);
#8995 = EDGE_CURVE('',#2832,#8973,#8996,.T.);
#8996 = SURFACE_CURVE('',#8997,(#9001,#9008),.PCURVE_S1.);
#8997 = LINE('',#8998,#8999);
#8998 = CARTESIAN_POINT('',(-21.2,-29.,0.55));
#8999 = VECTOR('',#9000,1.);
#9000 = DIRECTION('',(0.,0.,1.));
#9001 = PCURVE('',#2847,#9002);
#9002 = DEFINITIONAL_REPRESENTATION('',(#9003),#9007);
#9003 = LINE('',#9004,#9005);
#9004 = CARTESIAN_POINT('',(0.,0.));
#9005 = VECTOR('',#9006,1.);
#9006 = DIRECTION('',(1.,0.));
#9007 = ( GEOMETRIC_REPRESENTATION_CONTEXT(2) 
PARAMETRIC_REPRESENTATION_CONTEXT() REPRESENTATION_CONTEXT('2D SPACE',''
  ) );
#9008 = PCURVE('',#2875,#9009);
#9009 = DEFINITIONAL_REPRESENTATION('',(#9010),#9014);
#9010 = LINE('',#9011,#9012);
#9011 = CARTESIAN_POINT('',(0.,0.));
#9012 = VECTOR('',#9013,1.);
#9013 = DIRECTION('',(1.,0.));
#9014 = ( GEOMETRIC_REPRESENTATION_CONTEXT(2) 
PARAMETRIC_REPRESENTATION_CONTEXT() REPRESENTATION_CONTEXT('2D SPACE',''
  ) );
#9015 = ORIENTED_EDGE('',*,*,#2831,.T.);
#9016 = ORIENTED_EDGE('',*,*,#8950,.F.);
#9017 = ADVANCED_FACE('',(#9018),#2875,.F.);
#9018 = FACE_BOUND('',#9019,.F.);
#9019 = EDGE_LOOP('',(#9020,#9021,#9022,#9045));
#9020 = ORIENTED_EDGE('',*,*,#2859,.F.);
#9021 = ORIENTED_EDGE('',*,*,#8995,.T.);
#9022 = ORIENTED_EDGE('',*,*,#9023,.T.);
#9023 = EDGE_CURVE('',#8973,#9024,#9026,.T.);
#9024 = VERTEX_POINT('',#9025);
#9025 = CARTESIAN_POINT('',(-20.4,-29.,1.95));
#9026 = SURFACE_CURVE('',#9027,(#9031,#9038),.PCURVE_S1.);
#9027 = LINE('',#9028,#9029);
#9028 = CARTESIAN_POINT('',(-21.2,-29.,1.95));
#9029 = VECTOR('',#9030,1.);
#9030 = DIRECTION('',(1.,0.,0.));
#9031 = PCURVE('',#2875,#9032);
#9032 = DEFINITIONAL_REPRESENTATION('',(#9033),#9037);
#9033 = LINE('',#9034,#9035);
#9034 = CARTESIAN_POINT('',(1.4,0.));
#9035 = VECTOR('',#9036,1.);
#9036 = DIRECTION('',(0.,1.));
#9037 = ( GEOMETRIC_REPRESENTATION_CONTEXT(2) 
PARAMETRIC_REPRESENTATION_CONTEXT() REPRESENTATION_CONTEXT('2D SPACE',''
  ) );
#9038 = PCURVE('',#7598,#9039);
#9039 = DEFINITIONAL_REPRESENTATION('',(#9040),#9044);
#9040 = LINE('',#9041,#9042);
#9041 = CARTESIAN_POINT('',(9.8,-0.2));
#9042 = VECTOR('',#9043,1.);
#9043 = DIRECTION('',(1.,0.));
#9044 = ( GEOMETRIC_REPRESENTATION_CONTEXT(2) 
PARAMETRIC_REPRESENTATION_CONTEXT() REPRESENTATION_CONTEXT('2D SPACE',''
  ) );
#9045 = ORIENTED_EDGE('',*,*,#9046,.F.);
#9046 = EDGE_CURVE('',#2860,#9024,#9047,.T.);
#9047 = SURFACE_CURVE('',#9048,(#9052,#9059),.PCURVE_S1.);
#9048 = LINE('',#9049,#9050);
#9049 = CARTESIAN_POINT('',(-20.4,-29.,0.55));
#9050 = VECTOR('',#9051,1.);
#9051 = DIRECTION('',(0.,0.,1.));
#9052 = PCURVE('',#2875,#9053);
#9053 = DEFINITIONAL_REPRESENTATION('',(#9054),#9058);
#9054 = LINE('',#9055,#9056);
#9055 = CARTESIAN_POINT('',(0.,0.8));
#9056 = VECTOR('',#9057,1.);
#9057 = DIRECTION('',(1.,0.));
#9058 = ( GEOMETRIC_REPRESENTATION_CONTEXT(2) 
PARAMETRIC_REPRESENTATION_CONTEXT() REPRESENTATION_CONTEXT('2D SPACE',''
  ) );
#9059 = PCURVE('',#2903,#9060);
#9060 = DEFINITIONAL_REPRESENTATION('',(#9061),#9065);
#9061 = LINE('',#9062,#9063);
#9062 = CARTESIAN_POINT('',(0.,0.));
#9063 = VECTOR('',#9064,1.);
#9064 = DIRECTION('',(1.,0.));
#9065 = ( GEOMETRIC_REPRESENTATION_CONTEXT(2) 
PARAMETRIC_REPRESENTATION_CONTEXT() REPRESENTATION_CONTEXT('2D SPACE',''
  ) );
#9066 = ADVANCED_FACE('',(#9067),#2903,.T.);
#9067 = FACE_BOUND('',#9068,.T.);
#9068 = EDGE_LOOP('',(#9069,#9092,#9093,#9094));
#9069 = ORIENTED_EDGE('',*,*,#9070,.F.);
#9070 = EDGE_CURVE('',#9024,#9071,#9073,.T.);
#9071 = VERTEX_POINT('',#9072);
#9072 = CARTESIAN_POINT('',(-20.4,-28.8,1.95));
#9073 = SURFACE_CURVE('',#9074,(#9078,#9085),.PCURVE_S1.);
#9074 = LINE('',#9075,#9076);
#9075 = CARTESIAN_POINT('',(-20.4,-29.,1.95));
#9076 = VECTOR('',#9077,1.);
#9077 = DIRECTION('',(0.,1.,0.));
#9078 = PCURVE('',#2903,#9079);
#9079 = DEFINITIONAL_REPRESENTATION('',(#9080),#9084);
#9080 = LINE('',#9081,#9082);
#9081 = CARTESIAN_POINT('',(1.4,0.));
#9082 = VECTOR('',#9083,1.);
#9083 = DIRECTION('',(0.,-1.));
#9084 = ( GEOMETRIC_REPRESENTATION_CONTEXT(2) 
PARAMETRIC_REPRESENTATION_CONTEXT() REPRESENTATION_CONTEXT('2D SPACE',''
  ) );
#9085 = PCURVE('',#7598,#9086);
#9086 = DEFINITIONAL_REPRESENTATION('',(#9087),#9091);
#9087 = LINE('',#9088,#9089);
#9088 = CARTESIAN_POINT('',(10.6,-0.2));
#9089 = VECTOR('',#9090,1.);
#9090 = DIRECTION('',(0.,1.));
#9091 = ( GEOMETRIC_REPRESENTATION_CONTEXT(2) 
PARAMETRIC_REPRESENTATION_CONTEXT() REPRESENTATION_CONTEXT('2D SPACE',''
  ) );
#9092 = ORIENTED_EDGE('',*,*,#9046,.F.);
#9093 = ORIENTED_EDGE('',*,*,#2887,.T.);
#9094 = ORIENTED_EDGE('',*,*,#9095,.F.);
#9095 = EDGE_CURVE('',#9071,#2888,#9096,.T.);
#9096 = SURFACE_CURVE('',#9097,(#9101,#9107),.PCURVE_S1.);
#9097 = LINE('',#9098,#9099);
#9098 = CARTESIAN_POINT('',(-20.4,-28.8,0.55));
#9099 = VECTOR('',#9100,1.);
#9100 = DIRECTION('',(0.,0.,-1.));
#9101 = PCURVE('',#2903,#9102);
#9102 = DEFINITIONAL_REPRESENTATION('',(#9103),#9106);
#9103 = B_SPLINE_CURVE_WITH_KNOTS('',1,(#9104,#9105),.UNSPECIFIED.,.F.,
  .F.,(2,2),(-1.4,0.),.PIECEWISE_BEZIER_KNOTS.);
#9104 = CARTESIAN_POINT('',(1.4,-0.2));
#9105 = CARTESIAN_POINT('',(0.,-0.2));
#9106 = ( GEOMETRIC_REPRESENTATION_CONTEXT(2) 
PARAMETRIC_REPRESENTATION_CONTEXT() REPRESENTATION_CONTEXT('2D SPACE',''
  ) );
#9107 = PCURVE('',#2931,#9108);
#9108 = DEFINITIONAL_REPRESENTATION('',(#9109),#9112);
#9109 = B_SPLINE_CURVE_WITH_KNOTS('',1,(#9110,#9111),.UNSPECIFIED.,.F.,
  .F.,(2,2),(-1.4,0.),.PIECEWISE_BEZIER_KNOTS.);
#9110 = CARTESIAN_POINT('',(1.4,10.6));
#9111 = CARTESIAN_POINT('',(0.,10.6));
#9112 = ( GEOMETRIC_REPRESENTATION_CONTEXT(2) 
PARAMETRIC_REPRESENTATION_CONTEXT() REPRESENTATION_CONTEXT('2D SPACE',''
  ) );
#9113 = ADVANCED_FACE('',(#9114),#2931,.F.);
#9114 = FACE_BOUND('',#9115,.F.);
#9115 = EDGE_LOOP('',(#9116,#9117,#9118,#9141));
#9116 = ORIENTED_EDGE('',*,*,#2915,.F.);
#9117 = ORIENTED_EDGE('',*,*,#9095,.F.);
#9118 = ORIENTED_EDGE('',*,*,#9119,.T.);
#9119 = EDGE_CURVE('',#9071,#9120,#9122,.T.);
#9120 = VERTEX_POINT('',#9121);
#9121 = CARTESIAN_POINT('',(-18.0591527,-28.8,1.95));
#9122 = SURFACE_CURVE('',#9123,(#9127,#9134),.PCURVE_S1.);
#9123 = LINE('',#9124,#9125);
#9124 = CARTESIAN_POINT('',(-31.,-28.8,1.95));
#9125 = VECTOR('',#9126,1.);
#9126 = DIRECTION('',(1.,0.,0.));
#9127 = PCURVE('',#2931,#9128);
#9128 = DEFINITIONAL_REPRESENTATION('',(#9129),#9133);
#9129 = LINE('',#9130,#9131);
#9130 = CARTESIAN_POINT('',(1.4,0.));
#9131 = VECTOR('',#9132,1.);
#9132 = DIRECTION('',(0.,1.));
#9133 = ( GEOMETRIC_REPRESENTATION_CONTEXT(2) 
PARAMETRIC_REPRESENTATION_CONTEXT() REPRESENTATION_CONTEXT('2D SPACE',''
  ) );
#9134 = PCURVE('',#7598,#9135);
#9135 = DEFINITIONAL_REPRESENTATION('',(#9136),#9140);
#9136 = LINE('',#9137,#9138);
#9137 = CARTESIAN_POINT('',(0.,0.));
#9138 = VECTOR('',#9139,1.);
#9139 = DIRECTION('',(1.,0.));
#9140 = ( GEOMETRIC_REPRESENTATION_CONTEXT(2) 
PARAMETRIC_REPRESENTATION_CONTEXT() REPRESENTATION_CONTEXT('2D SPACE',''
  ) );
#9141 = ORIENTED_EDGE('',*,*,#9142,.F.);
#9142 = EDGE_CURVE('',#2916,#9120,#9143,.T.);
#9143 = SURFACE_CURVE('',#9144,(#9148,#9154),.PCURVE_S1.);
#9144 = LINE('',#9145,#9146);
#9145 = CARTESIAN_POINT('',(-18.0591527,-28.8,0.55));
#9146 = VECTOR('',#9147,1.);
#9147 = DIRECTION('',(0.,0.,1.));
#9148 = PCURVE('',#2931,#9149);
#9149 = DEFINITIONAL_REPRESENTATION('',(#9150),#9153);
#9150 = B_SPLINE_CURVE_WITH_KNOTS('',1,(#9151,#9152),.UNSPECIFIED.,.F.,
  .F.,(2,2),(0.,1.4),.PIECEWISE_BEZIER_KNOTS.);
#9151 = CARTESIAN_POINT('',(0.,12.9408473));
#9152 = CARTESIAN_POINT('',(1.4,12.9408473));
#9153 = ( GEOMETRIC_REPRESENTATION_CONTEXT(2) 
PARAMETRIC_REPRESENTATION_CONTEXT() REPRESENTATION_CONTEXT('2D SPACE',''
  ) );
#9154 = PCURVE('',#2959,#9155);
#9155 = DEFINITIONAL_REPRESENTATION('',(#9156),#9159);
#9156 = B_SPLINE_CURVE_WITH_KNOTS('',1,(#9157,#9158),.UNSPECIFIED.,.F.,
  .F.,(2,2),(0.,1.4),.PIECEWISE_BEZIER_KNOTS.);
#9157 = CARTESIAN_POINT('',(0.,-0.9629905));
#9158 = CARTESIAN_POINT('',(1.4,-0.9629905));
#9159 = ( GEOMETRIC_REPRESENTATION_CONTEXT(2) 
PARAMETRIC_REPRESENTATION_CONTEXT() REPRESENTATION_CONTEXT('2D SPACE',''
  ) );
#9160 = ADVANCED_FACE('',(#9161),#2959,.F.);
#9161 = FACE_BOUND('',#9162,.F.);
#9162 = EDGE_LOOP('',(#9163,#9193,#9214,#9215,#9216,#9238));
#9163 = ORIENTED_EDGE('',*,*,#9164,.F.);
#9164 = EDGE_CURVE('',#9165,#9167,#9169,.T.);
#9165 = VERTEX_POINT('',#9166);
#9166 = CARTESIAN_POINT('',(-18.0591527,-29.7629905,2.55));
#9167 = VERTEX_POINT('',#9168);
#9168 = CARTESIAN_POINT('',(-18.0591527,-28.7629905,2.55));
#9169 = SURFACE_CURVE('',#9170,(#9174,#9181),.PCURVE_S1.);
#9170 = LINE('',#9171,#9172);
#9171 = CARTESIAN_POINT('',(-18.0591527,-29.7629905,2.55));
#9172 = VECTOR('',#9173,1.);
#9173 = DIRECTION('',(0.,1.,0.));
#9174 = PCURVE('',#2959,#9175);
#9175 = DEFINITIONAL_REPRESENTATION('',(#9176),#9180);
#9176 = LINE('',#9177,#9178);
#9177 = CARTESIAN_POINT('',(2.,0.));
#9178 = VECTOR('',#9179,1.);
#9179 = DIRECTION('',(0.,-1.));
#9180 = ( GEOMETRIC_REPRESENTATION_CONTEXT(2) 
PARAMETRIC_REPRESENTATION_CONTEXT() REPRESENTATION_CONTEXT('2D SPACE',''
  ) );
#9181 = PCURVE('',#9182,#9187);
#9182 = PLANE('',#9183);
#9183 = AXIS2_PLACEMENT_3D('',#9184,#9185,#9186);
#9184 = CARTESIAN_POINT('',(-18.0591527,-29.7629905,2.55));
#9185 = DIRECTION('',(0.,0.,1.));
#9186 = DIRECTION('',(1.,0.,0.));
#9187 = DEFINITIONAL_REPRESENTATION('',(#9188),#9192);
#9188 = LINE('',#9189,#9190);
#9189 = CARTESIAN_POINT('',(0.,0.));
#9190 = VECTOR('',#9191,1.);
#9191 = DIRECTION('',(0.,1.));
#9192 = ( GEOMETRIC_REPRESENTATION_CONTEXT(2) 
PARAMETRIC_REPRESENTATION_CONTEXT() REPRESENTATION_CONTEXT('2D SPACE',''
  ) );
#9193 = ORIENTED_EDGE('',*,*,#9194,.F.);
#9194 = EDGE_CURVE('',#2944,#9165,#9195,.T.);
#9195 = SURFACE_CURVE('',#9196,(#9200,#9207),.PCURVE_S1.);
#9196 = LINE('',#9197,#9198);
#9197 = CARTESIAN_POINT('',(-18.0591527,-29.7629905,0.55));
#9198 = VECTOR('',#9199,1.);
#9199 = DIRECTION('',(0.,0.,1.));
#9200 = PCURVE('',#2959,#9201);
#9201 = DEFINITIONAL_REPRESENTATION('',(#9202),#9206);
#9202 = LINE('',#9203,#9204);
#9203 = CARTESIAN_POINT('',(0.,0.));
#9204 = VECTOR('',#9205,1.);
#9205 = DIRECTION('',(1.,0.));
#9206 = ( GEOMETRIC_REPRESENTATION_CONTEXT(2) 
PARAMETRIC_REPRESENTATION_CONTEXT() REPRESENTATION_CONTEXT('2D SPACE',''
  ) );
#9207 = PCURVE('',#2987,#9208);
#9208 = DEFINITIONAL_REPRESENTATION('',(#9209),#9213);
#9209 = LINE('',#9210,#9211);
#9210 = CARTESIAN_POINT('',(0.,0.));
#9211 = VECTOR('',#9212,1.);
#9212 = DIRECTION('',(1.,0.));
#9213 = ( GEOMETRIC_REPRESENTATION_CONTEXT(2) 
PARAMETRIC_REPRESENTATION_CONTEXT() REPRESENTATION_CONTEXT('2D SPACE',''
  ) );
#9214 = ORIENTED_EDGE('',*,*,#2943,.T.);
#9215 = ORIENTED_EDGE('',*,*,#9142,.T.);
#9216 = ORIENTED_EDGE('',*,*,#9217,.F.);
#9217 = EDGE_CURVE('',#9218,#9120,#9220,.T.);
#9218 = VERTEX_POINT('',#9219);
#9219 = CARTESIAN_POINT('',(-18.0591527,-28.7629905,1.95));
#9220 = SURFACE_CURVE('',#9221,(#9225,#9231),.PCURVE_S1.);
#9221 = LINE('',#9222,#9223);
#9222 = CARTESIAN_POINT('',(-18.0591527,-29.28149525,1.95));
#9223 = VECTOR('',#9224,1.);
#9224 = DIRECTION('',(0.,-1.,0.));
#9225 = PCURVE('',#2959,#9226);
#9226 = DEFINITIONAL_REPRESENTATION('',(#9227),#9230);
#9227 = B_SPLINE_CURVE_WITH_KNOTS('',1,(#9228,#9229),.UNSPECIFIED.,.F.,
  .F.,(2,2),(-0.51850475,-0.48149525),.PIECEWISE_BEZIER_KNOTS.);
#9228 = CARTESIAN_POINT('',(1.4,-1.));
#9229 = CARTESIAN_POINT('',(1.4,-0.9629905));
#9230 = ( GEOMETRIC_REPRESENTATION_CONTEXT(2) 
PARAMETRIC_REPRESENTATION_CONTEXT() REPRESENTATION_CONTEXT('2D SPACE',''
  ) );
#9231 = PCURVE('',#7598,#9232);
#9232 = DEFINITIONAL_REPRESENTATION('',(#9233),#9237);
#9233 = LINE('',#9234,#9235);
#9234 = CARTESIAN_POINT('',(12.9408473,-0.48149525));
#9235 = VECTOR('',#9236,1.);
#9236 = DIRECTION('',(0.,-1.));
#9237 = ( GEOMETRIC_REPRESENTATION_CONTEXT(2) 
PARAMETRIC_REPRESENTATION_CONTEXT() REPRESENTATION_CONTEXT('2D SPACE',''
  ) );
#9238 = ORIENTED_EDGE('',*,*,#9239,.T.);
#9239 = EDGE_CURVE('',#9218,#9167,#9240,.T.);
#9240 = SURFACE_CURVE('',#9241,(#9245,#9252),.PCURVE_S1.);
#9241 = LINE('',#9242,#9243);
#9242 = CARTESIAN_POINT('',(-18.0591527,-28.7629905,0.55));
#9243 = VECTOR('',#9244,1.);
#9244 = DIRECTION('',(0.,0.,1.));
#9245 = PCURVE('',#2959,#9246);
#9246 = DEFINITIONAL_REPRESENTATION('',(#9247),#9251);
#9247 = LINE('',#9248,#9249);
#9248 = CARTESIAN_POINT('',(0.,-1.));
#9249 = VECTOR('',#9250,1.);
#9250 = DIRECTION('',(1.,0.));
#9251 = ( GEOMETRIC_REPRESENTATION_CONTEXT(2) 
PARAMETRIC_REPRESENTATION_CONTEXT() REPRESENTATION_CONTEXT('2D SPACE',''
  ) );
#9252 = PCURVE('',#9253,#9258);
#9253 = PLANE('',#9254);
#9254 = AXIS2_PLACEMENT_3D('',#9255,#9256,#9257);
#9255 = CARTESIAN_POINT('',(-18.0591527,-28.7629905,0.55));
#9256 = DIRECTION('',(0.,1.,0.));
#9257 = DIRECTION('',(0.,0.,1.));
#9258 = DEFINITIONAL_REPRESENTATION('',(#9259),#9263);
#9259 = LINE('',#9260,#9261);
#9260 = CARTESIAN_POINT('',(0.,0.));
#9261 = VECTOR('',#9262,1.);
#9262 = DIRECTION('',(1.,0.));
#9263 = ( GEOMETRIC_REPRESENTATION_CONTEXT(2) 
PARAMETRIC_REPRESENTATION_CONTEXT() REPRESENTATION_CONTEXT('2D SPACE',''
  ) );
#9264 = ADVANCED_FACE('',(#9265),#2987,.F.);
#9265 = FACE_BOUND('',#9266,.F.);
#9266 = EDGE_LOOP('',(#9267,#9268,#9269,#9292));
#9267 = ORIENTED_EDGE('',*,*,#2971,.F.);
#9268 = ORIENTED_EDGE('',*,*,#9194,.T.);
#9269 = ORIENTED_EDGE('',*,*,#9270,.T.);
#9270 = EDGE_CURVE('',#9165,#9271,#9273,.T.);
#9271 = VERTEX_POINT('',#9272);
#9272 = CARTESIAN_POINT('',(9.9408473,-29.7629905,2.55));
#9273 = SURFACE_CURVE('',#9274,(#9278,#9285),.PCURVE_S1.);
#9274 = LINE('',#9275,#9276);
#9275 = CARTESIAN_POINT('',(-18.0591527,-29.7629905,2.55));
#9276 = VECTOR('',#9277,1.);
#9277 = DIRECTION('',(1.,0.,0.));
#9278 = PCURVE('',#2987,#9279);
#9279 = DEFINITIONAL_REPRESENTATION('',(#9280),#9284);
#9280 = LINE('',#9281,#9282);
#9281 = CARTESIAN_POINT('',(2.,0.));
#9282 = VECTOR('',#9283,1.);
#9283 = DIRECTION('',(0.,1.));
#9284 = ( GEOMETRIC_REPRESENTATION_CONTEXT(2) 
PARAMETRIC_REPRESENTATION_CONTEXT() REPRESENTATION_CONTEXT('2D SPACE',''
  ) );
#9285 = PCURVE('',#9182,#9286);
#9286 = DEFINITIONAL_REPRESENTATION('',(#9287),#9291);
#9287 = LINE('',#9288,#9289);
#9288 = CARTESIAN_POINT('',(0.,0.));
#9289 = VECTOR('',#9290,1.);
#9290 = DIRECTION('',(1.,0.));
#9291 = ( GEOMETRIC_REPRESENTATION_CONTEXT(2) 
PARAMETRIC_REPRESENTATION_CONTEXT() REPRESENTATION_CONTEXT('2D SPACE',''
  ) );
#9292 = ORIENTED_EDGE('',*,*,#9293,.F.);
#9293 = EDGE_CURVE('',#2972,#9271,#9294,.T.);
#9294 = SURFACE_CURVE('',#9295,(#9299,#9306),.PCURVE_S1.);
#9295 = LINE('',#9296,#9297);
#9296 = CARTESIAN_POINT('',(9.9408473,-29.7629905,0.55));
#9297 = VECTOR('',#9298,1.);
#9298 = DIRECTION('',(0.,0.,1.));
#9299 = PCURVE('',#2987,#9300);
#9300 = DEFINITIONAL_REPRESENTATION('',(#9301),#9305);
#9301 = LINE('',#9302,#9303);
#9302 = CARTESIAN_POINT('',(0.,28.));
#9303 = VECTOR('',#9304,1.);
#9304 = DIRECTION('',(1.,0.));
#9305 = ( GEOMETRIC_REPRESENTATION_CONTEXT(2) 
PARAMETRIC_REPRESENTATION_CONTEXT() REPRESENTATION_CONTEXT('2D SPACE',''
  ) );
#9306 = PCURVE('',#3015,#9307);
#9307 = DEFINITIONAL_REPRESENTATION('',(#9308),#9312);
#9308 = LINE('',#9309,#9310);
#9309 = CARTESIAN_POINT('',(0.,0.));
#9310 = VECTOR('',#9311,1.);
#9311 = DIRECTION('',(1.,0.));
#9312 = ( GEOMETRIC_REPRESENTATION_CONTEXT(2) 
PARAMETRIC_REPRESENTATION_CONTEXT() REPRESENTATION_CONTEXT('2D SPACE',''
  ) );
#9313 = ADVANCED_FACE('',(#9314),#3015,.T.);
#9314 = FACE_BOUND('',#9315,.T.);
#9315 = EDGE_LOOP('',(#9316,#9339,#9340,#9341,#9362,#9384));
#9316 = ORIENTED_EDGE('',*,*,#9317,.F.);
#9317 = EDGE_CURVE('',#9271,#9318,#9320,.T.);
#9318 = VERTEX_POINT('',#9319);
#9319 = CARTESIAN_POINT('',(9.9408473,-28.7629905,2.55));
#9320 = SURFACE_CURVE('',#9321,(#9325,#9332),.PCURVE_S1.);
#9321 = LINE('',#9322,#9323);
#9322 = CARTESIAN_POINT('',(9.9408473,-29.7629905,2.55));
#9323 = VECTOR('',#9324,1.);
#9324 = DIRECTION('',(0.,1.,0.));
#9325 = PCURVE('',#3015,#9326);
#9326 = DEFINITIONAL_REPRESENTATION('',(#9327),#9331);
#9327 = LINE('',#9328,#9329);
#9328 = CARTESIAN_POINT('',(2.,0.));
#9329 = VECTOR('',#9330,1.);
#9330 = DIRECTION('',(0.,-1.));
#9331 = ( GEOMETRIC_REPRESENTATION_CONTEXT(2) 
PARAMETRIC_REPRESENTATION_CONTEXT() REPRESENTATION_CONTEXT('2D SPACE',''
  ) );
#9332 = PCURVE('',#9182,#9333);
#9333 = DEFINITIONAL_REPRESENTATION('',(#9334),#9338);
#9334 = LINE('',#9335,#9336);
#9335 = CARTESIAN_POINT('',(28.,0.));
#9336 = VECTOR('',#9337,1.);
#9337 = DIRECTION('',(0.,1.));
#9338 = ( GEOMETRIC_REPRESENTATION_CONTEXT(2) 
PARAMETRIC_REPRESENTATION_CONTEXT() REPRESENTATION_CONTEXT('2D SPACE',''
  ) );
#9339 = ORIENTED_EDGE('',*,*,#9293,.F.);
#9340 = ORIENTED_EDGE('',*,*,#2999,.T.);
#9341 = ORIENTED_EDGE('',*,*,#9342,.T.);
#9342 = EDGE_CURVE('',#3000,#9343,#9345,.T.);
#9343 = VERTEX_POINT('',#9344);
#9344 = CARTESIAN_POINT('',(9.9408473,-28.8,1.95));
#9345 = SURFACE_CURVE('',#9346,(#9350,#9356),.PCURVE_S1.);
#9346 = LINE('',#9347,#9348);
#9347 = CARTESIAN_POINT('',(9.9408473,-28.8,0.55));
#9348 = VECTOR('',#9349,1.);
#9349 = DIRECTION('',(0.,0.,1.));
#9350 = PCURVE('',#3015,#9351);
#9351 = DEFINITIONAL_REPRESENTATION('',(#9352),#9355);
#9352 = B_SPLINE_CURVE_WITH_KNOTS('',1,(#9353,#9354),.UNSPECIFIED.,.F.,
  .F.,(2,2),(0.,1.4),.PIECEWISE_BEZIER_KNOTS.);
#9353 = CARTESIAN_POINT('',(0.,-0.9629905));
#9354 = CARTESIAN_POINT('',(1.4,-0.9629905));
#9355 = ( GEOMETRIC_REPRESENTATION_CONTEXT(2) 
PARAMETRIC_REPRESENTATION_CONTEXT() REPRESENTATION_CONTEXT('2D SPACE',''
  ) );
#9356 = PCURVE('',#3043,#9357);
#9357 = DEFINITIONAL_REPRESENTATION('',(#9358),#9361);
#9358 = B_SPLINE_CURVE_WITH_KNOTS('',1,(#9359,#9360),.UNSPECIFIED.,.F.,
  .F.,(2,2),(0.,1.4),.PIECEWISE_BEZIER_KNOTS.);
#9359 = CARTESIAN_POINT('',(0.,40.9408473));
#9360 = CARTESIAN_POINT('',(1.4,40.9408473));
#9361 = ( GEOMETRIC_REPRESENTATION_CONTEXT(2) 
PARAMETRIC_REPRESENTATION_CONTEXT() REPRESENTATION_CONTEXT('2D SPACE',''
  ) );
#9362 = ORIENTED_EDGE('',*,*,#9363,.F.);
#9363 = EDGE_CURVE('',#9364,#9343,#9366,.T.);
#9364 = VERTEX_POINT('',#9365);
#9365 = CARTESIAN_POINT('',(9.9408473,-28.7629905,1.95));
#9366 = SURFACE_CURVE('',#9367,(#9371,#9377),.PCURVE_S1.);
#9367 = LINE('',#9368,#9369);
#9368 = CARTESIAN_POINT('',(9.9408473,-29.28149525,1.95));
#9369 = VECTOR('',#9370,1.);
#9370 = DIRECTION('',(0.,-1.,0.));
#9371 = PCURVE('',#3015,#9372);
#9372 = DEFINITIONAL_REPRESENTATION('',(#9373),#9376);
#9373 = B_SPLINE_CURVE_WITH_KNOTS('',1,(#9374,#9375),.UNSPECIFIED.,.F.,
  .F.,(2,2),(-0.51850475,-0.48149525),.PIECEWISE_BEZIER_KNOTS.);
#9374 = CARTESIAN_POINT('',(1.4,-1.));
#9375 = CARTESIAN_POINT('',(1.4,-0.9629905));
#9376 = ( GEOMETRIC_REPRESENTATION_CONTEXT(2) 
PARAMETRIC_REPRESENTATION_CONTEXT() REPRESENTATION_CONTEXT('2D SPACE',''
  ) );
#9377 = PCURVE('',#7598,#9378);
#9378 = DEFINITIONAL_REPRESENTATION('',(#9379),#9383);
#9379 = LINE('',#9380,#9381);
#9380 = CARTESIAN_POINT('',(40.9408473,-0.48149525));
#9381 = VECTOR('',#9382,1.);
#9382 = DIRECTION('',(0.,-1.));
#9383 = ( GEOMETRIC_REPRESENTATION_CONTEXT(2) 
PARAMETRIC_REPRESENTATION_CONTEXT() REPRESENTATION_CONTEXT('2D SPACE',''
  ) );
#9384 = ORIENTED_EDGE('',*,*,#9385,.T.);
#9385 = EDGE_CURVE('',#9364,#9318,#9386,.T.);
#9386 = SURFACE_CURVE('',#9387,(#9391,#9398),.PCURVE_S1.);
#9387 = LINE('',#9388,#9389);
#9388 = CARTESIAN_POINT('',(9.9408473,-28.7629905,0.55));
#9389 = VECTOR('',#9390,1.);
#9390 = DIRECTION('',(0.,0.,1.));
#9391 = PCURVE('',#3015,#9392);
#9392 = DEFINITIONAL_REPRESENTATION('',(#9393),#9397);
#9393 = LINE('',#9394,#9395);
#9394 = CARTESIAN_POINT('',(0.,-1.));
#9395 = VECTOR('',#9396,1.);
#9396 = DIRECTION('',(1.,0.));
#9397 = ( GEOMETRIC_REPRESENTATION_CONTEXT(2) 
PARAMETRIC_REPRESENTATION_CONTEXT() REPRESENTATION_CONTEXT('2D SPACE',''
  ) );
#9398 = PCURVE('',#9253,#9399);
#9399 = DEFINITIONAL_REPRESENTATION('',(#9400),#9404);
#9400 = LINE('',#9401,#9402);
#9401 = CARTESIAN_POINT('',(0.,28.));
#9402 = VECTOR('',#9403,1.);
#9403 = DIRECTION('',(1.,0.));
#9404 = ( GEOMETRIC_REPRESENTATION_CONTEXT(2) 
PARAMETRIC_REPRESENTATION_CONTEXT() REPRESENTATION_CONTEXT('2D SPACE',''
  ) );
#9405 = ADVANCED_FACE('',(#9406),#3043,.F.);
#9406 = FACE_BOUND('',#9407,.F.);
#9407 = EDGE_LOOP('',(#9408,#9409,#9410,#9433));
#9408 = ORIENTED_EDGE('',*,*,#3027,.F.);
#9409 = ORIENTED_EDGE('',*,*,#9342,.T.);
#9410 = ORIENTED_EDGE('',*,*,#9411,.T.);
#9411 = EDGE_CURVE('',#9343,#9412,#9414,.T.);
#9412 = VERTEX_POINT('',#9413);
#9413 = CARTESIAN_POINT('',(20.4,-28.8,1.95));
#9414 = SURFACE_CURVE('',#9415,(#9419,#9426),.PCURVE_S1.);
#9415 = LINE('',#9416,#9417);
#9416 = CARTESIAN_POINT('',(-31.,-28.8,1.95));
#9417 = VECTOR('',#9418,1.);
#9418 = DIRECTION('',(1.,0.,0.));
#9419 = PCURVE('',#3043,#9420);
#9420 = DEFINITIONAL_REPRESENTATION('',(#9421),#9425);
#9421 = LINE('',#9422,#9423);
#9422 = CARTESIAN_POINT('',(1.4,0.));
#9423 = VECTOR('',#9424,1.);
#9424 = DIRECTION('',(0.,1.));
#9425 = ( GEOMETRIC_REPRESENTATION_CONTEXT(2) 
PARAMETRIC_REPRESENTATION_CONTEXT() REPRESENTATION_CONTEXT('2D SPACE',''
  ) );
#9426 = PCURVE('',#7598,#9427);
#9427 = DEFINITIONAL_REPRESENTATION('',(#9428),#9432);
#9428 = LINE('',#9429,#9430);
#9429 = CARTESIAN_POINT('',(0.,0.));
#9430 = VECTOR('',#9431,1.);
#9431 = DIRECTION('',(1.,0.));
#9432 = ( GEOMETRIC_REPRESENTATION_CONTEXT(2) 
PARAMETRIC_REPRESENTATION_CONTEXT() REPRESENTATION_CONTEXT('2D SPACE',''
  ) );
#9433 = ORIENTED_EDGE('',*,*,#9434,.T.);
#9434 = EDGE_CURVE('',#9412,#3028,#9435,.T.);
#9435 = SURFACE_CURVE('',#9436,(#9440,#9446),.PCURVE_S1.);
#9436 = LINE('',#9437,#9438);
#9437 = CARTESIAN_POINT('',(20.4,-28.8,0.55));
#9438 = VECTOR('',#9439,1.);
#9439 = DIRECTION('',(0.,0.,-1.));
#9440 = PCURVE('',#3043,#9441);
#9441 = DEFINITIONAL_REPRESENTATION('',(#9442),#9445);
#9442 = B_SPLINE_CURVE_WITH_KNOTS('',1,(#9443,#9444),.UNSPECIFIED.,.F.,
  .F.,(2,2),(-1.4,0.),.PIECEWISE_BEZIER_KNOTS.);
#9443 = CARTESIAN_POINT('',(1.4,51.4));
#9444 = CARTESIAN_POINT('',(0.,51.4));
#9445 = ( GEOMETRIC_REPRESENTATION_CONTEXT(2) 
PARAMETRIC_REPRESENTATION_CONTEXT() REPRESENTATION_CONTEXT('2D SPACE',''
  ) );
#9446 = PCURVE('',#3071,#9447);
#9447 = DEFINITIONAL_REPRESENTATION('',(#9448),#9451);
#9448 = B_SPLINE_CURVE_WITH_KNOTS('',1,(#9449,#9450),.UNSPECIFIED.,.F.,
  .F.,(2,2),(-1.4,0.),.PIECEWISE_BEZIER_KNOTS.);
#9449 = CARTESIAN_POINT('',(1.4,-0.2));
#9450 = CARTESIAN_POINT('',(0.,-0.2));
#9451 = ( GEOMETRIC_REPRESENTATION_CONTEXT(2) 
PARAMETRIC_REPRESENTATION_CONTEXT() REPRESENTATION_CONTEXT('2D SPACE',''
  ) );
#9452 = ADVANCED_FACE('',(#9453),#3071,.F.);
#9453 = FACE_BOUND('',#9454,.F.);
#9454 = EDGE_LOOP('',(#9455,#9478,#9499,#9500));
#9455 = ORIENTED_EDGE('',*,*,#9456,.F.);
#9456 = EDGE_CURVE('',#9457,#9412,#9459,.T.);
#9457 = VERTEX_POINT('',#9458);
#9458 = CARTESIAN_POINT('',(20.4,-29.,1.95));
#9459 = SURFACE_CURVE('',#9460,(#9464,#9471),.PCURVE_S1.);
#9460 = LINE('',#9461,#9462);
#9461 = CARTESIAN_POINT('',(20.4,-29.,1.95));
#9462 = VECTOR('',#9463,1.);
#9463 = DIRECTION('',(0.,1.,0.));
#9464 = PCURVE('',#3071,#9465);
#9465 = DEFINITIONAL_REPRESENTATION('',(#9466),#9470);
#9466 = LINE('',#9467,#9468);
#9467 = CARTESIAN_POINT('',(1.4,0.));
#9468 = VECTOR('',#9469,1.);
#9469 = DIRECTION('',(0.,-1.));
#9470 = ( GEOMETRIC_REPRESENTATION_CONTEXT(2) 
PARAMETRIC_REPRESENTATION_CONTEXT() REPRESENTATION_CONTEXT('2D SPACE',''
  ) );
#9471 = PCURVE('',#7598,#9472);
#9472 = DEFINITIONAL_REPRESENTATION('',(#9473),#9477);
#9473 = LINE('',#9474,#9475);
#9474 = CARTESIAN_POINT('',(51.4,-0.2));
#9475 = VECTOR('',#9476,1.);
#9476 = DIRECTION('',(0.,1.));
#9477 = ( GEOMETRIC_REPRESENTATION_CONTEXT(2) 
PARAMETRIC_REPRESENTATION_CONTEXT() REPRESENTATION_CONTEXT('2D SPACE',''
  ) );
#9478 = ORIENTED_EDGE('',*,*,#9479,.F.);
#9479 = EDGE_CURVE('',#3056,#9457,#9480,.T.);
#9480 = SURFACE_CURVE('',#9481,(#9485,#9492),.PCURVE_S1.);
#9481 = LINE('',#9482,#9483);
#9482 = CARTESIAN_POINT('',(20.4,-29.,0.55));
#9483 = VECTOR('',#9484,1.);
#9484 = DIRECTION('',(0.,0.,1.));
#9485 = PCURVE('',#3071,#9486);
#9486 = DEFINITIONAL_REPRESENTATION('',(#9487),#9491);
#9487 = LINE('',#9488,#9489);
#9488 = CARTESIAN_POINT('',(0.,0.));
#9489 = VECTOR('',#9490,1.);
#9490 = DIRECTION('',(1.,0.));
#9491 = ( GEOMETRIC_REPRESENTATION_CONTEXT(2) 
PARAMETRIC_REPRESENTATION_CONTEXT() REPRESENTATION_CONTEXT('2D SPACE',''
  ) );
#9492 = PCURVE('',#3099,#9493);
#9493 = DEFINITIONAL_REPRESENTATION('',(#9494),#9498);
#9494 = LINE('',#9495,#9496);
#9495 = CARTESIAN_POINT('',(0.,0.));
#9496 = VECTOR('',#9497,1.);
#9497 = DIRECTION('',(1.,0.));
#9498 = ( GEOMETRIC_REPRESENTATION_CONTEXT(2) 
PARAMETRIC_REPRESENTATION_CONTEXT() REPRESENTATION_CONTEXT('2D SPACE',''
  ) );
#9499 = ORIENTED_EDGE('',*,*,#3055,.T.);
#9500 = ORIENTED_EDGE('',*,*,#9434,.F.);
#9501 = ADVANCED_FACE('',(#9502),#3099,.F.);
#9502 = FACE_BOUND('',#9503,.F.);
#9503 = EDGE_LOOP('',(#9504,#9505,#9506,#9529));
#9504 = ORIENTED_EDGE('',*,*,#3083,.F.);
#9505 = ORIENTED_EDGE('',*,*,#9479,.T.);
#9506 = ORIENTED_EDGE('',*,*,#9507,.T.);
#9507 = EDGE_CURVE('',#9457,#9508,#9510,.T.);
#9508 = VERTEX_POINT('',#9509);
#9509 = CARTESIAN_POINT('',(21.2,-29.,1.95));
#9510 = SURFACE_CURVE('',#9511,(#9515,#9522),.PCURVE_S1.);
#9511 = LINE('',#9512,#9513);
#9512 = CARTESIAN_POINT('',(20.4,-29.,1.95));
#9513 = VECTOR('',#9514,1.);
#9514 = DIRECTION('',(1.,0.,0.));
#9515 = PCURVE('',#3099,#9516);
#9516 = DEFINITIONAL_REPRESENTATION('',(#9517),#9521);
#9517 = LINE('',#9518,#9519);
#9518 = CARTESIAN_POINT('',(1.4,0.));
#9519 = VECTOR('',#9520,1.);
#9520 = DIRECTION('',(0.,1.));
#9521 = ( GEOMETRIC_REPRESENTATION_CONTEXT(2) 
PARAMETRIC_REPRESENTATION_CONTEXT() REPRESENTATION_CONTEXT('2D SPACE',''
  ) );
#9522 = PCURVE('',#7598,#9523);
#9523 = DEFINITIONAL_REPRESENTATION('',(#9524),#9528);
#9524 = LINE('',#9525,#9526);
#9525 = CARTESIAN_POINT('',(51.4,-0.2));
#9526 = VECTOR('',#9527,1.);
#9527 = DIRECTION('',(1.,0.));
#9528 = ( GEOMETRIC_REPRESENTATION_CONTEXT(2) 
PARAMETRIC_REPRESENTATION_CONTEXT() REPRESENTATION_CONTEXT('2D SPACE',''
  ) );
#9529 = ORIENTED_EDGE('',*,*,#9530,.F.);
#9530 = EDGE_CURVE('',#3084,#9508,#9531,.T.);
#9531 = SURFACE_CURVE('',#9532,(#9536,#9543),.PCURVE_S1.);
#9532 = LINE('',#9533,#9534);
#9533 = CARTESIAN_POINT('',(21.2,-29.,0.55));
#9534 = VECTOR('',#9535,1.);
#9535 = DIRECTION('',(0.,0.,1.));
#9536 = PCURVE('',#3099,#9537);
#9537 = DEFINITIONAL_REPRESENTATION('',(#9538),#9542);
#9538 = LINE('',#9539,#9540);
#9539 = CARTESIAN_POINT('',(0.,0.8));
#9540 = VECTOR('',#9541,1.);
#9541 = DIRECTION('',(1.,0.));
#9542 = ( GEOMETRIC_REPRESENTATION_CONTEXT(2) 
PARAMETRIC_REPRESENTATION_CONTEXT() REPRESENTATION_CONTEXT('2D SPACE',''
  ) );
#9543 = PCURVE('',#3127,#9544);
#9544 = DEFINITIONAL_REPRESENTATION('',(#9545),#9549);
#9545 = LINE('',#9546,#9547);
#9546 = CARTESIAN_POINT('',(0.,0.));
#9547 = VECTOR('',#9548,1.);
#9548 = DIRECTION('',(1.,0.));
#9549 = ( GEOMETRIC_REPRESENTATION_CONTEXT(2) 
PARAMETRIC_REPRESENTATION_CONTEXT() REPRESENTATION_CONTEXT('2D SPACE',''
  ) );
#9550 = ADVANCED_FACE('',(#9551),#3127,.T.);
#9551 = FACE_BOUND('',#9552,.T.);
#9552 = EDGE_LOOP('',(#9553,#9576,#9577,#9578));
#9553 = ORIENTED_EDGE('',*,*,#9554,.F.);
#9554 = EDGE_CURVE('',#9508,#9555,#9557,.T.);
#9555 = VERTEX_POINT('',#9556);
#9556 = CARTESIAN_POINT('',(21.2,-28.8,1.95));
#9557 = SURFACE_CURVE('',#9558,(#9562,#9569),.PCURVE_S1.);
#9558 = LINE('',#9559,#9560);
#9559 = CARTESIAN_POINT('',(21.2,-29.,1.95));
#9560 = VECTOR('',#9561,1.);
#9561 = DIRECTION('',(0.,1.,0.));
#9562 = PCURVE('',#3127,#9563);
#9563 = DEFINITIONAL_REPRESENTATION('',(#9564),#9568);
#9564 = LINE('',#9565,#9566);
#9565 = CARTESIAN_POINT('',(1.4,0.));
#9566 = VECTOR('',#9567,1.);
#9567 = DIRECTION('',(0.,-1.));
#9568 = ( GEOMETRIC_REPRESENTATION_CONTEXT(2) 
PARAMETRIC_REPRESENTATION_CONTEXT() REPRESENTATION_CONTEXT('2D SPACE',''
  ) );
#9569 = PCURVE('',#7598,#9570);
#9570 = DEFINITIONAL_REPRESENTATION('',(#9571),#9575);
#9571 = LINE('',#9572,#9573);
#9572 = CARTESIAN_POINT('',(52.2,-0.2));
#9573 = VECTOR('',#9574,1.);
#9574 = DIRECTION('',(0.,1.));
#9575 = ( GEOMETRIC_REPRESENTATION_CONTEXT(2) 
PARAMETRIC_REPRESENTATION_CONTEXT() REPRESENTATION_CONTEXT('2D SPACE',''
  ) );
#9576 = ORIENTED_EDGE('',*,*,#9530,.F.);
#9577 = ORIENTED_EDGE('',*,*,#3111,.T.);
#9578 = ORIENTED_EDGE('',*,*,#9579,.F.);
#9579 = EDGE_CURVE('',#9555,#3112,#9580,.T.);
#9580 = SURFACE_CURVE('',#9581,(#9585,#9591),.PCURVE_S1.);
#9581 = LINE('',#9582,#9583);
#9582 = CARTESIAN_POINT('',(21.2,-28.8,0.55));
#9583 = VECTOR('',#9584,1.);
#9584 = DIRECTION('',(0.,0.,-1.));
#9585 = PCURVE('',#3127,#9586);
#9586 = DEFINITIONAL_REPRESENTATION('',(#9587),#9590);
#9587 = B_SPLINE_CURVE_WITH_KNOTS('',1,(#9588,#9589),.UNSPECIFIED.,.F.,
  .F.,(2,2),(-1.4,0.),.PIECEWISE_BEZIER_KNOTS.);
#9588 = CARTESIAN_POINT('',(1.4,-0.2));
#9589 = CARTESIAN_POINT('',(0.,-0.2));
#9590 = ( GEOMETRIC_REPRESENTATION_CONTEXT(2) 
PARAMETRIC_REPRESENTATION_CONTEXT() REPRESENTATION_CONTEXT('2D SPACE',''
  ) );
#9591 = PCURVE('',#3155,#9592);
#9592 = DEFINITIONAL_REPRESENTATION('',(#9593),#9596);
#9593 = B_SPLINE_CURVE_WITH_KNOTS('',1,(#9594,#9595),.UNSPECIFIED.,.F.,
  .F.,(2,2),(-1.4,0.),.PIECEWISE_BEZIER_KNOTS.);
#9594 = CARTESIAN_POINT('',(1.4,52.2));
#9595 = CARTESIAN_POINT('',(0.,52.2));
#9596 = ( GEOMETRIC_REPRESENTATION_CONTEXT(2) 
PARAMETRIC_REPRESENTATION_CONTEXT() REPRESENTATION_CONTEXT('2D SPACE',''
  ) );
#9597 = ADVANCED_FACE('',(#9598),#3155,.F.);
#9598 = FACE_BOUND('',#9599,.F.);
#9599 = EDGE_LOOP('',(#9600,#9601,#9602,#9623));
#9600 = ORIENTED_EDGE('',*,*,#3139,.F.);
#9601 = ORIENTED_EDGE('',*,*,#9579,.F.);
#9602 = ORIENTED_EDGE('',*,*,#9603,.T.);
#9603 = EDGE_CURVE('',#9555,#7563,#9604,.T.);
#9604 = SURFACE_CURVE('',#9605,(#9609,#9616),.PCURVE_S1.);
#9605 = LINE('',#9606,#9607);
#9606 = CARTESIAN_POINT('',(-31.,-28.8,1.95));
#9607 = VECTOR('',#9608,1.);
#9608 = DIRECTION('',(1.,0.,0.));
#9609 = PCURVE('',#3155,#9610);
#9610 = DEFINITIONAL_REPRESENTATION('',(#9611),#9615);
#9611 = LINE('',#9612,#9613);
#9612 = CARTESIAN_POINT('',(1.4,0.));
#9613 = VECTOR('',#9614,1.);
#9614 = DIRECTION('',(0.,1.));
#9615 = ( GEOMETRIC_REPRESENTATION_CONTEXT(2) 
PARAMETRIC_REPRESENTATION_CONTEXT() REPRESENTATION_CONTEXT('2D SPACE',''
  ) );
#9616 = PCURVE('',#7598,#9617);
#9617 = DEFINITIONAL_REPRESENTATION('',(#9618),#9622);
#9618 = LINE('',#9619,#9620);
#9619 = CARTESIAN_POINT('',(0.,0.));
#9620 = VECTOR('',#9621,1.);
#9621 = DIRECTION('',(1.,0.));
#9622 = ( GEOMETRIC_REPRESENTATION_CONTEXT(2) 
PARAMETRIC_REPRESENTATION_CONTEXT() REPRESENTATION_CONTEXT('2D SPACE',''
  ) );
#9623 = ORIENTED_EDGE('',*,*,#7562,.F.);
#9624 = ADVANCED_FACE('',(#9625),#3254,.F.);
#9625 = FACE_BOUND('',#9626,.F.);
#9626 = EDGE_LOOP('',(#9627,#9628,#9651,#9672,#9673,#9674,#9695,#9717));
#9627 = ORIENTED_EDGE('',*,*,#3236,.F.);
#9628 = ORIENTED_EDGE('',*,*,#9629,.T.);
#9629 = EDGE_CURVE('',#3237,#9630,#9632,.T.);
#9630 = VERTEX_POINT('',#9631);
#9631 = CARTESIAN_POINT('',(7.9961102,2.1,2.35));
#9632 = SURFACE_CURVE('',#9633,(#9637,#9644),.PCURVE_S1.);
#9633 = LINE('',#9634,#9635);
#9634 = CARTESIAN_POINT('',(7.9961102,2.1,0.55));
#9635 = VECTOR('',#9636,1.);
#9636 = DIRECTION('',(0.,0.,1.));
#9637 = PCURVE('',#3254,#9638);
#9638 = DEFINITIONAL_REPRESENTATION('',(#9639),#9643);
#9639 = LINE('',#9640,#9641);
#9640 = CARTESIAN_POINT('',(0.,0.));
#9641 = VECTOR('',#9642,1.);
#9642 = DIRECTION('',(1.,0.));
#9643 = ( GEOMETRIC_REPRESENTATION_CONTEXT(2) 
PARAMETRIC_REPRESENTATION_CONTEXT() REPRESENTATION_CONTEXT('2D SPACE',''
  ) );
#9644 = PCURVE('',#3443,#9645);
#9645 = DEFINITIONAL_REPRESENTATION('',(#9646),#9650);
#9646 = LINE('',#9647,#9648);
#9647 = CARTESIAN_POINT('',(0.,0.));
#9648 = VECTOR('',#9649,1.);
#9649 = DIRECTION('',(1.,0.));
#9650 = ( GEOMETRIC_REPRESENTATION_CONTEXT(2) 
PARAMETRIC_REPRESENTATION_CONTEXT() REPRESENTATION_CONTEXT('2D SPACE',''
  ) );
#9651 = ORIENTED_EDGE('',*,*,#9652,.T.);
#9652 = EDGE_CURVE('',#9630,#7037,#9653,.T.);
#9653 = SURFACE_CURVE('',#9654,(#9658,#9665),.PCURVE_S1.);
#9654 = LINE('',#9655,#9656);
#9655 = CARTESIAN_POINT('',(7.9961102,2.1,2.35));
#9656 = VECTOR('',#9657,1.);
#9657 = DIRECTION('',(1.,0.,0.));
#9658 = PCURVE('',#3254,#9659);
#9659 = DEFINITIONAL_REPRESENTATION('',(#9660),#9664);
#9660 = LINE('',#9661,#9662);
#9661 = CARTESIAN_POINT('',(1.8,0.));
#9662 = VECTOR('',#9663,1.);
#9663 = DIRECTION('',(0.,1.));
#9664 = ( GEOMETRIC_REPRESENTATION_CONTEXT(2) 
PARAMETRIC_REPRESENTATION_CONTEXT() REPRESENTATION_CONTEXT('2D SPACE',''
  ) );
#9665 = PCURVE('',#6541,#9666);
#9666 = DEFINITIONAL_REPRESENTATION('',(#9667),#9671);
#9667 = LINE('',#9668,#9669);
#9668 = CARTESIAN_POINT('',(0.,-19.));
#9669 = VECTOR('',#9670,1.);
#9670 = DIRECTION('',(1.,0.));
#9671 = ( GEOMETRIC_REPRESENTATION_CONTEXT(2) 
PARAMETRIC_REPRESENTATION_CONTEXT() REPRESENTATION_CONTEXT('2D SPACE',''
  ) );
#9672 = ORIENTED_EDGE('',*,*,#7036,.T.);
#9673 = ORIENTED_EDGE('',*,*,#3515,.F.);
#9674 = ORIENTED_EDGE('',*,*,#9675,.F.);
#9675 = EDGE_CURVE('',#9676,#3488,#9678,.T.);
#9676 = VERTEX_POINT('',#9677);
#9677 = CARTESIAN_POINT('',(21.2,2.1,1.95));
#9678 = SURFACE_CURVE('',#9679,(#9683,#9689),.PCURVE_S1.);
#9679 = LINE('',#9680,#9681);
#9680 = CARTESIAN_POINT('',(21.2,2.1,0.55));
#9681 = VECTOR('',#9682,1.);
#9682 = DIRECTION('',(0.,0.,-1.));
#9683 = PCURVE('',#3254,#9684);
#9684 = DEFINITIONAL_REPRESENTATION('',(#9685),#9688);
#9685 = B_SPLINE_CURVE_WITH_KNOTS('',1,(#9686,#9687),.UNSPECIFIED.,.F.,
  .F.,(2,2),(-1.4,0.),.PIECEWISE_BEZIER_KNOTS.);
#9686 = CARTESIAN_POINT('',(1.4,13.2038898));
#9687 = CARTESIAN_POINT('',(0.,13.2038898));
#9688 = ( GEOMETRIC_REPRESENTATION_CONTEXT(2) 
PARAMETRIC_REPRESENTATION_CONTEXT() REPRESENTATION_CONTEXT('2D SPACE',''
  ) );
#9689 = PCURVE('',#3503,#9690);
#9690 = DEFINITIONAL_REPRESENTATION('',(#9691),#9694);
#9691 = B_SPLINE_CURVE_WITH_KNOTS('',1,(#9692,#9693),.UNSPECIFIED.,.F.,
  .F.,(2,2),(-1.4,0.),.PIECEWISE_BEZIER_KNOTS.);
#9692 = CARTESIAN_POINT('',(1.4,-31.1));
#9693 = CARTESIAN_POINT('',(0.,-31.1));
#9694 = ( GEOMETRIC_REPRESENTATION_CONTEXT(2) 
PARAMETRIC_REPRESENTATION_CONTEXT() REPRESENTATION_CONTEXT('2D SPACE',''
  ) );
#9695 = ORIENTED_EDGE('',*,*,#9696,.F.);
#9696 = EDGE_CURVE('',#9697,#9676,#9699,.T.);
#9697 = VERTEX_POINT('',#9698);
#9698 = CARTESIAN_POINT('',(20.4,2.1,1.95));
#9699 = SURFACE_CURVE('',#9700,(#9704,#9710),.PCURVE_S1.);
#9700 = LINE('',#9701,#9702);
#9701 = CARTESIAN_POINT('',(14.1980551,2.1,1.95));
#9702 = VECTOR('',#9703,1.);
#9703 = DIRECTION('',(1.,0.,0.));
#9704 = PCURVE('',#3254,#9705);
#9705 = DEFINITIONAL_REPRESENTATION('',(#9706),#9709);
#9706 = B_SPLINE_CURVE_WITH_KNOTS('',1,(#9707,#9708),.UNSPECIFIED.,.F.,
  .F.,(2,2),(6.2019449,7.0019449),.PIECEWISE_BEZIER_KNOTS.);
#9707 = CARTESIAN_POINT('',(1.4,12.4038898));
#9708 = CARTESIAN_POINT('',(1.4,13.2038898));
#9709 = ( GEOMETRIC_REPRESENTATION_CONTEXT(2) 
PARAMETRIC_REPRESENTATION_CONTEXT() REPRESENTATION_CONTEXT('2D SPACE',''
  ) );
#9710 = PCURVE('',#7598,#9711);
#9711 = DEFINITIONAL_REPRESENTATION('',(#9712),#9716);
#9712 = LINE('',#9713,#9714);
#9713 = CARTESIAN_POINT('',(45.1980551,30.9));
#9714 = VECTOR('',#9715,1.);
#9715 = DIRECTION('',(1.,0.));
#9716 = ( GEOMETRIC_REPRESENTATION_CONTEXT(2) 
PARAMETRIC_REPRESENTATION_CONTEXT() REPRESENTATION_CONTEXT('2D SPACE',''
  ) );
#9717 = ORIENTED_EDGE('',*,*,#9718,.T.);
#9718 = EDGE_CURVE('',#9697,#3239,#9719,.T.);
#9719 = SURFACE_CURVE('',#9720,(#9724,#9730),.PCURVE_S1.);
#9720 = LINE('',#9721,#9722);
#9721 = CARTESIAN_POINT('',(20.4,2.1,0.55));
#9722 = VECTOR('',#9723,1.);
#9723 = DIRECTION('',(0.,0.,-1.));
#9724 = PCURVE('',#3254,#9725);
#9725 = DEFINITIONAL_REPRESENTATION('',(#9726),#9729);
#9726 = B_SPLINE_CURVE_WITH_KNOTS('',1,(#9727,#9728),.UNSPECIFIED.,.F.,
  .F.,(2,2),(-1.4,0.),.PIECEWISE_BEZIER_KNOTS.);
#9727 = CARTESIAN_POINT('',(1.4,12.4038898));
#9728 = CARTESIAN_POINT('',(0.,12.4038898));
#9729 = ( GEOMETRIC_REPRESENTATION_CONTEXT(2) 
PARAMETRIC_REPRESENTATION_CONTEXT() REPRESENTATION_CONTEXT('2D SPACE',''
  ) );
#9730 = PCURVE('',#3282,#9731);
#9731 = DEFINITIONAL_REPRESENTATION('',(#9732),#9735);
#9732 = B_SPLINE_CURVE_WITH_KNOTS('',1,(#9733,#9734),.UNSPECIFIED.,.F.,
  .F.,(2,2),(-1.4,0.),.PIECEWISE_BEZIER_KNOTS.);
#9733 = CARTESIAN_POINT('',(1.4,-31.1));
#9734 = CARTESIAN_POINT('',(0.,-31.1));
#9735 = ( GEOMETRIC_REPRESENTATION_CONTEXT(2) 
PARAMETRIC_REPRESENTATION_CONTEXT() REPRESENTATION_CONTEXT('2D SPACE',''
  ) );
#9736 = ADVANCED_FACE('',(#9737),#3282,.F.);
#9737 = FACE_BOUND('',#9738,.F.);
#9738 = EDGE_LOOP('',(#9739,#9762,#9781,#9782));
#9739 = ORIENTED_EDGE('',*,*,#9740,.F.);
#9740 = EDGE_CURVE('',#9741,#9697,#9743,.T.);
#9741 = VERTEX_POINT('',#9742);
#9742 = CARTESIAN_POINT('',(20.4,-28.2,1.95));
#9743 = SURFACE_CURVE('',#9744,(#9748,#9755),.PCURVE_S1.);
#9744 = LINE('',#9745,#9746);
#9745 = CARTESIAN_POINT('',(20.4,-29.,1.95));
#9746 = VECTOR('',#9747,1.);
#9747 = DIRECTION('',(0.,1.,0.));
#9748 = PCURVE('',#3282,#9749);
#9749 = DEFINITIONAL_REPRESENTATION('',(#9750),#9754);
#9750 = LINE('',#9751,#9752);
#9751 = CARTESIAN_POINT('',(1.4,0.));
#9752 = VECTOR('',#9753,1.);
#9753 = DIRECTION('',(0.,-1.));
#9754 = ( GEOMETRIC_REPRESENTATION_CONTEXT(2) 
PARAMETRIC_REPRESENTATION_CONTEXT() REPRESENTATION_CONTEXT('2D SPACE',''
  ) );
#9755 = PCURVE('',#7598,#9756);
#9756 = DEFINITIONAL_REPRESENTATION('',(#9757),#9761);
#9757 = LINE('',#9758,#9759);
#9758 = CARTESIAN_POINT('',(51.4,-0.2));
#9759 = VECTOR('',#9760,1.);
#9760 = DIRECTION('',(0.,1.));
#9761 = ( GEOMETRIC_REPRESENTATION_CONTEXT(2) 
PARAMETRIC_REPRESENTATION_CONTEXT() REPRESENTATION_CONTEXT('2D SPACE',''
  ) );
#9762 = ORIENTED_EDGE('',*,*,#9763,.T.);
#9763 = EDGE_CURVE('',#9741,#3267,#9764,.T.);
#9764 = SURFACE_CURVE('',#9765,(#9769,#9775),.PCURVE_S1.);
#9765 = LINE('',#9766,#9767);
#9766 = CARTESIAN_POINT('',(20.4,-28.2,0.55));
#9767 = VECTOR('',#9768,1.);
#9768 = DIRECTION('',(0.,0.,-1.));
#9769 = PCURVE('',#3282,#9770);
#9770 = DEFINITIONAL_REPRESENTATION('',(#9771),#9774);
#9771 = B_SPLINE_CURVE_WITH_KNOTS('',1,(#9772,#9773),.UNSPECIFIED.,.F.,
  .F.,(2,2),(-1.4,0.),.PIECEWISE_BEZIER_KNOTS.);
#9772 = CARTESIAN_POINT('',(1.4,-0.8));
#9773 = CARTESIAN_POINT('',(0.,-0.8));
#9774 = ( GEOMETRIC_REPRESENTATION_CONTEXT(2) 
PARAMETRIC_REPRESENTATION_CONTEXT() REPRESENTATION_CONTEXT('2D SPACE',''
  ) );
#9775 = PCURVE('',#3310,#9776);
#9776 = DEFINITIONAL_REPRESENTATION('',(#9777),#9780);
#9777 = B_SPLINE_CURVE_WITH_KNOTS('',1,(#9778,#9779),.UNSPECIFIED.,.F.,
  .F.,(2,2),(-1.4,0.),.PIECEWISE_BEZIER_KNOTS.);
#9778 = CARTESIAN_POINT('',(1.4,51.4));
#9779 = CARTESIAN_POINT('',(0.,51.4));
#9780 = ( GEOMETRIC_REPRESENTATION_CONTEXT(2) 
PARAMETRIC_REPRESENTATION_CONTEXT() REPRESENTATION_CONTEXT('2D SPACE',''
  ) );
#9781 = ORIENTED_EDGE('',*,*,#3266,.T.);
#9782 = ORIENTED_EDGE('',*,*,#9718,.F.);
#9783 = ADVANCED_FACE('',(#9784),#3310,.T.);
#9784 = FACE_BOUND('',#9785,.T.);
#9785 = EDGE_LOOP('',(#9786,#9787,#9808,#9829));
#9786 = ORIENTED_EDGE('',*,*,#3294,.F.);
#9787 = ORIENTED_EDGE('',*,*,#9788,.F.);
#9788 = EDGE_CURVE('',#9789,#3295,#9791,.T.);
#9789 = VERTEX_POINT('',#9790);
#9790 = CARTESIAN_POINT('',(-20.4,-28.2,1.95));
#9791 = SURFACE_CURVE('',#9792,(#9796,#9802),.PCURVE_S1.);
#9792 = LINE('',#9793,#9794);
#9793 = CARTESIAN_POINT('',(-20.4,-28.2,0.55));
#9794 = VECTOR('',#9795,1.);
#9795 = DIRECTION('',(0.,0.,-1.));
#9796 = PCURVE('',#3310,#9797);
#9797 = DEFINITIONAL_REPRESENTATION('',(#9798),#9801);
#9798 = B_SPLINE_CURVE_WITH_KNOTS('',1,(#9799,#9800),.UNSPECIFIED.,.F.,
  .F.,(2,2),(-1.4,0.),.PIECEWISE_BEZIER_KNOTS.);
#9799 = CARTESIAN_POINT('',(1.4,10.6));
#9800 = CARTESIAN_POINT('',(0.,10.6));
#9801 = ( GEOMETRIC_REPRESENTATION_CONTEXT(2) 
PARAMETRIC_REPRESENTATION_CONTEXT() REPRESENTATION_CONTEXT('2D SPACE',''
  ) );
#9802 = PCURVE('',#3338,#9803);
#9803 = DEFINITIONAL_REPRESENTATION('',(#9804),#9807);
#9804 = B_SPLINE_CURVE_WITH_KNOTS('',1,(#9805,#9806),.UNSPECIFIED.,.F.,
  .F.,(2,2),(-1.4,0.),.PIECEWISE_BEZIER_KNOTS.);
#9805 = CARTESIAN_POINT('',(1.4,-0.8));
#9806 = CARTESIAN_POINT('',(0.,-0.8));
#9807 = ( GEOMETRIC_REPRESENTATION_CONTEXT(2) 
PARAMETRIC_REPRESENTATION_CONTEXT() REPRESENTATION_CONTEXT('2D SPACE',''
  ) );
#9808 = ORIENTED_EDGE('',*,*,#9809,.T.);
#9809 = EDGE_CURVE('',#9789,#9741,#9810,.T.);
#9810 = SURFACE_CURVE('',#9811,(#9815,#9822),.PCURVE_S1.);
#9811 = LINE('',#9812,#9813);
#9812 = CARTESIAN_POINT('',(-31.,-28.2,1.95));
#9813 = VECTOR('',#9814,1.);
#9814 = DIRECTION('',(1.,0.,0.));
#9815 = PCURVE('',#3310,#9816);
#9816 = DEFINITIONAL_REPRESENTATION('',(#9817),#9821);
#9817 = LINE('',#9818,#9819);
#9818 = CARTESIAN_POINT('',(1.4,0.));
#9819 = VECTOR('',#9820,1.);
#9820 = DIRECTION('',(0.,1.));
#9821 = ( GEOMETRIC_REPRESENTATION_CONTEXT(2) 
PARAMETRIC_REPRESENTATION_CONTEXT() REPRESENTATION_CONTEXT('2D SPACE',''
  ) );
#9822 = PCURVE('',#7598,#9823);
#9823 = DEFINITIONAL_REPRESENTATION('',(#9824),#9828);
#9824 = LINE('',#9825,#9826);
#9825 = CARTESIAN_POINT('',(0.,0.6));
#9826 = VECTOR('',#9827,1.);
#9827 = DIRECTION('',(1.,0.));
#9828 = ( GEOMETRIC_REPRESENTATION_CONTEXT(2) 
PARAMETRIC_REPRESENTATION_CONTEXT() REPRESENTATION_CONTEXT('2D SPACE',''
  ) );
#9829 = ORIENTED_EDGE('',*,*,#9763,.T.);
#9830 = ADVANCED_FACE('',(#9831),#3338,.T.);
#9831 = FACE_BOUND('',#9832,.T.);
#9832 = EDGE_LOOP('',(#9833,#9854,#9855,#9856));
#9833 = ORIENTED_EDGE('',*,*,#9834,.F.);
#9834 = EDGE_CURVE('',#9789,#8537,#9835,.T.);
#9835 = SURFACE_CURVE('',#9836,(#9840,#9847),.PCURVE_S1.);
#9836 = LINE('',#9837,#9838);
#9837 = CARTESIAN_POINT('',(-20.4,-29.,1.95));
#9838 = VECTOR('',#9839,1.);
#9839 = DIRECTION('',(0.,1.,0.));
#9840 = PCURVE('',#3338,#9841);
#9841 = DEFINITIONAL_REPRESENTATION('',(#9842),#9846);
#9842 = LINE('',#9843,#9844);
#9843 = CARTESIAN_POINT('',(1.4,0.));
#9844 = VECTOR('',#9845,1.);
#9845 = DIRECTION('',(0.,-1.));
#9846 = ( GEOMETRIC_REPRESENTATION_CONTEXT(2) 
PARAMETRIC_REPRESENTATION_CONTEXT() REPRESENTATION_CONTEXT('2D SPACE',''
  ) );
#9847 = PCURVE('',#7598,#9848);
#9848 = DEFINITIONAL_REPRESENTATION('',(#9849),#9853);
#9849 = LINE('',#9850,#9851);
#9850 = CARTESIAN_POINT('',(10.6,-0.2));
#9851 = VECTOR('',#9852,1.);
#9852 = DIRECTION('',(0.,1.));
#9853 = ( GEOMETRIC_REPRESENTATION_CONTEXT(2) 
PARAMETRIC_REPRESENTATION_CONTEXT() REPRESENTATION_CONTEXT('2D SPACE',''
  ) );
#9854 = ORIENTED_EDGE('',*,*,#9788,.T.);
#9855 = ORIENTED_EDGE('',*,*,#3322,.T.);
#9856 = ORIENTED_EDGE('',*,*,#8536,.F.);
#9857 = ADVANCED_FACE('',(#9858),#3389,.T.);
#9858 = FACE_BOUND('',#9859,.T.);
#9859 = EDGE_LOOP('',(#9860,#9881,#9902,#9903,#9904,#9925,#9951,#9970));
#9860 = ORIENTED_EDGE('',*,*,#9861,.F.);
#9861 = EDGE_CURVE('',#9862,#4754,#9864,.T.);
#9862 = VERTEX_POINT('',#9863);
#9863 = CARTESIAN_POINT('',(-6.8,21.105572809,2.35));
#9864 = SURFACE_CURVE('',#9865,(#9869,#9875),.PCURVE_S1.);
#9865 = LINE('',#9866,#9867);
#9866 = CARTESIAN_POINT('',(-6.8,21.105572809,0.55));
#9867 = VECTOR('',#9868,1.);
#9868 = DIRECTION('',(-0.,-0.,-1.));
#9869 = PCURVE('',#3389,#9870);
#9870 = DEFINITIONAL_REPRESENTATION('',(#9871),#9874);
#9871 = B_SPLINE_CURVE_WITH_KNOTS('',1,(#9872,#9873),.UNSPECIFIED.,.F.,
  .F.,(2,2),(-1.98,6.000000000173E-07),.PIECEWISE_BEZIER_KNOTS.);
#9872 = CARTESIAN_POINT('',(1.98,-19.105572809));
#9873 = CARTESIAN_POINT('',(-6.000000000173E-07,-19.105572809));
#9874 = ( GEOMETRIC_REPRESENTATION_CONTEXT(2) 
PARAMETRIC_REPRESENTATION_CONTEXT() REPRESENTATION_CONTEXT('2D SPACE',''
  ) );
#9875 = PCURVE('',#4793,#9876);
#9876 = DEFINITIONAL_REPRESENTATION('',(#9877),#9880);
#9877 = B_SPLINE_CURVE_WITH_KNOTS('',1,(#9878,#9879),.UNSPECIFIED.,.F.,
  .F.,(2,2),(-1.98,6.000000000173E-07),.PIECEWISE_BEZIER_KNOTS.);
#9878 = CARTESIAN_POINT('',(-3.982661324158,-1.98));
#9879 = CARTESIAN_POINT('',(-3.982661324158,6.000000000173E-07));
#9880 = ( GEOMETRIC_REPRESENTATION_CONTEXT(2) 
PARAMETRIC_REPRESENTATION_CONTEXT() REPRESENTATION_CONTEXT('2D SPACE',''
  ) );
#9881 = ORIENTED_EDGE('',*,*,#9882,.T.);
#9882 = EDGE_CURVE('',#9862,#8492,#9883,.T.);
#9883 = SURFACE_CURVE('',#9884,(#9888,#9895),.PCURVE_S1.);
#9884 = LINE('',#9885,#9886);
#9885 = CARTESIAN_POINT('',(-6.8,22.,2.35));
#9886 = VECTOR('',#9887,1.);
#9887 = DIRECTION('',(0.,-1.,0.));
#9888 = PCURVE('',#3389,#9889);
#9889 = DEFINITIONAL_REPRESENTATION('',(#9890),#9894);
#9890 = LINE('',#9891,#9892);
#9891 = CARTESIAN_POINT('',(1.8,-20.));
#9892 = VECTOR('',#9893,1.);
#9893 = DIRECTION('',(0.,1.));
#9894 = ( GEOMETRIC_REPRESENTATION_CONTEXT(2) 
PARAMETRIC_REPRESENTATION_CONTEXT() REPRESENTATION_CONTEXT('2D SPACE',''
  ) );
#9895 = PCURVE('',#7236,#9896);
#9896 = DEFINITIONAL_REPRESENTATION('',(#9897),#9901);
#9897 = LINE('',#9898,#9899);
#9898 = CARTESIAN_POINT('',(24.8,0.8));
#9899 = VECTOR('',#9900,1.);
#9900 = DIRECTION('',(0.,-1.));
#9901 = ( GEOMETRIC_REPRESENTATION_CONTEXT(2) 
PARAMETRIC_REPRESENTATION_CONTEXT() REPRESENTATION_CONTEXT('2D SPACE',''
  ) );
#9902 = ORIENTED_EDGE('',*,*,#8514,.F.);
#9903 = ORIENTED_EDGE('',*,*,#3373,.F.);
#9904 = ORIENTED_EDGE('',*,*,#9905,.T.);
#9905 = EDGE_CURVE('',#3374,#9906,#9908,.T.);
#9906 = VERTEX_POINT('',#9907);
#9907 = CARTESIAN_POINT('',(-6.8,2.2,1.95));
#9908 = SURFACE_CURVE('',#9909,(#9913,#9919),.PCURVE_S1.);
#9909 = LINE('',#9910,#9911);
#9910 = CARTESIAN_POINT('',(-6.8,2.2,0.55));
#9911 = VECTOR('',#9912,1.);
#9912 = DIRECTION('',(0.,0.,1.));
#9913 = PCURVE('',#3389,#9914);
#9914 = DEFINITIONAL_REPRESENTATION('',(#9915),#9918);
#9915 = B_SPLINE_CURVE_WITH_KNOTS('',1,(#9916,#9917),.UNSPECIFIED.,.F.,
  .F.,(2,2),(0.,1.4),.PIECEWISE_BEZIER_KNOTS.);
#9916 = CARTESIAN_POINT('',(0.,-0.2));
#9917 = CARTESIAN_POINT('',(1.4,-0.2));
#9918 = ( GEOMETRIC_REPRESENTATION_CONTEXT(2) 
PARAMETRIC_REPRESENTATION_CONTEXT() REPRESENTATION_CONTEXT('2D SPACE',''
  ) );
#9919 = PCURVE('',#3417,#9920);
#9920 = DEFINITIONAL_REPRESENTATION('',(#9921),#9924);
#9921 = B_SPLINE_CURVE_WITH_KNOTS('',1,(#9922,#9923),.UNSPECIFIED.,.F.,
  .F.,(2,2),(0.,1.4),.PIECEWISE_BEZIER_KNOTS.);
#9922 = CARTESIAN_POINT('',(0.,24.2));
#9923 = CARTESIAN_POINT('',(1.4,24.2));
#9924 = ( GEOMETRIC_REPRESENTATION_CONTEXT(2) 
PARAMETRIC_REPRESENTATION_CONTEXT() REPRESENTATION_CONTEXT('2D SPACE',''
  ) );
#9925 = ORIENTED_EDGE('',*,*,#9926,.F.);
#9926 = EDGE_CURVE('',#9927,#9906,#9929,.T.);
#9927 = VERTEX_POINT('',#9928);
#9928 = CARTESIAN_POINT('',(-6.8,2.8,1.95));
#9929 = SURFACE_CURVE('',#9930,(#9934,#9940),.PCURVE_S1.);
#9930 = LINE('',#9931,#9932);
#9931 = CARTESIAN_POINT('',(-6.8,2.1,1.95));
#9932 = VECTOR('',#9933,1.);
#9933 = DIRECTION('',(0.,-1.,0.));
#9934 = PCURVE('',#3389,#9935);
#9935 = DEFINITIONAL_REPRESENTATION('',(#9936),#9939);
#9936 = B_SPLINE_CURVE_WITH_KNOTS('',1,(#9937,#9938),.UNSPECIFIED.,.F.,
  .F.,(2,2),(-0.7,-0.1),.PIECEWISE_BEZIER_KNOTS.);
#9937 = CARTESIAN_POINT('',(1.4,-0.8));
#9938 = CARTESIAN_POINT('',(1.4,-0.2));
#9939 = ( GEOMETRIC_REPRESENTATION_CONTEXT(2) 
PARAMETRIC_REPRESENTATION_CONTEXT() REPRESENTATION_CONTEXT('2D SPACE',''
  ) );
#9940 = PCURVE('',#9941,#9946);
#9941 = PLANE('',#9942);
#9942 = AXIS2_PLACEMENT_3D('',#9943,#9944,#9945);
#9943 = CARTESIAN_POINT('',(-31.,2.2,1.95));
#9944 = DIRECTION('',(0.,0.,1.));
#9945 = DIRECTION('',(1.,0.,0.));
#9946 = DEFINITIONAL_REPRESENTATION('',(#9947),#9950);
#9947 = B_SPLINE_CURVE_WITH_KNOTS('',1,(#9948,#9949),.UNSPECIFIED.,.F.,
  .F.,(2,2),(-0.7,-0.1),.PIECEWISE_BEZIER_KNOTS.);
#9948 = CARTESIAN_POINT('',(24.2,0.6));
#9949 = CARTESIAN_POINT('',(24.2,0.));
#9950 = ( GEOMETRIC_REPRESENTATION_CONTEXT(2) 
PARAMETRIC_REPRESENTATION_CONTEXT() REPRESENTATION_CONTEXT('2D SPACE',''
  ) );
#9951 = ORIENTED_EDGE('',*,*,#9952,.F.);
#9952 = EDGE_CURVE('',#4726,#9927,#9953,.T.);
#9953 = SURFACE_CURVE('',#9954,(#9958,#9964),.PCURVE_S1.);
#9954 = LINE('',#9955,#9956);
#9955 = CARTESIAN_POINT('',(-6.8,2.8,0.55));
#9956 = VECTOR('',#9957,1.);
#9957 = DIRECTION('',(0.,0.,1.));
#9958 = PCURVE('',#3389,#9959);
#9959 = DEFINITIONAL_REPRESENTATION('',(#9960),#9963);
#9960 = B_SPLINE_CURVE_WITH_KNOTS('',1,(#9961,#9962),.UNSPECIFIED.,.F.,
  .F.,(2,2),(0.,1.4),.PIECEWISE_BEZIER_KNOTS.);
#9961 = CARTESIAN_POINT('',(0.,-0.8));
#9962 = CARTESIAN_POINT('',(1.4,-0.8));
#9963 = ( GEOMETRIC_REPRESENTATION_CONTEXT(2) 
PARAMETRIC_REPRESENTATION_CONTEXT() REPRESENTATION_CONTEXT('2D SPACE',''
  ) );
#9964 = PCURVE('',#4741,#9965);
#9965 = DEFINITIONAL_REPRESENTATION('',(#9966),#9969);
#9966 = B_SPLINE_CURVE_WITH_KNOTS('',1,(#9967,#9968),.UNSPECIFIED.,.F.,
  .F.,(2,2),(0.,1.4),.PIECEWISE_BEZIER_KNOTS.);
#9967 = CARTESIAN_POINT('',(0.,24.2));
#9968 = CARTESIAN_POINT('',(1.4,24.2));
#9969 = ( GEOMETRIC_REPRESENTATION_CONTEXT(2) 
PARAMETRIC_REPRESENTATION_CONTEXT() REPRESENTATION_CONTEXT('2D SPACE',''
  ) );
#9970 = ORIENTED_EDGE('',*,*,#4753,.F.);
#9971 = ADVANCED_FACE('',(#9972),#3417,.F.);
#9972 = FACE_BOUND('',#9973,.F.);
#9973 = EDGE_LOOP('',(#9974,#9975,#9976,#9999));
#9974 = ORIENTED_EDGE('',*,*,#3401,.F.);
#9975 = ORIENTED_EDGE('',*,*,#9905,.T.);
#9976 = ORIENTED_EDGE('',*,*,#9977,.T.);
#9977 = EDGE_CURVE('',#9906,#9978,#9980,.T.);
#9978 = VERTEX_POINT('',#9979);
#9979 = CARTESIAN_POINT('',(7.9961102,2.2,1.95));
#9980 = SURFACE_CURVE('',#9981,(#9985,#9992),.PCURVE_S1.);
#9981 = LINE('',#9982,#9983);
#9982 = CARTESIAN_POINT('',(-31.,2.2,1.95));
#9983 = VECTOR('',#9984,1.);
#9984 = DIRECTION('',(1.,0.,0.));
#9985 = PCURVE('',#3417,#9986);
#9986 = DEFINITIONAL_REPRESENTATION('',(#9987),#9991);
#9987 = LINE('',#9988,#9989);
#9988 = CARTESIAN_POINT('',(1.4,0.));
#9989 = VECTOR('',#9990,1.);
#9990 = DIRECTION('',(0.,1.));
#9991 = ( GEOMETRIC_REPRESENTATION_CONTEXT(2) 
PARAMETRIC_REPRESENTATION_CONTEXT() REPRESENTATION_CONTEXT('2D SPACE',''
  ) );
#9992 = PCURVE('',#9941,#9993);
#9993 = DEFINITIONAL_REPRESENTATION('',(#9994),#9998);
#9994 = LINE('',#9995,#9996);
#9995 = CARTESIAN_POINT('',(0.,0.));
#9996 = VECTOR('',#9997,1.);
#9997 = DIRECTION('',(1.,0.));
#9998 = ( GEOMETRIC_REPRESENTATION_CONTEXT(2) 
PARAMETRIC_REPRESENTATION_CONTEXT() REPRESENTATION_CONTEXT('2D SPACE',''
  ) );
#9999 = ORIENTED_EDGE('',*,*,#10000,.F.);
#10000 = EDGE_CURVE('',#3402,#9978,#10001,.T.);
#10001 = SURFACE_CURVE('',#10002,(#10006,#10012),.PCURVE_S1.);
#10002 = LINE('',#10003,#10004);
#10003 = CARTESIAN_POINT('',(7.9961102,2.2,0.55));
#10004 = VECTOR('',#10005,1.);
#10005 = DIRECTION('',(0.,0.,1.));
#10006 = PCURVE('',#3417,#10007);
#10007 = DEFINITIONAL_REPRESENTATION('',(#10008),#10011);
#10008 = B_SPLINE_CURVE_WITH_KNOTS('',1,(#10009,#10010),.UNSPECIFIED.,
  .F.,.F.,(2,2),(0.,1.4),.PIECEWISE_BEZIER_KNOTS.);
#10009 = CARTESIAN_POINT('',(0.,38.9961102));
#10010 = CARTESIAN_POINT('',(1.4,38.9961102));
#10011 = ( GEOMETRIC_REPRESENTATION_CONTEXT(2) 
PARAMETRIC_REPRESENTATION_CONTEXT() REPRESENTATION_CONTEXT('2D SPACE',''
  ) );
#10012 = PCURVE('',#3443,#10013);
#10013 = DEFINITIONAL_REPRESENTATION('',(#10014),#10017);
#10014 = B_SPLINE_CURVE_WITH_KNOTS('',1,(#10015,#10016),.UNSPECIFIED.,
  .F.,.F.,(2,2),(0.,1.4),.PIECEWISE_BEZIER_KNOTS.);
#10015 = CARTESIAN_POINT('',(0.,-0.1));
#10016 = CARTESIAN_POINT('',(1.4,-0.1));
#10017 = ( GEOMETRIC_REPRESENTATION_CONTEXT(2) 
PARAMETRIC_REPRESENTATION_CONTEXT() REPRESENTATION_CONTEXT('2D SPACE',''
  ) );
#10018 = ADVANCED_FACE('',(#10019),#3443,.F.);
#10019 = FACE_BOUND('',#10020,.F.);
#10020 = EDGE_LOOP('',(#10021,#10044,#10045,#10046,#10047,#10068,#10087,
    #10088));
#10021 = ORIENTED_EDGE('',*,*,#10022,.F.);
#10022 = EDGE_CURVE('',#9630,#10023,#10025,.T.);
#10023 = VERTEX_POINT('',#10024);
#10024 = CARTESIAN_POINT('',(7.9961102,21.9,2.35));
#10025 = SURFACE_CURVE('',#10026,(#10030,#10037),.PCURVE_S1.);
#10026 = LINE('',#10027,#10028);
#10027 = CARTESIAN_POINT('',(7.9961102,2.1,2.35));
#10028 = VECTOR('',#10029,1.);
#10029 = DIRECTION('',(0.,1.,0.));
#10030 = PCURVE('',#3443,#10031);
#10031 = DEFINITIONAL_REPRESENTATION('',(#10032),#10036);
#10032 = LINE('',#10033,#10034);
#10033 = CARTESIAN_POINT('',(1.8,0.));
#10034 = VECTOR('',#10035,1.);
#10035 = DIRECTION('',(0.,-1.));
#10036 = ( GEOMETRIC_REPRESENTATION_CONTEXT(2) 
PARAMETRIC_REPRESENTATION_CONTEXT() REPRESENTATION_CONTEXT('2D SPACE',''
  ) );
#10037 = PCURVE('',#6541,#10038);
#10038 = DEFINITIONAL_REPRESENTATION('',(#10039),#10043);
#10039 = LINE('',#10040,#10041);
#10040 = CARTESIAN_POINT('',(0.,-19.));
#10041 = VECTOR('',#10042,1.);
#10042 = DIRECTION('',(0.,1.));
#10043 = ( GEOMETRIC_REPRESENTATION_CONTEXT(2) 
PARAMETRIC_REPRESENTATION_CONTEXT() REPRESENTATION_CONTEXT('2D SPACE',''
  ) );
#10044 = ORIENTED_EDGE('',*,*,#9629,.F.);
#10045 = ORIENTED_EDGE('',*,*,#3429,.T.);
#10046 = ORIENTED_EDGE('',*,*,#10000,.T.);
#10047 = ORIENTED_EDGE('',*,*,#10048,.F.);
#10048 = EDGE_CURVE('',#10049,#9978,#10051,.T.);
#10049 = VERTEX_POINT('',#10050);
#10050 = CARTESIAN_POINT('',(7.9961102,2.8,1.95));
#10051 = SURFACE_CURVE('',#10052,(#10056,#10062),.PCURVE_S1.);
#10052 = LINE('',#10053,#10054);
#10053 = CARTESIAN_POINT('',(7.9961102,2.15,1.95));
#10054 = VECTOR('',#10055,1.);
#10055 = DIRECTION('',(0.,-1.,0.));
#10056 = PCURVE('',#3443,#10057);
#10057 = DEFINITIONAL_REPRESENTATION('',(#10058),#10061);
#10058 = B_SPLINE_CURVE_WITH_KNOTS('',1,(#10059,#10060),.UNSPECIFIED.,
  .F.,.F.,(2,2),(-0.65,-5.E-02),.PIECEWISE_BEZIER_KNOTS.);
#10059 = CARTESIAN_POINT('',(1.4,-0.7));
#10060 = CARTESIAN_POINT('',(1.4,-0.1));
#10061 = ( GEOMETRIC_REPRESENTATION_CONTEXT(2) 
PARAMETRIC_REPRESENTATION_CONTEXT() REPRESENTATION_CONTEXT('2D SPACE',''
  ) );
#10062 = PCURVE('',#9941,#10063);
#10063 = DEFINITIONAL_REPRESENTATION('',(#10064),#10067);
#10064 = B_SPLINE_CURVE_WITH_KNOTS('',1,(#10065,#10066),.UNSPECIFIED.,
  .F.,.F.,(2,2),(-0.65,-5.E-02),.PIECEWISE_BEZIER_KNOTS.);
#10065 = CARTESIAN_POINT('',(38.9961102,0.6));
#10066 = CARTESIAN_POINT('',(38.9961102,0.));
#10067 = ( GEOMETRIC_REPRESENTATION_CONTEXT(2) 
PARAMETRIC_REPRESENTATION_CONTEXT() REPRESENTATION_CONTEXT('2D SPACE',''
  ) );
#10068 = ORIENTED_EDGE('',*,*,#10069,.F.);
#10069 = EDGE_CURVE('',#4703,#10049,#10070,.T.);
#10070 = SURFACE_CURVE('',#10071,(#10075,#10081),.PCURVE_S1.);
#10071 = LINE('',#10072,#10073);
#10072 = CARTESIAN_POINT('',(7.9961102,2.8,0.55));
#10073 = VECTOR('',#10074,1.);
#10074 = DIRECTION('',(0.,0.,1.));
#10075 = PCURVE('',#3443,#10076);
#10076 = DEFINITIONAL_REPRESENTATION('',(#10077),#10080);
#10077 = B_SPLINE_CURVE_WITH_KNOTS('',1,(#10078,#10079),.UNSPECIFIED.,
  .F.,.F.,(2,2),(0.,1.4),.PIECEWISE_BEZIER_KNOTS.);
#10078 = CARTESIAN_POINT('',(0.,-0.7));
#10079 = CARTESIAN_POINT('',(1.4,-0.7));
#10080 = ( GEOMETRIC_REPRESENTATION_CONTEXT(2) 
PARAMETRIC_REPRESENTATION_CONTEXT() REPRESENTATION_CONTEXT('2D SPACE',''
  ) );
#10081 = PCURVE('',#4741,#10082);
#10082 = DEFINITIONAL_REPRESENTATION('',(#10083),#10086);
#10083 = B_SPLINE_CURVE_WITH_KNOTS('',1,(#10084,#10085),.UNSPECIFIED.,
  .F.,.F.,(2,2),(0.,1.4),.PIECEWISE_BEZIER_KNOTS.);
#10084 = CARTESIAN_POINT('',(0.,38.9961102));
#10085 = CARTESIAN_POINT('',(1.4,38.9961102));
#10086 = ( GEOMETRIC_REPRESENTATION_CONTEXT(2) 
PARAMETRIC_REPRESENTATION_CONTEXT() REPRESENTATION_CONTEXT('2D SPACE',''
  ) );
#10087 = ORIENTED_EDGE('',*,*,#4702,.T.);
#10088 = ORIENTED_EDGE('',*,*,#10089,.T.);
#10089 = EDGE_CURVE('',#4675,#10023,#10090,.T.);
#10090 = SURFACE_CURVE('',#10091,(#10095,#10102),.PCURVE_S1.);
#10091 = LINE('',#10092,#10093);
#10092 = CARTESIAN_POINT('',(7.9961102,21.9,0.55));
#10093 = VECTOR('',#10094,1.);
#10094 = DIRECTION('',(0.,0.,1.));
#10095 = PCURVE('',#3443,#10096);
#10096 = DEFINITIONAL_REPRESENTATION('',(#10097),#10101);
#10097 = LINE('',#10098,#10099);
#10098 = CARTESIAN_POINT('',(0.,-19.8));
#10099 = VECTOR('',#10100,1.);
#10100 = DIRECTION('',(1.,0.));
#10101 = ( GEOMETRIC_REPRESENTATION_CONTEXT(2) 
PARAMETRIC_REPRESENTATION_CONTEXT() REPRESENTATION_CONTEXT('2D SPACE',''
  ) );
#10102 = PCURVE('',#4690,#10103);
#10103 = DEFINITIONAL_REPRESENTATION('',(#10104),#10108);
#10104 = LINE('',#10105,#10106);
#10105 = CARTESIAN_POINT('',(0.,0.));
#10106 = VECTOR('',#10107,1.);
#10107 = DIRECTION('',(1.,0.));
#10108 = ( GEOMETRIC_REPRESENTATION_CONTEXT(2) 
PARAMETRIC_REPRESENTATION_CONTEXT() REPRESENTATION_CONTEXT('2D SPACE',''
  ) );
#10109 = ADVANCED_FACE('',(#10110),#3475,.T.);
#10110 = FACE_BOUND('',#10111,.T.);
#10111 = EDGE_LOOP('',(#10112,#10113,#10134,#10155));
#10112 = ORIENTED_EDGE('',*,*,#3457,.F.);
#10113 = ORIENTED_EDGE('',*,*,#10114,.F.);
#10114 = EDGE_CURVE('',#10115,#3458,#10117,.T.);
#10115 = VERTEX_POINT('',#10116);
#10116 = CARTESIAN_POINT('',(21.2,-28.2,1.95));
#10117 = SURFACE_CURVE('',#10118,(#10122,#10128),.PCURVE_S1.);
#10118 = LINE('',#10119,#10120);
#10119 = CARTESIAN_POINT('',(21.2,-28.2,0.55));
#10120 = VECTOR('',#10121,1.);
#10121 = DIRECTION('',(0.,0.,-1.));
#10122 = PCURVE('',#3475,#10123);
#10123 = DEFINITIONAL_REPRESENTATION('',(#10124),#10127);
#10124 = B_SPLINE_CURVE_WITH_KNOTS('',1,(#10125,#10126),.UNSPECIFIED.,
  .F.,.F.,(2,2),(-1.4,0.),.PIECEWISE_BEZIER_KNOTS.);
#10125 = CARTESIAN_POINT('',(1.4,52.2));
#10126 = CARTESIAN_POINT('',(0.,52.2));
#10127 = ( GEOMETRIC_REPRESENTATION_CONTEXT(2) 
PARAMETRIC_REPRESENTATION_CONTEXT() REPRESENTATION_CONTEXT('2D SPACE',''
  ) );
#10128 = PCURVE('',#3503,#10129);
#10129 = DEFINITIONAL_REPRESENTATION('',(#10130),#10133);
#10130 = B_SPLINE_CURVE_WITH_KNOTS('',1,(#10131,#10132),.UNSPECIFIED.,
  .F.,.F.,(2,2),(-1.4,0.),.PIECEWISE_BEZIER_KNOTS.);
#10131 = CARTESIAN_POINT('',(1.4,-0.8));
#10132 = CARTESIAN_POINT('',(0.,-0.8));
#10133 = ( GEOMETRIC_REPRESENTATION_CONTEXT(2) 
PARAMETRIC_REPRESENTATION_CONTEXT() REPRESENTATION_CONTEXT('2D SPACE',''
  ) );
#10134 = ORIENTED_EDGE('',*,*,#10135,.T.);
#10135 = EDGE_CURVE('',#10115,#7584,#10136,.T.);
#10136 = SURFACE_CURVE('',#10137,(#10141,#10148),.PCURVE_S1.);
#10137 = LINE('',#10138,#10139);
#10138 = CARTESIAN_POINT('',(-31.,-28.2,1.95));
#10139 = VECTOR('',#10140,1.);
#10140 = DIRECTION('',(1.,0.,0.));
#10141 = PCURVE('',#3475,#10142);
#10142 = DEFINITIONAL_REPRESENTATION('',(#10143),#10147);
#10143 = LINE('',#10144,#10145);
#10144 = CARTESIAN_POINT('',(1.4,0.));
#10145 = VECTOR('',#10146,1.);
#10146 = DIRECTION('',(0.,1.));
#10147 = ( GEOMETRIC_REPRESENTATION_CONTEXT(2) 
PARAMETRIC_REPRESENTATION_CONTEXT() REPRESENTATION_CONTEXT('2D SPACE',''
  ) );
#10148 = PCURVE('',#7598,#10149);
#10149 = DEFINITIONAL_REPRESENTATION('',(#10150),#10154);
#10150 = LINE('',#10151,#10152);
#10151 = CARTESIAN_POINT('',(0.,0.6));
#10152 = VECTOR('',#10153,1.);
#10153 = DIRECTION('',(1.,0.));
#10154 = ( GEOMETRIC_REPRESENTATION_CONTEXT(2) 
PARAMETRIC_REPRESENTATION_CONTEXT() REPRESENTATION_CONTEXT('2D SPACE',''
  ) );
#10155 = ORIENTED_EDGE('',*,*,#7610,.F.);
#10156 = ADVANCED_FACE('',(#10157),#3503,.T.);
#10157 = FACE_BOUND('',#10158,.T.);
#10158 = EDGE_LOOP('',(#10159,#10180,#10181,#10182));
#10159 = ORIENTED_EDGE('',*,*,#10160,.F.);
#10160 = EDGE_CURVE('',#10115,#9676,#10161,.T.);
#10161 = SURFACE_CURVE('',#10162,(#10166,#10173),.PCURVE_S1.);
#10162 = LINE('',#10163,#10164);
#10163 = CARTESIAN_POINT('',(21.2,-29.,1.95));
#10164 = VECTOR('',#10165,1.);
#10165 = DIRECTION('',(0.,1.,0.));
#10166 = PCURVE('',#3503,#10167);
#10167 = DEFINITIONAL_REPRESENTATION('',(#10168),#10172);
#10168 = LINE('',#10169,#10170);
#10169 = CARTESIAN_POINT('',(1.4,0.));
#10170 = VECTOR('',#10171,1.);
#10171 = DIRECTION('',(0.,-1.));
#10172 = ( GEOMETRIC_REPRESENTATION_CONTEXT(2) 
PARAMETRIC_REPRESENTATION_CONTEXT() REPRESENTATION_CONTEXT('2D SPACE',''
  ) );
#10173 = PCURVE('',#7598,#10174);
#10174 = DEFINITIONAL_REPRESENTATION('',(#10175),#10179);
#10175 = LINE('',#10176,#10177);
#10176 = CARTESIAN_POINT('',(52.2,-0.2));
#10177 = VECTOR('',#10178,1.);
#10178 = DIRECTION('',(0.,1.));
#10179 = ( GEOMETRIC_REPRESENTATION_CONTEXT(2) 
PARAMETRIC_REPRESENTATION_CONTEXT() REPRESENTATION_CONTEXT('2D SPACE',''
  ) );
#10180 = ORIENTED_EDGE('',*,*,#10114,.T.);
#10181 = ORIENTED_EDGE('',*,*,#3487,.T.);
#10182 = ORIENTED_EDGE('',*,*,#9675,.F.);
#10183 = ADVANCED_FACE('',(#10184),#3647,.F.);
#10184 = FACE_BOUND('',#10185,.F.);
#10185 = EDGE_LOOP('',(#10186,#10187,#10188,#10209));
#10186 = ORIENTED_EDGE('',*,*,#3631,.F.);
#10187 = ORIENTED_EDGE('',*,*,#7200,.T.);
#10188 = ORIENTED_EDGE('',*,*,#10189,.T.);
#10189 = EDGE_CURVE('',#7201,#7687,#10190,.T.);
#10190 = SURFACE_CURVE('',#10191,(#10195,#10202),.PCURVE_S1.);
#10191 = LINE('',#10192,#10193);
#10192 = CARTESIAN_POINT('',(-31.6,2.,2.35));
#10193 = VECTOR('',#10194,1.);
#10194 = DIRECTION('',(1.,0.,0.));
#10195 = PCURVE('',#3647,#10196);
#10196 = DEFINITIONAL_REPRESENTATION('',(#10197),#10201);
#10197 = LINE('',#10198,#10199);
#10198 = CARTESIAN_POINT('',(1.8,0.));
#10199 = VECTOR('',#10200,1.);
#10200 = DIRECTION('',(0.,1.));
#10201 = ( GEOMETRIC_REPRESENTATION_CONTEXT(2) 
PARAMETRIC_REPRESENTATION_CONTEXT() REPRESENTATION_CONTEXT('2D SPACE',''
  ) );
#10202 = PCURVE('',#7236,#10203);
#10203 = DEFINITIONAL_REPRESENTATION('',(#10204),#10208);
#10204 = LINE('',#10205,#10206);
#10205 = CARTESIAN_POINT('',(0.,-19.2));
#10206 = VECTOR('',#10207,1.);
#10207 = DIRECTION('',(1.,0.));
#10208 = ( GEOMETRIC_REPRESENTATION_CONTEXT(2) 
PARAMETRIC_REPRESENTATION_CONTEXT() REPRESENTATION_CONTEXT('2D SPACE',''
  ) );
#10209 = ORIENTED_EDGE('',*,*,#7686,.T.);
#10210 = ADVANCED_FACE('',(#10211),#3728,.T.);
#10211 = FACE_BOUND('',#10212,.T.);
#10212 = EDGE_LOOP('',(#10213,#10214,#10215,#10238,#10259,#10260,#10281,
    #10307));
#10213 = ORIENTED_EDGE('',*,*,#3824,.F.);
#10214 = ORIENTED_EDGE('',*,*,#7248,.F.);
#10215 = ORIENTED_EDGE('',*,*,#10216,.T.);
#10216 = EDGE_CURVE('',#7222,#10217,#10219,.T.);
#10217 = VERTEX_POINT('',#10218);
#10218 = CARTESIAN_POINT('',(-7.6,2.8,2.35));
#10219 = SURFACE_CURVE('',#10220,(#10224,#10231),.PCURVE_S1.);
#10220 = LINE('',#10221,#10222);
#10221 = CARTESIAN_POINT('',(-31.6,2.8,2.35));
#10222 = VECTOR('',#10223,1.);
#10223 = DIRECTION('',(1.,0.,0.));
#10224 = PCURVE('',#3728,#10225);
#10225 = DEFINITIONAL_REPRESENTATION('',(#10226),#10230);
#10226 = LINE('',#10227,#10228);
#10227 = CARTESIAN_POINT('',(1.8,0.));
#10228 = VECTOR('',#10229,1.);
#10229 = DIRECTION('',(0.,1.));
#10230 = ( GEOMETRIC_REPRESENTATION_CONTEXT(2) 
PARAMETRIC_REPRESENTATION_CONTEXT() REPRESENTATION_CONTEXT('2D SPACE',''
  ) );
#10231 = PCURVE('',#7236,#10232);
#10232 = DEFINITIONAL_REPRESENTATION('',(#10233),#10237);
#10233 = LINE('',#10234,#10235);
#10234 = CARTESIAN_POINT('',(0.,-18.4));
#10235 = VECTOR('',#10236,1.);
#10236 = DIRECTION('',(1.,0.));
#10237 = ( GEOMETRIC_REPRESENTATION_CONTEXT(2) 
PARAMETRIC_REPRESENTATION_CONTEXT() REPRESENTATION_CONTEXT('2D SPACE',''
  ) );
#10238 = ORIENTED_EDGE('',*,*,#10239,.F.);
#10239 = EDGE_CURVE('',#3713,#10217,#10240,.T.);
#10240 = SURFACE_CURVE('',#10241,(#10245,#10252),.PCURVE_S1.);
#10241 = LINE('',#10242,#10243);
#10242 = CARTESIAN_POINT('',(-7.6,2.8,0.55));
#10243 = VECTOR('',#10244,1.);
#10244 = DIRECTION('',(0.,0.,1.));
#10245 = PCURVE('',#3728,#10246);
#10246 = DEFINITIONAL_REPRESENTATION('',(#10247),#10251);
#10247 = LINE('',#10248,#10249);
#10248 = CARTESIAN_POINT('',(0.,24.));
#10249 = VECTOR('',#10250,1.);
#10250 = DIRECTION('',(1.,0.));
#10251 = ( GEOMETRIC_REPRESENTATION_CONTEXT(2) 
PARAMETRIC_REPRESENTATION_CONTEXT() REPRESENTATION_CONTEXT('2D SPACE',''
  ) );
#10252 = PCURVE('',#3911,#10253);
#10253 = DEFINITIONAL_REPRESENTATION('',(#10254),#10258);
#10254 = LINE('',#10255,#10256);
#10255 = CARTESIAN_POINT('',(0.,-0.3));
#10256 = VECTOR('',#10257,1.);
#10257 = DIRECTION('',(1.,0.));
#10258 = ( GEOMETRIC_REPRESENTATION_CONTEXT(2) 
PARAMETRIC_REPRESENTATION_CONTEXT() REPRESENTATION_CONTEXT('2D SPACE',''
  ) );
#10259 = ORIENTED_EDGE('',*,*,#3710,.F.);
#10260 = ORIENTED_EDGE('',*,*,#10261,.F.);
#10261 = EDGE_CURVE('',#10262,#3711,#10264,.T.);
#10262 = VERTEX_POINT('',#10263);
#10263 = CARTESIAN_POINT('',(-20.4,2.8,1.95));
#10264 = SURFACE_CURVE('',#10265,(#10269,#10275),.PCURVE_S1.);
#10265 = LINE('',#10266,#10267);
#10266 = CARTESIAN_POINT('',(-20.4,2.8,0.55));
#10267 = VECTOR('',#10268,1.);
#10268 = DIRECTION('',(0.,0.,-1.));
#10269 = PCURVE('',#3728,#10270);
#10270 = DEFINITIONAL_REPRESENTATION('',(#10271),#10274);
#10271 = B_SPLINE_CURVE_WITH_KNOTS('',1,(#10272,#10273),.UNSPECIFIED.,
  .F.,.F.,(2,2),(-1.4,0.),.PIECEWISE_BEZIER_KNOTS.);
#10272 = CARTESIAN_POINT('',(1.4,11.2));
#10273 = CARTESIAN_POINT('',(0.,11.2));
#10274 = ( GEOMETRIC_REPRESENTATION_CONTEXT(2) 
PARAMETRIC_REPRESENTATION_CONTEXT() REPRESENTATION_CONTEXT('2D SPACE',''
  ) );
#10275 = PCURVE('',#3756,#10276);
#10276 = DEFINITIONAL_REPRESENTATION('',(#10277),#10280);
#10277 = B_SPLINE_CURVE_WITH_KNOTS('',1,(#10278,#10279),.UNSPECIFIED.,
  .F.,.F.,(2,2),(-1.4,0.),.PIECEWISE_BEZIER_KNOTS.);
#10278 = CARTESIAN_POINT('',(1.4,-31.8));
#10279 = CARTESIAN_POINT('',(0.,-31.8));
#10280 = ( GEOMETRIC_REPRESENTATION_CONTEXT(2) 
PARAMETRIC_REPRESENTATION_CONTEXT() REPRESENTATION_CONTEXT('2D SPACE',''
  ) );
#10281 = ORIENTED_EDGE('',*,*,#10282,.F.);
#10282 = EDGE_CURVE('',#10283,#10262,#10285,.T.);
#10283 = VERTEX_POINT('',#10284);
#10284 = CARTESIAN_POINT('',(-21.2,2.8,1.95));
#10285 = SURFACE_CURVE('',#10286,(#10290,#10296),.PCURVE_S1.);
#10286 = LINE('',#10287,#10288);
#10287 = CARTESIAN_POINT('',(-26.4,2.8,1.95));
#10288 = VECTOR('',#10289,1.);
#10289 = DIRECTION('',(1.,0.,0.));
#10290 = PCURVE('',#3728,#10291);
#10291 = DEFINITIONAL_REPRESENTATION('',(#10292),#10295);
#10292 = B_SPLINE_CURVE_WITH_KNOTS('',1,(#10293,#10294),.UNSPECIFIED.,
  .F.,.F.,(2,2),(5.2,6.),.PIECEWISE_BEZIER_KNOTS.);
#10293 = CARTESIAN_POINT('',(1.4,10.4));
#10294 = CARTESIAN_POINT('',(1.4,11.2));
#10295 = ( GEOMETRIC_REPRESENTATION_CONTEXT(2) 
PARAMETRIC_REPRESENTATION_CONTEXT() REPRESENTATION_CONTEXT('2D SPACE',''
  ) );
#10296 = PCURVE('',#10297,#10302);
#10297 = PLANE('',#10298);
#10298 = AXIS2_PLACEMENT_3D('',#10299,#10300,#10301);
#10299 = CARTESIAN_POINT('',(-21.2,-29.,1.95));
#10300 = DIRECTION('',(0.,0.,1.));
#10301 = DIRECTION('',(1.,0.,0.));
#10302 = DEFINITIONAL_REPRESENTATION('',(#10303),#10306);
#10303 = B_SPLINE_CURVE_WITH_KNOTS('',1,(#10304,#10305),.UNSPECIFIED.,
  .F.,.F.,(2,2),(5.2,6.),.PIECEWISE_BEZIER_KNOTS.);
#10304 = CARTESIAN_POINT('',(0.,31.8));
#10305 = CARTESIAN_POINT('',(0.8,31.8));
#10306 = ( GEOMETRIC_REPRESENTATION_CONTEXT(2) 
PARAMETRIC_REPRESENTATION_CONTEXT() REPRESENTATION_CONTEXT('2D SPACE',''
  ) );
#10307 = ORIENTED_EDGE('',*,*,#10308,.T.);
#10308 = EDGE_CURVE('',#10283,#3797,#10309,.T.);
#10309 = SURFACE_CURVE('',#10310,(#10314,#10320),.PCURVE_S1.);
#10310 = LINE('',#10311,#10312);
#10311 = CARTESIAN_POINT('',(-21.2,2.8,0.55));
#10312 = VECTOR('',#10313,1.);
#10313 = DIRECTION('',(0.,0.,-1.));
#10314 = PCURVE('',#3728,#10315);
#10315 = DEFINITIONAL_REPRESENTATION('',(#10316),#10319);
#10316 = B_SPLINE_CURVE_WITH_KNOTS('',1,(#10317,#10318),.UNSPECIFIED.,
  .F.,.F.,(2,2),(-1.4,0.),.PIECEWISE_BEZIER_KNOTS.);
#10317 = CARTESIAN_POINT('',(1.4,10.4));
#10318 = CARTESIAN_POINT('',(0.,10.4));
#10319 = ( GEOMETRIC_REPRESENTATION_CONTEXT(2) 
PARAMETRIC_REPRESENTATION_CONTEXT() REPRESENTATION_CONTEXT('2D SPACE',''
  ) );
#10320 = PCURVE('',#3812,#10321);
#10321 = DEFINITIONAL_REPRESENTATION('',(#10322),#10325);
#10322 = B_SPLINE_CURVE_WITH_KNOTS('',1,(#10323,#10324),.UNSPECIFIED.,
  .F.,.F.,(2,2),(-1.4,0.),.PIECEWISE_BEZIER_KNOTS.);
#10323 = CARTESIAN_POINT('',(1.4,-31.8));
#10324 = CARTESIAN_POINT('',(0.,-31.8));
#10325 = ( GEOMETRIC_REPRESENTATION_CONTEXT(2) 
PARAMETRIC_REPRESENTATION_CONTEXT() REPRESENTATION_CONTEXT('2D SPACE',''
  ) );
#10326 = ADVANCED_FACE('',(#10327),#3756,.T.);
#10327 = FACE_BOUND('',#10328,.T.);
#10328 = EDGE_LOOP('',(#10329,#10352,#10353,#10354));
#10329 = ORIENTED_EDGE('',*,*,#10330,.F.);
#10330 = EDGE_CURVE('',#10262,#10331,#10333,.T.);
#10331 = VERTEX_POINT('',#10332);
#10332 = CARTESIAN_POINT('',(-20.4,3.,1.95));
#10333 = SURFACE_CURVE('',#10334,(#10338,#10345),.PCURVE_S1.);
#10334 = LINE('',#10335,#10336);
#10335 = CARTESIAN_POINT('',(-20.4,-29.,1.95));
#10336 = VECTOR('',#10337,1.);
#10337 = DIRECTION('',(0.,1.,0.));
#10338 = PCURVE('',#3756,#10339);
#10339 = DEFINITIONAL_REPRESENTATION('',(#10340),#10344);
#10340 = LINE('',#10341,#10342);
#10341 = CARTESIAN_POINT('',(1.4,0.));
#10342 = VECTOR('',#10343,1.);
#10343 = DIRECTION('',(0.,-1.));
#10344 = ( GEOMETRIC_REPRESENTATION_CONTEXT(2) 
PARAMETRIC_REPRESENTATION_CONTEXT() REPRESENTATION_CONTEXT('2D SPACE',''
  ) );
#10345 = PCURVE('',#10297,#10346);
#10346 = DEFINITIONAL_REPRESENTATION('',(#10347),#10351);
#10347 = LINE('',#10348,#10349);
#10348 = CARTESIAN_POINT('',(0.8,0.));
#10349 = VECTOR('',#10350,1.);
#10350 = DIRECTION('',(0.,1.));
#10351 = ( GEOMETRIC_REPRESENTATION_CONTEXT(2) 
PARAMETRIC_REPRESENTATION_CONTEXT() REPRESENTATION_CONTEXT('2D SPACE',''
  ) );
#10352 = ORIENTED_EDGE('',*,*,#10261,.T.);
#10353 = ORIENTED_EDGE('',*,*,#3740,.T.);
#10354 = ORIENTED_EDGE('',*,*,#10355,.T.);
#10355 = EDGE_CURVE('',#3741,#10331,#10356,.T.);
#10356 = SURFACE_CURVE('',#10357,(#10361,#10368),.PCURVE_S1.);
#10357 = LINE('',#10358,#10359);
#10358 = CARTESIAN_POINT('',(-20.4,3.,0.55));
#10359 = VECTOR('',#10360,1.);
#10360 = DIRECTION('',(0.,0.,1.));
#10361 = PCURVE('',#3756,#10362);
#10362 = DEFINITIONAL_REPRESENTATION('',(#10363),#10367);
#10363 = LINE('',#10364,#10365);
#10364 = CARTESIAN_POINT('',(0.,-32.));
#10365 = VECTOR('',#10366,1.);
#10366 = DIRECTION('',(1.,0.));
#10367 = ( GEOMETRIC_REPRESENTATION_CONTEXT(2) 
PARAMETRIC_REPRESENTATION_CONTEXT() REPRESENTATION_CONTEXT('2D SPACE',''
  ) );
#10368 = PCURVE('',#3784,#10369);
#10369 = DEFINITIONAL_REPRESENTATION('',(#10370),#10374);
#10370 = LINE('',#10371,#10372);
#10371 = CARTESIAN_POINT('',(0.,0.8));
#10372 = VECTOR('',#10373,1.);
#10373 = DIRECTION('',(1.,0.));
#10374 = ( GEOMETRIC_REPRESENTATION_CONTEXT(2) 
PARAMETRIC_REPRESENTATION_CONTEXT() REPRESENTATION_CONTEXT('2D SPACE',''
  ) );
#10375 = ADVANCED_FACE('',(#10376),#3784,.T.);
#10376 = FACE_BOUND('',#10377,.T.);
#10377 = EDGE_LOOP('',(#10378,#10379,#10402,#10423));
#10378 = ORIENTED_EDGE('',*,*,#3768,.F.);
#10379 = ORIENTED_EDGE('',*,*,#10380,.T.);
#10380 = EDGE_CURVE('',#3769,#10381,#10383,.T.);
#10381 = VERTEX_POINT('',#10382);
#10382 = CARTESIAN_POINT('',(-21.2,3.,1.95));
#10383 = SURFACE_CURVE('',#10384,(#10388,#10395),.PCURVE_S1.);
#10384 = LINE('',#10385,#10386);
#10385 = CARTESIAN_POINT('',(-21.2,3.,0.55));
#10386 = VECTOR('',#10387,1.);
#10387 = DIRECTION('',(0.,0.,1.));
#10388 = PCURVE('',#3784,#10389);
#10389 = DEFINITIONAL_REPRESENTATION('',(#10390),#10394);
#10390 = LINE('',#10391,#10392);
#10391 = CARTESIAN_POINT('',(0.,0.));
#10392 = VECTOR('',#10393,1.);
#10393 = DIRECTION('',(1.,0.));
#10394 = ( GEOMETRIC_REPRESENTATION_CONTEXT(2) 
PARAMETRIC_REPRESENTATION_CONTEXT() REPRESENTATION_CONTEXT('2D SPACE',''
  ) );
#10395 = PCURVE('',#3812,#10396);
#10396 = DEFINITIONAL_REPRESENTATION('',(#10397),#10401);
#10397 = LINE('',#10398,#10399);
#10398 = CARTESIAN_POINT('',(0.,-32.));
#10399 = VECTOR('',#10400,1.);
#10400 = DIRECTION('',(1.,0.));
#10401 = ( GEOMETRIC_REPRESENTATION_CONTEXT(2) 
PARAMETRIC_REPRESENTATION_CONTEXT() REPRESENTATION_CONTEXT('2D SPACE',''
  ) );
#10402 = ORIENTED_EDGE('',*,*,#10403,.T.);
#10403 = EDGE_CURVE('',#10381,#10331,#10404,.T.);
#10404 = SURFACE_CURVE('',#10405,(#10409,#10416),.PCURVE_S1.);
#10405 = LINE('',#10406,#10407);
#10406 = CARTESIAN_POINT('',(-21.2,3.,1.95));
#10407 = VECTOR('',#10408,1.);
#10408 = DIRECTION('',(1.,0.,0.));
#10409 = PCURVE('',#3784,#10410);
#10410 = DEFINITIONAL_REPRESENTATION('',(#10411),#10415);
#10411 = LINE('',#10412,#10413);
#10412 = CARTESIAN_POINT('',(1.4,0.));
#10413 = VECTOR('',#10414,1.);
#10414 = DIRECTION('',(0.,1.));
#10415 = ( GEOMETRIC_REPRESENTATION_CONTEXT(2) 
PARAMETRIC_REPRESENTATION_CONTEXT() REPRESENTATION_CONTEXT('2D SPACE',''
  ) );
#10416 = PCURVE('',#10297,#10417);
#10417 = DEFINITIONAL_REPRESENTATION('',(#10418),#10422);
#10418 = LINE('',#10419,#10420);
#10419 = CARTESIAN_POINT('',(0.,32.));
#10420 = VECTOR('',#10421,1.);
#10421 = DIRECTION('',(1.,0.));
#10422 = ( GEOMETRIC_REPRESENTATION_CONTEXT(2) 
PARAMETRIC_REPRESENTATION_CONTEXT() REPRESENTATION_CONTEXT('2D SPACE',''
  ) );
#10423 = ORIENTED_EDGE('',*,*,#10355,.F.);
#10424 = ADVANCED_FACE('',(#10425),#3812,.F.);
#10425 = FACE_BOUND('',#10426,.F.);
#10426 = EDGE_LOOP('',(#10427,#10448,#10449,#10450));
#10427 = ORIENTED_EDGE('',*,*,#10428,.F.);
#10428 = EDGE_CURVE('',#10283,#10381,#10429,.T.);
#10429 = SURFACE_CURVE('',#10430,(#10434,#10441),.PCURVE_S1.);
#10430 = LINE('',#10431,#10432);
#10431 = CARTESIAN_POINT('',(-21.2,-29.,1.95));
#10432 = VECTOR('',#10433,1.);
#10433 = DIRECTION('',(0.,1.,0.));
#10434 = PCURVE('',#3812,#10435);
#10435 = DEFINITIONAL_REPRESENTATION('',(#10436),#10440);
#10436 = LINE('',#10437,#10438);
#10437 = CARTESIAN_POINT('',(1.4,0.));
#10438 = VECTOR('',#10439,1.);
#10439 = DIRECTION('',(0.,-1.));
#10440 = ( GEOMETRIC_REPRESENTATION_CONTEXT(2) 
PARAMETRIC_REPRESENTATION_CONTEXT() REPRESENTATION_CONTEXT('2D SPACE',''
  ) );
#10441 = PCURVE('',#10297,#10442);
#10442 = DEFINITIONAL_REPRESENTATION('',(#10443),#10447);
#10443 = LINE('',#10444,#10445);
#10444 = CARTESIAN_POINT('',(0.,0.));
#10445 = VECTOR('',#10446,1.);
#10446 = DIRECTION('',(0.,1.));
#10447 = ( GEOMETRIC_REPRESENTATION_CONTEXT(2) 
PARAMETRIC_REPRESENTATION_CONTEXT() REPRESENTATION_CONTEXT('2D SPACE',''
  ) );
#10448 = ORIENTED_EDGE('',*,*,#10308,.T.);
#10449 = ORIENTED_EDGE('',*,*,#3796,.T.);
#10450 = ORIENTED_EDGE('',*,*,#10380,.T.);
#10451 = ADVANCED_FACE('',(#10452),#3885,.F.);
#10452 = FACE_BOUND('',#10453,.F.);
#10453 = EDGE_LOOP('',(#10454,#10455,#10456,#10479));
#10454 = ORIENTED_EDGE('',*,*,#3869,.F.);
#10455 = ORIENTED_EDGE('',*,*,#7270,.T.);
#10456 = ORIENTED_EDGE('',*,*,#10457,.T.);
#10457 = EDGE_CURVE('',#7271,#10458,#10460,.T.);
#10458 = VERTEX_POINT('',#10459);
#10459 = CARTESIAN_POINT('',(-7.6,21.2,2.35));
#10460 = SURFACE_CURVE('',#10461,(#10465,#10472),.PCURVE_S1.);
#10461 = LINE('',#10462,#10463);
#10462 = CARTESIAN_POINT('',(-31.6,21.2,2.35));
#10463 = VECTOR('',#10464,1.);
#10464 = DIRECTION('',(1.,0.,0.));
#10465 = PCURVE('',#3885,#10466);
#10466 = DEFINITIONAL_REPRESENTATION('',(#10467),#10471);
#10467 = LINE('',#10468,#10469);
#10468 = CARTESIAN_POINT('',(1.8,0.));
#10469 = VECTOR('',#10470,1.);
#10470 = DIRECTION('',(0.,1.));
#10471 = ( GEOMETRIC_REPRESENTATION_CONTEXT(2) 
PARAMETRIC_REPRESENTATION_CONTEXT() REPRESENTATION_CONTEXT('2D SPACE',''
  ) );
#10472 = PCURVE('',#7236,#10473);
#10473 = DEFINITIONAL_REPRESENTATION('',(#10474),#10478);
#10474 = LINE('',#10475,#10476);
#10475 = CARTESIAN_POINT('',(0.,0.));
#10476 = VECTOR('',#10477,1.);
#10477 = DIRECTION('',(1.,0.));
#10478 = ( GEOMETRIC_REPRESENTATION_CONTEXT(2) 
PARAMETRIC_REPRESENTATION_CONTEXT() REPRESENTATION_CONTEXT('2D SPACE',''
  ) );
#10479 = ORIENTED_EDGE('',*,*,#10480,.F.);
#10480 = EDGE_CURVE('',#3870,#10458,#10481,.T.);
#10481 = SURFACE_CURVE('',#10482,(#10486,#10492),.PCURVE_S1.);
#10482 = LINE('',#10483,#10484);
#10483 = CARTESIAN_POINT('',(-7.6,21.2,0.55));
#10484 = VECTOR('',#10485,1.);
#10485 = DIRECTION('',(0.,0.,1.));
#10486 = PCURVE('',#3885,#10487);
#10487 = DEFINITIONAL_REPRESENTATION('',(#10488),#10491);
#10488 = B_SPLINE_CURVE_WITH_KNOTS('',1,(#10489,#10490),.UNSPECIFIED.,
  .F.,.F.,(2,2),(0.,1.8),.PIECEWISE_BEZIER_KNOTS.);
#10489 = CARTESIAN_POINT('',(0.,24.));
#10490 = CARTESIAN_POINT('',(1.8,24.));
#10491 = ( GEOMETRIC_REPRESENTATION_CONTEXT(2) 
PARAMETRIC_REPRESENTATION_CONTEXT() REPRESENTATION_CONTEXT('2D SPACE',''
  ) );
#10492 = PCURVE('',#3911,#10493);
#10493 = DEFINITIONAL_REPRESENTATION('',(#10494),#10497);
#10494 = B_SPLINE_CURVE_WITH_KNOTS('',1,(#10495,#10496),.UNSPECIFIED.,
  .F.,.F.,(2,2),(0.,1.8),.PIECEWISE_BEZIER_KNOTS.);
#10495 = CARTESIAN_POINT('',(0.,-18.7));
#10496 = CARTESIAN_POINT('',(1.8,-18.7));
#10497 = ( GEOMETRIC_REPRESENTATION_CONTEXT(2) 
PARAMETRIC_REPRESENTATION_CONTEXT() REPRESENTATION_CONTEXT('2D SPACE',''
  ) );
#10498 = ADVANCED_FACE('',(#10499),#3911,.F.);
#10499 = FACE_BOUND('',#10500,.F.);
#10500 = EDGE_LOOP('',(#10501,#10522,#10523,#10524));
#10501 = ORIENTED_EDGE('',*,*,#10502,.F.);
#10502 = EDGE_CURVE('',#10217,#10458,#10503,.T.);
#10503 = SURFACE_CURVE('',#10504,(#10508,#10515),.PCURVE_S1.);
#10504 = LINE('',#10505,#10506);
#10505 = CARTESIAN_POINT('',(-7.6,2.5,2.35));
#10506 = VECTOR('',#10507,1.);
#10507 = DIRECTION('',(0.,1.,0.));
#10508 = PCURVE('',#3911,#10509);
#10509 = DEFINITIONAL_REPRESENTATION('',(#10510),#10514);
#10510 = LINE('',#10511,#10512);
#10511 = CARTESIAN_POINT('',(1.8,0.));
#10512 = VECTOR('',#10513,1.);
#10513 = DIRECTION('',(0.,-1.));
#10514 = ( GEOMETRIC_REPRESENTATION_CONTEXT(2) 
PARAMETRIC_REPRESENTATION_CONTEXT() REPRESENTATION_CONTEXT('2D SPACE',''
  ) );
#10515 = PCURVE('',#7236,#10516);
#10516 = DEFINITIONAL_REPRESENTATION('',(#10517),#10521);
#10517 = LINE('',#10518,#10519);
#10518 = CARTESIAN_POINT('',(24.,-18.7));
#10519 = VECTOR('',#10520,1.);
#10520 = DIRECTION('',(0.,1.));
#10521 = ( GEOMETRIC_REPRESENTATION_CONTEXT(2) 
PARAMETRIC_REPRESENTATION_CONTEXT() REPRESENTATION_CONTEXT('2D SPACE',''
  ) );
#10522 = ORIENTED_EDGE('',*,*,#10239,.F.);
#10523 = ORIENTED_EDGE('',*,*,#3897,.T.);
#10524 = ORIENTED_EDGE('',*,*,#10480,.T.);
#10525 = ADVANCED_FACE('',(#10526),#3943,.T.);
#10526 = FACE_BOUND('',#10527,.T.);
#10527 = EDGE_LOOP('',(#10528,#10529,#10550,#10571,#10572,#10573,#10594,
    #10620));
#10528 = ORIENTED_EDGE('',*,*,#4039,.F.);
#10529 = ORIENTED_EDGE('',*,*,#10530,.T.);
#10530 = EDGE_CURVE('',#4040,#10531,#10533,.T.);
#10531 = VERTEX_POINT('',#10532);
#10532 = CARTESIAN_POINT('',(8.7961102,2.9,2.35));
#10533 = SURFACE_CURVE('',#10534,(#10538,#10544),.PCURVE_S1.);
#10534 = LINE('',#10535,#10536);
#10535 = CARTESIAN_POINT('',(8.7961102,2.9,0.55));
#10536 = VECTOR('',#10537,1.);
#10537 = DIRECTION('',(0.,0.,1.));
#10538 = PCURVE('',#3943,#10539);
#10539 = DEFINITIONAL_REPRESENTATION('',(#10540),#10543);
#10540 = B_SPLINE_CURVE_WITH_KNOTS('',1,(#10541,#10542),.UNSPECIFIED.,
  .F.,.F.,(2,2),(0.,1.8),.PIECEWISE_BEZIER_KNOTS.);
#10541 = CARTESIAN_POINT('',(0.,0.8));
#10542 = CARTESIAN_POINT('',(1.8,0.8));
#10543 = ( GEOMETRIC_REPRESENTATION_CONTEXT(2) 
PARAMETRIC_REPRESENTATION_CONTEXT() REPRESENTATION_CONTEXT('2D SPACE',''
  ) );
#10544 = PCURVE('',#4078,#10545);
#10545 = DEFINITIONAL_REPRESENTATION('',(#10546),#10549);
#10546 = B_SPLINE_CURVE_WITH_KNOTS('',1,(#10547,#10548),.UNSPECIFIED.,
  .F.,.F.,(2,2),(0.,1.8),.PIECEWISE_BEZIER_KNOTS.);
#10547 = CARTESIAN_POINT('',(0.,-0.3));
#10548 = CARTESIAN_POINT('',(1.8,-0.3));
#10549 = ( GEOMETRIC_REPRESENTATION_CONTEXT(2) 
PARAMETRIC_REPRESENTATION_CONTEXT() REPRESENTATION_CONTEXT('2D SPACE',''
  ) );
#10550 = ORIENTED_EDGE('',*,*,#10551,.T.);
#10551 = EDGE_CURVE('',#10531,#6527,#10552,.T.);
#10552 = SURFACE_CURVE('',#10553,(#10557,#10564),.PCURVE_S1.);
#10553 = LINE('',#10554,#10555);
#10554 = CARTESIAN_POINT('',(7.9961102,2.9,2.35));
#10555 = VECTOR('',#10556,1.);
#10556 = DIRECTION('',(1.,0.,0.));
#10557 = PCURVE('',#3943,#10558);
#10558 = DEFINITIONAL_REPRESENTATION('',(#10559),#10563);
#10559 = LINE('',#10560,#10561);
#10560 = CARTESIAN_POINT('',(1.8,0.));
#10561 = VECTOR('',#10562,1.);
#10562 = DIRECTION('',(0.,1.));
#10563 = ( GEOMETRIC_REPRESENTATION_CONTEXT(2) 
PARAMETRIC_REPRESENTATION_CONTEXT() REPRESENTATION_CONTEXT('2D SPACE',''
  ) );
#10564 = PCURVE('',#6541,#10565);
#10565 = DEFINITIONAL_REPRESENTATION('',(#10566),#10570);
#10566 = LINE('',#10567,#10568);
#10567 = CARTESIAN_POINT('',(0.,-18.2));
#10568 = VECTOR('',#10569,1.);
#10569 = DIRECTION('',(1.,0.));
#10570 = ( GEOMETRIC_REPRESENTATION_CONTEXT(2) 
PARAMETRIC_REPRESENTATION_CONTEXT() REPRESENTATION_CONTEXT('2D SPACE',''
  ) );
#10571 = ORIENTED_EDGE('',*,*,#6553,.F.);
#10572 = ORIENTED_EDGE('',*,*,#3925,.F.);
#10573 = ORIENTED_EDGE('',*,*,#10574,.F.);
#10574 = EDGE_CURVE('',#10575,#3926,#10577,.T.);
#10575 = VERTEX_POINT('',#10576);
#10576 = CARTESIAN_POINT('',(21.2,2.9,1.95));
#10577 = SURFACE_CURVE('',#10578,(#10582,#10588),.PCURVE_S1.);
#10578 = LINE('',#10579,#10580);
#10579 = CARTESIAN_POINT('',(21.2,2.9,0.55));
#10580 = VECTOR('',#10581,1.);
#10581 = DIRECTION('',(0.,0.,-1.));
#10582 = PCURVE('',#3943,#10583);
#10583 = DEFINITIONAL_REPRESENTATION('',(#10584),#10587);
#10584 = B_SPLINE_CURVE_WITH_KNOTS('',1,(#10585,#10586),.UNSPECIFIED.,
  .F.,.F.,(2,2),(-1.4,0.),.PIECEWISE_BEZIER_KNOTS.);
#10585 = CARTESIAN_POINT('',(1.4,13.2038898));
#10586 = CARTESIAN_POINT('',(0.,13.2038898));
#10587 = ( GEOMETRIC_REPRESENTATION_CONTEXT(2) 
PARAMETRIC_REPRESENTATION_CONTEXT() REPRESENTATION_CONTEXT('2D SPACE',''
  ) );
#10588 = PCURVE('',#3971,#10589);
#10589 = DEFINITIONAL_REPRESENTATION('',(#10590),#10593);
#10590 = B_SPLINE_CURVE_WITH_KNOTS('',1,(#10591,#10592),.UNSPECIFIED.,
  .F.,.F.,(2,2),(-1.4,0.),.PIECEWISE_BEZIER_KNOTS.);
#10591 = CARTESIAN_POINT('',(1.4,-31.9));
#10592 = CARTESIAN_POINT('',(0.,-31.9));
#10593 = ( GEOMETRIC_REPRESENTATION_CONTEXT(2) 
PARAMETRIC_REPRESENTATION_CONTEXT() REPRESENTATION_CONTEXT('2D SPACE',''
  ) );
#10594 = ORIENTED_EDGE('',*,*,#10595,.F.);
#10595 = EDGE_CURVE('',#10596,#10575,#10598,.T.);
#10596 = VERTEX_POINT('',#10597);
#10597 = CARTESIAN_POINT('',(20.4,2.9,1.95));
#10598 = SURFACE_CURVE('',#10599,(#10603,#10609),.PCURVE_S1.);
#10599 = LINE('',#10600,#10601);
#10600 = CARTESIAN_POINT('',(14.1980551,2.9,1.95));
#10601 = VECTOR('',#10602,1.);
#10602 = DIRECTION('',(1.,0.,0.));
#10603 = PCURVE('',#3943,#10604);
#10604 = DEFINITIONAL_REPRESENTATION('',(#10605),#10608);
#10605 = B_SPLINE_CURVE_WITH_KNOTS('',1,(#10606,#10607),.UNSPECIFIED.,
  .F.,.F.,(2,2),(6.2019449,7.0019449),.PIECEWISE_BEZIER_KNOTS.);
#10606 = CARTESIAN_POINT('',(1.4,12.4038898));
#10607 = CARTESIAN_POINT('',(1.4,13.2038898));
#10608 = ( GEOMETRIC_REPRESENTATION_CONTEXT(2) 
PARAMETRIC_REPRESENTATION_CONTEXT() REPRESENTATION_CONTEXT('2D SPACE',''
  ) );
#10609 = PCURVE('',#10610,#10615);
#10610 = PLANE('',#10611);
#10611 = AXIS2_PLACEMENT_3D('',#10612,#10613,#10614);
#10612 = CARTESIAN_POINT('',(20.4,-29.,1.95));
#10613 = DIRECTION('',(0.,0.,1.));
#10614 = DIRECTION('',(1.,0.,0.));
#10615 = DEFINITIONAL_REPRESENTATION('',(#10616),#10619);
#10616 = B_SPLINE_CURVE_WITH_KNOTS('',1,(#10617,#10618),.UNSPECIFIED.,
  .F.,.F.,(2,2),(6.2019449,7.0019449),.PIECEWISE_BEZIER_KNOTS.);
#10617 = CARTESIAN_POINT('',(0.,31.9));
#10618 = CARTESIAN_POINT('',(0.8,31.9));
#10619 = ( GEOMETRIC_REPRESENTATION_CONTEXT(2) 
PARAMETRIC_REPRESENTATION_CONTEXT() REPRESENTATION_CONTEXT('2D SPACE',''
  ) );
#10620 = ORIENTED_EDGE('',*,*,#10621,.T.);
#10621 = EDGE_CURVE('',#10596,#4012,#10622,.T.);
#10622 = SURFACE_CURVE('',#10623,(#10627,#10633),.PCURVE_S1.);
#10623 = LINE('',#10624,#10625);
#10624 = CARTESIAN_POINT('',(20.4,2.9,0.55));
#10625 = VECTOR('',#10626,1.);
#10626 = DIRECTION('',(0.,0.,-1.));
#10627 = PCURVE('',#3943,#10628);
#10628 = DEFINITIONAL_REPRESENTATION('',(#10629),#10632);
#10629 = B_SPLINE_CURVE_WITH_KNOTS('',1,(#10630,#10631),.UNSPECIFIED.,
  .F.,.F.,(2,2),(-1.4,0.),.PIECEWISE_BEZIER_KNOTS.);
#10630 = CARTESIAN_POINT('',(1.4,12.4038898));
#10631 = CARTESIAN_POINT('',(0.,12.4038898));
#10632 = ( GEOMETRIC_REPRESENTATION_CONTEXT(2) 
PARAMETRIC_REPRESENTATION_CONTEXT() REPRESENTATION_CONTEXT('2D SPACE',''
  ) );
#10633 = PCURVE('',#4027,#10634);
#10634 = DEFINITIONAL_REPRESENTATION('',(#10635),#10638);
#10635 = B_SPLINE_CURVE_WITH_KNOTS('',1,(#10636,#10637),.UNSPECIFIED.,
  .F.,.F.,(2,2),(-1.4,0.),.PIECEWISE_BEZIER_KNOTS.);
#10636 = CARTESIAN_POINT('',(1.4,-31.9));
#10637 = CARTESIAN_POINT('',(0.,-31.9));
#10638 = ( GEOMETRIC_REPRESENTATION_CONTEXT(2) 
PARAMETRIC_REPRESENTATION_CONTEXT() REPRESENTATION_CONTEXT('2D SPACE',''
  ) );
#10639 = ADVANCED_FACE('',(#10640),#3971,.T.);
#10640 = FACE_BOUND('',#10641,.T.);
#10641 = EDGE_LOOP('',(#10642,#10665,#10666,#10667));
#10642 = ORIENTED_EDGE('',*,*,#10643,.F.);
#10643 = EDGE_CURVE('',#10575,#10644,#10646,.T.);
#10644 = VERTEX_POINT('',#10645);
#10645 = CARTESIAN_POINT('',(21.2,3.,1.95));
#10646 = SURFACE_CURVE('',#10647,(#10651,#10658),.PCURVE_S1.);
#10647 = LINE('',#10648,#10649);
#10648 = CARTESIAN_POINT('',(21.2,-29.,1.95));
#10649 = VECTOR('',#10650,1.);
#10650 = DIRECTION('',(0.,1.,0.));
#10651 = PCURVE('',#3971,#10652);
#10652 = DEFINITIONAL_REPRESENTATION('',(#10653),#10657);
#10653 = LINE('',#10654,#10655);
#10654 = CARTESIAN_POINT('',(1.4,0.));
#10655 = VECTOR('',#10656,1.);
#10656 = DIRECTION('',(0.,-1.));
#10657 = ( GEOMETRIC_REPRESENTATION_CONTEXT(2) 
PARAMETRIC_REPRESENTATION_CONTEXT() REPRESENTATION_CONTEXT('2D SPACE',''
  ) );
#10658 = PCURVE('',#10610,#10659);
#10659 = DEFINITIONAL_REPRESENTATION('',(#10660),#10664);
#10660 = LINE('',#10661,#10662);
#10661 = CARTESIAN_POINT('',(0.8,0.));
#10662 = VECTOR('',#10663,1.);
#10663 = DIRECTION('',(0.,1.));
#10664 = ( GEOMETRIC_REPRESENTATION_CONTEXT(2) 
PARAMETRIC_REPRESENTATION_CONTEXT() REPRESENTATION_CONTEXT('2D SPACE',''
  ) );
#10665 = ORIENTED_EDGE('',*,*,#10574,.T.);
#10666 = ORIENTED_EDGE('',*,*,#3955,.T.);
#10667 = ORIENTED_EDGE('',*,*,#10668,.T.);
#10668 = EDGE_CURVE('',#3956,#10644,#10669,.T.);
#10669 = SURFACE_CURVE('',#10670,(#10674,#10681),.PCURVE_S1.);
#10670 = LINE('',#10671,#10672);
#10671 = CARTESIAN_POINT('',(21.2,3.,0.55));
#10672 = VECTOR('',#10673,1.);
#10673 = DIRECTION('',(0.,0.,1.));
#10674 = PCURVE('',#3971,#10675);
#10675 = DEFINITIONAL_REPRESENTATION('',(#10676),#10680);
#10676 = LINE('',#10677,#10678);
#10677 = CARTESIAN_POINT('',(0.,-32.));
#10678 = VECTOR('',#10679,1.);
#10679 = DIRECTION('',(1.,0.));
#10680 = ( GEOMETRIC_REPRESENTATION_CONTEXT(2) 
PARAMETRIC_REPRESENTATION_CONTEXT() REPRESENTATION_CONTEXT('2D SPACE',''
  ) );
#10681 = PCURVE('',#3999,#10682);
#10682 = DEFINITIONAL_REPRESENTATION('',(#10683),#10687);
#10683 = LINE('',#10684,#10685);
#10684 = CARTESIAN_POINT('',(0.,0.8));
#10685 = VECTOR('',#10686,1.);
#10686 = DIRECTION('',(1.,0.));
#10687 = ( GEOMETRIC_REPRESENTATION_CONTEXT(2) 
PARAMETRIC_REPRESENTATION_CONTEXT() REPRESENTATION_CONTEXT('2D SPACE',''
  ) );
#10688 = ADVANCED_FACE('',(#10689),#3999,.T.);
#10689 = FACE_BOUND('',#10690,.T.);
#10690 = EDGE_LOOP('',(#10691,#10692,#10715,#10736));
#10691 = ORIENTED_EDGE('',*,*,#3983,.F.);
#10692 = ORIENTED_EDGE('',*,*,#10693,.T.);
#10693 = EDGE_CURVE('',#3984,#10694,#10696,.T.);
#10694 = VERTEX_POINT('',#10695);
#10695 = CARTESIAN_POINT('',(20.4,3.,1.95));
#10696 = SURFACE_CURVE('',#10697,(#10701,#10708),.PCURVE_S1.);
#10697 = LINE('',#10698,#10699);
#10698 = CARTESIAN_POINT('',(20.4,3.,0.55));
#10699 = VECTOR('',#10700,1.);
#10700 = DIRECTION('',(0.,0.,1.));
#10701 = PCURVE('',#3999,#10702);
#10702 = DEFINITIONAL_REPRESENTATION('',(#10703),#10707);
#10703 = LINE('',#10704,#10705);
#10704 = CARTESIAN_POINT('',(0.,0.));
#10705 = VECTOR('',#10706,1.);
#10706 = DIRECTION('',(1.,0.));
#10707 = ( GEOMETRIC_REPRESENTATION_CONTEXT(2) 
PARAMETRIC_REPRESENTATION_CONTEXT() REPRESENTATION_CONTEXT('2D SPACE',''
  ) );
#10708 = PCURVE('',#4027,#10709);
#10709 = DEFINITIONAL_REPRESENTATION('',(#10710),#10714);
#10710 = LINE('',#10711,#10712);
#10711 = CARTESIAN_POINT('',(0.,-32.));
#10712 = VECTOR('',#10713,1.);
#10713 = DIRECTION('',(1.,0.));
#10714 = ( GEOMETRIC_REPRESENTATION_CONTEXT(2) 
PARAMETRIC_REPRESENTATION_CONTEXT() REPRESENTATION_CONTEXT('2D SPACE',''
  ) );
#10715 = ORIENTED_EDGE('',*,*,#10716,.T.);
#10716 = EDGE_CURVE('',#10694,#10644,#10717,.T.);
#10717 = SURFACE_CURVE('',#10718,(#10722,#10729),.PCURVE_S1.);
#10718 = LINE('',#10719,#10720);
#10719 = CARTESIAN_POINT('',(20.4,3.,1.95));
#10720 = VECTOR('',#10721,1.);
#10721 = DIRECTION('',(1.,0.,0.));
#10722 = PCURVE('',#3999,#10723);
#10723 = DEFINITIONAL_REPRESENTATION('',(#10724),#10728);
#10724 = LINE('',#10725,#10726);
#10725 = CARTESIAN_POINT('',(1.4,0.));
#10726 = VECTOR('',#10727,1.);
#10727 = DIRECTION('',(0.,1.));
#10728 = ( GEOMETRIC_REPRESENTATION_CONTEXT(2) 
PARAMETRIC_REPRESENTATION_CONTEXT() REPRESENTATION_CONTEXT('2D SPACE',''
  ) );
#10729 = PCURVE('',#10610,#10730);
#10730 = DEFINITIONAL_REPRESENTATION('',(#10731),#10735);
#10731 = LINE('',#10732,#10733);
#10732 = CARTESIAN_POINT('',(0.,32.));
#10733 = VECTOR('',#10734,1.);
#10734 = DIRECTION('',(1.,0.));
#10735 = ( GEOMETRIC_REPRESENTATION_CONTEXT(2) 
PARAMETRIC_REPRESENTATION_CONTEXT() REPRESENTATION_CONTEXT('2D SPACE',''
  ) );
#10736 = ORIENTED_EDGE('',*,*,#10668,.F.);
#10737 = ADVANCED_FACE('',(#10738),#4027,.F.);
#10738 = FACE_BOUND('',#10739,.F.);
#10739 = EDGE_LOOP('',(#10740,#10761,#10762,#10763));
#10740 = ORIENTED_EDGE('',*,*,#10741,.F.);
#10741 = EDGE_CURVE('',#10596,#10694,#10742,.T.);
#10742 = SURFACE_CURVE('',#10743,(#10747,#10754),.PCURVE_S1.);
#10743 = LINE('',#10744,#10745);
#10744 = CARTESIAN_POINT('',(20.4,-29.,1.95));
#10745 = VECTOR('',#10746,1.);
#10746 = DIRECTION('',(0.,1.,0.));
#10747 = PCURVE('',#4027,#10748);
#10748 = DEFINITIONAL_REPRESENTATION('',(#10749),#10753);
#10749 = LINE('',#10750,#10751);
#10750 = CARTESIAN_POINT('',(1.4,0.));
#10751 = VECTOR('',#10752,1.);
#10752 = DIRECTION('',(0.,-1.));
#10753 = ( GEOMETRIC_REPRESENTATION_CONTEXT(2) 
PARAMETRIC_REPRESENTATION_CONTEXT() REPRESENTATION_CONTEXT('2D SPACE',''
  ) );
#10754 = PCURVE('',#10610,#10755);
#10755 = DEFINITIONAL_REPRESENTATION('',(#10756),#10760);
#10756 = LINE('',#10757,#10758);
#10757 = CARTESIAN_POINT('',(0.,0.));
#10758 = VECTOR('',#10759,1.);
#10759 = DIRECTION('',(0.,1.));
#10760 = ( GEOMETRIC_REPRESENTATION_CONTEXT(2) 
PARAMETRIC_REPRESENTATION_CONTEXT() REPRESENTATION_CONTEXT('2D SPACE',''
  ) );
#10761 = ORIENTED_EDGE('',*,*,#10621,.T.);
#10762 = ORIENTED_EDGE('',*,*,#4011,.T.);
#10763 = ORIENTED_EDGE('',*,*,#10693,.T.);
#10764 = ADVANCED_FACE('',(#10765),#4078,.T.);
#10765 = FACE_BOUND('',#10766,.T.);
#10766 = EDGE_LOOP('',(#10767,#10790,#10791,#10792));
#10767 = ORIENTED_EDGE('',*,*,#10768,.F.);
#10768 = EDGE_CURVE('',#10531,#10769,#10771,.T.);
#10769 = VERTEX_POINT('',#10770);
#10770 = CARTESIAN_POINT('',(8.7961102,21.1,2.35));
#10771 = SURFACE_CURVE('',#10772,(#10776,#10783),.PCURVE_S1.);
#10772 = LINE('',#10773,#10774);
#10773 = CARTESIAN_POINT('',(8.7961102,2.6,2.35));
#10774 = VECTOR('',#10775,1.);
#10775 = DIRECTION('',(0.,1.,0.));
#10776 = PCURVE('',#4078,#10777);
#10777 = DEFINITIONAL_REPRESENTATION('',(#10778),#10782);
#10778 = LINE('',#10779,#10780);
#10779 = CARTESIAN_POINT('',(1.8,0.));
#10780 = VECTOR('',#10781,1.);
#10781 = DIRECTION('',(0.,-1.));
#10782 = ( GEOMETRIC_REPRESENTATION_CONTEXT(2) 
PARAMETRIC_REPRESENTATION_CONTEXT() REPRESENTATION_CONTEXT('2D SPACE',''
  ) );
#10783 = PCURVE('',#6541,#10784);
#10784 = DEFINITIONAL_REPRESENTATION('',(#10785),#10789);
#10785 = LINE('',#10786,#10787);
#10786 = CARTESIAN_POINT('',(0.8,-18.5));
#10787 = VECTOR('',#10788,1.);
#10788 = DIRECTION('',(0.,1.));
#10789 = ( GEOMETRIC_REPRESENTATION_CONTEXT(2) 
PARAMETRIC_REPRESENTATION_CONTEXT() REPRESENTATION_CONTEXT('2D SPACE',''
  ) );
#10790 = ORIENTED_EDGE('',*,*,#10530,.F.);
#10791 = ORIENTED_EDGE('',*,*,#4062,.T.);
#10792 = ORIENTED_EDGE('',*,*,#10793,.T.);
#10793 = EDGE_CURVE('',#4063,#10769,#10794,.T.);
#10794 = SURFACE_CURVE('',#10795,(#10799,#10805),.PCURVE_S1.);
#10795 = LINE('',#10796,#10797);
#10796 = CARTESIAN_POINT('',(8.7961102,21.1,0.55));
#10797 = VECTOR('',#10798,1.);
#10798 = DIRECTION('',(0.,0.,1.));
#10799 = PCURVE('',#4078,#10800);
#10800 = DEFINITIONAL_REPRESENTATION('',(#10801),#10804);
#10801 = B_SPLINE_CURVE_WITH_KNOTS('',1,(#10802,#10803),.UNSPECIFIED.,
  .F.,.F.,(2,2),(0.,1.8),.PIECEWISE_BEZIER_KNOTS.);
#10802 = CARTESIAN_POINT('',(0.,-18.5));
#10803 = CARTESIAN_POINT('',(1.8,-18.5));
#10804 = ( GEOMETRIC_REPRESENTATION_CONTEXT(2) 
PARAMETRIC_REPRESENTATION_CONTEXT() REPRESENTATION_CONTEXT('2D SPACE',''
  ) );
#10805 = PCURVE('',#4106,#10806);
#10806 = DEFINITIONAL_REPRESENTATION('',(#10807),#10810);
#10807 = B_SPLINE_CURVE_WITH_KNOTS('',1,(#10808,#10809),.UNSPECIFIED.,
  .F.,.F.,(2,2),(0.,1.8),.PIECEWISE_BEZIER_KNOTS.);
#10808 = CARTESIAN_POINT('',(0.,0.8));
#10809 = CARTESIAN_POINT('',(1.8,0.8));
#10810 = ( GEOMETRIC_REPRESENTATION_CONTEXT(2) 
PARAMETRIC_REPRESENTATION_CONTEXT() REPRESENTATION_CONTEXT('2D SPACE',''
  ) );
#10811 = ADVANCED_FACE('',(#10812),#4106,.F.);
#10812 = FACE_BOUND('',#10813,.F.);
#10813 = EDGE_LOOP('',(#10814,#10815,#10816,#10837));
#10814 = ORIENTED_EDGE('',*,*,#4090,.F.);
#10815 = ORIENTED_EDGE('',*,*,#10793,.T.);
#10816 = ORIENTED_EDGE('',*,*,#10817,.T.);
#10817 = EDGE_CURVE('',#10769,#6574,#10818,.T.);
#10818 = SURFACE_CURVE('',#10819,(#10823,#10830),.PCURVE_S1.);
#10819 = LINE('',#10820,#10821);
#10820 = CARTESIAN_POINT('',(7.9961102,21.1,2.35));
#10821 = VECTOR('',#10822,1.);
#10822 = DIRECTION('',(1.,0.,0.));
#10823 = PCURVE('',#4106,#10824);
#10824 = DEFINITIONAL_REPRESENTATION('',(#10825),#10829);
#10825 = LINE('',#10826,#10827);
#10826 = CARTESIAN_POINT('',(1.8,0.));
#10827 = VECTOR('',#10828,1.);
#10828 = DIRECTION('',(0.,1.));
#10829 = ( GEOMETRIC_REPRESENTATION_CONTEXT(2) 
PARAMETRIC_REPRESENTATION_CONTEXT() REPRESENTATION_CONTEXT('2D SPACE',''
  ) );
#10830 = PCURVE('',#6541,#10831);
#10831 = DEFINITIONAL_REPRESENTATION('',(#10832),#10836);
#10832 = LINE('',#10833,#10834);
#10833 = CARTESIAN_POINT('',(0.,0.));
#10834 = VECTOR('',#10835,1.);
#10835 = DIRECTION('',(1.,0.));
#10836 = ( GEOMETRIC_REPRESENTATION_CONTEXT(2) 
PARAMETRIC_REPRESENTATION_CONTEXT() REPRESENTATION_CONTEXT('2D SPACE',''
  ) );
#10837 = ORIENTED_EDGE('',*,*,#6573,.F.);
#10838 = ADVANCED_FACE('',(#10839),#4182,.F.);
#10839 = FACE_BOUND('',#10840,.F.);
#10840 = EDGE_LOOP('',(#10841,#10842,#10843,#10864));
#10841 = ORIENTED_EDGE('',*,*,#4166,.F.);
#10842 = ORIENTED_EDGE('',*,*,#7085,.F.);
#10843 = ORIENTED_EDGE('',*,*,#10844,.T.);
#10844 = EDGE_CURVE('',#7058,#6506,#10845,.T.);
#10845 = SURFACE_CURVE('',#10846,(#10850,#10857),.PCURVE_S1.);
#10846 = LINE('',#10847,#10848);
#10847 = CARTESIAN_POINT('',(7.9961102,2.1,2.35));
#10848 = VECTOR('',#10849,1.);
#10849 = DIRECTION('',(1.,0.,0.));
#10850 = PCURVE('',#4182,#10851);
#10851 = DEFINITIONAL_REPRESENTATION('',(#10852),#10856);
#10852 = LINE('',#10853,#10854);
#10853 = CARTESIAN_POINT('',(1.8,0.));
#10854 = VECTOR('',#10855,1.);
#10855 = DIRECTION('',(0.,1.));
#10856 = ( GEOMETRIC_REPRESENTATION_CONTEXT(2) 
PARAMETRIC_REPRESENTATION_CONTEXT() REPRESENTATION_CONTEXT('2D SPACE',''
  ) );
#10857 = PCURVE('',#6541,#10858);
#10858 = DEFINITIONAL_REPRESENTATION('',(#10859),#10863);
#10859 = LINE('',#10860,#10861);
#10860 = CARTESIAN_POINT('',(0.,-19.));
#10861 = VECTOR('',#10862,1.);
#10862 = DIRECTION('',(1.,0.));
#10863 = ( GEOMETRIC_REPRESENTATION_CONTEXT(2) 
PARAMETRIC_REPRESENTATION_CONTEXT() REPRESENTATION_CONTEXT('2D SPACE',''
  ) );
#10864 = ORIENTED_EDGE('',*,*,#6505,.F.);
#10865 = ADVANCED_FACE('',(#10866),#4279,.F.);
#10866 = FACE_BOUND('',#10867,.F.);
#10867 = EDGE_LOOP('',(#10868,#10898,#10919,#10920,#10921,#10944,#10970,
    #10996,#11022,#11050,#11076,#11102));
#10868 = ORIENTED_EDGE('',*,*,#10869,.F.);
#10869 = EDGE_CURVE('',#10870,#10872,#10874,.T.);
#10870 = VERTEX_POINT('',#10871);
#10871 = CARTESIAN_POINT('',(16.1,22.,4.));
#10872 = VERTEX_POINT('',#10873);
#10873 = CARTESIAN_POINT('',(16.1,35.2,4.));
#10874 = SURFACE_CURVE('',#10875,(#10879,#10886),.PCURVE_S1.);
#10875 = LINE('',#10876,#10877);
#10876 = CARTESIAN_POINT('',(16.1,22.,4.));
#10877 = VECTOR('',#10878,1.);
#10878 = DIRECTION('',(0.,1.,0.));
#10879 = PCURVE('',#4279,#10880);
#10880 = DEFINITIONAL_REPRESENTATION('',(#10881),#10885);
#10881 = LINE('',#10882,#10883);
#10882 = CARTESIAN_POINT('',(3.45,0.));
#10883 = VECTOR('',#10884,1.);
#10884 = DIRECTION('',(0.,-1.));
#10885 = ( GEOMETRIC_REPRESENTATION_CONTEXT(2) 
PARAMETRIC_REPRESENTATION_CONTEXT() REPRESENTATION_CONTEXT('2D SPACE',''
  ) );
#10886 = PCURVE('',#10887,#10892);
#10887 = PLANE('',#10888);
#10888 = AXIS2_PLACEMENT_3D('',#10889,#10890,#10891);
#10889 = CARTESIAN_POINT('',(16.1,22.,4.));
#10890 = DIRECTION('',(0.,0.,1.));
#10891 = DIRECTION('',(1.,0.,0.));
#10892 = DEFINITIONAL_REPRESENTATION('',(#10893),#10897);
#10893 = LINE('',#10894,#10895);
#10894 = CARTESIAN_POINT('',(0.,0.));
#10895 = VECTOR('',#10896,1.);
#10896 = DIRECTION('',(0.,1.));
#10897 = ( GEOMETRIC_REPRESENTATION_CONTEXT(2) 
PARAMETRIC_REPRESENTATION_CONTEXT() REPRESENTATION_CONTEXT('2D SPACE',''
  ) );
#10898 = ORIENTED_EDGE('',*,*,#10899,.F.);
#10899 = EDGE_CURVE('',#4264,#10870,#10900,.T.);
#10900 = SURFACE_CURVE('',#10901,(#10905,#10912),.PCURVE_S1.);
#10901 = LINE('',#10902,#10903);
#10902 = CARTESIAN_POINT('',(16.1,22.,0.55));
#10903 = VECTOR('',#10904,1.);
#10904 = DIRECTION('',(0.,0.,1.));
#10905 = PCURVE('',#4279,#10906);
#10906 = DEFINITIONAL_REPRESENTATION('',(#10907),#10911);
#10907 = LINE('',#10908,#10909);
#10908 = CARTESIAN_POINT('',(0.,0.));
#10909 = VECTOR('',#10910,1.);
#10910 = DIRECTION('',(1.,0.));
#10911 = ( GEOMETRIC_REPRESENTATION_CONTEXT(2) 
PARAMETRIC_REPRESENTATION_CONTEXT() REPRESENTATION_CONTEXT('2D SPACE',''
  ) );
#10912 = PCURVE('',#4307,#10913);
#10913 = DEFINITIONAL_REPRESENTATION('',(#10914),#10918);
#10914 = LINE('',#10915,#10916);
#10915 = CARTESIAN_POINT('',(0.,0.));
#10916 = VECTOR('',#10917,1.);
#10917 = DIRECTION('',(1.,0.));
#10918 = ( GEOMETRIC_REPRESENTATION_CONTEXT(2) 
PARAMETRIC_REPRESENTATION_CONTEXT() REPRESENTATION_CONTEXT('2D SPACE',''
  ) );
#10919 = ORIENTED_EDGE('',*,*,#4263,.T.);
#10920 = ORIENTED_EDGE('',*,*,#6372,.F.);
#10921 = ORIENTED_EDGE('',*,*,#10922,.F.);
#10922 = EDGE_CURVE('',#10923,#6347,#10925,.T.);
#10923 = VERTEX_POINT('',#10924);
#10924 = CARTESIAN_POINT('',(16.1,47.55,4.));
#10925 = SURFACE_CURVE('',#10926,(#10930,#10937),.PCURVE_S1.);
#10926 = LINE('',#10927,#10928);
#10927 = CARTESIAN_POINT('',(16.1,22.,4.));
#10928 = VECTOR('',#10929,1.);
#10929 = DIRECTION('',(0.,1.,0.));
#10930 = PCURVE('',#4279,#10931);
#10931 = DEFINITIONAL_REPRESENTATION('',(#10932),#10936);
#10932 = LINE('',#10933,#10934);
#10933 = CARTESIAN_POINT('',(3.45,0.));
#10934 = VECTOR('',#10935,1.);
#10935 = DIRECTION('',(0.,-1.));
#10936 = ( GEOMETRIC_REPRESENTATION_CONTEXT(2) 
PARAMETRIC_REPRESENTATION_CONTEXT() REPRESENTATION_CONTEXT('2D SPACE',''
  ) );
#10937 = PCURVE('',#6361,#10938);
#10938 = DEFINITIONAL_REPRESENTATION('',(#10939),#10943);
#10939 = LINE('',#10940,#10941);
#10940 = CARTESIAN_POINT('',(0.,0.));
#10941 = VECTOR('',#10942,1.);
#10942 = DIRECTION('',(0.,1.));
#10943 = ( GEOMETRIC_REPRESENTATION_CONTEXT(2) 
PARAMETRIC_REPRESENTATION_CONTEXT() REPRESENTATION_CONTEXT('2D SPACE',''
  ) );
#10944 = ORIENTED_EDGE('',*,*,#10945,.F.);
#10945 = EDGE_CURVE('',#10946,#10923,#10948,.T.);
#10946 = VERTEX_POINT('',#10947);
#10947 = CARTESIAN_POINT('',(16.1,47.55,3.65));
#10948 = SURFACE_CURVE('',#10949,(#10953,#10959),.PCURVE_S1.);
#10949 = LINE('',#10950,#10951);
#10950 = CARTESIAN_POINT('',(16.1,47.55,2.1));
#10951 = VECTOR('',#10952,1.);
#10952 = DIRECTION('',(0.,0.,1.));
#10953 = PCURVE('',#4279,#10954);
#10954 = DEFINITIONAL_REPRESENTATION('',(#10955),#10958);
#10955 = B_SPLINE_CURVE_WITH_KNOTS('',1,(#10956,#10957),.UNSPECIFIED.,
  .F.,.F.,(2,2),(1.55,1.9),.PIECEWISE_BEZIER_KNOTS.);
#10956 = CARTESIAN_POINT('',(3.1,-25.55));
#10957 = CARTESIAN_POINT('',(3.45,-25.55));
#10958 = ( GEOMETRIC_REPRESENTATION_CONTEXT(2) 
PARAMETRIC_REPRESENTATION_CONTEXT() REPRESENTATION_CONTEXT('2D SPACE',''
  ) );
#10959 = PCURVE('',#10960,#10965);
#10960 = PLANE('',#10961);
#10961 = AXIS2_PLACEMENT_3D('',#10962,#10963,#10964);
#10962 = CARTESIAN_POINT('',(15.6,47.55,3.65));
#10963 = DIRECTION('',(0.,1.,0.));
#10964 = DIRECTION('',(0.,0.,1.));
#10965 = DEFINITIONAL_REPRESENTATION('',(#10966),#10969);
#10966 = B_SPLINE_CURVE_WITH_KNOTS('',1,(#10967,#10968),.UNSPECIFIED.,
  .F.,.F.,(2,2),(1.55,1.9),.PIECEWISE_BEZIER_KNOTS.);
#10967 = CARTESIAN_POINT('',(0.,0.5));
#10968 = CARTESIAN_POINT('',(0.35,0.5));
#10969 = ( GEOMETRIC_REPRESENTATION_CONTEXT(2) 
PARAMETRIC_REPRESENTATION_CONTEXT() REPRESENTATION_CONTEXT('2D SPACE',''
  ) );
#10970 = ORIENTED_EDGE('',*,*,#10971,.T.);
#10971 = EDGE_CURVE('',#10946,#10972,#10974,.T.);
#10972 = VERTEX_POINT('',#10973);
#10973 = CARTESIAN_POINT('',(16.1,42.45,3.65));
#10974 = SURFACE_CURVE('',#10975,(#10979,#10985),.PCURVE_S1.);
#10975 = LINE('',#10976,#10977);
#10976 = CARTESIAN_POINT('',(16.1,32.225,3.65));
#10977 = VECTOR('',#10978,1.);
#10978 = DIRECTION('',(0.,-1.,0.));
#10979 = PCURVE('',#4279,#10980);
#10980 = DEFINITIONAL_REPRESENTATION('',(#10981),#10984);
#10981 = B_SPLINE_CURVE_WITH_KNOTS('',1,(#10982,#10983),.UNSPECIFIED.,
  .F.,.F.,(2,2),(-15.325,-10.225),.PIECEWISE_BEZIER_KNOTS.);
#10982 = CARTESIAN_POINT('',(3.1,-25.55));
#10983 = CARTESIAN_POINT('',(3.1,-20.45));
#10984 = ( GEOMETRIC_REPRESENTATION_CONTEXT(2) 
PARAMETRIC_REPRESENTATION_CONTEXT() REPRESENTATION_CONTEXT('2D SPACE',''
  ) );
#10985 = PCURVE('',#10986,#10991);
#10986 = PLANE('',#10987);
#10987 = AXIS2_PLACEMENT_3D('',#10988,#10989,#10990);
#10988 = CARTESIAN_POINT('',(15.6,42.45,3.65));
#10989 = DIRECTION('',(0.,0.,1.));
#10990 = DIRECTION('',(1.,0.,0.));
#10991 = DEFINITIONAL_REPRESENTATION('',(#10992),#10995);
#10992 = B_SPLINE_CURVE_WITH_KNOTS('',1,(#10993,#10994),.UNSPECIFIED.,
  .F.,.F.,(2,2),(-15.325,-10.225),.PIECEWISE_BEZIER_KNOTS.);
#10993 = CARTESIAN_POINT('',(0.5,5.1));
#10994 = CARTESIAN_POINT('',(0.5,0.));
#10995 = ( GEOMETRIC_REPRESENTATION_CONTEXT(2) 
PARAMETRIC_REPRESENTATION_CONTEXT() REPRESENTATION_CONTEXT('2D SPACE',''
  ) );
#10996 = ORIENTED_EDGE('',*,*,#10997,.T.);
#10997 = EDGE_CURVE('',#10972,#10998,#11000,.T.);
#10998 = VERTEX_POINT('',#10999);
#10999 = CARTESIAN_POINT('',(16.1,42.45,4.));
#11000 = SURFACE_CURVE('',#11001,(#11005,#11011),.PCURVE_S1.);
#11001 = LINE('',#11002,#11003);
#11002 = CARTESIAN_POINT('',(16.1,42.45,2.1));
#11003 = VECTOR('',#11004,1.);
#11004 = DIRECTION('',(0.,0.,1.));
#11005 = PCURVE('',#4279,#11006);
#11006 = DEFINITIONAL_REPRESENTATION('',(#11007),#11010);
#11007 = B_SPLINE_CURVE_WITH_KNOTS('',1,(#11008,#11009),.UNSPECIFIED.,
  .F.,.F.,(2,2),(1.55,1.9),.PIECEWISE_BEZIER_KNOTS.);
#11008 = CARTESIAN_POINT('',(3.1,-20.45));
#11009 = CARTESIAN_POINT('',(3.45,-20.45));
#11010 = ( GEOMETRIC_REPRESENTATION_CONTEXT(2) 
PARAMETRIC_REPRESENTATION_CONTEXT() REPRESENTATION_CONTEXT('2D SPACE',''
  ) );
#11011 = PCURVE('',#11012,#11017);
#11012 = PLANE('',#11013);
#11013 = AXIS2_PLACEMENT_3D('',#11014,#11015,#11016);
#11014 = CARTESIAN_POINT('',(15.6,42.45,3.65));
#11015 = DIRECTION('',(0.,1.,0.));
#11016 = DIRECTION('',(0.,0.,1.));
#11017 = DEFINITIONAL_REPRESENTATION('',(#11018),#11021);
#11018 = B_SPLINE_CURVE_WITH_KNOTS('',1,(#11019,#11020),.UNSPECIFIED.,
  .F.,.F.,(2,2),(1.55,1.9),.PIECEWISE_BEZIER_KNOTS.);
#11019 = CARTESIAN_POINT('',(0.,0.5));
#11020 = CARTESIAN_POINT('',(0.35,0.5));
#11021 = ( GEOMETRIC_REPRESENTATION_CONTEXT(2) 
PARAMETRIC_REPRESENTATION_CONTEXT() REPRESENTATION_CONTEXT('2D SPACE',''
  ) );
#11022 = ORIENTED_EDGE('',*,*,#11023,.F.);
#11023 = EDGE_CURVE('',#11024,#10998,#11026,.T.);
#11024 = VERTEX_POINT('',#11025);
#11025 = CARTESIAN_POINT('',(16.1,38.8,4.));
#11026 = SURFACE_CURVE('',#11027,(#11031,#11038),.PCURVE_S1.);
#11027 = LINE('',#11028,#11029);
#11028 = CARTESIAN_POINT('',(16.1,22.,4.));
#11029 = VECTOR('',#11030,1.);
#11030 = DIRECTION('',(0.,1.,0.));
#11031 = PCURVE('',#4279,#11032);
#11032 = DEFINITIONAL_REPRESENTATION('',(#11033),#11037);
#11033 = LINE('',#11034,#11035);
#11034 = CARTESIAN_POINT('',(3.45,0.));
#11035 = VECTOR('',#11036,1.);
#11036 = DIRECTION('',(0.,-1.));
#11037 = ( GEOMETRIC_REPRESENTATION_CONTEXT(2) 
PARAMETRIC_REPRESENTATION_CONTEXT() REPRESENTATION_CONTEXT('2D SPACE',''
  ) );
#11038 = PCURVE('',#11039,#11044);
#11039 = PLANE('',#11040);
#11040 = AXIS2_PLACEMENT_3D('',#11041,#11042,#11043);
#11041 = CARTESIAN_POINT('',(16.1,22.,4.));
#11042 = DIRECTION('',(0.,0.,1.));
#11043 = DIRECTION('',(1.,0.,0.));
#11044 = DEFINITIONAL_REPRESENTATION('',(#11045),#11049);
#11045 = LINE('',#11046,#11047);
#11046 = CARTESIAN_POINT('',(0.,0.));
#11047 = VECTOR('',#11048,1.);
#11048 = DIRECTION('',(0.,1.));
#11049 = ( GEOMETRIC_REPRESENTATION_CONTEXT(2) 
PARAMETRIC_REPRESENTATION_CONTEXT() REPRESENTATION_CONTEXT('2D SPACE',''
  ) );
#11050 = ORIENTED_EDGE('',*,*,#11051,.F.);
#11051 = EDGE_CURVE('',#11052,#11024,#11054,.T.);
#11052 = VERTEX_POINT('',#11053);
#11053 = CARTESIAN_POINT('',(16.1,38.8,3.65));
#11054 = SURFACE_CURVE('',#11055,(#11059,#11065),.PCURVE_S1.);
#11055 = LINE('',#11056,#11057);
#11056 = CARTESIAN_POINT('',(16.1,38.8,2.1));
#11057 = VECTOR('',#11058,1.);
#11058 = DIRECTION('',(0.,0.,1.));
#11059 = PCURVE('',#4279,#11060);
#11060 = DEFINITIONAL_REPRESENTATION('',(#11061),#11064);
#11061 = B_SPLINE_CURVE_WITH_KNOTS('',1,(#11062,#11063),.UNSPECIFIED.,
  .F.,.F.,(2,2),(1.55,1.9),.PIECEWISE_BEZIER_KNOTS.);
#11062 = CARTESIAN_POINT('',(3.1,-16.8));
#11063 = CARTESIAN_POINT('',(3.45,-16.8));
#11064 = ( GEOMETRIC_REPRESENTATION_CONTEXT(2) 
PARAMETRIC_REPRESENTATION_CONTEXT() REPRESENTATION_CONTEXT('2D SPACE',''
  ) );
#11065 = PCURVE('',#11066,#11071);
#11066 = PLANE('',#11067);
#11067 = AXIS2_PLACEMENT_3D('',#11068,#11069,#11070);
#11068 = CARTESIAN_POINT('',(15.6,38.8,3.65));
#11069 = DIRECTION('',(0.,1.,0.));
#11070 = DIRECTION('',(0.,0.,1.));
#11071 = DEFINITIONAL_REPRESENTATION('',(#11072),#11075);
#11072 = B_SPLINE_CURVE_WITH_KNOTS('',1,(#11073,#11074),.UNSPECIFIED.,
  .F.,.F.,(2,2),(1.55,1.9),.PIECEWISE_BEZIER_KNOTS.);
#11073 = CARTESIAN_POINT('',(0.,0.5));
#11074 = CARTESIAN_POINT('',(0.35,0.5));
#11075 = ( GEOMETRIC_REPRESENTATION_CONTEXT(2) 
PARAMETRIC_REPRESENTATION_CONTEXT() REPRESENTATION_CONTEXT('2D SPACE',''
  ) );
#11076 = ORIENTED_EDGE('',*,*,#11077,.T.);
#11077 = EDGE_CURVE('',#11052,#11078,#11080,.T.);
#11078 = VERTEX_POINT('',#11079);
#11079 = CARTESIAN_POINT('',(16.1,35.2,3.65));
#11080 = SURFACE_CURVE('',#11081,(#11085,#11091),.PCURVE_S1.);
#11081 = LINE('',#11082,#11083);
#11082 = CARTESIAN_POINT('',(16.1,28.6,3.65));
#11083 = VECTOR('',#11084,1.);
#11084 = DIRECTION('',(0.,-1.,0.));
#11085 = PCURVE('',#4279,#11086);
#11086 = DEFINITIONAL_REPRESENTATION('',(#11087),#11090);
#11087 = B_SPLINE_CURVE_WITH_KNOTS('',1,(#11088,#11089),.UNSPECIFIED.,
  .F.,.F.,(2,2),(-10.2,-6.6),.PIECEWISE_BEZIER_KNOTS.);
#11088 = CARTESIAN_POINT('',(3.1,-16.8));
#11089 = CARTESIAN_POINT('',(3.1,-13.2));
#11090 = ( GEOMETRIC_REPRESENTATION_CONTEXT(2) 
PARAMETRIC_REPRESENTATION_CONTEXT() REPRESENTATION_CONTEXT('2D SPACE',''
  ) );
#11091 = PCURVE('',#11092,#11097);
#11092 = PLANE('',#11093);
#11093 = AXIS2_PLACEMENT_3D('',#11094,#11095,#11096);
#11094 = CARTESIAN_POINT('',(15.6,35.2,3.65));
#11095 = DIRECTION('',(0.,0.,1.));
#11096 = DIRECTION('',(1.,0.,0.));
#11097 = DEFINITIONAL_REPRESENTATION('',(#11098),#11101);
#11098 = B_SPLINE_CURVE_WITH_KNOTS('',1,(#11099,#11100),.UNSPECIFIED.,
  .F.,.F.,(2,2),(-10.2,-6.6),.PIECEWISE_BEZIER_KNOTS.);
#11099 = CARTESIAN_POINT('',(0.5,3.6));
#11100 = CARTESIAN_POINT('',(0.5,0.));
#11101 = ( GEOMETRIC_REPRESENTATION_CONTEXT(2) 
PARAMETRIC_REPRESENTATION_CONTEXT() REPRESENTATION_CONTEXT('2D SPACE',''
  ) );
#11102 = ORIENTED_EDGE('',*,*,#11103,.T.);
#11103 = EDGE_CURVE('',#11078,#10872,#11104,.T.);
#11104 = SURFACE_CURVE('',#11105,(#11109,#11115),.PCURVE_S1.);
#11105 = LINE('',#11106,#11107);
#11106 = CARTESIAN_POINT('',(16.1,35.2,2.1));
#11107 = VECTOR('',#11108,1.);
#11108 = DIRECTION('',(0.,0.,1.));
#11109 = PCURVE('',#4279,#11110);
#11110 = DEFINITIONAL_REPRESENTATION('',(#11111),#11114);
#11111 = B_SPLINE_CURVE_WITH_KNOTS('',1,(#11112,#11113),.UNSPECIFIED.,
  .F.,.F.,(2,2),(1.55,1.9),.PIECEWISE_BEZIER_KNOTS.);
#11112 = CARTESIAN_POINT('',(3.1,-13.2));
#11113 = CARTESIAN_POINT('',(3.45,-13.2));
#11114 = ( GEOMETRIC_REPRESENTATION_CONTEXT(2) 
PARAMETRIC_REPRESENTATION_CONTEXT() REPRESENTATION_CONTEXT('2D SPACE',''
  ) );
#11115 = PCURVE('',#11116,#11121);
#11116 = PLANE('',#11117);
#11117 = AXIS2_PLACEMENT_3D('',#11118,#11119,#11120);
#11118 = CARTESIAN_POINT('',(15.6,35.2,3.65));
#11119 = DIRECTION('',(0.,1.,0.));
#11120 = DIRECTION('',(0.,0.,1.));
#11121 = DEFINITIONAL_REPRESENTATION('',(#11122),#11125);
#11122 = B_SPLINE_CURVE_WITH_KNOTS('',1,(#11123,#11124),.UNSPECIFIED.,
  .F.,.F.,(2,2),(1.55,1.9),.PIECEWISE_BEZIER_KNOTS.);
#11123 = CARTESIAN_POINT('',(0.,0.5));
#11124 = CARTESIAN_POINT('',(0.35,0.5));
#11125 = ( GEOMETRIC_REPRESENTATION_CONTEXT(2) 
PARAMETRIC_REPRESENTATION_CONTEXT() REPRESENTATION_CONTEXT('2D SPACE',''
  ) );
#11126 = ADVANCED_FACE('',(#11127),#4307,.F.);
#11127 = FACE_BOUND('',#11128,.F.);
#11128 = EDGE_LOOP('',(#11129,#11130,#11131,#11154));
#11129 = ORIENTED_EDGE('',*,*,#4291,.F.);
#11130 = ORIENTED_EDGE('',*,*,#10899,.T.);
#11131 = ORIENTED_EDGE('',*,*,#11132,.T.);
#11132 = EDGE_CURVE('',#10870,#11133,#11135,.T.);
#11133 = VERTEX_POINT('',#11134);
#11134 = CARTESIAN_POINT('',(17.1,22.,4.));
#11135 = SURFACE_CURVE('',#11136,(#11140,#11147),.PCURVE_S1.);
#11136 = LINE('',#11137,#11138);
#11137 = CARTESIAN_POINT('',(16.1,22.,4.));
#11138 = VECTOR('',#11139,1.);
#11139 = DIRECTION('',(1.,0.,0.));
#11140 = PCURVE('',#4307,#11141);
#11141 = DEFINITIONAL_REPRESENTATION('',(#11142),#11146);
#11142 = LINE('',#11143,#11144);
#11143 = CARTESIAN_POINT('',(3.45,0.));
#11144 = VECTOR('',#11145,1.);
#11145 = DIRECTION('',(0.,1.));
#11146 = ( GEOMETRIC_REPRESENTATION_CONTEXT(2) 
PARAMETRIC_REPRESENTATION_CONTEXT() REPRESENTATION_CONTEXT('2D SPACE',''
  ) );
#11147 = PCURVE('',#10887,#11148);
#11148 = DEFINITIONAL_REPRESENTATION('',(#11149),#11153);
#11149 = LINE('',#11150,#11151);
#11150 = CARTESIAN_POINT('',(0.,0.));
#11151 = VECTOR('',#11152,1.);
#11152 = DIRECTION('',(1.,0.));
#11153 = ( GEOMETRIC_REPRESENTATION_CONTEXT(2) 
PARAMETRIC_REPRESENTATION_CONTEXT() REPRESENTATION_CONTEXT('2D SPACE',''
  ) );
#11154 = ORIENTED_EDGE('',*,*,#11155,.F.);
#11155 = EDGE_CURVE('',#4292,#11133,#11156,.T.);
#11156 = SURFACE_CURVE('',#11157,(#11161,#11168),.PCURVE_S1.);
#11157 = LINE('',#11158,#11159);
#11158 = CARTESIAN_POINT('',(17.1,22.,0.55));
#11159 = VECTOR('',#11160,1.);
#11160 = DIRECTION('',(0.,0.,1.));
#11161 = PCURVE('',#4307,#11162);
#11162 = DEFINITIONAL_REPRESENTATION('',(#11163),#11167);
#11163 = LINE('',#11164,#11165);
#11164 = CARTESIAN_POINT('',(0.,1.));
#11165 = VECTOR('',#11166,1.);
#11166 = DIRECTION('',(1.,0.));
#11167 = ( GEOMETRIC_REPRESENTATION_CONTEXT(2) 
PARAMETRIC_REPRESENTATION_CONTEXT() REPRESENTATION_CONTEXT('2D SPACE',''
  ) );
#11168 = PCURVE('',#4335,#11169);
#11169 = DEFINITIONAL_REPRESENTATION('',(#11170),#11174);
#11170 = LINE('',#11171,#11172);
#11171 = CARTESIAN_POINT('',(0.,0.));
#11172 = VECTOR('',#11173,1.);
#11173 = DIRECTION('',(1.,0.));
#11174 = ( GEOMETRIC_REPRESENTATION_CONTEXT(2) 
PARAMETRIC_REPRESENTATION_CONTEXT() REPRESENTATION_CONTEXT('2D SPACE',''
  ) );
#11175 = ADVANCED_FACE('',(#11176),#4335,.T.);
#11176 = FACE_BOUND('',#11177,.T.);
#11177 = EDGE_LOOP('',(#11178,#11201,#11202,#11203,#11204,#11227,#11248,
    #11269,#11290,#11313,#11334,#11355));
#11178 = ORIENTED_EDGE('',*,*,#11179,.F.);
#11179 = EDGE_CURVE('',#11133,#11180,#11182,.T.);
#11180 = VERTEX_POINT('',#11181);
#11181 = CARTESIAN_POINT('',(17.1,35.2,4.));
#11182 = SURFACE_CURVE('',#11183,(#11187,#11194),.PCURVE_S1.);
#11183 = LINE('',#11184,#11185);
#11184 = CARTESIAN_POINT('',(17.1,22.,4.));
#11185 = VECTOR('',#11186,1.);
#11186 = DIRECTION('',(0.,1.,0.));
#11187 = PCURVE('',#4335,#11188);
#11188 = DEFINITIONAL_REPRESENTATION('',(#11189),#11193);
#11189 = LINE('',#11190,#11191);
#11190 = CARTESIAN_POINT('',(3.45,0.));
#11191 = VECTOR('',#11192,1.);
#11192 = DIRECTION('',(0.,-1.));
#11193 = ( GEOMETRIC_REPRESENTATION_CONTEXT(2) 
PARAMETRIC_REPRESENTATION_CONTEXT() REPRESENTATION_CONTEXT('2D SPACE',''
  ) );
#11194 = PCURVE('',#10887,#11195);
#11195 = DEFINITIONAL_REPRESENTATION('',(#11196),#11200);
#11196 = LINE('',#11197,#11198);
#11197 = CARTESIAN_POINT('',(1.,0.));
#11198 = VECTOR('',#11199,1.);
#11199 = DIRECTION('',(0.,1.));
#11200 = ( GEOMETRIC_REPRESENTATION_CONTEXT(2) 
PARAMETRIC_REPRESENTATION_CONTEXT() REPRESENTATION_CONTEXT('2D SPACE',''
  ) );
#11201 = ORIENTED_EDGE('',*,*,#11155,.F.);
#11202 = ORIENTED_EDGE('',*,*,#4319,.T.);
#11203 = ORIENTED_EDGE('',*,*,#6325,.F.);
#11204 = ORIENTED_EDGE('',*,*,#11205,.F.);
#11205 = EDGE_CURVE('',#11206,#6326,#11208,.T.);
#11206 = VERTEX_POINT('',#11207);
#11207 = CARTESIAN_POINT('',(17.1,47.55,4.));
#11208 = SURFACE_CURVE('',#11209,(#11213,#11220),.PCURVE_S1.);
#11209 = LINE('',#11210,#11211);
#11210 = CARTESIAN_POINT('',(17.1,22.,4.));
#11211 = VECTOR('',#11212,1.);
#11212 = DIRECTION('',(0.,1.,0.));
#11213 = PCURVE('',#4335,#11214);
#11214 = DEFINITIONAL_REPRESENTATION('',(#11215),#11219);
#11215 = LINE('',#11216,#11217);
#11216 = CARTESIAN_POINT('',(3.45,0.));
#11217 = VECTOR('',#11218,1.);
#11218 = DIRECTION('',(0.,-1.));
#11219 = ( GEOMETRIC_REPRESENTATION_CONTEXT(2) 
PARAMETRIC_REPRESENTATION_CONTEXT() REPRESENTATION_CONTEXT('2D SPACE',''
  ) );
#11220 = PCURVE('',#6361,#11221);
#11221 = DEFINITIONAL_REPRESENTATION('',(#11222),#11226);
#11222 = LINE('',#11223,#11224);
#11223 = CARTESIAN_POINT('',(1.,0.));
#11224 = VECTOR('',#11225,1.);
#11225 = DIRECTION('',(0.,1.));
#11226 = ( GEOMETRIC_REPRESENTATION_CONTEXT(2) 
PARAMETRIC_REPRESENTATION_CONTEXT() REPRESENTATION_CONTEXT('2D SPACE',''
  ) );
#11227 = ORIENTED_EDGE('',*,*,#11228,.F.);
#11228 = EDGE_CURVE('',#11229,#11206,#11231,.T.);
#11229 = VERTEX_POINT('',#11230);
#11230 = CARTESIAN_POINT('',(17.1,47.55,3.65));
#11231 = SURFACE_CURVE('',#11232,(#11236,#11242),.PCURVE_S1.);
#11232 = LINE('',#11233,#11234);
#11233 = CARTESIAN_POINT('',(17.1,47.55,2.1));
#11234 = VECTOR('',#11235,1.);
#11235 = DIRECTION('',(0.,0.,1.));
#11236 = PCURVE('',#4335,#11237);
#11237 = DEFINITIONAL_REPRESENTATION('',(#11238),#11241);
#11238 = B_SPLINE_CURVE_WITH_KNOTS('',1,(#11239,#11240),.UNSPECIFIED.,
  .F.,.F.,(2,2),(1.55,1.9),.PIECEWISE_BEZIER_KNOTS.);
#11239 = CARTESIAN_POINT('',(3.1,-25.55));
#11240 = CARTESIAN_POINT('',(3.45,-25.55));
#11241 = ( GEOMETRIC_REPRESENTATION_CONTEXT(2) 
PARAMETRIC_REPRESENTATION_CONTEXT() REPRESENTATION_CONTEXT('2D SPACE',''
  ) );
#11242 = PCURVE('',#10960,#11243);
#11243 = DEFINITIONAL_REPRESENTATION('',(#11244),#11247);
#11244 = B_SPLINE_CURVE_WITH_KNOTS('',1,(#11245,#11246),.UNSPECIFIED.,
  .F.,.F.,(2,2),(1.55,1.9),.PIECEWISE_BEZIER_KNOTS.);
#11245 = CARTESIAN_POINT('',(0.,1.5));
#11246 = CARTESIAN_POINT('',(0.35,1.5));
#11247 = ( GEOMETRIC_REPRESENTATION_CONTEXT(2) 
PARAMETRIC_REPRESENTATION_CONTEXT() REPRESENTATION_CONTEXT('2D SPACE',''
  ) );
#11248 = ORIENTED_EDGE('',*,*,#11249,.T.);
#11249 = EDGE_CURVE('',#11229,#11250,#11252,.T.);
#11250 = VERTEX_POINT('',#11251);
#11251 = CARTESIAN_POINT('',(17.1,42.45,3.65));
#11252 = SURFACE_CURVE('',#11253,(#11257,#11263),.PCURVE_S1.);
#11253 = LINE('',#11254,#11255);
#11254 = CARTESIAN_POINT('',(17.1,32.225,3.65));
#11255 = VECTOR('',#11256,1.);
#11256 = DIRECTION('',(0.,-1.,0.));
#11257 = PCURVE('',#4335,#11258);
#11258 = DEFINITIONAL_REPRESENTATION('',(#11259),#11262);
#11259 = B_SPLINE_CURVE_WITH_KNOTS('',1,(#11260,#11261),.UNSPECIFIED.,
  .F.,.F.,(2,2),(-15.325,-10.225),.PIECEWISE_BEZIER_KNOTS.);
#11260 = CARTESIAN_POINT('',(3.1,-25.55));
#11261 = CARTESIAN_POINT('',(3.1,-20.45));
#11262 = ( GEOMETRIC_REPRESENTATION_CONTEXT(2) 
PARAMETRIC_REPRESENTATION_CONTEXT() REPRESENTATION_CONTEXT('2D SPACE',''
  ) );
#11263 = PCURVE('',#10986,#11264);
#11264 = DEFINITIONAL_REPRESENTATION('',(#11265),#11268);
#11265 = B_SPLINE_CURVE_WITH_KNOTS('',1,(#11266,#11267),.UNSPECIFIED.,
  .F.,.F.,(2,2),(-15.325,-10.225),.PIECEWISE_BEZIER_KNOTS.);
#11266 = CARTESIAN_POINT('',(1.5,5.1));
#11267 = CARTESIAN_POINT('',(1.5,0.));
#11268 = ( GEOMETRIC_REPRESENTATION_CONTEXT(2) 
PARAMETRIC_REPRESENTATION_CONTEXT() REPRESENTATION_CONTEXT('2D SPACE',''
  ) );
#11269 = ORIENTED_EDGE('',*,*,#11270,.T.);
#11270 = EDGE_CURVE('',#11250,#11271,#11273,.T.);
#11271 = VERTEX_POINT('',#11272);
#11272 = CARTESIAN_POINT('',(17.1,42.45,4.));
#11273 = SURFACE_CURVE('',#11274,(#11278,#11284),.PCURVE_S1.);
#11274 = LINE('',#11275,#11276);
#11275 = CARTESIAN_POINT('',(17.1,42.45,2.1));
#11276 = VECTOR('',#11277,1.);
#11277 = DIRECTION('',(0.,0.,1.));
#11278 = PCURVE('',#4335,#11279);
#11279 = DEFINITIONAL_REPRESENTATION('',(#11280),#11283);
#11280 = B_SPLINE_CURVE_WITH_KNOTS('',1,(#11281,#11282),.UNSPECIFIED.,
  .F.,.F.,(2,2),(1.55,1.9),.PIECEWISE_BEZIER_KNOTS.);
#11281 = CARTESIAN_POINT('',(3.1,-20.45));
#11282 = CARTESIAN_POINT('',(3.45,-20.45));
#11283 = ( GEOMETRIC_REPRESENTATION_CONTEXT(2) 
PARAMETRIC_REPRESENTATION_CONTEXT() REPRESENTATION_CONTEXT('2D SPACE',''
  ) );
#11284 = PCURVE('',#11012,#11285);
#11285 = DEFINITIONAL_REPRESENTATION('',(#11286),#11289);
#11286 = B_SPLINE_CURVE_WITH_KNOTS('',1,(#11287,#11288),.UNSPECIFIED.,
  .F.,.F.,(2,2),(1.55,1.9),.PIECEWISE_BEZIER_KNOTS.);
#11287 = CARTESIAN_POINT('',(0.,1.5));
#11288 = CARTESIAN_POINT('',(0.35,1.5));
#11289 = ( GEOMETRIC_REPRESENTATION_CONTEXT(2) 
PARAMETRIC_REPRESENTATION_CONTEXT() REPRESENTATION_CONTEXT('2D SPACE',''
  ) );
#11290 = ORIENTED_EDGE('',*,*,#11291,.F.);
#11291 = EDGE_CURVE('',#11292,#11271,#11294,.T.);
#11292 = VERTEX_POINT('',#11293);
#11293 = CARTESIAN_POINT('',(17.1,38.8,4.));
#11294 = SURFACE_CURVE('',#11295,(#11299,#11306),.PCURVE_S1.);
#11295 = LINE('',#11296,#11297);
#11296 = CARTESIAN_POINT('',(17.1,22.,4.));
#11297 = VECTOR('',#11298,1.);
#11298 = DIRECTION('',(0.,1.,0.));
#11299 = PCURVE('',#4335,#11300);
#11300 = DEFINITIONAL_REPRESENTATION('',(#11301),#11305);
#11301 = LINE('',#11302,#11303);
#11302 = CARTESIAN_POINT('',(3.45,0.));
#11303 = VECTOR('',#11304,1.);
#11304 = DIRECTION('',(0.,-1.));
#11305 = ( GEOMETRIC_REPRESENTATION_CONTEXT(2) 
PARAMETRIC_REPRESENTATION_CONTEXT() REPRESENTATION_CONTEXT('2D SPACE',''
  ) );
#11306 = PCURVE('',#11039,#11307);
#11307 = DEFINITIONAL_REPRESENTATION('',(#11308),#11312);
#11308 = LINE('',#11309,#11310);
#11309 = CARTESIAN_POINT('',(1.,0.));
#11310 = VECTOR('',#11311,1.);
#11311 = DIRECTION('',(0.,1.));
#11312 = ( GEOMETRIC_REPRESENTATION_CONTEXT(2) 
PARAMETRIC_REPRESENTATION_CONTEXT() REPRESENTATION_CONTEXT('2D SPACE',''
  ) );
#11313 = ORIENTED_EDGE('',*,*,#11314,.F.);
#11314 = EDGE_CURVE('',#11315,#11292,#11317,.T.);
#11315 = VERTEX_POINT('',#11316);
#11316 = CARTESIAN_POINT('',(17.1,38.8,3.65));
#11317 = SURFACE_CURVE('',#11318,(#11322,#11328),.PCURVE_S1.);
#11318 = LINE('',#11319,#11320);
#11319 = CARTESIAN_POINT('',(17.1,38.8,2.1));
#11320 = VECTOR('',#11321,1.);
#11321 = DIRECTION('',(0.,0.,1.));
#11322 = PCURVE('',#4335,#11323);
#11323 = DEFINITIONAL_REPRESENTATION('',(#11324),#11327);
#11324 = B_SPLINE_CURVE_WITH_KNOTS('',1,(#11325,#11326),.UNSPECIFIED.,
  .F.,.F.,(2,2),(1.55,1.9),.PIECEWISE_BEZIER_KNOTS.);
#11325 = CARTESIAN_POINT('',(3.1,-16.8));
#11326 = CARTESIAN_POINT('',(3.45,-16.8));
#11327 = ( GEOMETRIC_REPRESENTATION_CONTEXT(2) 
PARAMETRIC_REPRESENTATION_CONTEXT() REPRESENTATION_CONTEXT('2D SPACE',''
  ) );
#11328 = PCURVE('',#11066,#11329);
#11329 = DEFINITIONAL_REPRESENTATION('',(#11330),#11333);
#11330 = B_SPLINE_CURVE_WITH_KNOTS('',1,(#11331,#11332),.UNSPECIFIED.,
  .F.,.F.,(2,2),(1.55,1.9),.PIECEWISE_BEZIER_KNOTS.);
#11331 = CARTESIAN_POINT('',(0.,1.5));
#11332 = CARTESIAN_POINT('',(0.35,1.5));
#11333 = ( GEOMETRIC_REPRESENTATION_CONTEXT(2) 
PARAMETRIC_REPRESENTATION_CONTEXT() REPRESENTATION_CONTEXT('2D SPACE',''
  ) );
#11334 = ORIENTED_EDGE('',*,*,#11335,.T.);
#11335 = EDGE_CURVE('',#11315,#11336,#11338,.T.);
#11336 = VERTEX_POINT('',#11337);
#11337 = CARTESIAN_POINT('',(17.1,35.2,3.65));
#11338 = SURFACE_CURVE('',#11339,(#11343,#11349),.PCURVE_S1.);
#11339 = LINE('',#11340,#11341);
#11340 = CARTESIAN_POINT('',(17.1,28.6,3.65));
#11341 = VECTOR('',#11342,1.);
#11342 = DIRECTION('',(0.,-1.,0.));
#11343 = PCURVE('',#4335,#11344);
#11344 = DEFINITIONAL_REPRESENTATION('',(#11345),#11348);
#11345 = B_SPLINE_CURVE_WITH_KNOTS('',1,(#11346,#11347),.UNSPECIFIED.,
  .F.,.F.,(2,2),(-10.2,-6.6),.PIECEWISE_BEZIER_KNOTS.);
#11346 = CARTESIAN_POINT('',(3.1,-16.8));
#11347 = CARTESIAN_POINT('',(3.1,-13.2));
#11348 = ( GEOMETRIC_REPRESENTATION_CONTEXT(2) 
PARAMETRIC_REPRESENTATION_CONTEXT() REPRESENTATION_CONTEXT('2D SPACE',''
  ) );
#11349 = PCURVE('',#11092,#11350);
#11350 = DEFINITIONAL_REPRESENTATION('',(#11351),#11354);
#11351 = B_SPLINE_CURVE_WITH_KNOTS('',1,(#11352,#11353),.UNSPECIFIED.,
  .F.,.F.,(2,2),(-10.2,-6.6),.PIECEWISE_BEZIER_KNOTS.);
#11352 = CARTESIAN_POINT('',(1.5,3.6));
#11353 = CARTESIAN_POINT('',(1.5,0.));
#11354 = ( GEOMETRIC_REPRESENTATION_CONTEXT(2) 
PARAMETRIC_REPRESENTATION_CONTEXT() REPRESENTATION_CONTEXT('2D SPACE',''
  ) );
#11355 = ORIENTED_EDGE('',*,*,#11356,.T.);
#11356 = EDGE_CURVE('',#11336,#11180,#11357,.T.);
#11357 = SURFACE_CURVE('',#11358,(#11362,#11368),.PCURVE_S1.);
#11358 = LINE('',#11359,#11360);
#11359 = CARTESIAN_POINT('',(17.1,35.2,2.1));
#11360 = VECTOR('',#11361,1.);
#11361 = DIRECTION('',(0.,0.,1.));
#11362 = PCURVE('',#4335,#11363);
#11363 = DEFINITIONAL_REPRESENTATION('',(#11364),#11367);
#11364 = B_SPLINE_CURVE_WITH_KNOTS('',1,(#11365,#11366),.UNSPECIFIED.,
  .F.,.F.,(2,2),(1.55,1.9),.PIECEWISE_BEZIER_KNOTS.);
#11365 = CARTESIAN_POINT('',(3.1,-13.2));
#11366 = CARTESIAN_POINT('',(3.45,-13.2));
#11367 = ( GEOMETRIC_REPRESENTATION_CONTEXT(2) 
PARAMETRIC_REPRESENTATION_CONTEXT() REPRESENTATION_CONTEXT('2D SPACE',''
  ) );
#11368 = PCURVE('',#11116,#11369);
#11369 = DEFINITIONAL_REPRESENTATION('',(#11370),#11373);
#11370 = B_SPLINE_CURVE_WITH_KNOTS('',1,(#11371,#11372),.UNSPECIFIED.,
  .F.,.F.,(2,2),(1.55,1.9),.PIECEWISE_BEZIER_KNOTS.);
#11371 = CARTESIAN_POINT('',(0.,1.5));
#11372 = CARTESIAN_POINT('',(0.35,1.5));
#11373 = ( GEOMETRIC_REPRESENTATION_CONTEXT(2) 
PARAMETRIC_REPRESENTATION_CONTEXT() REPRESENTATION_CONTEXT('2D SPACE',''
  ) );
#11374 = ADVANCED_FACE('',(#11375),#4478,.T.);
#11375 = FACE_BOUND('',#11376,.T.);
#11376 = EDGE_LOOP('',(#11377,#11378,#11401,#11429,#11457,#11485,#11513,
    #11541,#11569,#11590));
#11377 = ORIENTED_EDGE('',*,*,#4462,.F.);
#11378 = ORIENTED_EDGE('',*,*,#11379,.T.);
#11379 = EDGE_CURVE('',#4463,#11380,#11382,.T.);
#11380 = VERTEX_POINT('',#11381);
#11381 = CARTESIAN_POINT('',(18.1,53.8,4.15));
#11382 = SURFACE_CURVE('',#11383,(#11387,#11394),.PCURVE_S1.);
#11383 = LINE('',#11384,#11385);
#11384 = CARTESIAN_POINT('',(18.1,53.8,0.55));
#11385 = VECTOR('',#11386,1.);
#11386 = DIRECTION('',(0.,0.,1.));
#11387 = PCURVE('',#4478,#11388);
#11388 = DEFINITIONAL_REPRESENTATION('',(#11389),#11393);
#11389 = LINE('',#11390,#11391);
#11390 = CARTESIAN_POINT('',(0.,-0.4));
#11391 = VECTOR('',#11392,1.);
#11392 = DIRECTION('',(1.,0.));
#11393 = ( GEOMETRIC_REPRESENTATION_CONTEXT(2) 
PARAMETRIC_REPRESENTATION_CONTEXT() REPRESENTATION_CONTEXT('2D SPACE',''
  ) );
#11394 = PCURVE('',#4506,#11395);
#11395 = DEFINITIONAL_REPRESENTATION('',(#11396),#11400);
#11396 = LINE('',#11397,#11398);
#11397 = CARTESIAN_POINT('',(0.,-1.2));
#11398 = VECTOR('',#11399,1.);
#11399 = DIRECTION('',(1.,0.));
#11400 = ( GEOMETRIC_REPRESENTATION_CONTEXT(2) 
PARAMETRIC_REPRESENTATION_CONTEXT() REPRESENTATION_CONTEXT('2D SPACE',''
  ) );
#11401 = ORIENTED_EDGE('',*,*,#11402,.T.);
#11402 = EDGE_CURVE('',#11380,#11403,#11405,.T.);
#11403 = VERTEX_POINT('',#11404);
#11404 = CARTESIAN_POINT('',(19.5,53.8,4.15));
#11405 = SURFACE_CURVE('',#11406,(#11410,#11417),.PCURVE_S1.);
#11406 = LINE('',#11407,#11408);
#11407 = CARTESIAN_POINT('',(18.1,53.8,4.15));
#11408 = VECTOR('',#11409,1.);
#11409 = DIRECTION('',(1.,0.,0.));
#11410 = PCURVE('',#4478,#11411);
#11411 = DEFINITIONAL_REPRESENTATION('',(#11412),#11416);
#11412 = LINE('',#11413,#11414);
#11413 = CARTESIAN_POINT('',(3.6,-0.4));
#11414 = VECTOR('',#11415,1.);
#11415 = DIRECTION('',(0.,1.));
#11416 = ( GEOMETRIC_REPRESENTATION_CONTEXT(2) 
PARAMETRIC_REPRESENTATION_CONTEXT() REPRESENTATION_CONTEXT('2D SPACE',''
  ) );
#11417 = PCURVE('',#11418,#11423);
#11418 = PLANE('',#11419);
#11419 = AXIS2_PLACEMENT_3D('',#11420,#11421,#11422);
#11420 = CARTESIAN_POINT('',(18.1,52.6,4.15));
#11421 = DIRECTION('',(0.,0.,1.));
#11422 = DIRECTION('',(1.,0.,0.));
#11423 = DEFINITIONAL_REPRESENTATION('',(#11424),#11428);
#11424 = LINE('',#11425,#11426);
#11425 = CARTESIAN_POINT('',(0.,1.2));
#11426 = VECTOR('',#11427,1.);
#11427 = DIRECTION('',(1.,0.));
#11428 = ( GEOMETRIC_REPRESENTATION_CONTEXT(2) 
PARAMETRIC_REPRESENTATION_CONTEXT() REPRESENTATION_CONTEXT('2D SPACE',''
  ) );
#11429 = ORIENTED_EDGE('',*,*,#11430,.F.);
#11430 = EDGE_CURVE('',#11431,#11403,#11433,.T.);
#11431 = VERTEX_POINT('',#11432);
#11432 = CARTESIAN_POINT('',(19.5,53.8,1.25));
#11433 = SURFACE_CURVE('',#11434,(#11438,#11445),.PCURVE_S1.);
#11434 = LINE('',#11435,#11436);
#11435 = CARTESIAN_POINT('',(19.5,53.8,0.55));
#11436 = VECTOR('',#11437,1.);
#11437 = DIRECTION('',(0.,0.,1.));
#11438 = PCURVE('',#4478,#11439);
#11439 = DEFINITIONAL_REPRESENTATION('',(#11440),#11444);
#11440 = LINE('',#11441,#11442);
#11441 = CARTESIAN_POINT('',(0.,1.));
#11442 = VECTOR('',#11443,1.);
#11443 = DIRECTION('',(1.,0.));
#11444 = ( GEOMETRIC_REPRESENTATION_CONTEXT(2) 
PARAMETRIC_REPRESENTATION_CONTEXT() REPRESENTATION_CONTEXT('2D SPACE',''
  ) );
#11445 = PCURVE('',#11446,#11451);
#11446 = PLANE('',#11447);
#11447 = AXIS2_PLACEMENT_3D('',#11448,#11449,#11450);
#11448 = CARTESIAN_POINT('',(19.5,52.6,0.55));
#11449 = DIRECTION('',(1.,0.,0.));
#11450 = DIRECTION('',(0.,0.,1.));
#11451 = DEFINITIONAL_REPRESENTATION('',(#11452),#11456);
#11452 = LINE('',#11453,#11454);
#11453 = CARTESIAN_POINT('',(0.,-1.2));
#11454 = VECTOR('',#11455,1.);
#11455 = DIRECTION('',(1.,0.));
#11456 = ( GEOMETRIC_REPRESENTATION_CONTEXT(2) 
PARAMETRIC_REPRESENTATION_CONTEXT() REPRESENTATION_CONTEXT('2D SPACE',''
  ) );
#11457 = ORIENTED_EDGE('',*,*,#11458,.T.);
#11458 = EDGE_CURVE('',#11431,#11459,#11461,.T.);
#11459 = VERTEX_POINT('',#11460);
#11460 = CARTESIAN_POINT('',(28.5,53.8,1.25));
#11461 = SURFACE_CURVE('',#11462,(#11466,#11473),.PCURVE_S1.);
#11462 = LINE('',#11463,#11464);
#11463 = CARTESIAN_POINT('',(18.5,53.8,1.25));
#11464 = VECTOR('',#11465,1.);
#11465 = DIRECTION('',(1.,0.,0.));
#11466 = PCURVE('',#4478,#11467);
#11467 = DEFINITIONAL_REPRESENTATION('',(#11468),#11472);
#11468 = LINE('',#11469,#11470);
#11469 = CARTESIAN_POINT('',(0.7,0.));
#11470 = VECTOR('',#11471,1.);
#11471 = DIRECTION('',(0.,1.));
#11472 = ( GEOMETRIC_REPRESENTATION_CONTEXT(2) 
PARAMETRIC_REPRESENTATION_CONTEXT() REPRESENTATION_CONTEXT('2D SPACE',''
  ) );
#11473 = PCURVE('',#11474,#11479);
#11474 = PLANE('',#11475);
#11475 = AXIS2_PLACEMENT_3D('',#11476,#11477,#11478);
#11476 = CARTESIAN_POINT('',(18.5,52.6,1.25));
#11477 = DIRECTION('',(0.,0.,1.));
#11478 = DIRECTION('',(1.,0.,0.));
#11479 = DEFINITIONAL_REPRESENTATION('',(#11480),#11484);
#11480 = LINE('',#11481,#11482);
#11481 = CARTESIAN_POINT('',(0.,1.2));
#11482 = VECTOR('',#11483,1.);
#11483 = DIRECTION('',(1.,0.));
#11484 = ( GEOMETRIC_REPRESENTATION_CONTEXT(2) 
PARAMETRIC_REPRESENTATION_CONTEXT() REPRESENTATION_CONTEXT('2D SPACE',''
  ) );
#11485 = ORIENTED_EDGE('',*,*,#11486,.T.);
#11486 = EDGE_CURVE('',#11459,#11487,#11489,.T.);
#11487 = VERTEX_POINT('',#11488);
#11488 = CARTESIAN_POINT('',(28.5,53.8,4.15));
#11489 = SURFACE_CURVE('',#11490,(#11494,#11501),.PCURVE_S1.);
#11490 = LINE('',#11491,#11492);
#11491 = CARTESIAN_POINT('',(28.5,53.8,0.55));
#11492 = VECTOR('',#11493,1.);
#11493 = DIRECTION('',(0.,0.,1.));
#11494 = PCURVE('',#4478,#11495);
#11495 = DEFINITIONAL_REPRESENTATION('',(#11496),#11500);
#11496 = LINE('',#11497,#11498);
#11497 = CARTESIAN_POINT('',(0.,10.));
#11498 = VECTOR('',#11499,1.);
#11499 = DIRECTION('',(1.,0.));
#11500 = ( GEOMETRIC_REPRESENTATION_CONTEXT(2) 
PARAMETRIC_REPRESENTATION_CONTEXT() REPRESENTATION_CONTEXT('2D SPACE',''
  ) );
#11501 = PCURVE('',#11502,#11507);
#11502 = PLANE('',#11503);
#11503 = AXIS2_PLACEMENT_3D('',#11504,#11505,#11506);
#11504 = CARTESIAN_POINT('',(28.5,52.6,0.55));
#11505 = DIRECTION('',(1.,0.,0.));
#11506 = DIRECTION('',(0.,0.,1.));
#11507 = DEFINITIONAL_REPRESENTATION('',(#11508),#11512);
#11508 = LINE('',#11509,#11510);
#11509 = CARTESIAN_POINT('',(0.,-1.2));
#11510 = VECTOR('',#11511,1.);
#11511 = DIRECTION('',(1.,0.));
#11512 = ( GEOMETRIC_REPRESENTATION_CONTEXT(2) 
PARAMETRIC_REPRESENTATION_CONTEXT() REPRESENTATION_CONTEXT('2D SPACE',''
  ) );
#11513 = ORIENTED_EDGE('',*,*,#11514,.T.);
#11514 = EDGE_CURVE('',#11487,#11515,#11517,.T.);
#11515 = VERTEX_POINT('',#11516);
#11516 = CARTESIAN_POINT('',(29.9,53.8,4.15));
#11517 = SURFACE_CURVE('',#11518,(#11522,#11529),.PCURVE_S1.);
#11518 = LINE('',#11519,#11520);
#11519 = CARTESIAN_POINT('',(28.5,53.8,4.15));
#11520 = VECTOR('',#11521,1.);
#11521 = DIRECTION('',(1.,0.,0.));
#11522 = PCURVE('',#4478,#11523);
#11523 = DEFINITIONAL_REPRESENTATION('',(#11524),#11528);
#11524 = LINE('',#11525,#11526);
#11525 = CARTESIAN_POINT('',(3.6,10.));
#11526 = VECTOR('',#11527,1.);
#11527 = DIRECTION('',(0.,1.));
#11528 = ( GEOMETRIC_REPRESENTATION_CONTEXT(2) 
PARAMETRIC_REPRESENTATION_CONTEXT() REPRESENTATION_CONTEXT('2D SPACE',''
  ) );
#11529 = PCURVE('',#11530,#11535);
#11530 = PLANE('',#11531);
#11531 = AXIS2_PLACEMENT_3D('',#11532,#11533,#11534);
#11532 = CARTESIAN_POINT('',(28.5,52.6,4.15));
#11533 = DIRECTION('',(0.,0.,1.));
#11534 = DIRECTION('',(1.,0.,0.));
#11535 = DEFINITIONAL_REPRESENTATION('',(#11536),#11540);
#11536 = LINE('',#11537,#11538);
#11537 = CARTESIAN_POINT('',(0.,1.2));
#11538 = VECTOR('',#11539,1.);
#11539 = DIRECTION('',(1.,0.));
#11540 = ( GEOMETRIC_REPRESENTATION_CONTEXT(2) 
PARAMETRIC_REPRESENTATION_CONTEXT() REPRESENTATION_CONTEXT('2D SPACE',''
  ) );
#11541 = ORIENTED_EDGE('',*,*,#11542,.F.);
#11542 = EDGE_CURVE('',#11543,#11515,#11545,.T.);
#11543 = VERTEX_POINT('',#11544);
#11544 = CARTESIAN_POINT('',(29.9,53.8,1.25));
#11545 = SURFACE_CURVE('',#11546,(#11550,#11557),.PCURVE_S1.);
#11546 = LINE('',#11547,#11548);
#11547 = CARTESIAN_POINT('',(29.9,53.8,0.55));
#11548 = VECTOR('',#11549,1.);
#11549 = DIRECTION('',(0.,0.,1.));
#11550 = PCURVE('',#4478,#11551);
#11551 = DEFINITIONAL_REPRESENTATION('',(#11552),#11556);
#11552 = LINE('',#11553,#11554);
#11553 = CARTESIAN_POINT('',(0.,11.4));
#11554 = VECTOR('',#11555,1.);
#11555 = DIRECTION('',(1.,0.));
#11556 = ( GEOMETRIC_REPRESENTATION_CONTEXT(2) 
PARAMETRIC_REPRESENTATION_CONTEXT() REPRESENTATION_CONTEXT('2D SPACE',''
  ) );
#11557 = PCURVE('',#11558,#11563);
#11558 = PLANE('',#11559);
#11559 = AXIS2_PLACEMENT_3D('',#11560,#11561,#11562);
#11560 = CARTESIAN_POINT('',(29.9,52.6,0.55));
#11561 = DIRECTION('',(1.,0.,0.));
#11562 = DIRECTION('',(0.,0.,1.));
#11563 = DEFINITIONAL_REPRESENTATION('',(#11564),#11568);
#11564 = LINE('',#11565,#11566);
#11565 = CARTESIAN_POINT('',(0.,-1.2));
#11566 = VECTOR('',#11567,1.);
#11567 = DIRECTION('',(1.,0.));
#11568 = ( GEOMETRIC_REPRESENTATION_CONTEXT(2) 
PARAMETRIC_REPRESENTATION_CONTEXT() REPRESENTATION_CONTEXT('2D SPACE',''
  ) );
#11569 = ORIENTED_EDGE('',*,*,#11570,.T.);
#11570 = EDGE_CURVE('',#11543,#6728,#11571,.T.);
#11571 = SURFACE_CURVE('',#11572,(#11576,#11583),.PCURVE_S1.);
#11572 = LINE('',#11573,#11574);
#11573 = CARTESIAN_POINT('',(18.5,53.8,1.25));
#11574 = VECTOR('',#11575,1.);
#11575 = DIRECTION('',(1.,0.,0.));
#11576 = PCURVE('',#4478,#11577);
#11577 = DEFINITIONAL_REPRESENTATION('',(#11578),#11582);
#11578 = LINE('',#11579,#11580);
#11579 = CARTESIAN_POINT('',(0.7,0.));
#11580 = VECTOR('',#11581,1.);
#11581 = DIRECTION('',(0.,1.));
#11582 = ( GEOMETRIC_REPRESENTATION_CONTEXT(2) 
PARAMETRIC_REPRESENTATION_CONTEXT() REPRESENTATION_CONTEXT('2D SPACE',''
  ) );
#11583 = PCURVE('',#6742,#11584);
#11584 = DEFINITIONAL_REPRESENTATION('',(#11585),#11589);
#11585 = LINE('',#11586,#11587);
#11586 = CARTESIAN_POINT('',(0.,1.2));
#11587 = VECTOR('',#11588,1.);
#11588 = DIRECTION('',(1.,0.));
#11589 = ( GEOMETRIC_REPRESENTATION_CONTEXT(2) 
PARAMETRIC_REPRESENTATION_CONTEXT() REPRESENTATION_CONTEXT('2D SPACE',''
  ) );
#11590 = ORIENTED_EDGE('',*,*,#6753,.F.);
#11591 = ADVANCED_FACE('',(#11592),#4506,.F.);
#11592 = FACE_BOUND('',#11593,.F.);
#11593 = EDGE_LOOP('',(#11594,#11617,#11618,#11619));
#11594 = ORIENTED_EDGE('',*,*,#11595,.F.);
#11595 = EDGE_CURVE('',#4491,#11596,#11598,.T.);
#11596 = VERTEX_POINT('',#11597);
#11597 = CARTESIAN_POINT('',(18.1,52.6,4.15));
#11598 = SURFACE_CURVE('',#11599,(#11603,#11610),.PCURVE_S1.);
#11599 = LINE('',#11600,#11601);
#11600 = CARTESIAN_POINT('',(18.1,52.6,0.55));
#11601 = VECTOR('',#11602,1.);
#11602 = DIRECTION('',(0.,0.,1.));
#11603 = PCURVE('',#4506,#11604);
#11604 = DEFINITIONAL_REPRESENTATION('',(#11605),#11609);
#11605 = LINE('',#11606,#11607);
#11606 = CARTESIAN_POINT('',(0.,0.));
#11607 = VECTOR('',#11608,1.);
#11608 = DIRECTION('',(1.,0.));
#11609 = ( GEOMETRIC_REPRESENTATION_CONTEXT(2) 
PARAMETRIC_REPRESENTATION_CONTEXT() REPRESENTATION_CONTEXT('2D SPACE',''
  ) );
#11610 = PCURVE('',#4534,#11611);
#11611 = DEFINITIONAL_REPRESENTATION('',(#11612),#11616);
#11612 = LINE('',#11613,#11614);
#11613 = CARTESIAN_POINT('',(0.,-0.4));
#11614 = VECTOR('',#11615,1.);
#11615 = DIRECTION('',(1.,0.));
#11616 = ( GEOMETRIC_REPRESENTATION_CONTEXT(2) 
PARAMETRIC_REPRESENTATION_CONTEXT() REPRESENTATION_CONTEXT('2D SPACE',''
  ) );
#11617 = ORIENTED_EDGE('',*,*,#4490,.T.);
#11618 = ORIENTED_EDGE('',*,*,#11379,.T.);
#11619 = ORIENTED_EDGE('',*,*,#11620,.F.);
#11620 = EDGE_CURVE('',#11596,#11380,#11621,.T.);
#11621 = SURFACE_CURVE('',#11622,(#11626,#11633),.PCURVE_S1.);
#11622 = LINE('',#11623,#11624);
#11623 = CARTESIAN_POINT('',(18.1,52.6,4.15));
#11624 = VECTOR('',#11625,1.);
#11625 = DIRECTION('',(0.,1.,0.));
#11626 = PCURVE('',#4506,#11627);
#11627 = DEFINITIONAL_REPRESENTATION('',(#11628),#11632);
#11628 = LINE('',#11629,#11630);
#11629 = CARTESIAN_POINT('',(3.6,0.));
#11630 = VECTOR('',#11631,1.);
#11631 = DIRECTION('',(0.,-1.));
#11632 = ( GEOMETRIC_REPRESENTATION_CONTEXT(2) 
PARAMETRIC_REPRESENTATION_CONTEXT() REPRESENTATION_CONTEXT('2D SPACE',''
  ) );
#11633 = PCURVE('',#11418,#11634);
#11634 = DEFINITIONAL_REPRESENTATION('',(#11635),#11639);
#11635 = LINE('',#11636,#11637);
#11636 = CARTESIAN_POINT('',(0.,0.));
#11637 = VECTOR('',#11638,1.);
#11638 = DIRECTION('',(0.,1.));
#11639 = ( GEOMETRIC_REPRESENTATION_CONTEXT(2) 
PARAMETRIC_REPRESENTATION_CONTEXT() REPRESENTATION_CONTEXT('2D SPACE',''
  ) );
#11640 = ADVANCED_FACE('',(#11641),#4534,.F.);
#11641 = FACE_BOUND('',#11642,.F.);
#11642 = EDGE_LOOP('',(#11643,#11644,#11645,#11646,#11669,#11692,#11715,
    #11738,#11761,#11784));
#11643 = ORIENTED_EDGE('',*,*,#6705,.F.);
#11644 = ORIENTED_EDGE('',*,*,#4518,.T.);
#11645 = ORIENTED_EDGE('',*,*,#11595,.T.);
#11646 = ORIENTED_EDGE('',*,*,#11647,.T.);
#11647 = EDGE_CURVE('',#11596,#11648,#11650,.T.);
#11648 = VERTEX_POINT('',#11649);
#11649 = CARTESIAN_POINT('',(19.5,52.6,4.15));
#11650 = SURFACE_CURVE('',#11651,(#11655,#11662),.PCURVE_S1.);
#11651 = LINE('',#11652,#11653);
#11652 = CARTESIAN_POINT('',(18.1,52.6,4.15));
#11653 = VECTOR('',#11654,1.);
#11654 = DIRECTION('',(1.,0.,0.));
#11655 = PCURVE('',#4534,#11656);
#11656 = DEFINITIONAL_REPRESENTATION('',(#11657),#11661);
#11657 = LINE('',#11658,#11659);
#11658 = CARTESIAN_POINT('',(3.6,-0.4));
#11659 = VECTOR('',#11660,1.);
#11660 = DIRECTION('',(0.,1.));
#11661 = ( GEOMETRIC_REPRESENTATION_CONTEXT(2) 
PARAMETRIC_REPRESENTATION_CONTEXT() REPRESENTATION_CONTEXT('2D SPACE',''
  ) );
#11662 = PCURVE('',#11418,#11663);
#11663 = DEFINITIONAL_REPRESENTATION('',(#11664),#11668);
#11664 = LINE('',#11665,#11666);
#11665 = CARTESIAN_POINT('',(0.,0.));
#11666 = VECTOR('',#11667,1.);
#11667 = DIRECTION('',(1.,0.));
#11668 = ( GEOMETRIC_REPRESENTATION_CONTEXT(2) 
PARAMETRIC_REPRESENTATION_CONTEXT() REPRESENTATION_CONTEXT('2D SPACE',''
  ) );
#11669 = ORIENTED_EDGE('',*,*,#11670,.F.);
#11670 = EDGE_CURVE('',#11671,#11648,#11673,.T.);
#11671 = VERTEX_POINT('',#11672);
#11672 = CARTESIAN_POINT('',(19.5,52.6,1.25));
#11673 = SURFACE_CURVE('',#11674,(#11678,#11685),.PCURVE_S1.);
#11674 = LINE('',#11675,#11676);
#11675 = CARTESIAN_POINT('',(19.5,52.6,0.55));
#11676 = VECTOR('',#11677,1.);
#11677 = DIRECTION('',(0.,0.,1.));
#11678 = PCURVE('',#4534,#11679);
#11679 = DEFINITIONAL_REPRESENTATION('',(#11680),#11684);
#11680 = LINE('',#11681,#11682);
#11681 = CARTESIAN_POINT('',(0.,1.));
#11682 = VECTOR('',#11683,1.);
#11683 = DIRECTION('',(1.,0.));
#11684 = ( GEOMETRIC_REPRESENTATION_CONTEXT(2) 
PARAMETRIC_REPRESENTATION_CONTEXT() REPRESENTATION_CONTEXT('2D SPACE',''
  ) );
#11685 = PCURVE('',#11446,#11686);
#11686 = DEFINITIONAL_REPRESENTATION('',(#11687),#11691);
#11687 = LINE('',#11688,#11689);
#11688 = CARTESIAN_POINT('',(0.,0.));
#11689 = VECTOR('',#11690,1.);
#11690 = DIRECTION('',(1.,0.));
#11691 = ( GEOMETRIC_REPRESENTATION_CONTEXT(2) 
PARAMETRIC_REPRESENTATION_CONTEXT() REPRESENTATION_CONTEXT('2D SPACE',''
  ) );
#11692 = ORIENTED_EDGE('',*,*,#11693,.T.);
#11693 = EDGE_CURVE('',#11671,#11694,#11696,.T.);
#11694 = VERTEX_POINT('',#11695);
#11695 = CARTESIAN_POINT('',(28.5,52.6,1.25));
#11696 = SURFACE_CURVE('',#11697,(#11701,#11708),.PCURVE_S1.);
#11697 = LINE('',#11698,#11699);
#11698 = CARTESIAN_POINT('',(18.5,52.6,1.25));
#11699 = VECTOR('',#11700,1.);
#11700 = DIRECTION('',(1.,0.,0.));
#11701 = PCURVE('',#4534,#11702);
#11702 = DEFINITIONAL_REPRESENTATION('',(#11703),#11707);
#11703 = LINE('',#11704,#11705);
#11704 = CARTESIAN_POINT('',(0.7,0.));
#11705 = VECTOR('',#11706,1.);
#11706 = DIRECTION('',(0.,1.));
#11707 = ( GEOMETRIC_REPRESENTATION_CONTEXT(2) 
PARAMETRIC_REPRESENTATION_CONTEXT() REPRESENTATION_CONTEXT('2D SPACE',''
  ) );
#11708 = PCURVE('',#11474,#11709);
#11709 = DEFINITIONAL_REPRESENTATION('',(#11710),#11714);
#11710 = LINE('',#11711,#11712);
#11711 = CARTESIAN_POINT('',(0.,0.));
#11712 = VECTOR('',#11713,1.);
#11713 = DIRECTION('',(1.,0.));
#11714 = ( GEOMETRIC_REPRESENTATION_CONTEXT(2) 
PARAMETRIC_REPRESENTATION_CONTEXT() REPRESENTATION_CONTEXT('2D SPACE',''
  ) );
#11715 = ORIENTED_EDGE('',*,*,#11716,.T.);
#11716 = EDGE_CURVE('',#11694,#11717,#11719,.T.);
#11717 = VERTEX_POINT('',#11718);
#11718 = CARTESIAN_POINT('',(28.5,52.6,4.15));
#11719 = SURFACE_CURVE('',#11720,(#11724,#11731),.PCURVE_S1.);
#11720 = LINE('',#11721,#11722);
#11721 = CARTESIAN_POINT('',(28.5,52.6,0.55));
#11722 = VECTOR('',#11723,1.);
#11723 = DIRECTION('',(0.,0.,1.));
#11724 = PCURVE('',#4534,#11725);
#11725 = DEFINITIONAL_REPRESENTATION('',(#11726),#11730);
#11726 = LINE('',#11727,#11728);
#11727 = CARTESIAN_POINT('',(0.,10.));
#11728 = VECTOR('',#11729,1.);
#11729 = DIRECTION('',(1.,0.));
#11730 = ( GEOMETRIC_REPRESENTATION_CONTEXT(2) 
PARAMETRIC_REPRESENTATION_CONTEXT() REPRESENTATION_CONTEXT('2D SPACE',''
  ) );
#11731 = PCURVE('',#11502,#11732);
#11732 = DEFINITIONAL_REPRESENTATION('',(#11733),#11737);
#11733 = LINE('',#11734,#11735);
#11734 = CARTESIAN_POINT('',(0.,0.));
#11735 = VECTOR('',#11736,1.);
#11736 = DIRECTION('',(1.,0.));
#11737 = ( GEOMETRIC_REPRESENTATION_CONTEXT(2) 
PARAMETRIC_REPRESENTATION_CONTEXT() REPRESENTATION_CONTEXT('2D SPACE',''
  ) );
#11738 = ORIENTED_EDGE('',*,*,#11739,.T.);
#11739 = EDGE_CURVE('',#11717,#11740,#11742,.T.);
#11740 = VERTEX_POINT('',#11741);
#11741 = CARTESIAN_POINT('',(29.9,52.6,4.15));
#11742 = SURFACE_CURVE('',#11743,(#11747,#11754),.PCURVE_S1.);
#11743 = LINE('',#11744,#11745);
#11744 = CARTESIAN_POINT('',(28.5,52.6,4.15));
#11745 = VECTOR('',#11746,1.);
#11746 = DIRECTION('',(1.,0.,0.));
#11747 = PCURVE('',#4534,#11748);
#11748 = DEFINITIONAL_REPRESENTATION('',(#11749),#11753);
#11749 = LINE('',#11750,#11751);
#11750 = CARTESIAN_POINT('',(3.6,10.));
#11751 = VECTOR('',#11752,1.);
#11752 = DIRECTION('',(0.,1.));
#11753 = ( GEOMETRIC_REPRESENTATION_CONTEXT(2) 
PARAMETRIC_REPRESENTATION_CONTEXT() REPRESENTATION_CONTEXT('2D SPACE',''
  ) );
#11754 = PCURVE('',#11530,#11755);
#11755 = DEFINITIONAL_REPRESENTATION('',(#11756),#11760);
#11756 = LINE('',#11757,#11758);
#11757 = CARTESIAN_POINT('',(0.,0.));
#11758 = VECTOR('',#11759,1.);
#11759 = DIRECTION('',(1.,0.));
#11760 = ( GEOMETRIC_REPRESENTATION_CONTEXT(2) 
PARAMETRIC_REPRESENTATION_CONTEXT() REPRESENTATION_CONTEXT('2D SPACE',''
  ) );
#11761 = ORIENTED_EDGE('',*,*,#11762,.F.);
#11762 = EDGE_CURVE('',#11763,#11740,#11765,.T.);
#11763 = VERTEX_POINT('',#11764);
#11764 = CARTESIAN_POINT('',(29.9,52.6,1.25));
#11765 = SURFACE_CURVE('',#11766,(#11770,#11777),.PCURVE_S1.);
#11766 = LINE('',#11767,#11768);
#11767 = CARTESIAN_POINT('',(29.9,52.6,0.55));
#11768 = VECTOR('',#11769,1.);
#11769 = DIRECTION('',(0.,0.,1.));
#11770 = PCURVE('',#4534,#11771);
#11771 = DEFINITIONAL_REPRESENTATION('',(#11772),#11776);
#11772 = LINE('',#11773,#11774);
#11773 = CARTESIAN_POINT('',(0.,11.4));
#11774 = VECTOR('',#11775,1.);
#11775 = DIRECTION('',(1.,0.));
#11776 = ( GEOMETRIC_REPRESENTATION_CONTEXT(2) 
PARAMETRIC_REPRESENTATION_CONTEXT() REPRESENTATION_CONTEXT('2D SPACE',''
  ) );
#11777 = PCURVE('',#11558,#11778);
#11778 = DEFINITIONAL_REPRESENTATION('',(#11779),#11783);
#11779 = LINE('',#11780,#11781);
#11780 = CARTESIAN_POINT('',(0.,0.));
#11781 = VECTOR('',#11782,1.);
#11782 = DIRECTION('',(1.,0.));
#11783 = ( GEOMETRIC_REPRESENTATION_CONTEXT(2) 
PARAMETRIC_REPRESENTATION_CONTEXT() REPRESENTATION_CONTEXT('2D SPACE',''
  ) );
#11784 = ORIENTED_EDGE('',*,*,#11785,.T.);
#11785 = EDGE_CURVE('',#11763,#6706,#11786,.T.);
#11786 = SURFACE_CURVE('',#11787,(#11791,#11798),.PCURVE_S1.);
#11787 = LINE('',#11788,#11789);
#11788 = CARTESIAN_POINT('',(18.5,52.6,1.25));
#11789 = VECTOR('',#11790,1.);
#11790 = DIRECTION('',(1.,0.,0.));
#11791 = PCURVE('',#4534,#11792);
#11792 = DEFINITIONAL_REPRESENTATION('',(#11793),#11797);
#11793 = LINE('',#11794,#11795);
#11794 = CARTESIAN_POINT('',(0.7,0.));
#11795 = VECTOR('',#11796,1.);
#11796 = DIRECTION('',(0.,1.));
#11797 = ( GEOMETRIC_REPRESENTATION_CONTEXT(2) 
PARAMETRIC_REPRESENTATION_CONTEXT() REPRESENTATION_CONTEXT('2D SPACE',''
  ) );
#11798 = PCURVE('',#6742,#11799);
#11799 = DEFINITIONAL_REPRESENTATION('',(#11800),#11804);
#11800 = LINE('',#11801,#11802);
#11801 = CARTESIAN_POINT('',(0.,0.));
#11802 = VECTOR('',#11803,1.);
#11803 = DIRECTION('',(1.,0.));
#11804 = ( GEOMETRIC_REPRESENTATION_CONTEXT(2) 
PARAMETRIC_REPRESENTATION_CONTEXT() REPRESENTATION_CONTEXT('2D SPACE',''
  ) );
#11805 = ADVANCED_FACE('',(#11806),#4584,.T.);
#11806 = FACE_BOUND('',#11807,.T.);
#11807 = EDGE_LOOP('',(#11808,#11809,#11832,#11860,#11888,#11916,#11944,
    #11972,#12000,#12021));
#11808 = ORIENTED_EDGE('',*,*,#4568,.F.);
#11809 = ORIENTED_EDGE('',*,*,#11810,.T.);
#11810 = EDGE_CURVE('',#4569,#11811,#11813,.T.);
#11811 = VERTEX_POINT('',#11812);
#11812 = CARTESIAN_POINT('',(18.1,31.4,4.15));
#11813 = SURFACE_CURVE('',#11814,(#11818,#11825),.PCURVE_S1.);
#11814 = LINE('',#11815,#11816);
#11815 = CARTESIAN_POINT('',(18.1,31.4,0.55));
#11816 = VECTOR('',#11817,1.);
#11817 = DIRECTION('',(0.,0.,1.));
#11818 = PCURVE('',#4584,#11819);
#11819 = DEFINITIONAL_REPRESENTATION('',(#11820),#11824);
#11820 = LINE('',#11821,#11822);
#11821 = CARTESIAN_POINT('',(0.,-0.4));
#11822 = VECTOR('',#11823,1.);
#11823 = DIRECTION('',(1.,0.));
#11824 = ( GEOMETRIC_REPRESENTATION_CONTEXT(2) 
PARAMETRIC_REPRESENTATION_CONTEXT() REPRESENTATION_CONTEXT('2D SPACE',''
  ) );
#11825 = PCURVE('',#4612,#11826);
#11826 = DEFINITIONAL_REPRESENTATION('',(#11827),#11831);
#11827 = LINE('',#11828,#11829);
#11828 = CARTESIAN_POINT('',(0.,-1.2));
#11829 = VECTOR('',#11830,1.);
#11830 = DIRECTION('',(1.,0.));
#11831 = ( GEOMETRIC_REPRESENTATION_CONTEXT(2) 
PARAMETRIC_REPRESENTATION_CONTEXT() REPRESENTATION_CONTEXT('2D SPACE',''
  ) );
#11832 = ORIENTED_EDGE('',*,*,#11833,.T.);
#11833 = EDGE_CURVE('',#11811,#11834,#11836,.T.);
#11834 = VERTEX_POINT('',#11835);
#11835 = CARTESIAN_POINT('',(19.5,31.4,4.15));
#11836 = SURFACE_CURVE('',#11837,(#11841,#11848),.PCURVE_S1.);
#11837 = LINE('',#11838,#11839);
#11838 = CARTESIAN_POINT('',(18.1,31.4,4.15));
#11839 = VECTOR('',#11840,1.);
#11840 = DIRECTION('',(1.,0.,0.));
#11841 = PCURVE('',#4584,#11842);
#11842 = DEFINITIONAL_REPRESENTATION('',(#11843),#11847);
#11843 = LINE('',#11844,#11845);
#11844 = CARTESIAN_POINT('',(3.6,-0.4));
#11845 = VECTOR('',#11846,1.);
#11846 = DIRECTION('',(0.,1.));
#11847 = ( GEOMETRIC_REPRESENTATION_CONTEXT(2) 
PARAMETRIC_REPRESENTATION_CONTEXT() REPRESENTATION_CONTEXT('2D SPACE',''
  ) );
#11848 = PCURVE('',#11849,#11854);
#11849 = PLANE('',#11850);
#11850 = AXIS2_PLACEMENT_3D('',#11851,#11852,#11853);
#11851 = CARTESIAN_POINT('',(18.1,30.2,4.15));
#11852 = DIRECTION('',(0.,0.,1.));
#11853 = DIRECTION('',(1.,0.,0.));
#11854 = DEFINITIONAL_REPRESENTATION('',(#11855),#11859);
#11855 = LINE('',#11856,#11857);
#11856 = CARTESIAN_POINT('',(0.,1.2));
#11857 = VECTOR('',#11858,1.);
#11858 = DIRECTION('',(1.,0.));
#11859 = ( GEOMETRIC_REPRESENTATION_CONTEXT(2) 
PARAMETRIC_REPRESENTATION_CONTEXT() REPRESENTATION_CONTEXT('2D SPACE',''
  ) );
#11860 = ORIENTED_EDGE('',*,*,#11861,.F.);
#11861 = EDGE_CURVE('',#11862,#11834,#11864,.T.);
#11862 = VERTEX_POINT('',#11863);
#11863 = CARTESIAN_POINT('',(19.5,31.4,1.25));
#11864 = SURFACE_CURVE('',#11865,(#11869,#11876),.PCURVE_S1.);
#11865 = LINE('',#11866,#11867);
#11866 = CARTESIAN_POINT('',(19.5,31.4,0.55));
#11867 = VECTOR('',#11868,1.);
#11868 = DIRECTION('',(0.,0.,1.));
#11869 = PCURVE('',#4584,#11870);
#11870 = DEFINITIONAL_REPRESENTATION('',(#11871),#11875);
#11871 = LINE('',#11872,#11873);
#11872 = CARTESIAN_POINT('',(0.,1.));
#11873 = VECTOR('',#11874,1.);
#11874 = DIRECTION('',(1.,0.));
#11875 = ( GEOMETRIC_REPRESENTATION_CONTEXT(2) 
PARAMETRIC_REPRESENTATION_CONTEXT() REPRESENTATION_CONTEXT('2D SPACE',''
  ) );
#11876 = PCURVE('',#11877,#11882);
#11877 = PLANE('',#11878);
#11878 = AXIS2_PLACEMENT_3D('',#11879,#11880,#11881);
#11879 = CARTESIAN_POINT('',(19.5,30.2,0.55));
#11880 = DIRECTION('',(1.,0.,0.));
#11881 = DIRECTION('',(0.,0.,1.));
#11882 = DEFINITIONAL_REPRESENTATION('',(#11883),#11887);
#11883 = LINE('',#11884,#11885);
#11884 = CARTESIAN_POINT('',(0.,-1.2));
#11885 = VECTOR('',#11886,1.);
#11886 = DIRECTION('',(1.,0.));
#11887 = ( GEOMETRIC_REPRESENTATION_CONTEXT(2) 
PARAMETRIC_REPRESENTATION_CONTEXT() REPRESENTATION_CONTEXT('2D SPACE',''
  ) );
#11888 = ORIENTED_EDGE('',*,*,#11889,.T.);
#11889 = EDGE_CURVE('',#11862,#11890,#11892,.T.);
#11890 = VERTEX_POINT('',#11891);
#11891 = CARTESIAN_POINT('',(28.5,31.4,1.25));
#11892 = SURFACE_CURVE('',#11893,(#11897,#11904),.PCURVE_S1.);
#11893 = LINE('',#11894,#11895);
#11894 = CARTESIAN_POINT('',(18.5,31.4,1.25));
#11895 = VECTOR('',#11896,1.);
#11896 = DIRECTION('',(1.,0.,0.));
#11897 = PCURVE('',#4584,#11898);
#11898 = DEFINITIONAL_REPRESENTATION('',(#11899),#11903);
#11899 = LINE('',#11900,#11901);
#11900 = CARTESIAN_POINT('',(0.7,0.));
#11901 = VECTOR('',#11902,1.);
#11902 = DIRECTION('',(0.,1.));
#11903 = ( GEOMETRIC_REPRESENTATION_CONTEXT(2) 
PARAMETRIC_REPRESENTATION_CONTEXT() REPRESENTATION_CONTEXT('2D SPACE',''
  ) );
#11904 = PCURVE('',#11905,#11910);
#11905 = PLANE('',#11906);
#11906 = AXIS2_PLACEMENT_3D('',#11907,#11908,#11909);
#11907 = CARTESIAN_POINT('',(18.5,30.2,1.25));
#11908 = DIRECTION('',(0.,0.,1.));
#11909 = DIRECTION('',(1.,0.,0.));
#11910 = DEFINITIONAL_REPRESENTATION('',(#11911),#11915);
#11911 = LINE('',#11912,#11913);
#11912 = CARTESIAN_POINT('',(0.,1.2));
#11913 = VECTOR('',#11914,1.);
#11914 = DIRECTION('',(1.,0.));
#11915 = ( GEOMETRIC_REPRESENTATION_CONTEXT(2) 
PARAMETRIC_REPRESENTATION_CONTEXT() REPRESENTATION_CONTEXT('2D SPACE',''
  ) );
#11916 = ORIENTED_EDGE('',*,*,#11917,.T.);
#11917 = EDGE_CURVE('',#11890,#11918,#11920,.T.);
#11918 = VERTEX_POINT('',#11919);
#11919 = CARTESIAN_POINT('',(28.5,31.4,4.15));
#11920 = SURFACE_CURVE('',#11921,(#11925,#11932),.PCURVE_S1.);
#11921 = LINE('',#11922,#11923);
#11922 = CARTESIAN_POINT('',(28.5,31.4,0.55));
#11923 = VECTOR('',#11924,1.);
#11924 = DIRECTION('',(0.,0.,1.));
#11925 = PCURVE('',#4584,#11926);
#11926 = DEFINITIONAL_REPRESENTATION('',(#11927),#11931);
#11927 = LINE('',#11928,#11929);
#11928 = CARTESIAN_POINT('',(0.,10.));
#11929 = VECTOR('',#11930,1.);
#11930 = DIRECTION('',(1.,0.));
#11931 = ( GEOMETRIC_REPRESENTATION_CONTEXT(2) 
PARAMETRIC_REPRESENTATION_CONTEXT() REPRESENTATION_CONTEXT('2D SPACE',''
  ) );
#11932 = PCURVE('',#11933,#11938);
#11933 = PLANE('',#11934);
#11934 = AXIS2_PLACEMENT_3D('',#11935,#11936,#11937);
#11935 = CARTESIAN_POINT('',(28.5,30.2,0.55));
#11936 = DIRECTION('',(1.,0.,0.));
#11937 = DIRECTION('',(0.,0.,1.));
#11938 = DEFINITIONAL_REPRESENTATION('',(#11939),#11943);
#11939 = LINE('',#11940,#11941);
#11940 = CARTESIAN_POINT('',(0.,-1.2));
#11941 = VECTOR('',#11942,1.);
#11942 = DIRECTION('',(1.,0.));
#11943 = ( GEOMETRIC_REPRESENTATION_CONTEXT(2) 
PARAMETRIC_REPRESENTATION_CONTEXT() REPRESENTATION_CONTEXT('2D SPACE',''
  ) );
#11944 = ORIENTED_EDGE('',*,*,#11945,.T.);
#11945 = EDGE_CURVE('',#11918,#11946,#11948,.T.);
#11946 = VERTEX_POINT('',#11947);
#11947 = CARTESIAN_POINT('',(29.9,31.4,4.15));
#11948 = SURFACE_CURVE('',#11949,(#11953,#11960),.PCURVE_S1.);
#11949 = LINE('',#11950,#11951);
#11950 = CARTESIAN_POINT('',(28.5,31.4,4.15));
#11951 = VECTOR('',#11952,1.);
#11952 = DIRECTION('',(1.,0.,0.));
#11953 = PCURVE('',#4584,#11954);
#11954 = DEFINITIONAL_REPRESENTATION('',(#11955),#11959);
#11955 = LINE('',#11956,#11957);
#11956 = CARTESIAN_POINT('',(3.6,10.));
#11957 = VECTOR('',#11958,1.);
#11958 = DIRECTION('',(0.,1.));
#11959 = ( GEOMETRIC_REPRESENTATION_CONTEXT(2) 
PARAMETRIC_REPRESENTATION_CONTEXT() REPRESENTATION_CONTEXT('2D SPACE',''
  ) );
#11960 = PCURVE('',#11961,#11966);
#11961 = PLANE('',#11962);
#11962 = AXIS2_PLACEMENT_3D('',#11963,#11964,#11965);
#11963 = CARTESIAN_POINT('',(28.5,30.2,4.15));
#11964 = DIRECTION('',(0.,0.,1.));
#11965 = DIRECTION('',(1.,0.,0.));
#11966 = DEFINITIONAL_REPRESENTATION('',(#11967),#11971);
#11967 = LINE('',#11968,#11969);
#11968 = CARTESIAN_POINT('',(0.,1.2));
#11969 = VECTOR('',#11970,1.);
#11970 = DIRECTION('',(1.,0.));
#11971 = ( GEOMETRIC_REPRESENTATION_CONTEXT(2) 
PARAMETRIC_REPRESENTATION_CONTEXT() REPRESENTATION_CONTEXT('2D SPACE',''
  ) );
#11972 = ORIENTED_EDGE('',*,*,#11973,.F.);
#11973 = EDGE_CURVE('',#11974,#11946,#11976,.T.);
#11974 = VERTEX_POINT('',#11975);
#11975 = CARTESIAN_POINT('',(29.9,31.4,1.25));
#11976 = SURFACE_CURVE('',#11977,(#11981,#11988),.PCURVE_S1.);
#11977 = LINE('',#11978,#11979);
#11978 = CARTESIAN_POINT('',(29.9,31.4,0.55));
#11979 = VECTOR('',#11980,1.);
#11980 = DIRECTION('',(0.,0.,1.));
#11981 = PCURVE('',#4584,#11982);
#11982 = DEFINITIONAL_REPRESENTATION('',(#11983),#11987);
#11983 = LINE('',#11984,#11985);
#11984 = CARTESIAN_POINT('',(0.,11.4));
#11985 = VECTOR('',#11986,1.);
#11986 = DIRECTION('',(1.,0.));
#11987 = ( GEOMETRIC_REPRESENTATION_CONTEXT(2) 
PARAMETRIC_REPRESENTATION_CONTEXT() REPRESENTATION_CONTEXT('2D SPACE',''
  ) );
#11988 = PCURVE('',#11989,#11994);
#11989 = PLANE('',#11990);
#11990 = AXIS2_PLACEMENT_3D('',#11991,#11992,#11993);
#11991 = CARTESIAN_POINT('',(29.9,30.2,0.55));
#11992 = DIRECTION('',(1.,0.,0.));
#11993 = DIRECTION('',(0.,0.,1.));
#11994 = DEFINITIONAL_REPRESENTATION('',(#11995),#11999);
#11995 = LINE('',#11996,#11997);
#11996 = CARTESIAN_POINT('',(0.,-1.2));
#11997 = VECTOR('',#11998,1.);
#11998 = DIRECTION('',(1.,0.));
#11999 = ( GEOMETRIC_REPRESENTATION_CONTEXT(2) 
PARAMETRIC_REPRESENTATION_CONTEXT() REPRESENTATION_CONTEXT('2D SPACE',''
  ) );
#12000 = ORIENTED_EDGE('',*,*,#12001,.T.);
#12001 = EDGE_CURVE('',#11974,#6659,#12002,.T.);
#12002 = SURFACE_CURVE('',#12003,(#12007,#12014),.PCURVE_S1.);
#12003 = LINE('',#12004,#12005);
#12004 = CARTESIAN_POINT('',(18.5,31.4,1.25));
#12005 = VECTOR('',#12006,1.);
#12006 = DIRECTION('',(1.,0.,0.));
#12007 = PCURVE('',#4584,#12008);
#12008 = DEFINITIONAL_REPRESENTATION('',(#12009),#12013);
#12009 = LINE('',#12010,#12011);
#12010 = CARTESIAN_POINT('',(0.7,0.));
#12011 = VECTOR('',#12012,1.);
#12012 = DIRECTION('',(0.,1.));
#12013 = ( GEOMETRIC_REPRESENTATION_CONTEXT(2) 
PARAMETRIC_REPRESENTATION_CONTEXT() REPRESENTATION_CONTEXT('2D SPACE',''
  ) );
#12014 = PCURVE('',#6673,#12015);
#12015 = DEFINITIONAL_REPRESENTATION('',(#12016),#12020);
#12016 = LINE('',#12017,#12018);
#12017 = CARTESIAN_POINT('',(0.,1.2));
#12018 = VECTOR('',#12019,1.);
#12019 = DIRECTION('',(1.,0.));
#12020 = ( GEOMETRIC_REPRESENTATION_CONTEXT(2) 
PARAMETRIC_REPRESENTATION_CONTEXT() REPRESENTATION_CONTEXT('2D SPACE',''
  ) );
#12021 = ORIENTED_EDGE('',*,*,#6684,.F.);
#12022 = ADVANCED_FACE('',(#12023),#4612,.F.);
#12023 = FACE_BOUND('',#12024,.F.);
#12024 = EDGE_LOOP('',(#12025,#12048,#12049,#12050));
#12025 = ORIENTED_EDGE('',*,*,#12026,.F.);
#12026 = EDGE_CURVE('',#4597,#12027,#12029,.T.);
#12027 = VERTEX_POINT('',#12028);
#12028 = CARTESIAN_POINT('',(18.1,30.2,4.15));
#12029 = SURFACE_CURVE('',#12030,(#12034,#12041),.PCURVE_S1.);
#12030 = LINE('',#12031,#12032);
#12031 = CARTESIAN_POINT('',(18.1,30.2,0.55));
#12032 = VECTOR('',#12033,1.);
#12033 = DIRECTION('',(0.,0.,1.));
#12034 = PCURVE('',#4612,#12035);
#12035 = DEFINITIONAL_REPRESENTATION('',(#12036),#12040);
#12036 = LINE('',#12037,#12038);
#12037 = CARTESIAN_POINT('',(0.,0.));
#12038 = VECTOR('',#12039,1.);
#12039 = DIRECTION('',(1.,0.));
#12040 = ( GEOMETRIC_REPRESENTATION_CONTEXT(2) 
PARAMETRIC_REPRESENTATION_CONTEXT() REPRESENTATION_CONTEXT('2D SPACE',''
  ) );
#12041 = PCURVE('',#4640,#12042);
#12042 = DEFINITIONAL_REPRESENTATION('',(#12043),#12047);
#12043 = LINE('',#12044,#12045);
#12044 = CARTESIAN_POINT('',(0.,-0.4));
#12045 = VECTOR('',#12046,1.);
#12046 = DIRECTION('',(1.,0.));
#12047 = ( GEOMETRIC_REPRESENTATION_CONTEXT(2) 
PARAMETRIC_REPRESENTATION_CONTEXT() REPRESENTATION_CONTEXT('2D SPACE',''
  ) );
#12048 = ORIENTED_EDGE('',*,*,#4596,.T.);
#12049 = ORIENTED_EDGE('',*,*,#11810,.T.);
#12050 = ORIENTED_EDGE('',*,*,#12051,.F.);
#12051 = EDGE_CURVE('',#12027,#11811,#12052,.T.);
#12052 = SURFACE_CURVE('',#12053,(#12057,#12064),.PCURVE_S1.);
#12053 = LINE('',#12054,#12055);
#12054 = CARTESIAN_POINT('',(18.1,30.2,4.15));
#12055 = VECTOR('',#12056,1.);
#12056 = DIRECTION('',(0.,1.,0.));
#12057 = PCURVE('',#4612,#12058);
#12058 = DEFINITIONAL_REPRESENTATION('',(#12059),#12063);
#12059 = LINE('',#12060,#12061);
#12060 = CARTESIAN_POINT('',(3.6,0.));
#12061 = VECTOR('',#12062,1.);
#12062 = DIRECTION('',(0.,-1.));
#12063 = ( GEOMETRIC_REPRESENTATION_CONTEXT(2) 
PARAMETRIC_REPRESENTATION_CONTEXT() REPRESENTATION_CONTEXT('2D SPACE',''
  ) );
#12064 = PCURVE('',#11849,#12065);
#12065 = DEFINITIONAL_REPRESENTATION('',(#12066),#12070);
#12066 = LINE('',#12067,#12068);
#12067 = CARTESIAN_POINT('',(0.,0.));
#12068 = VECTOR('',#12069,1.);
#12069 = DIRECTION('',(0.,1.));
#12070 = ( GEOMETRIC_REPRESENTATION_CONTEXT(2) 
PARAMETRIC_REPRESENTATION_CONTEXT() REPRESENTATION_CONTEXT('2D SPACE',''
  ) );
#12071 = ADVANCED_FACE('',(#12072),#4640,.F.);
#12072 = FACE_BOUND('',#12073,.F.);
#12073 = EDGE_LOOP('',(#12074,#12075,#12076,#12077,#12100,#12123,#12146,
    #12169,#12192,#12215));
#12074 = ORIENTED_EDGE('',*,*,#6636,.F.);
#12075 = ORIENTED_EDGE('',*,*,#4624,.T.);
#12076 = ORIENTED_EDGE('',*,*,#12026,.T.);
#12077 = ORIENTED_EDGE('',*,*,#12078,.T.);
#12078 = EDGE_CURVE('',#12027,#12079,#12081,.T.);
#12079 = VERTEX_POINT('',#12080);
#12080 = CARTESIAN_POINT('',(19.5,30.2,4.15));
#12081 = SURFACE_CURVE('',#12082,(#12086,#12093),.PCURVE_S1.);
#12082 = LINE('',#12083,#12084);
#12083 = CARTESIAN_POINT('',(18.1,30.2,4.15));
#12084 = VECTOR('',#12085,1.);
#12085 = DIRECTION('',(1.,0.,0.));
#12086 = PCURVE('',#4640,#12087);
#12087 = DEFINITIONAL_REPRESENTATION('',(#12088),#12092);
#12088 = LINE('',#12089,#12090);
#12089 = CARTESIAN_POINT('',(3.6,-0.4));
#12090 = VECTOR('',#12091,1.);
#12091 = DIRECTION('',(0.,1.));
#12092 = ( GEOMETRIC_REPRESENTATION_CONTEXT(2) 
PARAMETRIC_REPRESENTATION_CONTEXT() REPRESENTATION_CONTEXT('2D SPACE',''
  ) );
#12093 = PCURVE('',#11849,#12094);
#12094 = DEFINITIONAL_REPRESENTATION('',(#12095),#12099);
#12095 = LINE('',#12096,#12097);
#12096 = CARTESIAN_POINT('',(0.,0.));
#12097 = VECTOR('',#12098,1.);
#12098 = DIRECTION('',(1.,0.));
#12099 = ( GEOMETRIC_REPRESENTATION_CONTEXT(2) 
PARAMETRIC_REPRESENTATION_CONTEXT() REPRESENTATION_CONTEXT('2D SPACE',''
  ) );
#12100 = ORIENTED_EDGE('',*,*,#12101,.F.);
#12101 = EDGE_CURVE('',#12102,#12079,#12104,.T.);
#12102 = VERTEX_POINT('',#12103);
#12103 = CARTESIAN_POINT('',(19.5,30.2,1.25));
#12104 = SURFACE_CURVE('',#12105,(#12109,#12116),.PCURVE_S1.);
#12105 = LINE('',#12106,#12107);
#12106 = CARTESIAN_POINT('',(19.5,30.2,0.55));
#12107 = VECTOR('',#12108,1.);
#12108 = DIRECTION('',(0.,0.,1.));
#12109 = PCURVE('',#4640,#12110);
#12110 = DEFINITIONAL_REPRESENTATION('',(#12111),#12115);
#12111 = LINE('',#12112,#12113);
#12112 = CARTESIAN_POINT('',(0.,1.));
#12113 = VECTOR('',#12114,1.);
#12114 = DIRECTION('',(1.,0.));
#12115 = ( GEOMETRIC_REPRESENTATION_CONTEXT(2) 
PARAMETRIC_REPRESENTATION_CONTEXT() REPRESENTATION_CONTEXT('2D SPACE',''
  ) );
#12116 = PCURVE('',#11877,#12117);
#12117 = DEFINITIONAL_REPRESENTATION('',(#12118),#12122);
#12118 = LINE('',#12119,#12120);
#12119 = CARTESIAN_POINT('',(0.,0.));
#12120 = VECTOR('',#12121,1.);
#12121 = DIRECTION('',(1.,0.));
#12122 = ( GEOMETRIC_REPRESENTATION_CONTEXT(2) 
PARAMETRIC_REPRESENTATION_CONTEXT() REPRESENTATION_CONTEXT('2D SPACE',''
  ) );
#12123 = ORIENTED_EDGE('',*,*,#12124,.T.);
#12124 = EDGE_CURVE('',#12102,#12125,#12127,.T.);
#12125 = VERTEX_POINT('',#12126);
#12126 = CARTESIAN_POINT('',(28.5,30.2,1.25));
#12127 = SURFACE_CURVE('',#12128,(#12132,#12139),.PCURVE_S1.);
#12128 = LINE('',#12129,#12130);
#12129 = CARTESIAN_POINT('',(18.5,30.2,1.25));
#12130 = VECTOR('',#12131,1.);
#12131 = DIRECTION('',(1.,0.,0.));
#12132 = PCURVE('',#4640,#12133);
#12133 = DEFINITIONAL_REPRESENTATION('',(#12134),#12138);
#12134 = LINE('',#12135,#12136);
#12135 = CARTESIAN_POINT('',(0.7,0.));
#12136 = VECTOR('',#12137,1.);
#12137 = DIRECTION('',(0.,1.));
#12138 = ( GEOMETRIC_REPRESENTATION_CONTEXT(2) 
PARAMETRIC_REPRESENTATION_CONTEXT() REPRESENTATION_CONTEXT('2D SPACE',''
  ) );
#12139 = PCURVE('',#11905,#12140);
#12140 = DEFINITIONAL_REPRESENTATION('',(#12141),#12145);
#12141 = LINE('',#12142,#12143);
#12142 = CARTESIAN_POINT('',(0.,0.));
#12143 = VECTOR('',#12144,1.);
#12144 = DIRECTION('',(1.,0.));
#12145 = ( GEOMETRIC_REPRESENTATION_CONTEXT(2) 
PARAMETRIC_REPRESENTATION_CONTEXT() REPRESENTATION_CONTEXT('2D SPACE',''
  ) );
#12146 = ORIENTED_EDGE('',*,*,#12147,.T.);
#12147 = EDGE_CURVE('',#12125,#12148,#12150,.T.);
#12148 = VERTEX_POINT('',#12149);
#12149 = CARTESIAN_POINT('',(28.5,30.2,4.15));
#12150 = SURFACE_CURVE('',#12151,(#12155,#12162),.PCURVE_S1.);
#12151 = LINE('',#12152,#12153);
#12152 = CARTESIAN_POINT('',(28.5,30.2,0.55));
#12153 = VECTOR('',#12154,1.);
#12154 = DIRECTION('',(0.,0.,1.));
#12155 = PCURVE('',#4640,#12156);
#12156 = DEFINITIONAL_REPRESENTATION('',(#12157),#12161);
#12157 = LINE('',#12158,#12159);
#12158 = CARTESIAN_POINT('',(0.,10.));
#12159 = VECTOR('',#12160,1.);
#12160 = DIRECTION('',(1.,0.));
#12161 = ( GEOMETRIC_REPRESENTATION_CONTEXT(2) 
PARAMETRIC_REPRESENTATION_CONTEXT() REPRESENTATION_CONTEXT('2D SPACE',''
  ) );
#12162 = PCURVE('',#11933,#12163);
#12163 = DEFINITIONAL_REPRESENTATION('',(#12164),#12168);
#12164 = LINE('',#12165,#12166);
#12165 = CARTESIAN_POINT('',(0.,0.));
#12166 = VECTOR('',#12167,1.);
#12167 = DIRECTION('',(1.,0.));
#12168 = ( GEOMETRIC_REPRESENTATION_CONTEXT(2) 
PARAMETRIC_REPRESENTATION_CONTEXT() REPRESENTATION_CONTEXT('2D SPACE',''
  ) );
#12169 = ORIENTED_EDGE('',*,*,#12170,.T.);
#12170 = EDGE_CURVE('',#12148,#12171,#12173,.T.);
#12171 = VERTEX_POINT('',#12172);
#12172 = CARTESIAN_POINT('',(29.9,30.2,4.15));
#12173 = SURFACE_CURVE('',#12174,(#12178,#12185),.PCURVE_S1.);
#12174 = LINE('',#12175,#12176);
#12175 = CARTESIAN_POINT('',(28.5,30.2,4.15));
#12176 = VECTOR('',#12177,1.);
#12177 = DIRECTION('',(1.,0.,0.));
#12178 = PCURVE('',#4640,#12179);
#12179 = DEFINITIONAL_REPRESENTATION('',(#12180),#12184);
#12180 = LINE('',#12181,#12182);
#12181 = CARTESIAN_POINT('',(3.6,10.));
#12182 = VECTOR('',#12183,1.);
#12183 = DIRECTION('',(0.,1.));
#12184 = ( GEOMETRIC_REPRESENTATION_CONTEXT(2) 
PARAMETRIC_REPRESENTATION_CONTEXT() REPRESENTATION_CONTEXT('2D SPACE',''
  ) );
#12185 = PCURVE('',#11961,#12186);
#12186 = DEFINITIONAL_REPRESENTATION('',(#12187),#12191);
#12187 = LINE('',#12188,#12189);
#12188 = CARTESIAN_POINT('',(0.,0.));
#12189 = VECTOR('',#12190,1.);
#12190 = DIRECTION('',(1.,0.));
#12191 = ( GEOMETRIC_REPRESENTATION_CONTEXT(2) 
PARAMETRIC_REPRESENTATION_CONTEXT() REPRESENTATION_CONTEXT('2D SPACE',''
  ) );
#12192 = ORIENTED_EDGE('',*,*,#12193,.F.);
#12193 = EDGE_CURVE('',#12194,#12171,#12196,.T.);
#12194 = VERTEX_POINT('',#12195);
#12195 = CARTESIAN_POINT('',(29.9,30.2,1.25));
#12196 = SURFACE_CURVE('',#12197,(#12201,#12208),.PCURVE_S1.);
#12197 = LINE('',#12198,#12199);
#12198 = CARTESIAN_POINT('',(29.9,30.2,0.55));
#12199 = VECTOR('',#12200,1.);
#12200 = DIRECTION('',(0.,0.,1.));
#12201 = PCURVE('',#4640,#12202);
#12202 = DEFINITIONAL_REPRESENTATION('',(#12203),#12207);
#12203 = LINE('',#12204,#12205);
#12204 = CARTESIAN_POINT('',(0.,11.4));
#12205 = VECTOR('',#12206,1.);
#12206 = DIRECTION('',(1.,0.));
#12207 = ( GEOMETRIC_REPRESENTATION_CONTEXT(2) 
PARAMETRIC_REPRESENTATION_CONTEXT() REPRESENTATION_CONTEXT('2D SPACE',''
  ) );
#12208 = PCURVE('',#11989,#12209);
#12209 = DEFINITIONAL_REPRESENTATION('',(#12210),#12214);
#12210 = LINE('',#12211,#12212);
#12211 = CARTESIAN_POINT('',(0.,0.));
#12212 = VECTOR('',#12213,1.);
#12213 = DIRECTION('',(1.,0.));
#12214 = ( GEOMETRIC_REPRESENTATION_CONTEXT(2) 
PARAMETRIC_REPRESENTATION_CONTEXT() REPRESENTATION_CONTEXT('2D SPACE',''
  ) );
#12215 = ORIENTED_EDGE('',*,*,#12216,.T.);
#12216 = EDGE_CURVE('',#12194,#6637,#12217,.T.);
#12217 = SURFACE_CURVE('',#12218,(#12222,#12229),.PCURVE_S1.);
#12218 = LINE('',#12219,#12220);
#12219 = CARTESIAN_POINT('',(18.5,30.2,1.25));
#12220 = VECTOR('',#12221,1.);
#12221 = DIRECTION('',(1.,0.,0.));
#12222 = PCURVE('',#4640,#12223);
#12223 = DEFINITIONAL_REPRESENTATION('',(#12224),#12228);
#12224 = LINE('',#12225,#12226);
#12225 = CARTESIAN_POINT('',(0.7,0.));
#12226 = VECTOR('',#12227,1.);
#12227 = DIRECTION('',(0.,1.));
#12228 = ( GEOMETRIC_REPRESENTATION_CONTEXT(2) 
PARAMETRIC_REPRESENTATION_CONTEXT() REPRESENTATION_CONTEXT('2D SPACE',''
  ) );
#12229 = PCURVE('',#6673,#12230);
#12230 = DEFINITIONAL_REPRESENTATION('',(#12231),#12235);
#12231 = LINE('',#12232,#12233);
#12232 = CARTESIAN_POINT('',(0.,0.));
#12233 = VECTOR('',#12234,1.);
#12234 = DIRECTION('',(1.,0.));
#12235 = ( GEOMETRIC_REPRESENTATION_CONTEXT(2) 
PARAMETRIC_REPRESENTATION_CONTEXT() REPRESENTATION_CONTEXT('2D SPACE',''
  ) );
#12236 = ADVANCED_FACE('',(#12237),#4690,.T.);
#12237 = FACE_BOUND('',#12238,.T.);
#12238 = EDGE_LOOP('',(#12239,#12240,#12241,#12262));
#12239 = ORIENTED_EDGE('',*,*,#4674,.F.);
#12240 = ORIENTED_EDGE('',*,*,#10089,.T.);
#12241 = ORIENTED_EDGE('',*,*,#12242,.T.);
#12242 = EDGE_CURVE('',#10023,#6595,#12243,.T.);
#12243 = SURFACE_CURVE('',#12244,(#12248,#12255),.PCURVE_S1.);
#12244 = LINE('',#12245,#12246);
#12245 = CARTESIAN_POINT('',(7.9961102,21.9,2.35));
#12246 = VECTOR('',#12247,1.);
#12247 = DIRECTION('',(1.,0.,0.));
#12248 = PCURVE('',#4690,#12249);
#12249 = DEFINITIONAL_REPRESENTATION('',(#12250),#12254);
#12250 = LINE('',#12251,#12252);
#12251 = CARTESIAN_POINT('',(1.8,0.));
#12252 = VECTOR('',#12253,1.);
#12253 = DIRECTION('',(0.,1.));
#12254 = ( GEOMETRIC_REPRESENTATION_CONTEXT(2) 
PARAMETRIC_REPRESENTATION_CONTEXT() REPRESENTATION_CONTEXT('2D SPACE',''
  ) );
#12255 = PCURVE('',#6541,#12256);
#12256 = DEFINITIONAL_REPRESENTATION('',(#12257),#12261);
#12257 = LINE('',#12258,#12259);
#12258 = CARTESIAN_POINT('',(0.,0.8));
#12259 = VECTOR('',#12260,1.);
#12260 = DIRECTION('',(1.,0.));
#12261 = ( GEOMETRIC_REPRESENTATION_CONTEXT(2) 
PARAMETRIC_REPRESENTATION_CONTEXT() REPRESENTATION_CONTEXT('2D SPACE',''
  ) );
#12262 = ORIENTED_EDGE('',*,*,#6616,.F.);
#12263 = ADVANCED_FACE('',(#12264),#4741,.T.);
#12264 = FACE_BOUND('',#12265,.T.);
#12265 = EDGE_LOOP('',(#12266,#12267,#12268,#12289));
#12266 = ORIENTED_EDGE('',*,*,#4725,.F.);
#12267 = ORIENTED_EDGE('',*,*,#9952,.T.);
#12268 = ORIENTED_EDGE('',*,*,#12269,.T.);
#12269 = EDGE_CURVE('',#9927,#10049,#12270,.T.);
#12270 = SURFACE_CURVE('',#12271,(#12275,#12282),.PCURVE_S1.);
#12271 = LINE('',#12272,#12273);
#12272 = CARTESIAN_POINT('',(-31.,2.8,1.95));
#12273 = VECTOR('',#12274,1.);
#12274 = DIRECTION('',(1.,0.,0.));
#12275 = PCURVE('',#4741,#12276);
#12276 = DEFINITIONAL_REPRESENTATION('',(#12277),#12281);
#12277 = LINE('',#12278,#12279);
#12278 = CARTESIAN_POINT('',(1.4,0.));
#12279 = VECTOR('',#12280,1.);
#12280 = DIRECTION('',(0.,1.));
#12281 = ( GEOMETRIC_REPRESENTATION_CONTEXT(2) 
PARAMETRIC_REPRESENTATION_CONTEXT() REPRESENTATION_CONTEXT('2D SPACE',''
  ) );
#12282 = PCURVE('',#9941,#12283);
#12283 = DEFINITIONAL_REPRESENTATION('',(#12284),#12288);
#12284 = LINE('',#12285,#12286);
#12285 = CARTESIAN_POINT('',(0.,0.6));
#12286 = VECTOR('',#12287,1.);
#12287 = DIRECTION('',(1.,0.));
#12288 = ( GEOMETRIC_REPRESENTATION_CONTEXT(2) 
PARAMETRIC_REPRESENTATION_CONTEXT() REPRESENTATION_CONTEXT('2D SPACE',''
  ) );
#12289 = ORIENTED_EDGE('',*,*,#10069,.F.);
#12290 = ADVANCED_FACE('',(#12291),#4793,.T.);
#12291 = FACE_BOUND('',#12292,.F.);
#12292 = EDGE_LOOP('',(#12293,#12316,#12317,#12318,#12346,#12367,#12395,
    #12414,#12415,#12416));
#12293 = ORIENTED_EDGE('',*,*,#12294,.F.);
#12294 = EDGE_CURVE('',#4777,#12295,#12297,.T.);
#12295 = VERTEX_POINT('',#12296);
#12296 = CARTESIAN_POINT('',(-4.8,22.,4.));
#12297 = SEAM_CURVE('',#12298,(#12302,#12309),.PCURVE_S1.);
#12298 = LINE('',#12299,#12300);
#12299 = CARTESIAN_POINT('',(-4.8,22.,0.55));
#12300 = VECTOR('',#12301,1.);
#12301 = DIRECTION('',(0.,0.,1.));
#12302 = PCURVE('',#4793,#12303);
#12303 = DEFINITIONAL_REPRESENTATION('',(#12304),#12308);
#12304 = LINE('',#12305,#12306);
#12305 = CARTESIAN_POINT('',(-6.28318530718,0.));
#12306 = VECTOR('',#12307,1.);
#12307 = DIRECTION('',(-0.,-1.));
#12308 = ( GEOMETRIC_REPRESENTATION_CONTEXT(2) 
PARAMETRIC_REPRESENTATION_CONTEXT() REPRESENTATION_CONTEXT('2D SPACE',''
  ) );
#12309 = PCURVE('',#4793,#12310);
#12310 = DEFINITIONAL_REPRESENTATION('',(#12311),#12315);
#12311 = LINE('',#12312,#12313);
#12312 = CARTESIAN_POINT('',(-0.,0.));
#12313 = VECTOR('',#12314,1.);
#12314 = DIRECTION('',(-0.,-1.));
#12315 = ( GEOMETRIC_REPRESENTATION_CONTEXT(2) 
PARAMETRIC_REPRESENTATION_CONTEXT() REPRESENTATION_CONTEXT('2D SPACE',''
  ) );
#12316 = ORIENTED_EDGE('',*,*,#4776,.F.);
#12317 = ORIENTED_EDGE('',*,*,#9861,.F.);
#12318 = ORIENTED_EDGE('',*,*,#12319,.T.);
#12319 = EDGE_CURVE('',#9862,#12320,#12322,.T.);
#12320 = VERTEX_POINT('',#12321);
#12321 = CARTESIAN_POINT('',(-7.2,22.,2.35));
#12322 = SURFACE_CURVE('',#12323,(#12328,#12335),.PCURVE_S1.);
#12323 = CIRCLE('',#12324,1.2);
#12324 = AXIS2_PLACEMENT_3D('',#12325,#12326,#12327);
#12325 = CARTESIAN_POINT('',(-6.,22.,2.35));
#12326 = DIRECTION('',(0.,0.,-1.));
#12327 = DIRECTION('',(1.,0.,0.));
#12328 = PCURVE('',#4793,#12329);
#12329 = DEFINITIONAL_REPRESENTATION('',(#12330),#12334);
#12330 = LINE('',#12331,#12332);
#12331 = CARTESIAN_POINT('',(-6.28318530718,-1.8));
#12332 = VECTOR('',#12333,1.);
#12333 = DIRECTION('',(1.,-0.));
#12334 = ( GEOMETRIC_REPRESENTATION_CONTEXT(2) 
PARAMETRIC_REPRESENTATION_CONTEXT() REPRESENTATION_CONTEXT('2D SPACE',''
  ) );
#12335 = PCURVE('',#7236,#12336);
#12336 = DEFINITIONAL_REPRESENTATION('',(#12337),#12345);
#12337 = ( BOUNDED_CURVE() B_SPLINE_CURVE(2,(#12338,#12339,#12340,#12341
    ,#12342,#12343,#12344),.UNSPECIFIED.,.T.,.F.) 
B_SPLINE_CURVE_WITH_KNOTS((1,2,2,2,2,1),(-2.094395102393,0.,
    2.094395102393,4.188790204786,6.28318530718,8.377580409573),
.UNSPECIFIED.) CURVE() GEOMETRIC_REPRESENTATION_ITEM() 
RATIONAL_B_SPLINE_CURVE((1.,0.5,1.,0.5,1.,0.5,1.)) REPRESENTATION_ITEM(
  '') );
#12338 = CARTESIAN_POINT('',(26.8,0.8));
#12339 = CARTESIAN_POINT('',(26.8,-1.278460969083));
#12340 = CARTESIAN_POINT('',(25.,-0.239230484541));
#12341 = CARTESIAN_POINT('',(23.2,0.8));
#12342 = CARTESIAN_POINT('',(25.,1.839230484541));
#12343 = CARTESIAN_POINT('',(26.8,2.878460969083));
#12344 = CARTESIAN_POINT('',(26.8,0.8));
#12345 = ( GEOMETRIC_REPRESENTATION_CONTEXT(2) 
PARAMETRIC_REPRESENTATION_CONTEXT() REPRESENTATION_CONTEXT('2D SPACE',''
  ) );
#12346 = ORIENTED_EDGE('',*,*,#12347,.T.);
#12347 = EDGE_CURVE('',#12320,#12348,#12350,.T.);
#12348 = VERTEX_POINT('',#12349);
#12349 = CARTESIAN_POINT('',(-7.2,22.,1.75));
#12350 = SURFACE_CURVE('',#12351,(#12355,#12361),.PCURVE_S1.);
#12351 = LINE('',#12352,#12353);
#12352 = CARTESIAN_POINT('',(-7.2,22.,0.55));
#12353 = VECTOR('',#12354,1.);
#12354 = DIRECTION('',(-0.,-0.,-1.));
#12355 = PCURVE('',#4793,#12356);
#12356 = DEFINITIONAL_REPRESENTATION('',(#12357),#12360);
#12357 = B_SPLINE_CURVE_WITH_KNOTS('',1,(#12358,#12359),.UNSPECIFIED.,
  .F.,.F.,(2,2),(-1.98,6.000000000173E-07),.PIECEWISE_BEZIER_KNOTS.);
#12358 = CARTESIAN_POINT('',(-3.14159265359,-1.98));
#12359 = CARTESIAN_POINT('',(-3.14159265359,6.000000000173E-07));
#12360 = ( GEOMETRIC_REPRESENTATION_CONTEXT(2) 
PARAMETRIC_REPRESENTATION_CONTEXT() REPRESENTATION_CONTEXT('2D SPACE',''
  ) );
#12361 = PCURVE('',#7328,#12362);
#12362 = DEFINITIONAL_REPRESENTATION('',(#12363),#12366);
#12363 = B_SPLINE_CURVE_WITH_KNOTS('',1,(#12364,#12365),.UNSPECIFIED.,
  .F.,.F.,(2,2),(-1.98,6.000000000173E-07),.PIECEWISE_BEZIER_KNOTS.);
#12364 = CARTESIAN_POINT('',(1.98,24.4));
#12365 = CARTESIAN_POINT('',(-6.000000000173E-07,24.4));
#12366 = ( GEOMETRIC_REPRESENTATION_CONTEXT(2) 
PARAMETRIC_REPRESENTATION_CONTEXT() REPRESENTATION_CONTEXT('2D SPACE',''
  ) );
#12367 = ORIENTED_EDGE('',*,*,#12368,.T.);
#12368 = EDGE_CURVE('',#12348,#12369,#12371,.T.);
#12369 = VERTEX_POINT('',#12370);
#12370 = CARTESIAN_POINT('',(-7.131370849898,22.4,1.75));
#12371 = SURFACE_CURVE('',#12372,(#12377,#12384),.PCURVE_S1.);
#12372 = CIRCLE('',#12373,1.2);
#12373 = AXIS2_PLACEMENT_3D('',#12374,#12375,#12376);
#12374 = CARTESIAN_POINT('',(-6.,22.,1.75));
#12375 = DIRECTION('',(0.,0.,-1.));
#12376 = DIRECTION('',(1.,0.,0.));
#12377 = PCURVE('',#4793,#12378);
#12378 = DEFINITIONAL_REPRESENTATION('',(#12379),#12383);
#12379 = LINE('',#12380,#12381);
#12380 = CARTESIAN_POINT('',(-6.28318530718,-1.2));
#12381 = VECTOR('',#12382,1.);
#12382 = DIRECTION('',(1.,-0.));
#12383 = ( GEOMETRIC_REPRESENTATION_CONTEXT(2) 
PARAMETRIC_REPRESENTATION_CONTEXT() REPRESENTATION_CONTEXT('2D SPACE',''
  ) );
#12384 = PCURVE('',#7354,#12385);
#12385 = DEFINITIONAL_REPRESENTATION('',(#12386),#12394);
#12386 = ( BOUNDED_CURVE() B_SPLINE_CURVE(2,(#12387,#12388,#12389,#12390
    ,#12391,#12392,#12393),.UNSPECIFIED.,.T.,.F.) 
B_SPLINE_CURVE_WITH_KNOTS((1,2,2,2,2,1),(-2.094395102393,0.,
    2.094395102393,4.188790204786,6.28318530718,8.377580409573),
.UNSPECIFIED.) CURVE() GEOMETRIC_REPRESENTATION_ITEM() 
RATIONAL_B_SPLINE_CURVE((1.,0.5,1.,0.5,1.,0.5,1.)) REPRESENTATION_ITEM(
  '') );
#12387 = CARTESIAN_POINT('',(26.,0.4));
#12388 = CARTESIAN_POINT('',(26.,-1.678460969083));
#12389 = CARTESIAN_POINT('',(24.2,-0.639230484541));
#12390 = CARTESIAN_POINT('',(22.4,0.4));
#12391 = CARTESIAN_POINT('',(24.2,1.439230484541));
#12392 = CARTESIAN_POINT('',(26.,2.478460969083));
#12393 = CARTESIAN_POINT('',(26.,0.4));
#12394 = ( GEOMETRIC_REPRESENTATION_CONTEXT(2) 
PARAMETRIC_REPRESENTATION_CONTEXT() REPRESENTATION_CONTEXT('2D SPACE',''
  ) );
#12395 = ORIENTED_EDGE('',*,*,#12396,.T.);
#12396 = EDGE_CURVE('',#12369,#4806,#12397,.T.);
#12397 = SURFACE_CURVE('',#12398,(#12402,#12408),.PCURVE_S1.);
#12398 = LINE('',#12399,#12400);
#12399 = CARTESIAN_POINT('',(-7.131370849898,22.4,0.55));
#12400 = VECTOR('',#12401,1.);
#12401 = DIRECTION('',(-0.,-0.,-1.));
#12402 = PCURVE('',#4793,#12403);
#12403 = DEFINITIONAL_REPRESENTATION('',(#12404),#12407);
#12404 = B_SPLINE_CURVE_WITH_KNOTS('',1,(#12405,#12406),.UNSPECIFIED.,
  .F.,.F.,(2,2),(-1.32,6.000000000173E-07),.PIECEWISE_BEZIER_KNOTS.);
#12405 = CARTESIAN_POINT('',(-2.801755744136,-1.32));
#12406 = CARTESIAN_POINT('',(-2.801755744136,6.000000000173E-07));
#12407 = ( GEOMETRIC_REPRESENTATION_CONTEXT(2) 
PARAMETRIC_REPRESENTATION_CONTEXT() REPRESENTATION_CONTEXT('2D SPACE',''
  ) );
#12408 = PCURVE('',#4845,#12409);
#12409 = DEFINITIONAL_REPRESENTATION('',(#12410),#12413);
#12410 = B_SPLINE_CURVE_WITH_KNOTS('',1,(#12411,#12412),.UNSPECIFIED.,
  .F.,.F.,(2,2),(-1.32,6.000000000173E-07),.PIECEWISE_BEZIER_KNOTS.);
#12411 = CARTESIAN_POINT('',(1.32,23.668629150102));
#12412 = CARTESIAN_POINT('',(-6.000000000173E-07,23.668629150102));
#12413 = ( GEOMETRIC_REPRESENTATION_CONTEXT(2) 
PARAMETRIC_REPRESENTATION_CONTEXT() REPRESENTATION_CONTEXT('2D SPACE',''
  ) );
#12414 = ORIENTED_EDGE('',*,*,#4805,.F.);
#12415 = ORIENTED_EDGE('',*,*,#12294,.T.);
#12416 = ORIENTED_EDGE('',*,*,#12417,.T.);
#12417 = EDGE_CURVE('',#12295,#12295,#12418,.T.);
#12418 = SURFACE_CURVE('',#12419,(#12424,#12431),.PCURVE_S1.);
#12419 = CIRCLE('',#12420,1.2);
#12420 = AXIS2_PLACEMENT_3D('',#12421,#12422,#12423);
#12421 = CARTESIAN_POINT('',(-6.,22.,4.));
#12422 = DIRECTION('',(0.,0.,1.));
#12423 = DIRECTION('',(1.,0.,0.));
#12424 = PCURVE('',#4793,#12425);
#12425 = DEFINITIONAL_REPRESENTATION('',(#12426),#12430);
#12426 = LINE('',#12427,#12428);
#12427 = CARTESIAN_POINT('',(-0.,-3.45));
#12428 = VECTOR('',#12429,1.);
#12429 = DIRECTION('',(-1.,0.));
#12430 = ( GEOMETRIC_REPRESENTATION_CONTEXT(2) 
PARAMETRIC_REPRESENTATION_CONTEXT() REPRESENTATION_CONTEXT('2D SPACE',''
  ) );
#12431 = PCURVE('',#12432,#12437);
#12432 = PLANE('',#12433);
#12433 = AXIS2_PLACEMENT_3D('',#12434,#12435,#12436);
#12434 = CARTESIAN_POINT('',(-6.,22.,4.));
#12435 = DIRECTION('',(0.,0.,1.));
#12436 = DIRECTION('',(1.,0.,-0.));
#12437 = DEFINITIONAL_REPRESENTATION('',(#12438),#12442);
#12438 = CIRCLE('',#12439,1.2);
#12439 = AXIS2_PLACEMENT_2D('',#12440,#12441);
#12440 = CARTESIAN_POINT('',(0.,0.));
#12441 = DIRECTION('',(1.,0.));
#12442 = ( GEOMETRIC_REPRESENTATION_CONTEXT(2) 
PARAMETRIC_REPRESENTATION_CONTEXT() REPRESENTATION_CONTEXT('2D SPACE',''
  ) );
#12443 = ADVANCED_FACE('',(#12444),#4845,.T.);
#12444 = FACE_BOUND('',#12445,.T.);
#12445 = EDGE_LOOP('',(#12446,#12447,#12448,#12469));
#12446 = ORIENTED_EDGE('',*,*,#4829,.F.);
#12447 = ORIENTED_EDGE('',*,*,#7365,.T.);
#12448 = ORIENTED_EDGE('',*,*,#12449,.T.);
#12449 = EDGE_CURVE('',#7340,#12369,#12450,.T.);
#12450 = SURFACE_CURVE('',#12451,(#12455,#12462),.PCURVE_S1.);
#12451 = LINE('',#12452,#12453);
#12452 = CARTESIAN_POINT('',(-30.8,22.4,1.75));
#12453 = VECTOR('',#12454,1.);
#12454 = DIRECTION('',(1.,0.,0.));
#12455 = PCURVE('',#4845,#12456);
#12456 = DEFINITIONAL_REPRESENTATION('',(#12457),#12461);
#12457 = LINE('',#12458,#12459);
#12458 = CARTESIAN_POINT('',(1.2,0.));
#12459 = VECTOR('',#12460,1.);
#12460 = DIRECTION('',(0.,1.));
#12461 = ( GEOMETRIC_REPRESENTATION_CONTEXT(2) 
PARAMETRIC_REPRESENTATION_CONTEXT() REPRESENTATION_CONTEXT('2D SPACE',''
  ) );
#12462 = PCURVE('',#7354,#12463);
#12463 = DEFINITIONAL_REPRESENTATION('',(#12464),#12468);
#12464 = LINE('',#12465,#12466);
#12465 = CARTESIAN_POINT('',(0.,0.8));
#12466 = VECTOR('',#12467,1.);
#12467 = DIRECTION('',(1.,0.));
#12468 = ( GEOMETRIC_REPRESENTATION_CONTEXT(2) 
PARAMETRIC_REPRESENTATION_CONTEXT() REPRESENTATION_CONTEXT('2D SPACE',''
  ) );
#12469 = ORIENTED_EDGE('',*,*,#12396,.T.);
#12470 = ADVANCED_FACE('',(#12471),#4895,.F.);
#12471 = FACE_BOUND('',#12472,.F.);
#12472 = EDGE_LOOP('',(#12473,#12474,#12475,#12498));
#12473 = ORIENTED_EDGE('',*,*,#4879,.F.);
#12474 = ORIENTED_EDGE('',*,*,#7385,.T.);
#12475 = ORIENTED_EDGE('',*,*,#12476,.T.);
#12476 = EDGE_CURVE('',#7386,#12477,#12479,.T.);
#12477 = VERTEX_POINT('',#12478);
#12478 = CARTESIAN_POINT('',(-27.7,23.5,4.));
#12479 = SURFACE_CURVE('',#12480,(#12484,#12491),.PCURVE_S1.);
#12480 = LINE('',#12481,#12482);
#12481 = CARTESIAN_POINT('',(-30.4,23.5,4.));
#12482 = VECTOR('',#12483,1.);
#12483 = DIRECTION('',(1.,0.,0.));
#12484 = PCURVE('',#4895,#12485);
#12485 = DEFINITIONAL_REPRESENTATION('',(#12486),#12490);
#12486 = LINE('',#12487,#12488);
#12487 = CARTESIAN_POINT('',(3.45,0.));
#12488 = VECTOR('',#12489,1.);
#12489 = DIRECTION('',(0.,1.));
#12490 = ( GEOMETRIC_REPRESENTATION_CONTEXT(2) 
PARAMETRIC_REPRESENTATION_CONTEXT() REPRESENTATION_CONTEXT('2D SPACE',''
  ) );
#12491 = PCURVE('',#6974,#12492);
#12492 = DEFINITIONAL_REPRESENTATION('',(#12493),#12497);
#12493 = LINE('',#12494,#12495);
#12494 = CARTESIAN_POINT('',(0.,0.));
#12495 = VECTOR('',#12496,1.);
#12496 = DIRECTION('',(1.,0.));
#12497 = ( GEOMETRIC_REPRESENTATION_CONTEXT(2) 
PARAMETRIC_REPRESENTATION_CONTEXT() REPRESENTATION_CONTEXT('2D SPACE',''
  ) );
#12498 = ORIENTED_EDGE('',*,*,#12499,.F.);
#12499 = EDGE_CURVE('',#4880,#12477,#12500,.T.);
#12500 = SURFACE_CURVE('',#12501,(#12505,#12512),.PCURVE_S1.);
#12501 = LINE('',#12502,#12503);
#12502 = CARTESIAN_POINT('',(-27.7,23.5,0.55));
#12503 = VECTOR('',#12504,1.);
#12504 = DIRECTION('',(0.,0.,1.));
#12505 = PCURVE('',#4895,#12506);
#12506 = DEFINITIONAL_REPRESENTATION('',(#12507),#12511);
#12507 = LINE('',#12508,#12509);
#12508 = CARTESIAN_POINT('',(0.,2.7));
#12509 = VECTOR('',#12510,1.);
#12510 = DIRECTION('',(1.,0.));
#12511 = ( GEOMETRIC_REPRESENTATION_CONTEXT(2) 
PARAMETRIC_REPRESENTATION_CONTEXT() REPRESENTATION_CONTEXT('2D SPACE',''
  ) );
#12512 = PCURVE('',#4923,#12513);
#12513 = DEFINITIONAL_REPRESENTATION('',(#12514),#12518);
#12514 = LINE('',#12515,#12516);
#12515 = CARTESIAN_POINT('',(0.,0.));
#12516 = VECTOR('',#12517,1.);
#12517 = DIRECTION('',(1.,0.));
#12518 = ( GEOMETRIC_REPRESENTATION_CONTEXT(2) 
PARAMETRIC_REPRESENTATION_CONTEXT() REPRESENTATION_CONTEXT('2D SPACE',''
  ) );
#12519 = ADVANCED_FACE('',(#12520),#4923,.T.);
#12520 = FACE_BOUND('',#12521,.T.);
#12521 = EDGE_LOOP('',(#12522,#12543,#12544,#12545));
#12522 = ORIENTED_EDGE('',*,*,#12523,.F.);
#12523 = EDGE_CURVE('',#12477,#6937,#12524,.T.);
#12524 = SURFACE_CURVE('',#12525,(#12529,#12536),.PCURVE_S1.);
#12525 = LINE('',#12526,#12527);
#12526 = CARTESIAN_POINT('',(-27.7,23.5,4.));
#12527 = VECTOR('',#12528,1.);
#12528 = DIRECTION('',(0.,1.,0.));
#12529 = PCURVE('',#4923,#12530);
#12530 = DEFINITIONAL_REPRESENTATION('',(#12531),#12535);
#12531 = LINE('',#12532,#12533);
#12532 = CARTESIAN_POINT('',(3.45,0.));
#12533 = VECTOR('',#12534,1.);
#12534 = DIRECTION('',(0.,-1.));
#12535 = ( GEOMETRIC_REPRESENTATION_CONTEXT(2) 
PARAMETRIC_REPRESENTATION_CONTEXT() REPRESENTATION_CONTEXT('2D SPACE',''
  ) );
#12536 = PCURVE('',#6974,#12537);
#12537 = DEFINITIONAL_REPRESENTATION('',(#12538),#12542);
#12538 = LINE('',#12539,#12540);
#12539 = CARTESIAN_POINT('',(2.7,0.));
#12540 = VECTOR('',#12541,1.);
#12541 = DIRECTION('',(0.,1.));
#12542 = ( GEOMETRIC_REPRESENTATION_CONTEXT(2) 
PARAMETRIC_REPRESENTATION_CONTEXT() REPRESENTATION_CONTEXT('2D SPACE',''
  ) );
#12543 = ORIENTED_EDGE('',*,*,#12499,.F.);
#12544 = ORIENTED_EDGE('',*,*,#4907,.T.);
#12545 = ORIENTED_EDGE('',*,*,#6936,.F.);
#12546 = ADVANCED_FACE('',(#12547),#5028,.T.);
#12547 = FACE_BOUND('',#12548,.F.);
#12548 = EDGE_LOOP('',(#12549,#12575,#12576,#12577));
#12549 = ORIENTED_EDGE('',*,*,#12550,.F.);
#12550 = EDGE_CURVE('',#6393,#6414,#12551,.T.);
#12551 = SURFACE_CURVE('',#12552,(#12557,#12564),.PCURVE_S1.);
#12552 = CIRCLE('',#12553,1.2);
#12553 = AXIS2_PLACEMENT_3D('',#12554,#12555,#12556);
#12554 = CARTESIAN_POINT('',(-6.,61.4,4.));
#12555 = DIRECTION('',(0.,0.,-1.));
#12556 = DIRECTION('',(0.552770798393,0.833333333333,0.));
#12557 = PCURVE('',#5028,#12558);
#12558 = DEFINITIONAL_REPRESENTATION('',(#12559),#12563);
#12559 = LINE('',#12560,#12561);
#12560 = CARTESIAN_POINT('',(-7.268296090517,-3.45));
#12561 = VECTOR('',#12562,1.);
#12562 = DIRECTION('',(1.,-0.));
#12563 = ( GEOMETRIC_REPRESENTATION_CONTEXT(2) 
PARAMETRIC_REPRESENTATION_CONTEXT() REPRESENTATION_CONTEXT('2D SPACE',''
  ) );
#12564 = PCURVE('',#6428,#12565);
#12565 = DEFINITIONAL_REPRESENTATION('',(#12566),#12574);
#12566 = ( BOUNDED_CURVE() B_SPLINE_CURVE(2,(#12567,#12568,#12569,#12570
    ,#12571,#12572,#12573),.UNSPECIFIED.,.T.,.F.) 
B_SPLINE_CURVE_WITH_KNOTS((1,2,2,2,2,1),(-2.094395102393,0.,
    2.094395102393,4.188790204786,6.28318530718,8.377580409573),
.UNSPECIFIED.) CURVE() GEOMETRIC_REPRESENTATION_ITEM() 
RATIONAL_B_SPLINE_CURVE((1.,0.5,1.,0.5,1.,0.5,1.)) REPRESENTATION_ITEM(
  '') );
#12567 = CARTESIAN_POINT('',(0.663324958071,1.));
#12568 = CARTESIAN_POINT('',(2.39537576564,-0.148912529308));
#12569 = CARTESIAN_POINT('',(0.534362924749,-1.074456264654));
#12570 = CARTESIAN_POINT('',(-1.326649916142,-2.));
#12571 = CARTESIAN_POINT('',(-1.19768788282,7.44562646538E-02));
#12572 = CARTESIAN_POINT('',(-1.068725849498,2.148912529308));
#12573 = CARTESIAN_POINT('',(0.663324958071,1.));
#12574 = ( GEOMETRIC_REPRESENTATION_CONTEXT(2) 
PARAMETRIC_REPRESENTATION_CONTEXT() REPRESENTATION_CONTEXT('2D SPACE',''
  ) );
#12575 = ORIENTED_EDGE('',*,*,#6392,.T.);
#12576 = ORIENTED_EDGE('',*,*,#5009,.T.);
#12577 = ORIENTED_EDGE('',*,*,#6439,.F.);
#12578 = ADVANCED_FACE('',(#12579,#12673),#5105,.T.);
#12579 = FACE_BOUND('',#12580,.T.);
#12580 = EDGE_LOOP('',(#12581,#12606,#12629,#12652));
#12581 = ORIENTED_EDGE('',*,*,#12582,.F.);
#12582 = EDGE_CURVE('',#12583,#12585,#12587,.T.);
#12583 = VERTEX_POINT('',#12584);
#12584 = CARTESIAN_POINT('',(-31.,4.6,1.05));
#12585 = VERTEX_POINT('',#12586);
#12586 = CARTESIAN_POINT('',(-31.,4.6,3.55));
#12587 = SURFACE_CURVE('',#12588,(#12592,#12599),.PCURVE_S1.);
#12588 = LINE('',#12589,#12590);
#12589 = CARTESIAN_POINT('',(-31.,4.6,1.05));
#12590 = VECTOR('',#12591,1.);
#12591 = DIRECTION('',(0.,0.,1.));
#12592 = PCURVE('',#5105,#12593);
#12593 = DEFINITIONAL_REPRESENTATION('',(#12594),#12598);
#12594 = LINE('',#12595,#12596);
#12595 = CARTESIAN_POINT('',(0.,0.));
#12596 = VECTOR('',#12597,1.);
#12597 = DIRECTION('',(1.,0.));
#12598 = ( GEOMETRIC_REPRESENTATION_CONTEXT(2) 
PARAMETRIC_REPRESENTATION_CONTEXT() REPRESENTATION_CONTEXT('2D SPACE',''
  ) );
#12599 = PCURVE('',#7475,#12600);
#12600 = DEFINITIONAL_REPRESENTATION('',(#12601),#12605);
#12601 = LINE('',#12602,#12603);
#12602 = CARTESIAN_POINT('',(0.,0.));
#12603 = VECTOR('',#12604,1.);
#12604 = DIRECTION('',(1.,0.));
#12605 = ( GEOMETRIC_REPRESENTATION_CONTEXT(2) 
PARAMETRIC_REPRESENTATION_CONTEXT() REPRESENTATION_CONTEXT('2D SPACE',''
  ) );
#12606 = ORIENTED_EDGE('',*,*,#12607,.T.);
#12607 = EDGE_CURVE('',#12583,#12608,#12610,.T.);
#12608 = VERTEX_POINT('',#12609);
#12609 = CARTESIAN_POINT('',(-31.,19.4,1.05));
#12610 = SURFACE_CURVE('',#12611,(#12615,#12622),.PCURVE_S1.);
#12611 = LINE('',#12612,#12613);
#12612 = CARTESIAN_POINT('',(-31.,4.6,1.05));
#12613 = VECTOR('',#12614,1.);
#12614 = DIRECTION('',(0.,1.,0.));
#12615 = PCURVE('',#5105,#12616);
#12616 = DEFINITIONAL_REPRESENTATION('',(#12617),#12621);
#12617 = LINE('',#12618,#12619);
#12618 = CARTESIAN_POINT('',(0.,0.));
#12619 = VECTOR('',#12620,1.);
#12620 = DIRECTION('',(0.,-1.));
#12621 = ( GEOMETRIC_REPRESENTATION_CONTEXT(2) 
PARAMETRIC_REPRESENTATION_CONTEXT() REPRESENTATION_CONTEXT('2D SPACE',''
  ) );
#12622 = PCURVE('',#7449,#12623);
#12623 = DEFINITIONAL_REPRESENTATION('',(#12624),#12628);
#12624 = LINE('',#12625,#12626);
#12625 = CARTESIAN_POINT('',(0.,0.));
#12626 = VECTOR('',#12627,1.);
#12627 = DIRECTION('',(0.,1.));
#12628 = ( GEOMETRIC_REPRESENTATION_CONTEXT(2) 
PARAMETRIC_REPRESENTATION_CONTEXT() REPRESENTATION_CONTEXT('2D SPACE',''
  ) );
#12629 = ORIENTED_EDGE('',*,*,#12630,.T.);
#12630 = EDGE_CURVE('',#12608,#12631,#12633,.T.);
#12631 = VERTEX_POINT('',#12632);
#12632 = CARTESIAN_POINT('',(-31.,19.4,3.55));
#12633 = SURFACE_CURVE('',#12634,(#12638,#12645),.PCURVE_S1.);
#12634 = LINE('',#12635,#12636);
#12635 = CARTESIAN_POINT('',(-31.,19.4,1.05));
#12636 = VECTOR('',#12637,1.);
#12637 = DIRECTION('',(0.,0.,1.));
#12638 = PCURVE('',#5105,#12639);
#12639 = DEFINITIONAL_REPRESENTATION('',(#12640),#12644);
#12640 = LINE('',#12641,#12642);
#12641 = CARTESIAN_POINT('',(0.,-14.8));
#12642 = VECTOR('',#12643,1.);
#12643 = DIRECTION('',(1.,0.));
#12644 = ( GEOMETRIC_REPRESENTATION_CONTEXT(2) 
PARAMETRIC_REPRESENTATION_CONTEXT() REPRESENTATION_CONTEXT('2D SPACE',''
  ) );
#12645 = PCURVE('',#7525,#12646);
#12646 = DEFINITIONAL_REPRESENTATION('',(#12647),#12651);
#12647 = LINE('',#12648,#12649);
#12648 = CARTESIAN_POINT('',(0.,0.));
#12649 = VECTOR('',#12650,1.);
#12650 = DIRECTION('',(1.,0.));
#12651 = ( GEOMETRIC_REPRESENTATION_CONTEXT(2) 
PARAMETRIC_REPRESENTATION_CONTEXT() REPRESENTATION_CONTEXT('2D SPACE',''
  ) );
#12652 = ORIENTED_EDGE('',*,*,#12653,.F.);
#12653 = EDGE_CURVE('',#12585,#12631,#12654,.T.);
#12654 = SURFACE_CURVE('',#12655,(#12659,#12666),.PCURVE_S1.);
#12655 = LINE('',#12656,#12657);
#12656 = CARTESIAN_POINT('',(-31.,4.6,3.55));
#12657 = VECTOR('',#12658,1.);
#12658 = DIRECTION('',(0.,1.,0.));
#12659 = PCURVE('',#5105,#12660);
#12660 = DEFINITIONAL_REPRESENTATION('',(#12661),#12665);
#12661 = LINE('',#12662,#12663);
#12662 = CARTESIAN_POINT('',(2.5,0.));
#12663 = VECTOR('',#12664,1.);
#12664 = DIRECTION('',(0.,-1.));
#12665 = ( GEOMETRIC_REPRESENTATION_CONTEXT(2) 
PARAMETRIC_REPRESENTATION_CONTEXT() REPRESENTATION_CONTEXT('2D SPACE',''
  ) );
#12666 = PCURVE('',#7501,#12667);
#12667 = DEFINITIONAL_REPRESENTATION('',(#12668),#12672);
#12668 = LINE('',#12669,#12670);
#12669 = CARTESIAN_POINT('',(0.,0.));
#12670 = VECTOR('',#12671,1.);
#12671 = DIRECTION('',(0.,1.));
#12672 = ( GEOMETRIC_REPRESENTATION_CONTEXT(2) 
PARAMETRIC_REPRESENTATION_CONTEXT() REPRESENTATION_CONTEXT('2D SPACE',''
  ) );
#12673 = FACE_BOUND('',#12674,.T.);
#12674 = EDGE_LOOP('',(#12675,#12676,#12677,#12678,#12679,#12680,#12681,
    #12682));
#12675 = ORIENTED_EDGE('',*,*,#5090,.F.);
#12676 = ORIENTED_EDGE('',*,*,#5411,.F.);
#12677 = ORIENTED_EDGE('',*,*,#5386,.F.);
#12678 = ORIENTED_EDGE('',*,*,#5339,.T.);
#12679 = ORIENTED_EDGE('',*,*,#5289,.F.);
#12680 = ORIENTED_EDGE('',*,*,#5217,.T.);
#12681 = ORIENTED_EDGE('',*,*,#5192,.F.);
#12682 = ORIENTED_EDGE('',*,*,#5145,.F.);
#12683 = ADVANCED_FACE('',(#12684),#5637,.F.);
#12684 = FACE_BOUND('',#12685,.T.);
#12685 = EDGE_LOOP('',(#12686,#12715,#12736,#12737));
#12686 = ORIENTED_EDGE('',*,*,#12687,.T.);
#12687 = EDGE_CURVE('',#12688,#12688,#12690,.T.);
#12688 = VERTEX_POINT('',#12689);
#12689 = CARTESIAN_POINT('',(2.5,-63.,4.42248296));
#12690 = SURFACE_CURVE('',#12691,(#12696,#12703),.PCURVE_S1.);
#12691 = CIRCLE('',#12692,2.5);
#12692 = AXIS2_PLACEMENT_3D('',#12693,#12694,#12695);
#12693 = CARTESIAN_POINT('',(1.7763568394E-15,-63.,4.42248296));
#12694 = DIRECTION('',(0.,1.,-1.110223024625E-16));
#12695 = DIRECTION('',(1.,0.,0.));
#12696 = PCURVE('',#5637,#12697);
#12697 = DEFINITIONAL_REPRESENTATION('',(#12698),#12702);
#12698 = LINE('',#12699,#12700);
#12699 = CARTESIAN_POINT('',(-6.28318530718,-3.));
#12700 = VECTOR('',#12701,1.);
#12701 = DIRECTION('',(1.,-0.));
#12702 = ( GEOMETRIC_REPRESENTATION_CONTEXT(2) 
PARAMETRIC_REPRESENTATION_CONTEXT() REPRESENTATION_CONTEXT('2D SPACE',''
  ) );
#12703 = PCURVE('',#12704,#12709);
#12704 = PLANE('',#12705);
#12705 = AXIS2_PLACEMENT_3D('',#12706,#12707,#12708);
#12706 = CARTESIAN_POINT('',(-4.,-63.,1.32248296));
#12707 = DIRECTION('',(0.,1.,0.));
#12708 = DIRECTION('',(0.,0.,1.));
#12709 = DEFINITIONAL_REPRESENTATION('',(#12710),#12714);
#12710 = CIRCLE('',#12711,2.5);
#12711 = AXIS2_PLACEMENT_2D('',#12712,#12713);
#12712 = CARTESIAN_POINT('',(3.1,4.));
#12713 = DIRECTION('',(0.,1.));
#12714 = ( GEOMETRIC_REPRESENTATION_CONTEXT(2) 
PARAMETRIC_REPRESENTATION_CONTEXT() REPRESENTATION_CONTEXT('2D SPACE',''
  ) );
#12715 = ORIENTED_EDGE('',*,*,#12716,.T.);
#12716 = EDGE_CURVE('',#12688,#5621,#12717,.T.);
#12717 = SEAM_CURVE('',#12718,(#12722,#12729),.PCURVE_S1.);
#12718 = LINE('',#12719,#12720);
#12719 = CARTESIAN_POINT('',(2.5,-60.,4.42248296));
#12720 = VECTOR('',#12721,1.);
#12721 = DIRECTION('',(0.,-1.,1.110223024625E-16));
#12722 = PCURVE('',#5637,#12723);
#12723 = DEFINITIONAL_REPRESENTATION('',(#12724),#12728);
#12724 = LINE('',#12725,#12726);
#12725 = CARTESIAN_POINT('',(-6.28318530718,0.));
#12726 = VECTOR('',#12727,1.);
#12727 = DIRECTION('',(-0.,-1.));
#12728 = ( GEOMETRIC_REPRESENTATION_CONTEXT(2) 
PARAMETRIC_REPRESENTATION_CONTEXT() REPRESENTATION_CONTEXT('2D SPACE',''
  ) );
#12729 = PCURVE('',#5637,#12730);
#12730 = DEFINITIONAL_REPRESENTATION('',(#12731),#12735);
#12731 = LINE('',#12732,#12733);
#12732 = CARTESIAN_POINT('',(-0.,0.));
#12733 = VECTOR('',#12734,1.);
#12734 = DIRECTION('',(-0.,-1.));
#12735 = ( GEOMETRIC_REPRESENTATION_CONTEXT(2) 
PARAMETRIC_REPRESENTATION_CONTEXT() REPRESENTATION_CONTEXT('2D SPACE',''
  ) );
#12736 = ORIENTED_EDGE('',*,*,#5620,.F.);
#12737 = ORIENTED_EDGE('',*,*,#12716,.F.);
#12738 = ADVANCED_FACE('',(#12739),#5912,.F.);
#12739 = FACE_BOUND('',#12740,.F.);
#12740 = EDGE_LOOP('',(#12741,#12764,#12793,#12814));
#12741 = ORIENTED_EDGE('',*,*,#12742,.F.);
#12742 = EDGE_CURVE('',#12743,#5894,#12745,.T.);
#12743 = VERTEX_POINT('',#12744);
#12744 = CARTESIAN_POINT('',(31.,7.3,2.305));
#12745 = SURFACE_CURVE('',#12746,(#12750,#12757),.PCURVE_S1.);
#12746 = LINE('',#12747,#12748);
#12747 = CARTESIAN_POINT('',(28.,7.3,2.305));
#12748 = VECTOR('',#12749,1.);
#12749 = DIRECTION('',(1.,0.,-2.22044604925E-16));
#12750 = PCURVE('',#5912,#12751);
#12751 = DEFINITIONAL_REPRESENTATION('',(#12752),#12756);
#12752 = LINE('',#12753,#12754);
#12753 = CARTESIAN_POINT('',(0.,0.));
#12754 = VECTOR('',#12755,1.);
#12755 = DIRECTION('',(0.,1.));
#12756 = ( GEOMETRIC_REPRESENTATION_CONTEXT(2) 
PARAMETRIC_REPRESENTATION_CONTEXT() REPRESENTATION_CONTEXT('2D SPACE',''
  ) );
#12757 = PCURVE('',#5939,#12758);
#12758 = DEFINITIONAL_REPRESENTATION('',(#12759),#12763);
#12759 = LINE('',#12760,#12761);
#12760 = CARTESIAN_POINT('',(-9.992007221626E-17,-0.45));
#12761 = VECTOR('',#12762,1.);
#12762 = DIRECTION('',(1.,2.22044604925E-16));
#12763 = ( GEOMETRIC_REPRESENTATION_CONTEXT(2) 
PARAMETRIC_REPRESENTATION_CONTEXT() REPRESENTATION_CONTEXT('2D SPACE',''
  ) );
#12764 = ORIENTED_EDGE('',*,*,#12765,.T.);
#12765 = EDGE_CURVE('',#12743,#12766,#12768,.T.);
#12766 = VERTEX_POINT('',#12767);
#12767 = CARTESIAN_POINT('',(31.,7.75,1.855));
#12768 = SURFACE_CURVE('',#12769,(#12774,#12781),.PCURVE_S1.);
#12769 = CIRCLE('',#12770,0.45);
#12770 = AXIS2_PLACEMENT_3D('',#12771,#12772,#12773);
#12771 = CARTESIAN_POINT('',(31.,7.75,2.305));
#12772 = DIRECTION('',(1.,-1.079521069387E-78,-2.22044604925E-16));
#12773 = DIRECTION('',(1.094764425254E-47,-1.,4.930380657631E-32));
#12774 = PCURVE('',#5912,#12775);
#12775 = DEFINITIONAL_REPRESENTATION('',(#12776),#12780);
#12776 = LINE('',#12777,#12778);
#12777 = CARTESIAN_POINT('',(0.,3.));
#12778 = VECTOR('',#12779,1.);
#12779 = DIRECTION('',(1.,0.));
#12780 = ( GEOMETRIC_REPRESENTATION_CONTEXT(2) 
PARAMETRIC_REPRESENTATION_CONTEXT() REPRESENTATION_CONTEXT('2D SPACE',''
  ) );
#12781 = PCURVE('',#12782,#12787);
#12782 = PLANE('',#12783);
#12783 = AXIS2_PLACEMENT_3D('',#12784,#12785,#12786);
#12784 = CARTESIAN_POINT('',(31.,6.,1.305));
#12785 = DIRECTION('',(1.,0.,0.));
#12786 = DIRECTION('',(0.,0.,1.));
#12787 = DEFINITIONAL_REPRESENTATION('',(#12788),#12792);
#12788 = CIRCLE('',#12789,0.45);
#12789 = AXIS2_PLACEMENT_2D('',#12790,#12791);
#12790 = CARTESIAN_POINT('',(1.,-1.75));
#12791 = DIRECTION('',(4.930380657631E-32,1.));
#12792 = ( GEOMETRIC_REPRESENTATION_CONTEXT(2) 
PARAMETRIC_REPRESENTATION_CONTEXT() REPRESENTATION_CONTEXT('2D SPACE',''
  ) );
#12793 = ORIENTED_EDGE('',*,*,#12794,.T.);
#12794 = EDGE_CURVE('',#12766,#5896,#12795,.T.);
#12795 = SURFACE_CURVE('',#12796,(#12800,#12807),.PCURVE_S1.);
#12796 = LINE('',#12797,#12798);
#12797 = CARTESIAN_POINT('',(28.,7.75,1.855));
#12798 = VECTOR('',#12799,1.);
#12799 = DIRECTION('',(1.,0.,-2.22044604925E-16));
#12800 = PCURVE('',#5912,#12801);
#12801 = DEFINITIONAL_REPRESENTATION('',(#12802),#12806);
#12802 = LINE('',#12803,#12804);
#12803 = CARTESIAN_POINT('',(1.570796326795,0.));
#12804 = VECTOR('',#12805,1.);
#12805 = DIRECTION('',(0.,1.));
#12806 = ( GEOMETRIC_REPRESENTATION_CONTEXT(2) 
PARAMETRIC_REPRESENTATION_CONTEXT() REPRESENTATION_CONTEXT('2D SPACE',''
  ) );
#12807 = PCURVE('',#6102,#12808);
#12808 = DEFINITIONAL_REPRESENTATION('',(#12809),#12813);
#12809 = LINE('',#12810,#12811);
#12810 = CARTESIAN_POINT('',(0.,0.45));
#12811 = VECTOR('',#12812,1.);
#12812 = DIRECTION('',(1.,-2.22044604925E-16));
#12813 = ( GEOMETRIC_REPRESENTATION_CONTEXT(2) 
PARAMETRIC_REPRESENTATION_CONTEXT() REPRESENTATION_CONTEXT('2D SPACE',''
  ) );
#12814 = ORIENTED_EDGE('',*,*,#5893,.F.);
#12815 = ADVANCED_FACE('',(#12816),#6102,.T.);
#12816 = FACE_BOUND('',#12817,.T.);
#12817 = EDGE_LOOP('',(#12818,#12841,#12860,#12861));
#12818 = ORIENTED_EDGE('',*,*,#12819,.F.);
#12819 = EDGE_CURVE('',#12820,#6061,#12822,.T.);
#12820 = VERTEX_POINT('',#12821);
#12821 = CARTESIAN_POINT('',(31.,16.25,1.855));
#12822 = SURFACE_CURVE('',#12823,(#12827,#12834),.PCURVE_S1.);
#12823 = LINE('',#12824,#12825);
#12824 = CARTESIAN_POINT('',(28.,16.25,1.855));
#12825 = VECTOR('',#12826,1.);
#12826 = DIRECTION('',(1.,0.,-2.22044604925E-16));
#12827 = PCURVE('',#6102,#12828);
#12828 = DEFINITIONAL_REPRESENTATION('',(#12829),#12833);
#12829 = LINE('',#12830,#12831);
#12830 = CARTESIAN_POINT('',(-4.437342591868E-31,8.95));
#12831 = VECTOR('',#12832,1.);
#12832 = DIRECTION('',(1.,-2.22044604925E-16));
#12833 = ( GEOMETRIC_REPRESENTATION_CONTEXT(2) 
PARAMETRIC_REPRESENTATION_CONTEXT() REPRESENTATION_CONTEXT('2D SPACE',''
  ) );
#12834 = PCURVE('',#6077,#12835);
#12835 = DEFINITIONAL_REPRESENTATION('',(#12836),#12840);
#12836 = LINE('',#12837,#12838);
#12837 = CARTESIAN_POINT('',(-1.570796326795,0.));
#12838 = VECTOR('',#12839,1.);
#12839 = DIRECTION('',(-0.,1.));
#12840 = ( GEOMETRIC_REPRESENTATION_CONTEXT(2) 
PARAMETRIC_REPRESENTATION_CONTEXT() REPRESENTATION_CONTEXT('2D SPACE',''
  ) );
#12841 = ORIENTED_EDGE('',*,*,#12842,.F.);
#12842 = EDGE_CURVE('',#12766,#12820,#12843,.T.);
#12843 = SURFACE_CURVE('',#12844,(#12848,#12854),.PCURVE_S1.);
#12844 = LINE('',#12845,#12846);
#12845 = CARTESIAN_POINT('',(31.,6.65,1.855));
#12846 = VECTOR('',#12847,1.);
#12847 = DIRECTION('',(-0.,1.,2.22044604925E-16));
#12848 = PCURVE('',#6102,#12849);
#12849 = DEFINITIONAL_REPRESENTATION('',(#12850),#12853);
#12850 = B_SPLINE_CURVE_WITH_KNOTS('',1,(#12851,#12852),.UNSPECIFIED.,
  .F.,.F.,(2,2),(1.1,9.6),.PIECEWISE_BEZIER_KNOTS.);
#12851 = CARTESIAN_POINT('',(3.,0.45));
#12852 = CARTESIAN_POINT('',(3.,8.95));
#12853 = ( GEOMETRIC_REPRESENTATION_CONTEXT(2) 
PARAMETRIC_REPRESENTATION_CONTEXT() REPRESENTATION_CONTEXT('2D SPACE',''
  ) );
#12854 = PCURVE('',#12782,#12855);
#12855 = DEFINITIONAL_REPRESENTATION('',(#12856),#12859);
#12856 = B_SPLINE_CURVE_WITH_KNOTS('',1,(#12857,#12858),.UNSPECIFIED.,
  .F.,.F.,(2,2),(1.1,9.6),.PIECEWISE_BEZIER_KNOTS.);
#12857 = CARTESIAN_POINT('',(0.55,-1.75));
#12858 = CARTESIAN_POINT('',(0.55,-10.25));
#12859 = ( GEOMETRIC_REPRESENTATION_CONTEXT(2) 
PARAMETRIC_REPRESENTATION_CONTEXT() REPRESENTATION_CONTEXT('2D SPACE',''
  ) );
#12860 = ORIENTED_EDGE('',*,*,#12794,.T.);
#12861 = ORIENTED_EDGE('',*,*,#6089,.F.);
#12862 = ADVANCED_FACE('',(#12863),#6077,.F.);
#12863 = FACE_BOUND('',#12864,.T.);
#12864 = EDGE_LOOP('',(#12865,#12888,#12910,#12911));
#12865 = ORIENTED_EDGE('',*,*,#12866,.F.);
#12866 = EDGE_CURVE('',#12867,#6035,#12869,.T.);
#12867 = VERTEX_POINT('',#12868);
#12868 = CARTESIAN_POINT('',(31.,16.7,2.305));
#12869 = SURFACE_CURVE('',#12870,(#12874,#12881),.PCURVE_S1.);
#12870 = LINE('',#12871,#12872);
#12871 = CARTESIAN_POINT('',(28.,16.7,2.305));
#12872 = VECTOR('',#12873,1.);
#12873 = DIRECTION('',(1.,0.,-2.22044604925E-16));
#12874 = PCURVE('',#6077,#12875);
#12875 = DEFINITIONAL_REPRESENTATION('',(#12876),#12880);
#12876 = LINE('',#12877,#12878);
#12877 = CARTESIAN_POINT('',(-0.,0.));
#12878 = VECTOR('',#12879,1.);
#12879 = DIRECTION('',(-0.,1.));
#12880 = ( GEOMETRIC_REPRESENTATION_CONTEXT(2) 
PARAMETRIC_REPRESENTATION_CONTEXT() REPRESENTATION_CONTEXT('2D SPACE',''
  ) );
#12881 = PCURVE('',#6049,#12882);
#12882 = DEFINITIONAL_REPRESENTATION('',(#12883),#12887);
#12883 = LINE('',#12884,#12885);
#12884 = CARTESIAN_POINT('',(-9.992007221626E-17,-0.45));
#12885 = VECTOR('',#12886,1.);
#12886 = DIRECTION('',(1.,2.22044604925E-16));
#12887 = ( GEOMETRIC_REPRESENTATION_CONTEXT(2) 
PARAMETRIC_REPRESENTATION_CONTEXT() REPRESENTATION_CONTEXT('2D SPACE',''
  ) );
#12888 = ORIENTED_EDGE('',*,*,#12889,.F.);
#12889 = EDGE_CURVE('',#12820,#12867,#12890,.T.);
#12890 = SURFACE_CURVE('',#12891,(#12896,#12903),.PCURVE_S1.);
#12891 = CIRCLE('',#12892,0.45);
#12892 = AXIS2_PLACEMENT_3D('',#12893,#12894,#12895);
#12893 = CARTESIAN_POINT('',(31.,16.25,2.305));
#12894 = DIRECTION('',(1.,-1.079521069387E-78,-2.22044604925E-16));
#12895 = DIRECTION('',(-1.094764425254E-47,1.,-4.930380657631E-32));
#12896 = PCURVE('',#6077,#12897);
#12897 = DEFINITIONAL_REPRESENTATION('',(#12898),#12902);
#12898 = LINE('',#12899,#12900);
#12899 = CARTESIAN_POINT('',(-6.28318530718,3.));
#12900 = VECTOR('',#12901,1.);
#12901 = DIRECTION('',(1.,-0.));
#12902 = ( GEOMETRIC_REPRESENTATION_CONTEXT(2) 
PARAMETRIC_REPRESENTATION_CONTEXT() REPRESENTATION_CONTEXT('2D SPACE',''
  ) );
#12903 = PCURVE('',#12782,#12904);
#12904 = DEFINITIONAL_REPRESENTATION('',(#12905),#12909);
#12905 = CIRCLE('',#12906,0.45);
#12906 = AXIS2_PLACEMENT_2D('',#12907,#12908);
#12907 = CARTESIAN_POINT('',(1.,-10.25));
#12908 = DIRECTION('',(-4.930380657631E-32,-1.));
#12909 = ( GEOMETRIC_REPRESENTATION_CONTEXT(2) 
PARAMETRIC_REPRESENTATION_CONTEXT() REPRESENTATION_CONTEXT('2D SPACE',''
  ) );
#12910 = ORIENTED_EDGE('',*,*,#12819,.T.);
#12911 = ORIENTED_EDGE('',*,*,#6060,.T.);
#12912 = ADVANCED_FACE('',(#12913),#6049,.F.);
#12913 = FACE_BOUND('',#12914,.F.);
#12914 = EDGE_LOOP('',(#12915,#12916,#12917,#12938));
#12915 = ORIENTED_EDGE('',*,*,#6034,.F.);
#12916 = ORIENTED_EDGE('',*,*,#12866,.F.);
#12917 = ORIENTED_EDGE('',*,*,#12918,.F.);
#12918 = EDGE_CURVE('',#12919,#12867,#12921,.T.);
#12919 = VERTEX_POINT('',#12920);
#12920 = CARTESIAN_POINT('',(31.,16.7,5.105));
#12921 = SURFACE_CURVE('',#12922,(#12926,#12932),.PCURVE_S1.);
#12922 = LINE('',#12923,#12924);
#12923 = CARTESIAN_POINT('',(31.,16.7,1.58));
#12924 = VECTOR('',#12925,1.);
#12925 = DIRECTION('',(0.,0.,-1.));
#12926 = PCURVE('',#6049,#12927);
#12927 = DEFINITIONAL_REPRESENTATION('',(#12928),#12931);
#12928 = B_SPLINE_CURVE_WITH_KNOTS('',1,(#12929,#12930),.UNSPECIFIED.,
  .F.,.F.,(2,2),(-3.525,-0.725),.PIECEWISE_BEZIER_KNOTS.);
#12929 = CARTESIAN_POINT('',(3.,-3.25));
#12930 = CARTESIAN_POINT('',(3.,-0.45));
#12931 = ( GEOMETRIC_REPRESENTATION_CONTEXT(2) 
PARAMETRIC_REPRESENTATION_CONTEXT() REPRESENTATION_CONTEXT('2D SPACE',''
  ) );
#12932 = PCURVE('',#12782,#12933);
#12933 = DEFINITIONAL_REPRESENTATION('',(#12934),#12937);
#12934 = B_SPLINE_CURVE_WITH_KNOTS('',1,(#12935,#12936),.UNSPECIFIED.,
  .F.,.F.,(2,2),(-3.525,-0.725),.PIECEWISE_BEZIER_KNOTS.);
#12935 = CARTESIAN_POINT('',(3.8,-10.7));
#12936 = CARTESIAN_POINT('',(1.,-10.7));
#12937 = ( GEOMETRIC_REPRESENTATION_CONTEXT(2) 
PARAMETRIC_REPRESENTATION_CONTEXT() REPRESENTATION_CONTEXT('2D SPACE',''
  ) );
#12938 = ORIENTED_EDGE('',*,*,#12939,.T.);
#12939 = EDGE_CURVE('',#12919,#6006,#12940,.T.);
#12940 = SURFACE_CURVE('',#12941,(#12945,#12952),.PCURVE_S1.);
#12941 = LINE('',#12942,#12943);
#12942 = CARTESIAN_POINT('',(28.,16.7,5.105));
#12943 = VECTOR('',#12944,1.);
#12944 = DIRECTION('',(1.,0.,-2.22044604925E-16));
#12945 = PCURVE('',#6049,#12946);
#12946 = DEFINITIONAL_REPRESENTATION('',(#12947),#12951);
#12947 = LINE('',#12948,#12949);
#12948 = CARTESIAN_POINT('',(-7.216449660064E-16,-3.25));
#12949 = VECTOR('',#12950,1.);
#12950 = DIRECTION('',(1.,2.22044604925E-16));
#12951 = ( GEOMETRIC_REPRESENTATION_CONTEXT(2) 
PARAMETRIC_REPRESENTATION_CONTEXT() REPRESENTATION_CONTEXT('2D SPACE',''
  ) );
#12952 = PCURVE('',#6022,#12953);
#12953 = DEFINITIONAL_REPRESENTATION('',(#12954),#12958);
#12954 = LINE('',#12955,#12956);
#12955 = CARTESIAN_POINT('',(0.,0.));
#12956 = VECTOR('',#12957,1.);
#12957 = DIRECTION('',(0.,1.));
#12958 = ( GEOMETRIC_REPRESENTATION_CONTEXT(2) 
PARAMETRIC_REPRESENTATION_CONTEXT() REPRESENTATION_CONTEXT('2D SPACE',''
  ) );
#12959 = ADVANCED_FACE('',(#12960),#6022,.F.);
#12960 = FACE_BOUND('',#12961,.F.);
#12961 = EDGE_LOOP('',(#12962,#12963,#12987,#13008));
#12962 = ORIENTED_EDGE('',*,*,#12939,.F.);
#12963 = ORIENTED_EDGE('',*,*,#12964,.T.);
#12964 = EDGE_CURVE('',#12919,#12965,#12967,.T.);
#12965 = VERTEX_POINT('',#12966);
#12966 = CARTESIAN_POINT('',(31.,16.25,5.555));
#12967 = SURFACE_CURVE('',#12968,(#12973,#12980),.PCURVE_S1.);
#12968 = CIRCLE('',#12969,0.45);
#12969 = AXIS2_PLACEMENT_3D('',#12970,#12971,#12972);
#12970 = CARTESIAN_POINT('',(31.,16.25,5.105));
#12971 = DIRECTION('',(1.,-1.079521069387E-78,-2.22044604925E-16));
#12972 = DIRECTION('',(-1.094764425254E-47,1.,-4.930380657631E-32));
#12973 = PCURVE('',#6022,#12974);
#12974 = DEFINITIONAL_REPRESENTATION('',(#12975),#12979);
#12975 = LINE('',#12976,#12977);
#12976 = CARTESIAN_POINT('',(-2.22044604925E-16,3.));
#12977 = VECTOR('',#12978,1.);
#12978 = DIRECTION('',(1.,0.));
#12979 = ( GEOMETRIC_REPRESENTATION_CONTEXT(2) 
PARAMETRIC_REPRESENTATION_CONTEXT() REPRESENTATION_CONTEXT('2D SPACE',''
  ) );
#12980 = PCURVE('',#12782,#12981);
#12981 = DEFINITIONAL_REPRESENTATION('',(#12982),#12986);
#12982 = CIRCLE('',#12983,0.45);
#12983 = AXIS2_PLACEMENT_2D('',#12984,#12985);
#12984 = CARTESIAN_POINT('',(3.8,-10.25));
#12985 = DIRECTION('',(-4.930380657631E-32,-1.));
#12986 = ( GEOMETRIC_REPRESENTATION_CONTEXT(2) 
PARAMETRIC_REPRESENTATION_CONTEXT() REPRESENTATION_CONTEXT('2D SPACE',''
  ) );
#12987 = ORIENTED_EDGE('',*,*,#12988,.T.);
#12988 = EDGE_CURVE('',#12965,#5980,#12989,.T.);
#12989 = SURFACE_CURVE('',#12990,(#12994,#13001),.PCURVE_S1.);
#12990 = LINE('',#12991,#12992);
#12991 = CARTESIAN_POINT('',(28.,16.25,5.555));
#12992 = VECTOR('',#12993,1.);
#12993 = DIRECTION('',(1.,0.,-2.22044604925E-16));
#12994 = PCURVE('',#6022,#12995);
#12995 = DEFINITIONAL_REPRESENTATION('',(#12996),#13000);
#12996 = LINE('',#12997,#12998);
#12997 = CARTESIAN_POINT('',(1.570796326795,0.));
#12998 = VECTOR('',#12999,1.);
#12999 = DIRECTION('',(0.,1.));
#13000 = ( GEOMETRIC_REPRESENTATION_CONTEXT(2) 
PARAMETRIC_REPRESENTATION_CONTEXT() REPRESENTATION_CONTEXT('2D SPACE',''
  ) );
#13001 = PCURVE('',#5994,#13002);
#13002 = DEFINITIONAL_REPRESENTATION('',(#13003),#13007);
#13003 = LINE('',#13004,#13005);
#13004 = CARTESIAN_POINT('',(-3.944304526105E-31,8.95));
#13005 = VECTOR('',#13006,1.);
#13006 = DIRECTION('',(1.,-2.22044604925E-16));
#13007 = ( GEOMETRIC_REPRESENTATION_CONTEXT(2) 
PARAMETRIC_REPRESENTATION_CONTEXT() REPRESENTATION_CONTEXT('2D SPACE',''
  ) );
#13008 = ORIENTED_EDGE('',*,*,#6005,.F.);
#13009 = ADVANCED_FACE('',(#13010),#5994,.F.);
#13010 = FACE_BOUND('',#13011,.F.);
#13011 = EDGE_LOOP('',(#13012,#13013,#13034,#13055));
#13012 = ORIENTED_EDGE('',*,*,#12988,.F.);
#13013 = ORIENTED_EDGE('',*,*,#13014,.F.);
#13014 = EDGE_CURVE('',#13015,#12965,#13017,.T.);
#13015 = VERTEX_POINT('',#13016);
#13016 = CARTESIAN_POINT('',(31.,7.75,5.555));
#13017 = SURFACE_CURVE('',#13018,(#13022,#13028),.PCURVE_S1.);
#13018 = LINE('',#13019,#13020);
#13019 = CARTESIAN_POINT('',(31.,6.65,5.555));
#13020 = VECTOR('',#13021,1.);
#13021 = DIRECTION('',(-0.,1.,2.22044604925E-16));
#13022 = PCURVE('',#5994,#13023);
#13023 = DEFINITIONAL_REPRESENTATION('',(#13024),#13027);
#13024 = B_SPLINE_CURVE_WITH_KNOTS('',1,(#13025,#13026),.UNSPECIFIED.,
  .F.,.F.,(2,2),(1.1,9.6),.PIECEWISE_BEZIER_KNOTS.);
#13025 = CARTESIAN_POINT('',(3.,0.45));
#13026 = CARTESIAN_POINT('',(3.,8.95));
#13027 = ( GEOMETRIC_REPRESENTATION_CONTEXT(2) 
PARAMETRIC_REPRESENTATION_CONTEXT() REPRESENTATION_CONTEXT('2D SPACE',''
  ) );
#13028 = PCURVE('',#12782,#13029);
#13029 = DEFINITIONAL_REPRESENTATION('',(#13030),#13033);
#13030 = B_SPLINE_CURVE_WITH_KNOTS('',1,(#13031,#13032),.UNSPECIFIED.,
  .F.,.F.,(2,2),(1.1,9.6),.PIECEWISE_BEZIER_KNOTS.);
#13031 = CARTESIAN_POINT('',(4.25,-1.75));
#13032 = CARTESIAN_POINT('',(4.25,-10.25));
#13033 = ( GEOMETRIC_REPRESENTATION_CONTEXT(2) 
PARAMETRIC_REPRESENTATION_CONTEXT() REPRESENTATION_CONTEXT('2D SPACE',''
  ) );
#13034 = ORIENTED_EDGE('',*,*,#13035,.T.);
#13035 = EDGE_CURVE('',#13015,#5951,#13036,.T.);
#13036 = SURFACE_CURVE('',#13037,(#13041,#13048),.PCURVE_S1.);
#13037 = LINE('',#13038,#13039);
#13038 = CARTESIAN_POINT('',(28.,7.75,5.555));
#13039 = VECTOR('',#13040,1.);
#13040 = DIRECTION('',(1.,0.,-2.22044604925E-16));
#13041 = PCURVE('',#5994,#13042);
#13042 = DEFINITIONAL_REPRESENTATION('',(#13043),#13047);
#13043 = LINE('',#13044,#13045);
#13044 = CARTESIAN_POINT('',(0.,0.45));
#13045 = VECTOR('',#13046,1.);
#13046 = DIRECTION('',(1.,-2.22044604925E-16));
#13047 = ( GEOMETRIC_REPRESENTATION_CONTEXT(2) 
PARAMETRIC_REPRESENTATION_CONTEXT() REPRESENTATION_CONTEXT('2D SPACE',''
  ) );
#13048 = PCURVE('',#5967,#13049);
#13049 = DEFINITIONAL_REPRESENTATION('',(#13050),#13054);
#13050 = LINE('',#13051,#13052);
#13051 = CARTESIAN_POINT('',(-1.570796326795,0.));
#13052 = VECTOR('',#13053,1.);
#13053 = DIRECTION('',(-0.,1.));
#13054 = ( GEOMETRIC_REPRESENTATION_CONTEXT(2) 
PARAMETRIC_REPRESENTATION_CONTEXT() REPRESENTATION_CONTEXT('2D SPACE',''
  ) );
#13055 = ORIENTED_EDGE('',*,*,#5979,.F.);
#13056 = ADVANCED_FACE('',(#13057),#5967,.F.);
#13057 = FACE_BOUND('',#13058,.T.);
#13058 = EDGE_LOOP('',(#13059,#13082,#13104,#13105));
#13059 = ORIENTED_EDGE('',*,*,#13060,.F.);
#13060 = EDGE_CURVE('',#13061,#5925,#13063,.T.);
#13061 = VERTEX_POINT('',#13062);
#13062 = CARTESIAN_POINT('',(31.,7.3,5.105));
#13063 = SURFACE_CURVE('',#13064,(#13068,#13075),.PCURVE_S1.);
#13064 = LINE('',#13065,#13066);
#13065 = CARTESIAN_POINT('',(28.,7.3,5.105));
#13066 = VECTOR('',#13067,1.);
#13067 = DIRECTION('',(1.,0.,-2.22044604925E-16));
#13068 = PCURVE('',#5967,#13069);
#13069 = DEFINITIONAL_REPRESENTATION('',(#13070),#13074);
#13070 = LINE('',#13071,#13072);
#13071 = CARTESIAN_POINT('',(-0.,0.));
#13072 = VECTOR('',#13073,1.);
#13073 = DIRECTION('',(-0.,1.));
#13074 = ( GEOMETRIC_REPRESENTATION_CONTEXT(2) 
PARAMETRIC_REPRESENTATION_CONTEXT() REPRESENTATION_CONTEXT('2D SPACE',''
  ) );
#13075 = PCURVE('',#5939,#13076);
#13076 = DEFINITIONAL_REPRESENTATION('',(#13077),#13081);
#13077 = LINE('',#13078,#13079);
#13078 = CARTESIAN_POINT('',(-7.216449660064E-16,-3.25));
#13079 = VECTOR('',#13080,1.);
#13080 = DIRECTION('',(1.,2.22044604925E-16));
#13081 = ( GEOMETRIC_REPRESENTATION_CONTEXT(2) 
PARAMETRIC_REPRESENTATION_CONTEXT() REPRESENTATION_CONTEXT('2D SPACE',''
  ) );
#13082 = ORIENTED_EDGE('',*,*,#13083,.F.);
#13083 = EDGE_CURVE('',#13015,#13061,#13084,.T.);
#13084 = SURFACE_CURVE('',#13085,(#13090,#13097),.PCURVE_S1.);
#13085 = CIRCLE('',#13086,0.45);
#13086 = AXIS2_PLACEMENT_3D('',#13087,#13088,#13089);
#13087 = CARTESIAN_POINT('',(31.,7.75,5.105));
#13088 = DIRECTION('',(1.,-1.079521069387E-78,-2.22044604925E-16));
#13089 = DIRECTION('',(1.094764425254E-47,-1.,4.930380657631E-32));
#13090 = PCURVE('',#5967,#13091);
#13091 = DEFINITIONAL_REPRESENTATION('',(#13092),#13096);
#13092 = LINE('',#13093,#13094);
#13093 = CARTESIAN_POINT('',(-6.28318530718,3.));
#13094 = VECTOR('',#13095,1.);
#13095 = DIRECTION('',(1.,-0.));
#13096 = ( GEOMETRIC_REPRESENTATION_CONTEXT(2) 
PARAMETRIC_REPRESENTATION_CONTEXT() REPRESENTATION_CONTEXT('2D SPACE',''
  ) );
#13097 = PCURVE('',#12782,#13098);
#13098 = DEFINITIONAL_REPRESENTATION('',(#13099),#13103);
#13099 = CIRCLE('',#13100,0.45);
#13100 = AXIS2_PLACEMENT_2D('',#13101,#13102);
#13101 = CARTESIAN_POINT('',(3.8,-1.75));
#13102 = DIRECTION('',(4.930380657631E-32,1.));
#13103 = ( GEOMETRIC_REPRESENTATION_CONTEXT(2) 
PARAMETRIC_REPRESENTATION_CONTEXT() REPRESENTATION_CONTEXT('2D SPACE',''
  ) );
#13104 = ORIENTED_EDGE('',*,*,#13035,.T.);
#13105 = ORIENTED_EDGE('',*,*,#5950,.T.);
#13106 = ADVANCED_FACE('',(#13107),#5939,.T.);
#13107 = FACE_BOUND('',#13108,.T.);
#13108 = EDGE_LOOP('',(#13109,#13110,#13111,#13130));
#13109 = ORIENTED_EDGE('',*,*,#5924,.F.);
#13110 = ORIENTED_EDGE('',*,*,#12742,.F.);
#13111 = ORIENTED_EDGE('',*,*,#13112,.F.);
#13112 = EDGE_CURVE('',#13061,#12743,#13113,.T.);
#13113 = SURFACE_CURVE('',#13114,(#13118,#13124),.PCURVE_S1.);
#13114 = LINE('',#13115,#13116);
#13115 = CARTESIAN_POINT('',(31.,7.3,1.58));
#13116 = VECTOR('',#13117,1.);
#13117 = DIRECTION('',(0.,0.,-1.));
#13118 = PCURVE('',#5939,#13119);
#13119 = DEFINITIONAL_REPRESENTATION('',(#13120),#13123);
#13120 = B_SPLINE_CURVE_WITH_KNOTS('',1,(#13121,#13122),.UNSPECIFIED.,
  .F.,.F.,(2,2),(-3.525,-0.725),.PIECEWISE_BEZIER_KNOTS.);
#13121 = CARTESIAN_POINT('',(3.,-3.25));
#13122 = CARTESIAN_POINT('',(3.,-0.45));
#13123 = ( GEOMETRIC_REPRESENTATION_CONTEXT(2) 
PARAMETRIC_REPRESENTATION_CONTEXT() REPRESENTATION_CONTEXT('2D SPACE',''
  ) );
#13124 = PCURVE('',#12782,#13125);
#13125 = DEFINITIONAL_REPRESENTATION('',(#13126),#13129);
#13126 = B_SPLINE_CURVE_WITH_KNOTS('',1,(#13127,#13128),.UNSPECIFIED.,
  .F.,.F.,(2,2),(-3.525,-0.725),.PIECEWISE_BEZIER_KNOTS.);
#13127 = CARTESIAN_POINT('',(3.8,-1.3));
#13128 = CARTESIAN_POINT('',(1.,-1.3));
#13129 = ( GEOMETRIC_REPRESENTATION_CONTEXT(2) 
PARAMETRIC_REPRESENTATION_CONTEXT() REPRESENTATION_CONTEXT('2D SPACE',''
  ) );
#13130 = ORIENTED_EDGE('',*,*,#13060,.T.);
#13131 = ADVANCED_FACE('',(#13132,#13135),#6155,.T.);
#13132 = FACE_BOUND('',#13133,.T.);
#13133 = EDGE_LOOP('',(#13134));
#13134 = ORIENTED_EDGE('',*,*,#6140,.T.);
#13135 = FACE_BOUND('',#13136,.T.);
#13136 = EDGE_LOOP('',(#13137));
#13137 = ORIENTED_EDGE('',*,*,#13138,.T.);
#13138 = EDGE_CURVE('',#13139,#13139,#13141,.T.);
#13139 = VERTEX_POINT('',#13140);
#13140 = CARTESIAN_POINT('',(-27.35,-59.5,7.5));
#13141 = SURFACE_CURVE('',#13142,(#13147,#13158),.PCURVE_S1.);
#13142 = CIRCLE('',#13143,0.65);
#13143 = AXIS2_PLACEMENT_3D('',#13144,#13145,#13146);
#13144 = CARTESIAN_POINT('',(-28.,-59.5,7.5));
#13145 = DIRECTION('',(0.,0.,-1.));
#13146 = DIRECTION('',(1.,0.,0.));
#13147 = PCURVE('',#6155,#13148);
#13148 = DEFINITIONAL_REPRESENTATION('',(#13149),#13157);
#13149 = ( BOUNDED_CURVE() B_SPLINE_CURVE(2,(#13150,#13151,#13152,#13153
    ,#13154,#13155,#13156),.UNSPECIFIED.,.T.,.F.) 
B_SPLINE_CURVE_WITH_KNOTS((1,2,2,2,2,1),(-2.094395102393,0.,
    2.094395102393,4.188790204786,6.28318530718,8.377580409573),
.UNSPECIFIED.) CURVE() GEOMETRIC_REPRESENTATION_ITEM() 
RATIONAL_B_SPLINE_CURVE((1.,0.5,1.,0.5,1.,0.5,1.)) REPRESENTATION_ITEM(
  '') );
#13150 = CARTESIAN_POINT('',(0.65,0.));
#13151 = CARTESIAN_POINT('',(0.65,-1.12583302492));
#13152 = CARTESIAN_POINT('',(-0.325,-0.56291651246));
#13153 = CARTESIAN_POINT('',(-1.3,-1.592040838892E-16));
#13154 = CARTESIAN_POINT('',(-0.325,0.56291651246));
#13155 = CARTESIAN_POINT('',(0.65,1.12583302492));
#13156 = CARTESIAN_POINT('',(0.65,0.));
#13157 = ( GEOMETRIC_REPRESENTATION_CONTEXT(2) 
PARAMETRIC_REPRESENTATION_CONTEXT() REPRESENTATION_CONTEXT('2D SPACE',''
  ) );
#13158 = PCURVE('',#13159,#13164);
#13159 = CYLINDRICAL_SURFACE('',#13160,0.65);
#13160 = AXIS2_PLACEMENT_3D('',#13161,#13162,#13163);
#13161 = CARTESIAN_POINT('',(-28.,-59.5,2.7));
#13162 = DIRECTION('',(-0.,-0.,-1.));
#13163 = DIRECTION('',(1.,0.,0.));
#13164 = DEFINITIONAL_REPRESENTATION('',(#13165),#13169);
#13165 = LINE('',#13166,#13167);
#13166 = CARTESIAN_POINT('',(-6.28318530718,-4.8));
#13167 = VECTOR('',#13168,1.);
#13168 = DIRECTION('',(1.,-0.));
#13169 = ( GEOMETRIC_REPRESENTATION_CONTEXT(2) 
PARAMETRIC_REPRESENTATION_CONTEXT() REPRESENTATION_CONTEXT('2D SPACE',''
  ) );
#13170 = ADVANCED_FACE('',(#13171,#13174),#6210,.T.);
#13171 = FACE_BOUND('',#13172,.T.);
#13172 = EDGE_LOOP('',(#13173));
#13173 = ORIENTED_EDGE('',*,*,#6195,.T.);
#13174 = FACE_BOUND('',#13175,.T.);
#13175 = EDGE_LOOP('',(#13176));
#13176 = ORIENTED_EDGE('',*,*,#13177,.T.);
#13177 = EDGE_CURVE('',#13178,#13178,#13180,.T.);
#13178 = VERTEX_POINT('',#13179);
#13179 = CARTESIAN_POINT('',(-27.35,0.,7.5));
#13180 = SURFACE_CURVE('',#13181,(#13186,#13197),.PCURVE_S1.);
#13181 = CIRCLE('',#13182,0.65);
#13182 = AXIS2_PLACEMENT_3D('',#13183,#13184,#13185);
#13183 = CARTESIAN_POINT('',(-28.,0.,7.5));
#13184 = DIRECTION('',(0.,0.,-1.));
#13185 = DIRECTION('',(1.,0.,0.));
#13186 = PCURVE('',#6210,#13187);
#13187 = DEFINITIONAL_REPRESENTATION('',(#13188),#13196);
#13188 = ( BOUNDED_CURVE() B_SPLINE_CURVE(2,(#13189,#13190,#13191,#13192
    ,#13193,#13194,#13195),.UNSPECIFIED.,.T.,.F.) 
B_SPLINE_CURVE_WITH_KNOTS((1,2,2,2,2,1),(-2.094395102393,0.,
    2.094395102393,4.188790204786,6.28318530718,8.377580409573),
.UNSPECIFIED.) CURVE() GEOMETRIC_REPRESENTATION_ITEM() 
RATIONAL_B_SPLINE_CURVE((1.,0.5,1.,0.5,1.,0.5,1.)) REPRESENTATION_ITEM(
  '') );
#13189 = CARTESIAN_POINT('',(0.65,0.));
#13190 = CARTESIAN_POINT('',(0.65,-1.12583302492));
#13191 = CARTESIAN_POINT('',(-0.325,-0.56291651246));
#13192 = CARTESIAN_POINT('',(-1.3,-1.592040838892E-16));
#13193 = CARTESIAN_POINT('',(-0.325,0.56291651246));
#13194 = CARTESIAN_POINT('',(0.65,1.12583302492));
#13195 = CARTESIAN_POINT('',(0.65,0.));
#13196 = ( GEOMETRIC_REPRESENTATION_CONTEXT(2) 
PARAMETRIC_REPRESENTATION_CONTEXT() REPRESENTATION_CONTEXT('2D SPACE',''
  ) );
#13197 = PCURVE('',#13198,#13203);
#13198 = CYLINDRICAL_SURFACE('',#13199,0.65);
#13199 = AXIS2_PLACEMENT_3D('',#13200,#13201,#13202);
#13200 = CARTESIAN_POINT('',(-28.,0.,2.7));
#13201 = DIRECTION('',(-0.,-0.,-1.));
#13202 = DIRECTION('',(1.,0.,0.));
#13203 = DEFINITIONAL_REPRESENTATION('',(#13204),#13208);
#13204 = LINE('',#13205,#13206);
#13205 = CARTESIAN_POINT('',(-6.28318530718,-4.8));
#13206 = VECTOR('',#13207,1.);
#13207 = DIRECTION('',(1.,-0.));
#13208 = ( GEOMETRIC_REPRESENTATION_CONTEXT(2) 
PARAMETRIC_REPRESENTATION_CONTEXT() REPRESENTATION_CONTEXT('2D SPACE',''
  ) );
#13209 = ADVANCED_FACE('',(#13210,#13214),#6428,.T.);
#13210 = FACE_BOUND('',#13211,.T.);
#13211 = EDGE_LOOP('',(#13212,#13213));
#13212 = ORIENTED_EDGE('',*,*,#6413,.F.);
#13213 = ORIENTED_EDGE('',*,*,#12550,.F.);
#13214 = FACE_BOUND('',#13215,.T.);
#13215 = EDGE_LOOP('',(#13216));
#13216 = ORIENTED_EDGE('',*,*,#13217,.T.);
#13217 = EDGE_CURVE('',#13218,#13218,#13220,.T.);
#13218 = VERTEX_POINT('',#13219);
#13219 = CARTESIAN_POINT('',(-5.6,61.4,4.));
#13220 = SURFACE_CURVE('',#13221,(#13226,#13237),.PCURVE_S1.);
#13221 = CIRCLE('',#13222,0.4);
#13222 = AXIS2_PLACEMENT_3D('',#13223,#13224,#13225);
#13223 = CARTESIAN_POINT('',(-6.,61.4,4.));
#13224 = DIRECTION('',(0.,0.,-1.));
#13225 = DIRECTION('',(1.,0.,0.));
#13226 = PCURVE('',#6428,#13227);
#13227 = DEFINITIONAL_REPRESENTATION('',(#13228),#13236);
#13228 = ( BOUNDED_CURVE() B_SPLINE_CURVE(2,(#13229,#13230,#13231,#13232
    ,#13233,#13234,#13235),.UNSPECIFIED.,.T.,.F.) 
B_SPLINE_CURVE_WITH_KNOTS((1,2,2,2,2,1),(-2.094395102393,0.,
    2.094395102393,4.188790204786,6.28318530718,8.377580409573),
.UNSPECIFIED.) CURVE() GEOMETRIC_REPRESENTATION_ITEM() 
RATIONAL_B_SPLINE_CURVE((1.,0.5,1.,0.5,1.,0.5,1.)) REPRESENTATION_ITEM(
  '') );
#13229 = CARTESIAN_POINT('',(0.4,0.));
#13230 = CARTESIAN_POINT('',(0.4,-0.692820323028));
#13231 = CARTESIAN_POINT('',(-0.2,-0.346410161514));
#13232 = CARTESIAN_POINT('',(-0.8,-9.797174393179E-17));
#13233 = CARTESIAN_POINT('',(-0.2,0.346410161514));
#13234 = CARTESIAN_POINT('',(0.4,0.692820323028));
#13235 = CARTESIAN_POINT('',(0.4,0.));
#13236 = ( GEOMETRIC_REPRESENTATION_CONTEXT(2) 
PARAMETRIC_REPRESENTATION_CONTEXT() REPRESENTATION_CONTEXT('2D SPACE',''
  ) );
#13237 = PCURVE('',#13238,#13243);
#13238 = CYLINDRICAL_SURFACE('',#13239,0.4);
#13239 = AXIS2_PLACEMENT_3D('',#13240,#13241,#13242);
#13240 = CARTESIAN_POINT('',(-6.,61.4,0.7));
#13241 = DIRECTION('',(-0.,-0.,-1.));
#13242 = DIRECTION('',(1.,0.,0.));
#13243 = DEFINITIONAL_REPRESENTATION('',(#13244),#13248);
#13244 = LINE('',#13245,#13246);
#13245 = CARTESIAN_POINT('',(-6.28318530718,-3.3));
#13246 = VECTOR('',#13247,1.);
#13247 = DIRECTION('',(1.,-0.));
#13248 = ( GEOMETRIC_REPRESENTATION_CONTEXT(2) 
PARAMETRIC_REPRESENTATION_CONTEXT() REPRESENTATION_CONTEXT('2D SPACE',''
  ) );
#13249 = ADVANCED_FACE('',(#13250),#6361,.T.);
#13250 = FACE_BOUND('',#13251,.T.);
#13251 = EDGE_LOOP('',(#13252,#13253,#13272,#13273));
#13252 = ORIENTED_EDGE('',*,*,#10922,.F.);
#13253 = ORIENTED_EDGE('',*,*,#13254,.F.);
#13254 = EDGE_CURVE('',#11206,#10923,#13255,.T.);
#13255 = SURFACE_CURVE('',#13256,(#13260,#13266),.PCURVE_S1.);
#13256 = LINE('',#13257,#13258);
#13257 = CARTESIAN_POINT('',(15.85,47.55,4.));
#13258 = VECTOR('',#13259,1.);
#13259 = DIRECTION('',(-1.,0.,0.));
#13260 = PCURVE('',#6361,#13261);
#13261 = DEFINITIONAL_REPRESENTATION('',(#13262),#13265);
#13262 = B_SPLINE_CURVE_WITH_KNOTS('',1,(#13263,#13264),.UNSPECIFIED.,
  .F.,.F.,(2,2),(-1.25,-0.25),.PIECEWISE_BEZIER_KNOTS.);
#13263 = CARTESIAN_POINT('',(1.,25.55));
#13264 = CARTESIAN_POINT('',(0.,25.55));
#13265 = ( GEOMETRIC_REPRESENTATION_CONTEXT(2) 
PARAMETRIC_REPRESENTATION_CONTEXT() REPRESENTATION_CONTEXT('2D SPACE',''
  ) );
#13266 = PCURVE('',#10960,#13267);
#13267 = DEFINITIONAL_REPRESENTATION('',(#13268),#13271);
#13268 = B_SPLINE_CURVE_WITH_KNOTS('',1,(#13269,#13270),.UNSPECIFIED.,
  .F.,.F.,(2,2),(-1.25,-0.25),.PIECEWISE_BEZIER_KNOTS.);
#13269 = CARTESIAN_POINT('',(0.35,1.5));
#13270 = CARTESIAN_POINT('',(0.35,0.5));
#13271 = ( GEOMETRIC_REPRESENTATION_CONTEXT(2) 
PARAMETRIC_REPRESENTATION_CONTEXT() REPRESENTATION_CONTEXT('2D SPACE',''
  ) );
#13272 = ORIENTED_EDGE('',*,*,#11205,.T.);
#13273 = ORIENTED_EDGE('',*,*,#6346,.F.);
#13274 = ADVANCED_FACE('',(#13275),#6541,.T.);
#13275 = FACE_BOUND('',#13276,.T.);
#13276 = EDGE_LOOP('',(#13277,#13278,#13279,#13280,#13281,#13282,#13283,
    #13284,#13285,#13286));
#13277 = ORIENTED_EDGE('',*,*,#10022,.F.);
#13278 = ORIENTED_EDGE('',*,*,#9652,.T.);
#13279 = ORIENTED_EDGE('',*,*,#7057,.T.);
#13280 = ORIENTED_EDGE('',*,*,#10844,.T.);
#13281 = ORIENTED_EDGE('',*,*,#6526,.F.);
#13282 = ORIENTED_EDGE('',*,*,#10551,.F.);
#13283 = ORIENTED_EDGE('',*,*,#10768,.T.);
#13284 = ORIENTED_EDGE('',*,*,#10817,.T.);
#13285 = ORIENTED_EDGE('',*,*,#6594,.F.);
#13286 = ORIENTED_EDGE('',*,*,#12242,.F.);
#13287 = ADVANCED_FACE('',(#13288),#6742,.T.);
#13288 = FACE_BOUND('',#13289,.T.);
#13289 = EDGE_LOOP('',(#13290,#13291,#13310,#13311));
#13290 = ORIENTED_EDGE('',*,*,#11570,.F.);
#13291 = ORIENTED_EDGE('',*,*,#13292,.F.);
#13292 = EDGE_CURVE('',#11763,#11543,#13293,.T.);
#13293 = SURFACE_CURVE('',#13294,(#13298,#13304),.PCURVE_S1.);
#13294 = LINE('',#13295,#13296);
#13295 = CARTESIAN_POINT('',(29.9,52.6,1.25));
#13296 = VECTOR('',#13297,1.);
#13297 = DIRECTION('',(0.,1.,0.));
#13298 = PCURVE('',#6742,#13299);
#13299 = DEFINITIONAL_REPRESENTATION('',(#13300),#13303);
#13300 = B_SPLINE_CURVE_WITH_KNOTS('',1,(#13301,#13302),.UNSPECIFIED.,
  .F.,.F.,(2,2),(0.,1.2),.PIECEWISE_BEZIER_KNOTS.);
#13301 = CARTESIAN_POINT('',(11.4,0.));
#13302 = CARTESIAN_POINT('',(11.4,1.2));
#13303 = ( GEOMETRIC_REPRESENTATION_CONTEXT(2) 
PARAMETRIC_REPRESENTATION_CONTEXT() REPRESENTATION_CONTEXT('2D SPACE',''
  ) );
#13304 = PCURVE('',#11558,#13305);
#13305 = DEFINITIONAL_REPRESENTATION('',(#13306),#13309);
#13306 = B_SPLINE_CURVE_WITH_KNOTS('',1,(#13307,#13308),.UNSPECIFIED.,
  .F.,.F.,(2,2),(0.,1.2),.PIECEWISE_BEZIER_KNOTS.);
#13307 = CARTESIAN_POINT('',(0.7,0.));
#13308 = CARTESIAN_POINT('',(0.7,-1.2));
#13309 = ( GEOMETRIC_REPRESENTATION_CONTEXT(2) 
PARAMETRIC_REPRESENTATION_CONTEXT() REPRESENTATION_CONTEXT('2D SPACE',''
  ) );
#13310 = ORIENTED_EDGE('',*,*,#11785,.T.);
#13311 = ORIENTED_EDGE('',*,*,#6727,.F.);
#13312 = ADVANCED_FACE('',(#13313),#6673,.T.);
#13313 = FACE_BOUND('',#13314,.T.);
#13314 = EDGE_LOOP('',(#13315,#13316,#13335,#13336));
#13315 = ORIENTED_EDGE('',*,*,#12001,.F.);
#13316 = ORIENTED_EDGE('',*,*,#13317,.F.);
#13317 = EDGE_CURVE('',#12194,#11974,#13318,.T.);
#13318 = SURFACE_CURVE('',#13319,(#13323,#13329),.PCURVE_S1.);
#13319 = LINE('',#13320,#13321);
#13320 = CARTESIAN_POINT('',(29.9,30.2,1.25));
#13321 = VECTOR('',#13322,1.);
#13322 = DIRECTION('',(0.,1.,0.));
#13323 = PCURVE('',#6673,#13324);
#13324 = DEFINITIONAL_REPRESENTATION('',(#13325),#13328);
#13325 = B_SPLINE_CURVE_WITH_KNOTS('',1,(#13326,#13327),.UNSPECIFIED.,
  .F.,.F.,(2,2),(0.,1.2),.PIECEWISE_BEZIER_KNOTS.);
#13326 = CARTESIAN_POINT('',(11.4,0.));
#13327 = CARTESIAN_POINT('',(11.4,1.2));
#13328 = ( GEOMETRIC_REPRESENTATION_CONTEXT(2) 
PARAMETRIC_REPRESENTATION_CONTEXT() REPRESENTATION_CONTEXT('2D SPACE',''
  ) );
#13329 = PCURVE('',#11989,#13330);
#13330 = DEFINITIONAL_REPRESENTATION('',(#13331),#13334);
#13331 = B_SPLINE_CURVE_WITH_KNOTS('',1,(#13332,#13333),.UNSPECIFIED.,
  .F.,.F.,(2,2),(0.,1.2),.PIECEWISE_BEZIER_KNOTS.);
#13332 = CARTESIAN_POINT('',(0.7,0.));
#13333 = CARTESIAN_POINT('',(0.7,-1.2));
#13334 = ( GEOMETRIC_REPRESENTATION_CONTEXT(2) 
PARAMETRIC_REPRESENTATION_CONTEXT() REPRESENTATION_CONTEXT('2D SPACE',''
  ) );
#13335 = ORIENTED_EDGE('',*,*,#12216,.T.);
#13336 = ORIENTED_EDGE('',*,*,#6658,.F.);
#13337 = ADVANCED_FACE('',(#13338),#6794,.T.);
#13338 = FACE_BOUND('',#13339,.T.);
#13339 = EDGE_LOOP('',(#13340,#13363,#13364,#13387));
#13340 = ORIENTED_EDGE('',*,*,#13341,.F.);
#13341 = EDGE_CURVE('',#6778,#13342,#13344,.T.);
#13342 = VERTEX_POINT('',#13343);
#13343 = CARTESIAN_POINT('',(31.,18.,1.305));
#13344 = SURFACE_CURVE('',#13345,(#13349,#13356),.PCURVE_S1.);
#13345 = LINE('',#13346,#13347);
#13346 = CARTESIAN_POINT('',(27.,18.,1.305));
#13347 = VECTOR('',#13348,1.);
#13348 = DIRECTION('',(1.,0.,0.));
#13349 = PCURVE('',#6794,#13350);
#13350 = DEFINITIONAL_REPRESENTATION('',(#13351),#13355);
#13351 = LINE('',#13352,#13353);
#13352 = CARTESIAN_POINT('',(0.,12.));
#13353 = VECTOR('',#13354,1.);
#13354 = DIRECTION('',(1.,0.));
#13355 = ( GEOMETRIC_REPRESENTATION_CONTEXT(2) 
PARAMETRIC_REPRESENTATION_CONTEXT() REPRESENTATION_CONTEXT('2D SPACE',''
  ) );
#13356 = PCURVE('',#6870,#13357);
#13357 = DEFINITIONAL_REPRESENTATION('',(#13358),#13362);
#13358 = LINE('',#13359,#13360);
#13359 = CARTESIAN_POINT('',(0.,0.));
#13360 = VECTOR('',#13361,1.);
#13361 = DIRECTION('',(0.,1.));
#13362 = ( GEOMETRIC_REPRESENTATION_CONTEXT(2) 
PARAMETRIC_REPRESENTATION_CONTEXT() REPRESENTATION_CONTEXT('2D SPACE',''
  ) );
#13363 = ORIENTED_EDGE('',*,*,#6777,.T.);
#13364 = ORIENTED_EDGE('',*,*,#13365,.T.);
#13365 = EDGE_CURVE('',#6780,#13366,#13368,.T.);
#13366 = VERTEX_POINT('',#13367);
#13367 = CARTESIAN_POINT('',(31.,6.,1.305));
#13368 = SURFACE_CURVE('',#13369,(#13373,#13380),.PCURVE_S1.);
#13369 = LINE('',#13370,#13371);
#13370 = CARTESIAN_POINT('',(27.,6.,1.305));
#13371 = VECTOR('',#13372,1.);
#13372 = DIRECTION('',(1.,0.,0.));
#13373 = PCURVE('',#6794,#13374);
#13374 = DEFINITIONAL_REPRESENTATION('',(#13375),#13379);
#13375 = LINE('',#13376,#13377);
#13376 = CARTESIAN_POINT('',(0.,0.));
#13377 = VECTOR('',#13378,1.);
#13378 = DIRECTION('',(1.,0.));
#13379 = ( GEOMETRIC_REPRESENTATION_CONTEXT(2) 
PARAMETRIC_REPRESENTATION_CONTEXT() REPRESENTATION_CONTEXT('2D SPACE',''
  ) );
#13380 = PCURVE('',#6820,#13381);
#13381 = DEFINITIONAL_REPRESENTATION('',(#13382),#13386);
#13382 = LINE('',#13383,#13384);
#13383 = CARTESIAN_POINT('',(0.,0.));
#13384 = VECTOR('',#13385,1.);
#13385 = DIRECTION('',(0.,1.));
#13386 = ( GEOMETRIC_REPRESENTATION_CONTEXT(2) 
PARAMETRIC_REPRESENTATION_CONTEXT() REPRESENTATION_CONTEXT('2D SPACE',''
  ) );
#13387 = ORIENTED_EDGE('',*,*,#13388,.T.);
#13388 = EDGE_CURVE('',#13366,#13342,#13389,.T.);
#13389 = SURFACE_CURVE('',#13390,(#13394,#13401),.PCURVE_S1.);
#13390 = LINE('',#13391,#13392);
#13391 = CARTESIAN_POINT('',(31.,6.,1.305));
#13392 = VECTOR('',#13393,1.);
#13393 = DIRECTION('',(0.,1.,0.));
#13394 = PCURVE('',#6794,#13395);
#13395 = DEFINITIONAL_REPRESENTATION('',(#13396),#13400);
#13396 = LINE('',#13397,#13398);
#13397 = CARTESIAN_POINT('',(4.,0.));
#13398 = VECTOR('',#13399,1.);
#13399 = DIRECTION('',(0.,1.));
#13400 = ( GEOMETRIC_REPRESENTATION_CONTEXT(2) 
PARAMETRIC_REPRESENTATION_CONTEXT() REPRESENTATION_CONTEXT('2D SPACE',''
  ) );
#13401 = PCURVE('',#12782,#13402);
#13402 = DEFINITIONAL_REPRESENTATION('',(#13403),#13407);
#13403 = LINE('',#13404,#13405);
#13404 = CARTESIAN_POINT('',(0.,0.));
#13405 = VECTOR('',#13406,1.);
#13406 = DIRECTION('',(0.,-1.));
#13407 = ( GEOMETRIC_REPRESENTATION_CONTEXT(2) 
PARAMETRIC_REPRESENTATION_CONTEXT() REPRESENTATION_CONTEXT('2D SPACE',''
  ) );
#13408 = ADVANCED_FACE('',(#13409),#6870,.F.);
#13409 = FACE_BOUND('',#13410,.F.);
#13410 = EDGE_LOOP('',(#13411,#13412,#13413,#13436));
#13411 = ORIENTED_EDGE('',*,*,#13341,.F.);
#13412 = ORIENTED_EDGE('',*,*,#6857,.T.);
#13413 = ORIENTED_EDGE('',*,*,#13414,.T.);
#13414 = EDGE_CURVE('',#6832,#13415,#13417,.T.);
#13415 = VERTEX_POINT('',#13416);
#13416 = CARTESIAN_POINT('',(31.,18.,6.105));
#13417 = SURFACE_CURVE('',#13418,(#13422,#13429),.PCURVE_S1.);
#13418 = LINE('',#13419,#13420);
#13419 = CARTESIAN_POINT('',(27.,18.,6.105));
#13420 = VECTOR('',#13421,1.);
#13421 = DIRECTION('',(1.,0.,0.));
#13422 = PCURVE('',#6870,#13423);
#13423 = DEFINITIONAL_REPRESENTATION('',(#13424),#13428);
#13424 = LINE('',#13425,#13426);
#13425 = CARTESIAN_POINT('',(4.8,0.));
#13426 = VECTOR('',#13427,1.);
#13427 = DIRECTION('',(0.,1.));
#13428 = ( GEOMETRIC_REPRESENTATION_CONTEXT(2) 
PARAMETRIC_REPRESENTATION_CONTEXT() REPRESENTATION_CONTEXT('2D SPACE',''
  ) );
#13429 = PCURVE('',#6846,#13430);
#13430 = DEFINITIONAL_REPRESENTATION('',(#13431),#13435);
#13431 = LINE('',#13432,#13433);
#13432 = CARTESIAN_POINT('',(0.,12.));
#13433 = VECTOR('',#13434,1.);
#13434 = DIRECTION('',(1.,0.));
#13435 = ( GEOMETRIC_REPRESENTATION_CONTEXT(2) 
PARAMETRIC_REPRESENTATION_CONTEXT() REPRESENTATION_CONTEXT('2D SPACE',''
  ) );
#13436 = ORIENTED_EDGE('',*,*,#13437,.F.);
#13437 = EDGE_CURVE('',#13342,#13415,#13438,.T.);
#13438 = SURFACE_CURVE('',#13439,(#13443,#13450),.PCURVE_S1.);
#13439 = LINE('',#13440,#13441);
#13440 = CARTESIAN_POINT('',(31.,18.,1.305));
#13441 = VECTOR('',#13442,1.);
#13442 = DIRECTION('',(0.,0.,1.));
#13443 = PCURVE('',#6870,#13444);
#13444 = DEFINITIONAL_REPRESENTATION('',(#13445),#13449);
#13445 = LINE('',#13446,#13447);
#13446 = CARTESIAN_POINT('',(0.,4.));
#13447 = VECTOR('',#13448,1.);
#13448 = DIRECTION('',(1.,0.));
#13449 = ( GEOMETRIC_REPRESENTATION_CONTEXT(2) 
PARAMETRIC_REPRESENTATION_CONTEXT() REPRESENTATION_CONTEXT('2D SPACE',''
  ) );
#13450 = PCURVE('',#12782,#13451);
#13451 = DEFINITIONAL_REPRESENTATION('',(#13452),#13456);
#13452 = LINE('',#13453,#13454);
#13453 = CARTESIAN_POINT('',(0.,-12.));
#13454 = VECTOR('',#13455,1.);
#13455 = DIRECTION('',(1.,0.));
#13456 = ( GEOMETRIC_REPRESENTATION_CONTEXT(2) 
PARAMETRIC_REPRESENTATION_CONTEXT() REPRESENTATION_CONTEXT('2D SPACE',''
  ) );
#13457 = ADVANCED_FACE('',(#13458),#6846,.F.);
#13458 = FACE_BOUND('',#13459,.F.);
#13459 = EDGE_LOOP('',(#13460,#13461,#13462,#13485));
#13460 = ORIENTED_EDGE('',*,*,#13414,.F.);
#13461 = ORIENTED_EDGE('',*,*,#6831,.T.);
#13462 = ORIENTED_EDGE('',*,*,#13463,.T.);
#13463 = EDGE_CURVE('',#6806,#13464,#13466,.T.);
#13464 = VERTEX_POINT('',#13465);
#13465 = CARTESIAN_POINT('',(31.,6.,6.105));
#13466 = SURFACE_CURVE('',#13467,(#13471,#13478),.PCURVE_S1.);
#13467 = LINE('',#13468,#13469);
#13468 = CARTESIAN_POINT('',(27.,6.,6.105));
#13469 = VECTOR('',#13470,1.);
#13470 = DIRECTION('',(1.,0.,0.));
#13471 = PCURVE('',#6846,#13472);
#13472 = DEFINITIONAL_REPRESENTATION('',(#13473),#13477);
#13473 = LINE('',#13474,#13475);
#13474 = CARTESIAN_POINT('',(0.,0.));
#13475 = VECTOR('',#13476,1.);
#13476 = DIRECTION('',(1.,0.));
#13477 = ( GEOMETRIC_REPRESENTATION_CONTEXT(2) 
PARAMETRIC_REPRESENTATION_CONTEXT() REPRESENTATION_CONTEXT('2D SPACE',''
  ) );
#13478 = PCURVE('',#6820,#13479);
#13479 = DEFINITIONAL_REPRESENTATION('',(#13480),#13484);
#13480 = LINE('',#13481,#13482);
#13481 = CARTESIAN_POINT('',(4.8,0.));
#13482 = VECTOR('',#13483,1.);
#13483 = DIRECTION('',(0.,1.));
#13484 = ( GEOMETRIC_REPRESENTATION_CONTEXT(2) 
PARAMETRIC_REPRESENTATION_CONTEXT() REPRESENTATION_CONTEXT('2D SPACE',''
  ) );
#13485 = ORIENTED_EDGE('',*,*,#13486,.T.);
#13486 = EDGE_CURVE('',#13464,#13415,#13487,.T.);
#13487 = SURFACE_CURVE('',#13488,(#13492,#13499),.PCURVE_S1.);
#13488 = LINE('',#13489,#13490);
#13489 = CARTESIAN_POINT('',(31.,6.,6.105));
#13490 = VECTOR('',#13491,1.);
#13491 = DIRECTION('',(0.,1.,0.));
#13492 = PCURVE('',#6846,#13493);
#13493 = DEFINITIONAL_REPRESENTATION('',(#13494),#13498);
#13494 = LINE('',#13495,#13496);
#13495 = CARTESIAN_POINT('',(4.,0.));
#13496 = VECTOR('',#13497,1.);
#13497 = DIRECTION('',(0.,1.));
#13498 = ( GEOMETRIC_REPRESENTATION_CONTEXT(2) 
PARAMETRIC_REPRESENTATION_CONTEXT() REPRESENTATION_CONTEXT('2D SPACE',''
  ) );
#13499 = PCURVE('',#12782,#13500);
#13500 = DEFINITIONAL_REPRESENTATION('',(#13501),#13505);
#13501 = LINE('',#13502,#13503);
#13502 = CARTESIAN_POINT('',(4.8,0.));
#13503 = VECTOR('',#13504,1.);
#13504 = DIRECTION('',(0.,-1.));
#13505 = ( GEOMETRIC_REPRESENTATION_CONTEXT(2) 
PARAMETRIC_REPRESENTATION_CONTEXT() REPRESENTATION_CONTEXT('2D SPACE',''
  ) );
#13506 = ADVANCED_FACE('',(#13507),#6820,.T.);
#13507 = FACE_BOUND('',#13508,.T.);
#13508 = EDGE_LOOP('',(#13509,#13510,#13511,#13512));
#13509 = ORIENTED_EDGE('',*,*,#13365,.F.);
#13510 = ORIENTED_EDGE('',*,*,#6805,.T.);
#13511 = ORIENTED_EDGE('',*,*,#13463,.T.);
#13512 = ORIENTED_EDGE('',*,*,#13513,.F.);
#13513 = EDGE_CURVE('',#13366,#13464,#13514,.T.);
#13514 = SURFACE_CURVE('',#13515,(#13519,#13526),.PCURVE_S1.);
#13515 = LINE('',#13516,#13517);
#13516 = CARTESIAN_POINT('',(31.,6.,1.305));
#13517 = VECTOR('',#13518,1.);
#13518 = DIRECTION('',(0.,0.,1.));
#13519 = PCURVE('',#6820,#13520);
#13520 = DEFINITIONAL_REPRESENTATION('',(#13521),#13525);
#13521 = LINE('',#13522,#13523);
#13522 = CARTESIAN_POINT('',(0.,4.));
#13523 = VECTOR('',#13524,1.);
#13524 = DIRECTION('',(1.,0.));
#13525 = ( GEOMETRIC_REPRESENTATION_CONTEXT(2) 
PARAMETRIC_REPRESENTATION_CONTEXT() REPRESENTATION_CONTEXT('2D SPACE',''
  ) );
#13526 = PCURVE('',#12782,#13527);
#13527 = DEFINITIONAL_REPRESENTATION('',(#13528),#13532);
#13528 = LINE('',#13529,#13530);
#13529 = CARTESIAN_POINT('',(0.,0.));
#13530 = VECTOR('',#13531,1.);
#13531 = DIRECTION('',(1.,0.));
#13532 = ( GEOMETRIC_REPRESENTATION_CONTEXT(2) 
PARAMETRIC_REPRESENTATION_CONTEXT() REPRESENTATION_CONTEXT('2D SPACE',''
  ) );
#13533 = ADVANCED_FACE('',(#13534),#6974,.T.);
#13534 = FACE_BOUND('',#13535,.T.);
#13535 = EDGE_LOOP('',(#13536,#13537,#13538,#13539,#13540));
#13536 = ORIENTED_EDGE('',*,*,#7408,.F.);
#13537 = ORIENTED_EDGE('',*,*,#12476,.T.);
#13538 = ORIENTED_EDGE('',*,*,#12523,.T.);
#13539 = ORIENTED_EDGE('',*,*,#6957,.T.);
#13540 = ORIENTED_EDGE('',*,*,#7107,.F.);
#13541 = ADVANCED_FACE('',(#13542),#7236,.T.);
#13542 = FACE_BOUND('',#13543,.T.);
#13543 = EDGE_LOOP('',(#13544,#13565,#13566,#13567,#13568,#13569,#13570,
    #13571,#13572,#13573,#13574));
#13544 = ORIENTED_EDGE('',*,*,#13545,.F.);
#13545 = EDGE_CURVE('',#7292,#12320,#13546,.T.);
#13546 = SURFACE_CURVE('',#13547,(#13551,#13558),.PCURVE_S1.);
#13547 = LINE('',#13548,#13549);
#13548 = CARTESIAN_POINT('',(-31.6,22.,2.35));
#13549 = VECTOR('',#13550,1.);
#13550 = DIRECTION('',(1.,0.,0.));
#13551 = PCURVE('',#7236,#13552);
#13552 = DEFINITIONAL_REPRESENTATION('',(#13553),#13557);
#13553 = LINE('',#13554,#13555);
#13554 = CARTESIAN_POINT('',(0.,0.8));
#13555 = VECTOR('',#13556,1.);
#13556 = DIRECTION('',(1.,0.));
#13557 = ( GEOMETRIC_REPRESENTATION_CONTEXT(2) 
PARAMETRIC_REPRESENTATION_CONTEXT() REPRESENTATION_CONTEXT('2D SPACE',''
  ) );
#13558 = PCURVE('',#7328,#13559);
#13559 = DEFINITIONAL_REPRESENTATION('',(#13560),#13564);
#13560 = LINE('',#13561,#13562);
#13561 = CARTESIAN_POINT('',(1.8,0.));
#13562 = VECTOR('',#13563,1.);
#13563 = DIRECTION('',(0.,1.));
#13564 = ( GEOMETRIC_REPRESENTATION_CONTEXT(2) 
PARAMETRIC_REPRESENTATION_CONTEXT() REPRESENTATION_CONTEXT('2D SPACE',''
  ) );
#13565 = ORIENTED_EDGE('',*,*,#7291,.T.);
#13566 = ORIENTED_EDGE('',*,*,#10457,.T.);
#13567 = ORIENTED_EDGE('',*,*,#10502,.F.);
#13568 = ORIENTED_EDGE('',*,*,#10216,.F.);
#13569 = ORIENTED_EDGE('',*,*,#7221,.T.);
#13570 = ORIENTED_EDGE('',*,*,#10189,.T.);
#13571 = ORIENTED_EDGE('',*,*,#7707,.T.);
#13572 = ORIENTED_EDGE('',*,*,#8491,.T.);
#13573 = ORIENTED_EDGE('',*,*,#9882,.F.);
#13574 = ORIENTED_EDGE('',*,*,#12319,.T.);
#13575 = ADVANCED_FACE('',(#13576),#7354,.T.);
#13576 = FACE_BOUND('',#13577,.T.);
#13577 = EDGE_LOOP('',(#13578,#13579,#13580,#13599));
#13578 = ORIENTED_EDGE('',*,*,#12449,.F.);
#13579 = ORIENTED_EDGE('',*,*,#7339,.T.);
#13580 = ORIENTED_EDGE('',*,*,#13581,.T.);
#13581 = EDGE_CURVE('',#7314,#12348,#13582,.T.);
#13582 = SURFACE_CURVE('',#13583,(#13587,#13593),.PCURVE_S1.);
#13583 = LINE('',#13584,#13585);
#13584 = CARTESIAN_POINT('',(-31.2,22.,1.75));
#13585 = VECTOR('',#13586,1.);
#13586 = DIRECTION('',(1.,0.,0.));
#13587 = PCURVE('',#7354,#13588);
#13588 = DEFINITIONAL_REPRESENTATION('',(#13589),#13592);
#13589 = B_SPLINE_CURVE_WITH_KNOTS('',1,(#13590,#13591),.UNSPECIFIED.,
  .F.,.F.,(2,2),(0.8,24.),.PIECEWISE_BEZIER_KNOTS.);
#13590 = CARTESIAN_POINT('',(0.4,0.4));
#13591 = CARTESIAN_POINT('',(23.6,0.4));
#13592 = ( GEOMETRIC_REPRESENTATION_CONTEXT(2) 
PARAMETRIC_REPRESENTATION_CONTEXT() REPRESENTATION_CONTEXT('2D SPACE',''
  ) );
#13593 = PCURVE('',#7328,#13594);
#13594 = DEFINITIONAL_REPRESENTATION('',(#13595),#13598);
#13595 = B_SPLINE_CURVE_WITH_KNOTS('',1,(#13596,#13597),.UNSPECIFIED.,
  .F.,.F.,(2,2),(0.8,24.),.PIECEWISE_BEZIER_KNOTS.);
#13596 = CARTESIAN_POINT('',(1.2,1.2));
#13597 = CARTESIAN_POINT('',(1.2,24.4));
#13598 = ( GEOMETRIC_REPRESENTATION_CONTEXT(2) 
PARAMETRIC_REPRESENTATION_CONTEXT() REPRESENTATION_CONTEXT('2D SPACE',''
  ) );
#13599 = ORIENTED_EDGE('',*,*,#12368,.T.);
#13600 = ADVANCED_FACE('',(#13601),#7328,.T.);
#13601 = FACE_BOUND('',#13602,.T.);
#13602 = EDGE_LOOP('',(#13603,#13604,#13605,#13606));
#13603 = ORIENTED_EDGE('',*,*,#13581,.F.);
#13604 = ORIENTED_EDGE('',*,*,#7313,.T.);
#13605 = ORIENTED_EDGE('',*,*,#13545,.T.);
#13606 = ORIENTED_EDGE('',*,*,#12347,.T.);
#13607 = ADVANCED_FACE('',(#13608),#7449,.T.);
#13608 = FACE_BOUND('',#13609,.T.);
#13609 = EDGE_LOOP('',(#13610,#13631,#13632,#13653));
#13610 = ORIENTED_EDGE('',*,*,#13611,.F.);
#13611 = EDGE_CURVE('',#12608,#7433,#13612,.T.);
#13612 = SURFACE_CURVE('',#13613,(#13617,#13624),.PCURVE_S1.);
#13613 = LINE('',#13614,#13615);
#13614 = CARTESIAN_POINT('',(-31.,19.4,1.05));
#13615 = VECTOR('',#13616,1.);
#13616 = DIRECTION('',(1.,0.,0.));
#13617 = PCURVE('',#7449,#13618);
#13618 = DEFINITIONAL_REPRESENTATION('',(#13619),#13623);
#13619 = LINE('',#13620,#13621);
#13620 = CARTESIAN_POINT('',(0.,14.8));
#13621 = VECTOR('',#13622,1.);
#13622 = DIRECTION('',(1.,0.));
#13623 = ( GEOMETRIC_REPRESENTATION_CONTEXT(2) 
PARAMETRIC_REPRESENTATION_CONTEXT() REPRESENTATION_CONTEXT('2D SPACE',''
  ) );
#13624 = PCURVE('',#7525,#13625);
#13625 = DEFINITIONAL_REPRESENTATION('',(#13626),#13630);
#13626 = LINE('',#13627,#13628);
#13627 = CARTESIAN_POINT('',(0.,0.));
#13628 = VECTOR('',#13629,1.);
#13629 = DIRECTION('',(0.,1.));
#13630 = ( GEOMETRIC_REPRESENTATION_CONTEXT(2) 
PARAMETRIC_REPRESENTATION_CONTEXT() REPRESENTATION_CONTEXT('2D SPACE',''
  ) );
#13631 = ORIENTED_EDGE('',*,*,#12607,.F.);
#13632 = ORIENTED_EDGE('',*,*,#13633,.T.);
#13633 = EDGE_CURVE('',#12583,#7435,#13634,.T.);
#13634 = SURFACE_CURVE('',#13635,(#13639,#13646),.PCURVE_S1.);
#13635 = LINE('',#13636,#13637);
#13636 = CARTESIAN_POINT('',(-31.,4.6,1.05));
#13637 = VECTOR('',#13638,1.);
#13638 = DIRECTION('',(1.,0.,0.));
#13639 = PCURVE('',#7449,#13640);
#13640 = DEFINITIONAL_REPRESENTATION('',(#13641),#13645);
#13641 = LINE('',#13642,#13643);
#13642 = CARTESIAN_POINT('',(0.,0.));
#13643 = VECTOR('',#13644,1.);
#13644 = DIRECTION('',(1.,0.));
#13645 = ( GEOMETRIC_REPRESENTATION_CONTEXT(2) 
PARAMETRIC_REPRESENTATION_CONTEXT() REPRESENTATION_CONTEXT('2D SPACE',''
  ) );
#13646 = PCURVE('',#7475,#13647);
#13647 = DEFINITIONAL_REPRESENTATION('',(#13648),#13652);
#13648 = LINE('',#13649,#13650);
#13649 = CARTESIAN_POINT('',(0.,0.));
#13650 = VECTOR('',#13651,1.);
#13651 = DIRECTION('',(0.,1.));
#13652 = ( GEOMETRIC_REPRESENTATION_CONTEXT(2) 
PARAMETRIC_REPRESENTATION_CONTEXT() REPRESENTATION_CONTEXT('2D SPACE',''
  ) );
#13653 = ORIENTED_EDGE('',*,*,#7432,.F.);
#13654 = ADVANCED_FACE('',(#13655),#7525,.F.);
#13655 = FACE_BOUND('',#13656,.F.);
#13656 = EDGE_LOOP('',(#13657,#13658,#13659,#13680));
#13657 = ORIENTED_EDGE('',*,*,#13611,.F.);
#13658 = ORIENTED_EDGE('',*,*,#12630,.T.);
#13659 = ORIENTED_EDGE('',*,*,#13660,.T.);
#13660 = EDGE_CURVE('',#12631,#7487,#13661,.T.);
#13661 = SURFACE_CURVE('',#13662,(#13666,#13673),.PCURVE_S1.);
#13662 = LINE('',#13663,#13664);
#13663 = CARTESIAN_POINT('',(-31.,19.4,3.55));
#13664 = VECTOR('',#13665,1.);
#13665 = DIRECTION('',(1.,0.,0.));
#13666 = PCURVE('',#7525,#13667);
#13667 = DEFINITIONAL_REPRESENTATION('',(#13668),#13672);
#13668 = LINE('',#13669,#13670);
#13669 = CARTESIAN_POINT('',(2.5,0.));
#13670 = VECTOR('',#13671,1.);
#13671 = DIRECTION('',(0.,1.));
#13672 = ( GEOMETRIC_REPRESENTATION_CONTEXT(2) 
PARAMETRIC_REPRESENTATION_CONTEXT() REPRESENTATION_CONTEXT('2D SPACE',''
  ) );
#13673 = PCURVE('',#7501,#13674);
#13674 = DEFINITIONAL_REPRESENTATION('',(#13675),#13679);
#13675 = LINE('',#13676,#13677);
#13676 = CARTESIAN_POINT('',(0.,14.8));
#13677 = VECTOR('',#13678,1.);
#13678 = DIRECTION('',(1.,0.));
#13679 = ( GEOMETRIC_REPRESENTATION_CONTEXT(2) 
PARAMETRIC_REPRESENTATION_CONTEXT() REPRESENTATION_CONTEXT('2D SPACE',''
  ) );
#13680 = ORIENTED_EDGE('',*,*,#7512,.F.);
#13681 = ADVANCED_FACE('',(#13682),#7501,.F.);
#13682 = FACE_BOUND('',#13683,.F.);
#13683 = EDGE_LOOP('',(#13684,#13685,#13686,#13707));
#13684 = ORIENTED_EDGE('',*,*,#13660,.F.);
#13685 = ORIENTED_EDGE('',*,*,#12653,.F.);
#13686 = ORIENTED_EDGE('',*,*,#13687,.T.);
#13687 = EDGE_CURVE('',#12585,#7461,#13688,.T.);
#13688 = SURFACE_CURVE('',#13689,(#13693,#13700),.PCURVE_S1.);
#13689 = LINE('',#13690,#13691);
#13690 = CARTESIAN_POINT('',(-31.,4.6,3.55));
#13691 = VECTOR('',#13692,1.);
#13692 = DIRECTION('',(1.,0.,0.));
#13693 = PCURVE('',#7501,#13694);
#13694 = DEFINITIONAL_REPRESENTATION('',(#13695),#13699);
#13695 = LINE('',#13696,#13697);
#13696 = CARTESIAN_POINT('',(0.,0.));
#13697 = VECTOR('',#13698,1.);
#13698 = DIRECTION('',(1.,0.));
#13699 = ( GEOMETRIC_REPRESENTATION_CONTEXT(2) 
PARAMETRIC_REPRESENTATION_CONTEXT() REPRESENTATION_CONTEXT('2D SPACE',''
  ) );
#13700 = PCURVE('',#7475,#13701);
#13701 = DEFINITIONAL_REPRESENTATION('',(#13702),#13706);
#13702 = LINE('',#13703,#13704);
#13703 = CARTESIAN_POINT('',(2.5,0.));
#13704 = VECTOR('',#13705,1.);
#13705 = DIRECTION('',(0.,1.));
#13706 = ( GEOMETRIC_REPRESENTATION_CONTEXT(2) 
PARAMETRIC_REPRESENTATION_CONTEXT() REPRESENTATION_CONTEXT('2D SPACE',''
  ) );
#13707 = ORIENTED_EDGE('',*,*,#7486,.F.);
#13708 = ADVANCED_FACE('',(#13709),#7475,.T.);
#13709 = FACE_BOUND('',#13710,.T.);
#13710 = EDGE_LOOP('',(#13711,#13712,#13713,#13714));
#13711 = ORIENTED_EDGE('',*,*,#13633,.F.);
#13712 = ORIENTED_EDGE('',*,*,#12582,.T.);
#13713 = ORIENTED_EDGE('',*,*,#13687,.T.);
#13714 = ORIENTED_EDGE('',*,*,#7460,.F.);
#13715 = ADVANCED_FACE('',(#13716),#7598,.T.);
#13716 = FACE_BOUND('',#13717,.T.);
#13717 = EDGE_LOOP('',(#13718,#13719,#13720,#13721,#13722,#13723,#13724,
    #13725,#13726,#13727,#13728,#13729,#13730,#13731,#13732,#13733,
    #13734,#13754,#13755,#13756,#13757,#13758,#13759,#13760));
#13718 = ORIENTED_EDGE('',*,*,#10135,.F.);
#13719 = ORIENTED_EDGE('',*,*,#10160,.T.);
#13720 = ORIENTED_EDGE('',*,*,#9696,.F.);
#13721 = ORIENTED_EDGE('',*,*,#9740,.F.);
#13722 = ORIENTED_EDGE('',*,*,#9809,.F.);
#13723 = ORIENTED_EDGE('',*,*,#9834,.T.);
#13724 = ORIENTED_EDGE('',*,*,#8557,.F.);
#13725 = ORIENTED_EDGE('',*,*,#8601,.F.);
#13726 = ORIENTED_EDGE('',*,*,#8650,.F.);
#13727 = ORIENTED_EDGE('',*,*,#7899,.T.);
#13728 = ORIENTED_EDGE('',*,*,#8927,.T.);
#13729 = ORIENTED_EDGE('',*,*,#8972,.F.);
#13730 = ORIENTED_EDGE('',*,*,#9023,.T.);
#13731 = ORIENTED_EDGE('',*,*,#9070,.T.);
#13732 = ORIENTED_EDGE('',*,*,#9119,.T.);
#13733 = ORIENTED_EDGE('',*,*,#9217,.F.);
#13734 = ORIENTED_EDGE('',*,*,#13735,.T.);
#13735 = EDGE_CURVE('',#9218,#9364,#13736,.T.);
#13736 = SURFACE_CURVE('',#13737,(#13741,#13748),.PCURVE_S1.);
#13737 = LINE('',#13738,#13739);
#13738 = CARTESIAN_POINT('',(-24.52957635,-28.7629905,1.95));
#13739 = VECTOR('',#13740,1.);
#13740 = DIRECTION('',(1.,0.,0.));
#13741 = PCURVE('',#7598,#13742);
#13742 = DEFINITIONAL_REPRESENTATION('',(#13743),#13747);
#13743 = LINE('',#13744,#13745);
#13744 = CARTESIAN_POINT('',(6.47042365,3.70095E-02));
#13745 = VECTOR('',#13746,1.);
#13746 = DIRECTION('',(1.,0.));
#13747 = ( GEOMETRIC_REPRESENTATION_CONTEXT(2) 
PARAMETRIC_REPRESENTATION_CONTEXT() REPRESENTATION_CONTEXT('2D SPACE',''
  ) );
#13748 = PCURVE('',#9253,#13749);
#13749 = DEFINITIONAL_REPRESENTATION('',(#13750),#13753);
#13750 = B_SPLINE_CURVE_WITH_KNOTS('',1,(#13751,#13752),.UNSPECIFIED.,
  .F.,.F.,(2,2),(6.47042365,34.47042365),.PIECEWISE_BEZIER_KNOTS.);
#13751 = CARTESIAN_POINT('',(1.4,0.));
#13752 = CARTESIAN_POINT('',(1.4,28.));
#13753 = ( GEOMETRIC_REPRESENTATION_CONTEXT(2) 
PARAMETRIC_REPRESENTATION_CONTEXT() REPRESENTATION_CONTEXT('2D SPACE',''
  ) );
#13754 = ORIENTED_EDGE('',*,*,#9363,.T.);
#13755 = ORIENTED_EDGE('',*,*,#9411,.T.);
#13756 = ORIENTED_EDGE('',*,*,#9456,.F.);
#13757 = ORIENTED_EDGE('',*,*,#9507,.T.);
#13758 = ORIENTED_EDGE('',*,*,#9554,.T.);
#13759 = ORIENTED_EDGE('',*,*,#9603,.T.);
#13760 = ORIENTED_EDGE('',*,*,#7583,.F.);
#13761 = ADVANCED_FACE('',(#13762),#7983,.T.);
#13762 = FACE_BOUND('',#13763,.T.);
#13763 = EDGE_LOOP('',(#13764,#13765,#13766,#13767));
#13764 = ORIENTED_EDGE('',*,*,#8773,.F.);
#13765 = ORIENTED_EDGE('',*,*,#7968,.T.);
#13766 = ORIENTED_EDGE('',*,*,#8675,.T.);
#13767 = ORIENTED_EDGE('',*,*,#8748,.F.);
#13768 = ADVANCED_FACE('',(#13769),#8050,.T.);
#13769 = FACE_BOUND('',#13770,.T.);
#13770 = EDGE_LOOP('',(#13771,#13772,#13773,#13774));
#13771 = ORIENTED_EDGE('',*,*,#8898,.F.);
#13772 = ORIENTED_EDGE('',*,*,#8035,.T.);
#13773 = ORIENTED_EDGE('',*,*,#8800,.T.);
#13774 = ORIENTED_EDGE('',*,*,#8873,.F.);
#13775 = ADVANCED_FACE('',(#13776),#8122,.F.);
#13776 = FACE_BOUND('',#13777,.F.);
#13777 = EDGE_LOOP('',(#13778,#13801,#13824,#13845));
#13778 = ORIENTED_EDGE('',*,*,#13779,.F.);
#13779 = EDGE_CURVE('',#13780,#8106,#13782,.T.);
#13780 = VERTEX_POINT('',#13781);
#13781 = CARTESIAN_POINT('',(-4.,-63.,7.52248296));
#13782 = SURFACE_CURVE('',#13783,(#13787,#13794),.PCURVE_S1.);
#13783 = LINE('',#13784,#13785);
#13784 = CARTESIAN_POINT('',(-4.,-63.,7.52248296));
#13785 = VECTOR('',#13786,1.);
#13786 = DIRECTION('',(0.,1.,0.));
#13787 = PCURVE('',#8122,#13788);
#13788 = DEFINITIONAL_REPRESENTATION('',(#13789),#13793);
#13789 = LINE('',#13790,#13791);
#13790 = CARTESIAN_POINT('',(0.,0.));
#13791 = VECTOR('',#13792,1.);
#13792 = DIRECTION('',(0.,1.));
#13793 = ( GEOMETRIC_REPRESENTATION_CONTEXT(2) 
PARAMETRIC_REPRESENTATION_CONTEXT() REPRESENTATION_CONTEXT('2D SPACE',''
  ) );
#13794 = PCURVE('',#8148,#13795);
#13795 = DEFINITIONAL_REPRESENTATION('',(#13796),#13800);
#13796 = LINE('',#13797,#13798);
#13797 = CARTESIAN_POINT('',(6.2,0.));
#13798 = VECTOR('',#13799,1.);
#13799 = DIRECTION('',(0.,-1.));
#13800 = ( GEOMETRIC_REPRESENTATION_CONTEXT(2) 
PARAMETRIC_REPRESENTATION_CONTEXT() REPRESENTATION_CONTEXT('2D SPACE',''
  ) );
#13801 = ORIENTED_EDGE('',*,*,#13802,.T.);
#13802 = EDGE_CURVE('',#13780,#13803,#13805,.T.);
#13803 = VERTEX_POINT('',#13804);
#13804 = CARTESIAN_POINT('',(4.,-63.,7.52248296));
#13805 = SURFACE_CURVE('',#13806,(#13810,#13817),.PCURVE_S1.);
#13806 = LINE('',#13807,#13808);
#13807 = CARTESIAN_POINT('',(-4.,-63.,7.52248296));
#13808 = VECTOR('',#13809,1.);
#13809 = DIRECTION('',(1.,0.,0.));
#13810 = PCURVE('',#8122,#13811);
#13811 = DEFINITIONAL_REPRESENTATION('',(#13812),#13816);
#13812 = LINE('',#13813,#13814);
#13813 = CARTESIAN_POINT('',(0.,0.));
#13814 = VECTOR('',#13815,1.);
#13815 = DIRECTION('',(1.,0.));
#13816 = ( GEOMETRIC_REPRESENTATION_CONTEXT(2) 
PARAMETRIC_REPRESENTATION_CONTEXT() REPRESENTATION_CONTEXT('2D SPACE',''
  ) );
#13817 = PCURVE('',#12704,#13818);
#13818 = DEFINITIONAL_REPRESENTATION('',(#13819),#13823);
#13819 = LINE('',#13820,#13821);
#13820 = CARTESIAN_POINT('',(6.2,0.));
#13821 = VECTOR('',#13822,1.);
#13822 = DIRECTION('',(0.,1.));
#13823 = ( GEOMETRIC_REPRESENTATION_CONTEXT(2) 
PARAMETRIC_REPRESENTATION_CONTEXT() REPRESENTATION_CONTEXT('2D SPACE',''
  ) );
#13824 = ORIENTED_EDGE('',*,*,#13825,.T.);
#13825 = EDGE_CURVE('',#13803,#8108,#13826,.T.);
#13826 = SURFACE_CURVE('',#13827,(#13831,#13838),.PCURVE_S1.);
#13827 = LINE('',#13828,#13829);
#13828 = CARTESIAN_POINT('',(4.,-63.,7.52248296));
#13829 = VECTOR('',#13830,1.);
#13830 = DIRECTION('',(0.,1.,0.));
#13831 = PCURVE('',#8122,#13832);
#13832 = DEFINITIONAL_REPRESENTATION('',(#13833),#13837);
#13833 = LINE('',#13834,#13835);
#13834 = CARTESIAN_POINT('',(8.,0.));
#13835 = VECTOR('',#13836,1.);
#13836 = DIRECTION('',(0.,1.));
#13837 = ( GEOMETRIC_REPRESENTATION_CONTEXT(2) 
PARAMETRIC_REPRESENTATION_CONTEXT() REPRESENTATION_CONTEXT('2D SPACE',''
  ) );
#13838 = PCURVE('',#8198,#13839);
#13839 = DEFINITIONAL_REPRESENTATION('',(#13840),#13844);
#13840 = LINE('',#13841,#13842);
#13841 = CARTESIAN_POINT('',(6.2,0.));
#13842 = VECTOR('',#13843,1.);
#13843 = DIRECTION('',(0.,-1.));
#13844 = ( GEOMETRIC_REPRESENTATION_CONTEXT(2) 
PARAMETRIC_REPRESENTATION_CONTEXT() REPRESENTATION_CONTEXT('2D SPACE',''
  ) );
#13845 = ORIENTED_EDGE('',*,*,#8105,.F.);
#13846 = ADVANCED_FACE('',(#13847),#8198,.F.);
#13847 = FACE_BOUND('',#13848,.F.);
#13848 = EDGE_LOOP('',(#13849,#13850,#13873,#13894));
#13849 = ORIENTED_EDGE('',*,*,#13825,.F.);
#13850 = ORIENTED_EDGE('',*,*,#13851,.F.);
#13851 = EDGE_CURVE('',#13852,#13803,#13854,.T.);
#13852 = VERTEX_POINT('',#13853);
#13853 = CARTESIAN_POINT('',(4.,-63.,1.32248296));
#13854 = SURFACE_CURVE('',#13855,(#13859,#13866),.PCURVE_S1.);
#13855 = LINE('',#13856,#13857);
#13856 = CARTESIAN_POINT('',(4.,-63.,1.32248296));
#13857 = VECTOR('',#13858,1.);
#13858 = DIRECTION('',(0.,0.,1.));
#13859 = PCURVE('',#8198,#13860);
#13860 = DEFINITIONAL_REPRESENTATION('',(#13861),#13865);
#13861 = LINE('',#13862,#13863);
#13862 = CARTESIAN_POINT('',(0.,0.));
#13863 = VECTOR('',#13864,1.);
#13864 = DIRECTION('',(1.,0.));
#13865 = ( GEOMETRIC_REPRESENTATION_CONTEXT(2) 
PARAMETRIC_REPRESENTATION_CONTEXT() REPRESENTATION_CONTEXT('2D SPACE',''
  ) );
#13866 = PCURVE('',#12704,#13867);
#13867 = DEFINITIONAL_REPRESENTATION('',(#13868),#13872);
#13868 = LINE('',#13869,#13870);
#13869 = CARTESIAN_POINT('',(0.,8.));
#13870 = VECTOR('',#13871,1.);
#13871 = DIRECTION('',(1.,0.));
#13872 = ( GEOMETRIC_REPRESENTATION_CONTEXT(2) 
PARAMETRIC_REPRESENTATION_CONTEXT() REPRESENTATION_CONTEXT('2D SPACE',''
  ) );
#13873 = ORIENTED_EDGE('',*,*,#13874,.T.);
#13874 = EDGE_CURVE('',#13852,#8160,#13875,.T.);
#13875 = SURFACE_CURVE('',#13876,(#13880,#13887),.PCURVE_S1.);
#13876 = LINE('',#13877,#13878);
#13877 = CARTESIAN_POINT('',(4.,-63.,1.32248296));
#13878 = VECTOR('',#13879,1.);
#13879 = DIRECTION('',(0.,1.,0.));
#13880 = PCURVE('',#8198,#13881);
#13881 = DEFINITIONAL_REPRESENTATION('',(#13882),#13886);
#13882 = LINE('',#13883,#13884);
#13883 = CARTESIAN_POINT('',(0.,0.));
#13884 = VECTOR('',#13885,1.);
#13885 = DIRECTION('',(0.,-1.));
#13886 = ( GEOMETRIC_REPRESENTATION_CONTEXT(2) 
PARAMETRIC_REPRESENTATION_CONTEXT() REPRESENTATION_CONTEXT('2D SPACE',''
  ) );
#13887 = PCURVE('',#8174,#13888);
#13888 = DEFINITIONAL_REPRESENTATION('',(#13889),#13893);
#13889 = LINE('',#13890,#13891);
#13890 = CARTESIAN_POINT('',(8.,0.));
#13891 = VECTOR('',#13892,1.);
#13892 = DIRECTION('',(0.,1.));
#13893 = ( GEOMETRIC_REPRESENTATION_CONTEXT(2) 
PARAMETRIC_REPRESENTATION_CONTEXT() REPRESENTATION_CONTEXT('2D SPACE',''
  ) );
#13894 = ORIENTED_EDGE('',*,*,#8185,.F.);
#13895 = ADVANCED_FACE('',(#13896),#8174,.T.);
#13896 = FACE_BOUND('',#13897,.T.);
#13897 = EDGE_LOOP('',(#13898,#13921,#13942,#13943));
#13898 = ORIENTED_EDGE('',*,*,#13899,.F.);
#13899 = EDGE_CURVE('',#13900,#8134,#13902,.T.);
#13900 = VERTEX_POINT('',#13901);
#13901 = CARTESIAN_POINT('',(-4.,-63.,1.32248296));
#13902 = SURFACE_CURVE('',#13903,(#13907,#13914),.PCURVE_S1.);
#13903 = LINE('',#13904,#13905);
#13904 = CARTESIAN_POINT('',(-4.,-63.,1.32248296));
#13905 = VECTOR('',#13906,1.);
#13906 = DIRECTION('',(0.,1.,0.));
#13907 = PCURVE('',#8174,#13908);
#13908 = DEFINITIONAL_REPRESENTATION('',(#13909),#13913);
#13909 = LINE('',#13910,#13911);
#13910 = CARTESIAN_POINT('',(0.,0.));
#13911 = VECTOR('',#13912,1.);
#13912 = DIRECTION('',(0.,1.));
#13913 = ( GEOMETRIC_REPRESENTATION_CONTEXT(2) 
PARAMETRIC_REPRESENTATION_CONTEXT() REPRESENTATION_CONTEXT('2D SPACE',''
  ) );
#13914 = PCURVE('',#8148,#13915);
#13915 = DEFINITIONAL_REPRESENTATION('',(#13916),#13920);
#13916 = LINE('',#13917,#13918);
#13917 = CARTESIAN_POINT('',(0.,0.));
#13918 = VECTOR('',#13919,1.);
#13919 = DIRECTION('',(0.,-1.));
#13920 = ( GEOMETRIC_REPRESENTATION_CONTEXT(2) 
PARAMETRIC_REPRESENTATION_CONTEXT() REPRESENTATION_CONTEXT('2D SPACE',''
  ) );
#13921 = ORIENTED_EDGE('',*,*,#13922,.T.);
#13922 = EDGE_CURVE('',#13900,#13852,#13923,.T.);
#13923 = SURFACE_CURVE('',#13924,(#13928,#13935),.PCURVE_S1.);
#13924 = LINE('',#13925,#13926);
#13925 = CARTESIAN_POINT('',(-4.,-63.,1.32248296));
#13926 = VECTOR('',#13927,1.);
#13927 = DIRECTION('',(1.,0.,0.));
#13928 = PCURVE('',#8174,#13929);
#13929 = DEFINITIONAL_REPRESENTATION('',(#13930),#13934);
#13930 = LINE('',#13931,#13932);
#13931 = CARTESIAN_POINT('',(0.,0.));
#13932 = VECTOR('',#13933,1.);
#13933 = DIRECTION('',(1.,0.));
#13934 = ( GEOMETRIC_REPRESENTATION_CONTEXT(2) 
PARAMETRIC_REPRESENTATION_CONTEXT() REPRESENTATION_CONTEXT('2D SPACE',''
  ) );
#13935 = PCURVE('',#12704,#13936);
#13936 = DEFINITIONAL_REPRESENTATION('',(#13937),#13941);
#13937 = LINE('',#13938,#13939);
#13938 = CARTESIAN_POINT('',(0.,0.));
#13939 = VECTOR('',#13940,1.);
#13940 = DIRECTION('',(0.,1.));
#13941 = ( GEOMETRIC_REPRESENTATION_CONTEXT(2) 
PARAMETRIC_REPRESENTATION_CONTEXT() REPRESENTATION_CONTEXT('2D SPACE',''
  ) );
#13942 = ORIENTED_EDGE('',*,*,#13874,.T.);
#13943 = ORIENTED_EDGE('',*,*,#8159,.F.);
#13944 = ADVANCED_FACE('',(#13945),#8148,.T.);
#13945 = FACE_BOUND('',#13946,.T.);
#13946 = EDGE_LOOP('',(#13947,#13948,#13969,#13970));
#13947 = ORIENTED_EDGE('',*,*,#13779,.F.);
#13948 = ORIENTED_EDGE('',*,*,#13949,.F.);
#13949 = EDGE_CURVE('',#13900,#13780,#13950,.T.);
#13950 = SURFACE_CURVE('',#13951,(#13955,#13962),.PCURVE_S1.);
#13951 = LINE('',#13952,#13953);
#13952 = CARTESIAN_POINT('',(-4.,-63.,1.32248296));
#13953 = VECTOR('',#13954,1.);
#13954 = DIRECTION('',(0.,0.,1.));
#13955 = PCURVE('',#8148,#13956);
#13956 = DEFINITIONAL_REPRESENTATION('',(#13957),#13961);
#13957 = LINE('',#13958,#13959);
#13958 = CARTESIAN_POINT('',(0.,0.));
#13959 = VECTOR('',#13960,1.);
#13960 = DIRECTION('',(1.,0.));
#13961 = ( GEOMETRIC_REPRESENTATION_CONTEXT(2) 
PARAMETRIC_REPRESENTATION_CONTEXT() REPRESENTATION_CONTEXT('2D SPACE',''
  ) );
#13962 = PCURVE('',#12704,#13963);
#13963 = DEFINITIONAL_REPRESENTATION('',(#13964),#13968);
#13964 = LINE('',#13965,#13966);
#13965 = CARTESIAN_POINT('',(0.,0.));
#13966 = VECTOR('',#13967,1.);
#13967 = DIRECTION('',(1.,0.));
#13968 = ( GEOMETRIC_REPRESENTATION_CONTEXT(2) 
PARAMETRIC_REPRESENTATION_CONTEXT() REPRESENTATION_CONTEXT('2D SPACE',''
  ) );
#13969 = ORIENTED_EDGE('',*,*,#13899,.T.);
#13970 = ORIENTED_EDGE('',*,*,#8133,.F.);
#13971 = ADVANCED_FACE('',(#13972,#13975),#8308,.T.);
#13972 = FACE_BOUND('',#13973,.T.);
#13973 = EDGE_LOOP('',(#13974));
#13974 = ORIENTED_EDGE('',*,*,#8293,.T.);
#13975 = FACE_BOUND('',#13976,.T.);
#13976 = EDGE_LOOP('',(#13977));
#13977 = ORIENTED_EDGE('',*,*,#13978,.T.);
#13978 = EDGE_CURVE('',#13979,#13979,#13981,.T.);
#13979 = VERTEX_POINT('',#13980);
#13980 = CARTESIAN_POINT('',(28.65,-59.5,7.5));
#13981 = SURFACE_CURVE('',#13982,(#13987,#13998),.PCURVE_S1.);
#13982 = CIRCLE('',#13983,0.65);
#13983 = AXIS2_PLACEMENT_3D('',#13984,#13985,#13986);
#13984 = CARTESIAN_POINT('',(28.,-59.5,7.5));
#13985 = DIRECTION('',(0.,0.,-1.));
#13986 = DIRECTION('',(1.,0.,0.));
#13987 = PCURVE('',#8308,#13988);
#13988 = DEFINITIONAL_REPRESENTATION('',(#13989),#13997);
#13989 = ( BOUNDED_CURVE() B_SPLINE_CURVE(2,(#13990,#13991,#13992,#13993
    ,#13994,#13995,#13996),.UNSPECIFIED.,.T.,.F.) 
B_SPLINE_CURVE_WITH_KNOTS((1,2,2,2,2,1),(-2.094395102393,0.,
    2.094395102393,4.188790204786,6.28318530718,8.377580409573),
.UNSPECIFIED.) CURVE() GEOMETRIC_REPRESENTATION_ITEM() 
RATIONAL_B_SPLINE_CURVE((1.,0.5,1.,0.5,1.,0.5,1.)) REPRESENTATION_ITEM(
  '') );
#13990 = CARTESIAN_POINT('',(0.65,0.));
#13991 = CARTESIAN_POINT('',(0.65,-1.12583302492));
#13992 = CARTESIAN_POINT('',(-0.325,-0.56291651246));
#13993 = CARTESIAN_POINT('',(-1.3,-1.592040838892E-16));
#13994 = CARTESIAN_POINT('',(-0.325,0.56291651246));
#13995 = CARTESIAN_POINT('',(0.65,1.12583302492));
#13996 = CARTESIAN_POINT('',(0.65,0.));
#13997 = ( GEOMETRIC_REPRESENTATION_CONTEXT(2) 
PARAMETRIC_REPRESENTATION_CONTEXT() REPRESENTATION_CONTEXT('2D SPACE',''
  ) );
#13998 = PCURVE('',#13999,#14004);
#13999 = CYLINDRICAL_SURFACE('',#14000,0.65);
#14000 = AXIS2_PLACEMENT_3D('',#14001,#14002,#14003);
#14001 = CARTESIAN_POINT('',(28.,-59.5,2.7));
#14002 = DIRECTION('',(-0.,-0.,-1.));
#14003 = DIRECTION('',(1.,0.,0.));
#14004 = DEFINITIONAL_REPRESENTATION('',(#14005),#14009);
#14005 = LINE('',#14006,#14007);
#14006 = CARTESIAN_POINT('',(-6.28318530718,-4.8));
#14007 = VECTOR('',#14008,1.);
#14008 = DIRECTION('',(1.,-0.));
#14009 = ( GEOMETRIC_REPRESENTATION_CONTEXT(2) 
PARAMETRIC_REPRESENTATION_CONTEXT() REPRESENTATION_CONTEXT('2D SPACE',''
  ) );
#14010 = ADVANCED_FACE('',(#14011,#14014),#8363,.T.);
#14011 = FACE_BOUND('',#14012,.T.);
#14012 = EDGE_LOOP('',(#14013));
#14013 = ORIENTED_EDGE('',*,*,#8348,.T.);
#14014 = FACE_BOUND('',#14015,.T.);
#14015 = EDGE_LOOP('',(#14016));
#14016 = ORIENTED_EDGE('',*,*,#14017,.T.);
#14017 = EDGE_CURVE('',#14018,#14018,#14020,.T.);
#14018 = VERTEX_POINT('',#14019);
#14019 = CARTESIAN_POINT('',(28.65,0.,7.5));
#14020 = SURFACE_CURVE('',#14021,(#14026,#14037),.PCURVE_S1.);
#14021 = CIRCLE('',#14022,0.65);
#14022 = AXIS2_PLACEMENT_3D('',#14023,#14024,#14025);
#14023 = CARTESIAN_POINT('',(28.,0.,7.5));
#14024 = DIRECTION('',(0.,0.,-1.));
#14025 = DIRECTION('',(1.,0.,0.));
#14026 = PCURVE('',#8363,#14027);
#14027 = DEFINITIONAL_REPRESENTATION('',(#14028),#14036);
#14028 = ( BOUNDED_CURVE() B_SPLINE_CURVE(2,(#14029,#14030,#14031,#14032
    ,#14033,#14034,#14035),.UNSPECIFIED.,.T.,.F.) 
B_SPLINE_CURVE_WITH_KNOTS((1,2,2,2,2,1),(-2.094395102393,0.,
    2.094395102393,4.188790204786,6.28318530718,8.377580409573),
.UNSPECIFIED.) CURVE() GEOMETRIC_REPRESENTATION_ITEM() 
RATIONAL_B_SPLINE_CURVE((1.,0.5,1.,0.5,1.,0.5,1.)) REPRESENTATION_ITEM(
  '') );
#14029 = CARTESIAN_POINT('',(0.65,0.));
#14030 = CARTESIAN_POINT('',(0.65,-1.12583302492));
#14031 = CARTESIAN_POINT('',(-0.325,-0.56291651246));
#14032 = CARTESIAN_POINT('',(-1.3,-1.592040838892E-16));
#14033 = CARTESIAN_POINT('',(-0.325,0.56291651246));
#14034 = CARTESIAN_POINT('',(0.65,1.12583302492));
#14035 = CARTESIAN_POINT('',(0.65,0.));
#14036 = ( GEOMETRIC_REPRESENTATION_CONTEXT(2) 
PARAMETRIC_REPRESENTATION_CONTEXT() REPRESENTATION_CONTEXT('2D SPACE',''
  ) );
#14037 = PCURVE('',#14038,#14043);
#14038 = CYLINDRICAL_SURFACE('',#14039,0.65);
#14039 = AXIS2_PLACEMENT_3D('',#14040,#14041,#14042);
#14040 = CARTESIAN_POINT('',(28.,0.,2.7));
#14041 = DIRECTION('',(-0.,-0.,-1.));
#14042 = DIRECTION('',(1.,0.,0.));
#14043 = DEFINITIONAL_REPRESENTATION('',(#14044),#14048);
#14044 = LINE('',#14045,#14046);
#14045 = CARTESIAN_POINT('',(-6.28318530718,-4.8));
#14046 = VECTOR('',#14047,1.);
#14047 = DIRECTION('',(1.,-0.));
#14048 = ( GEOMETRIC_REPRESENTATION_CONTEXT(2) 
PARAMETRIC_REPRESENTATION_CONTEXT() REPRESENTATION_CONTEXT('2D SPACE',''
  ) );
#14049 = ADVANCED_FACE('',(#14050,#14053),#8418,.T.);
#14050 = FACE_BOUND('',#14051,.T.);
#14051 = EDGE_LOOP('',(#14052));
#14052 = ORIENTED_EDGE('',*,*,#8403,.T.);
#14053 = FACE_BOUND('',#14054,.T.);
#14054 = EDGE_LOOP('',(#14055));
#14055 = ORIENTED_EDGE('',*,*,#14056,.T.);
#14056 = EDGE_CURVE('',#14057,#14057,#14059,.T.);
#14057 = VERTEX_POINT('',#14058);
#14058 = CARTESIAN_POINT('',(-27.35,59.5,7.5));
#14059 = SURFACE_CURVE('',#14060,(#14065,#14076),.PCURVE_S1.);
#14060 = CIRCLE('',#14061,0.65);
#14061 = AXIS2_PLACEMENT_3D('',#14062,#14063,#14064);
#14062 = CARTESIAN_POINT('',(-28.,59.5,7.5));
#14063 = DIRECTION('',(0.,0.,-1.));
#14064 = DIRECTION('',(1.,0.,0.));
#14065 = PCURVE('',#8418,#14066);
#14066 = DEFINITIONAL_REPRESENTATION('',(#14067),#14075);
#14067 = ( BOUNDED_CURVE() B_SPLINE_CURVE(2,(#14068,#14069,#14070,#14071
    ,#14072,#14073,#14074),.UNSPECIFIED.,.T.,.F.) 
B_SPLINE_CURVE_WITH_KNOTS((1,2,2,2,2,1),(-2.094395102393,0.,
    2.094395102393,4.188790204786,6.28318530718,8.377580409573),
.UNSPECIFIED.) CURVE() GEOMETRIC_REPRESENTATION_ITEM() 
RATIONAL_B_SPLINE_CURVE((1.,0.5,1.,0.5,1.,0.5,1.)) REPRESENTATION_ITEM(
  '') );
#14068 = CARTESIAN_POINT('',(0.65,0.));
#14069 = CARTESIAN_POINT('',(0.65,-1.12583302492));
#14070 = CARTESIAN_POINT('',(-0.325,-0.56291651246));
#14071 = CARTESIAN_POINT('',(-1.3,-1.592040838892E-16));
#14072 = CARTESIAN_POINT('',(-0.325,0.56291651246));
#14073 = CARTESIAN_POINT('',(0.65,1.12583302492));
#14074 = CARTESIAN_POINT('',(0.65,0.));
#14075 = ( GEOMETRIC_REPRESENTATION_CONTEXT(2) 
PARAMETRIC_REPRESENTATION_CONTEXT() REPRESENTATION_CONTEXT('2D SPACE',''
  ) );
#14076 = PCURVE('',#14077,#14082);
#14077 = CYLINDRICAL_SURFACE('',#14078,0.65);
#14078 = AXIS2_PLACEMENT_3D('',#14079,#14080,#14081);
#14079 = CARTESIAN_POINT('',(-28.,59.5,2.7));
#14080 = DIRECTION('',(-0.,-0.,-1.));
#14081 = DIRECTION('',(1.,0.,0.));
#14082 = DEFINITIONAL_REPRESENTATION('',(#14083),#14087);
#14083 = LINE('',#14084,#14085);
#14084 = CARTESIAN_POINT('',(-6.28318530718,-4.8));
#14085 = VECTOR('',#14086,1.);
#14086 = DIRECTION('',(1.,-0.));
#14087 = ( GEOMETRIC_REPRESENTATION_CONTEXT(2) 
PARAMETRIC_REPRESENTATION_CONTEXT() REPRESENTATION_CONTEXT('2D SPACE',''
  ) );
#14088 = ADVANCED_FACE('',(#14089,#14092),#8473,.T.);
#14089 = FACE_BOUND('',#14090,.T.);
#14090 = EDGE_LOOP('',(#14091));
#14091 = ORIENTED_EDGE('',*,*,#8458,.T.);
#14092 = FACE_BOUND('',#14093,.T.);
#14093 = EDGE_LOOP('',(#14094));
#14094 = ORIENTED_EDGE('',*,*,#14095,.T.);
#14095 = EDGE_CURVE('',#14096,#14096,#14098,.T.);
#14096 = VERTEX_POINT('',#14097);
#14097 = CARTESIAN_POINT('',(28.65,59.5,7.5));
#14098 = SURFACE_CURVE('',#14099,(#14104,#14115),.PCURVE_S1.);
#14099 = CIRCLE('',#14100,0.65);
#14100 = AXIS2_PLACEMENT_3D('',#14101,#14102,#14103);
#14101 = CARTESIAN_POINT('',(28.,59.5,7.5));
#14102 = DIRECTION('',(0.,0.,-1.));
#14103 = DIRECTION('',(1.,0.,0.));
#14104 = PCURVE('',#8473,#14105);
#14105 = DEFINITIONAL_REPRESENTATION('',(#14106),#14114);
#14106 = ( BOUNDED_CURVE() B_SPLINE_CURVE(2,(#14107,#14108,#14109,#14110
    ,#14111,#14112,#14113),.UNSPECIFIED.,.T.,.F.) 
B_SPLINE_CURVE_WITH_KNOTS((1,2,2,2,2,1),(-2.094395102393,0.,
    2.094395102393,4.188790204786,6.28318530718,8.377580409573),
.UNSPECIFIED.) CURVE() GEOMETRIC_REPRESENTATION_ITEM() 
RATIONAL_B_SPLINE_CURVE((1.,0.5,1.,0.5,1.,0.5,1.)) REPRESENTATION_ITEM(
  '') );
#14107 = CARTESIAN_POINT('',(0.65,0.));
#14108 = CARTESIAN_POINT('',(0.65,-1.12583302492));
#14109 = CARTESIAN_POINT('',(-0.325,-0.56291651246));
#14110 = CARTESIAN_POINT('',(-1.3,-1.592040838892E-16));
#14111 = CARTESIAN_POINT('',(-0.325,0.56291651246));
#14112 = CARTESIAN_POINT('',(0.65,1.12583302492));
#14113 = CARTESIAN_POINT('',(0.65,0.));
#14114 = ( GEOMETRIC_REPRESENTATION_CONTEXT(2) 
PARAMETRIC_REPRESENTATION_CONTEXT() REPRESENTATION_CONTEXT('2D SPACE',''
  ) );
#14115 = PCURVE('',#14116,#14121);
#14116 = CYLINDRICAL_SURFACE('',#14117,0.65);
#14117 = AXIS2_PLACEMENT_3D('',#14118,#14119,#14120);
#14118 = CARTESIAN_POINT('',(28.,59.5,2.7));
#14119 = DIRECTION('',(-0.,-0.,-1.));
#14120 = DIRECTION('',(1.,0.,0.));
#14121 = DEFINITIONAL_REPRESENTATION('',(#14122),#14126);
#14122 = LINE('',#14123,#14124);
#14123 = CARTESIAN_POINT('',(-6.28318530718,-4.8));
#14124 = VECTOR('',#14125,1.);
#14125 = DIRECTION('',(1.,-0.));
#14126 = ( GEOMETRIC_REPRESENTATION_CONTEXT(2) 
PARAMETRIC_REPRESENTATION_CONTEXT() REPRESENTATION_CONTEXT('2D SPACE',''
  ) );
#14127 = ADVANCED_FACE('',(#14128),#9182,.T.);
#14128 = FACE_BOUND('',#14129,.T.);
#14129 = EDGE_LOOP('',(#14130,#14131,#14132,#14133));
#14130 = ORIENTED_EDGE('',*,*,#9164,.F.);
#14131 = ORIENTED_EDGE('',*,*,#9270,.T.);
#14132 = ORIENTED_EDGE('',*,*,#9317,.T.);
#14133 = ORIENTED_EDGE('',*,*,#14134,.F.);
#14134 = EDGE_CURVE('',#9167,#9318,#14135,.T.);
#14135 = SURFACE_CURVE('',#14136,(#14140,#14147),.PCURVE_S1.);
#14136 = LINE('',#14137,#14138);
#14137 = CARTESIAN_POINT('',(-18.0591527,-28.7629905,2.55));
#14138 = VECTOR('',#14139,1.);
#14139 = DIRECTION('',(1.,0.,0.));
#14140 = PCURVE('',#9182,#14141);
#14141 = DEFINITIONAL_REPRESENTATION('',(#14142),#14146);
#14142 = LINE('',#14143,#14144);
#14143 = CARTESIAN_POINT('',(0.,1.));
#14144 = VECTOR('',#14145,1.);
#14145 = DIRECTION('',(1.,0.));
#14146 = ( GEOMETRIC_REPRESENTATION_CONTEXT(2) 
PARAMETRIC_REPRESENTATION_CONTEXT() REPRESENTATION_CONTEXT('2D SPACE',''
  ) );
#14147 = PCURVE('',#9253,#14148);
#14148 = DEFINITIONAL_REPRESENTATION('',(#14149),#14153);
#14149 = LINE('',#14150,#14151);
#14150 = CARTESIAN_POINT('',(2.,0.));
#14151 = VECTOR('',#14152,1.);
#14152 = DIRECTION('',(0.,1.));
#14153 = ( GEOMETRIC_REPRESENTATION_CONTEXT(2) 
PARAMETRIC_REPRESENTATION_CONTEXT() REPRESENTATION_CONTEXT('2D SPACE',''
  ) );
#14154 = ADVANCED_FACE('',(#14155),#9253,.T.);
#14155 = FACE_BOUND('',#14156,.T.);
#14156 = EDGE_LOOP('',(#14157,#14158,#14159,#14160));
#14157 = ORIENTED_EDGE('',*,*,#9385,.F.);
#14158 = ORIENTED_EDGE('',*,*,#13735,.F.);
#14159 = ORIENTED_EDGE('',*,*,#9239,.T.);
#14160 = ORIENTED_EDGE('',*,*,#14134,.T.);
#14161 = ADVANCED_FACE('',(#14162),#9941,.T.);
#14162 = FACE_BOUND('',#14163,.T.);
#14163 = EDGE_LOOP('',(#14164,#14165,#14166,#14167));
#14164 = ORIENTED_EDGE('',*,*,#9926,.T.);
#14165 = ORIENTED_EDGE('',*,*,#9977,.T.);
#14166 = ORIENTED_EDGE('',*,*,#10048,.F.);
#14167 = ORIENTED_EDGE('',*,*,#12269,.F.);
#14168 = ADVANCED_FACE('',(#14169),#10297,.T.);
#14169 = FACE_BOUND('',#14170,.T.);
#14170 = EDGE_LOOP('',(#14171,#14172,#14173,#14174));
#14171 = ORIENTED_EDGE('',*,*,#10428,.F.);
#14172 = ORIENTED_EDGE('',*,*,#10282,.T.);
#14173 = ORIENTED_EDGE('',*,*,#10330,.T.);
#14174 = ORIENTED_EDGE('',*,*,#10403,.F.);
#14175 = ADVANCED_FACE('',(#14176),#10610,.T.);
#14176 = FACE_BOUND('',#14177,.T.);
#14177 = EDGE_LOOP('',(#14178,#14179,#14180,#14181));
#14178 = ORIENTED_EDGE('',*,*,#10741,.F.);
#14179 = ORIENTED_EDGE('',*,*,#10595,.T.);
#14180 = ORIENTED_EDGE('',*,*,#10643,.T.);
#14181 = ORIENTED_EDGE('',*,*,#10716,.F.);
#14182 = ADVANCED_FACE('',(#14183),#10887,.T.);
#14183 = FACE_BOUND('',#14184,.T.);
#14184 = EDGE_LOOP('',(#14185,#14186,#14187,#14188));
#14185 = ORIENTED_EDGE('',*,*,#10869,.F.);
#14186 = ORIENTED_EDGE('',*,*,#11132,.T.);
#14187 = ORIENTED_EDGE('',*,*,#11179,.T.);
#14188 = ORIENTED_EDGE('',*,*,#14189,.T.);
#14189 = EDGE_CURVE('',#11180,#10872,#14190,.T.);
#14190 = SURFACE_CURVE('',#14191,(#14195,#14201),.PCURVE_S1.);
#14191 = LINE('',#14192,#14193);
#14192 = CARTESIAN_POINT('',(15.85,35.2,4.));
#14193 = VECTOR('',#14194,1.);
#14194 = DIRECTION('',(-1.,0.,0.));
#14195 = PCURVE('',#10887,#14196);
#14196 = DEFINITIONAL_REPRESENTATION('',(#14197),#14200);
#14197 = B_SPLINE_CURVE_WITH_KNOTS('',1,(#14198,#14199),.UNSPECIFIED.,
  .F.,.F.,(2,2),(-1.25,-0.25),.PIECEWISE_BEZIER_KNOTS.);
#14198 = CARTESIAN_POINT('',(1.,13.2));
#14199 = CARTESIAN_POINT('',(0.,13.2));
#14200 = ( GEOMETRIC_REPRESENTATION_CONTEXT(2) 
PARAMETRIC_REPRESENTATION_CONTEXT() REPRESENTATION_CONTEXT('2D SPACE',''
  ) );
#14201 = PCURVE('',#11116,#14202);
#14202 = DEFINITIONAL_REPRESENTATION('',(#14203),#14206);
#14203 = B_SPLINE_CURVE_WITH_KNOTS('',1,(#14204,#14205),.UNSPECIFIED.,
  .F.,.F.,(2,2),(-1.25,-0.25),.PIECEWISE_BEZIER_KNOTS.);
#14204 = CARTESIAN_POINT('',(0.35,1.5));
#14205 = CARTESIAN_POINT('',(0.35,0.5));
#14206 = ( GEOMETRIC_REPRESENTATION_CONTEXT(2) 
PARAMETRIC_REPRESENTATION_CONTEXT() REPRESENTATION_CONTEXT('2D SPACE',''
  ) );
#14207 = ADVANCED_FACE('',(#14208),#11116,.T.);
#14208 = FACE_BOUND('',#14209,.T.);
#14209 = EDGE_LOOP('',(#14210,#14231,#14232,#14233));
#14210 = ORIENTED_EDGE('',*,*,#14211,.F.);
#14211 = EDGE_CURVE('',#11078,#11336,#14212,.T.);
#14212 = SURFACE_CURVE('',#14213,(#14217,#14224),.PCURVE_S1.);
#14213 = LINE('',#14214,#14215);
#14214 = CARTESIAN_POINT('',(15.6,35.2,3.65));
#14215 = VECTOR('',#14216,1.);
#14216 = DIRECTION('',(1.,0.,0.));
#14217 = PCURVE('',#11116,#14218);
#14218 = DEFINITIONAL_REPRESENTATION('',(#14219),#14223);
#14219 = LINE('',#14220,#14221);
#14220 = CARTESIAN_POINT('',(0.,0.));
#14221 = VECTOR('',#14222,1.);
#14222 = DIRECTION('',(0.,1.));
#14223 = ( GEOMETRIC_REPRESENTATION_CONTEXT(2) 
PARAMETRIC_REPRESENTATION_CONTEXT() REPRESENTATION_CONTEXT('2D SPACE',''
  ) );
#14224 = PCURVE('',#11092,#14225);
#14225 = DEFINITIONAL_REPRESENTATION('',(#14226),#14230);
#14226 = LINE('',#14227,#14228);
#14227 = CARTESIAN_POINT('',(0.,0.));
#14228 = VECTOR('',#14229,1.);
#14229 = DIRECTION('',(1.,0.));
#14230 = ( GEOMETRIC_REPRESENTATION_CONTEXT(2) 
PARAMETRIC_REPRESENTATION_CONTEXT() REPRESENTATION_CONTEXT('2D SPACE',''
  ) );
#14231 = ORIENTED_EDGE('',*,*,#11103,.T.);
#14232 = ORIENTED_EDGE('',*,*,#14189,.F.);
#14233 = ORIENTED_EDGE('',*,*,#11356,.F.);
#14234 = ADVANCED_FACE('',(#14235),#11092,.T.);
#14235 = FACE_BOUND('',#14236,.T.);
#14236 = EDGE_LOOP('',(#14237,#14258,#14259,#14260));
#14237 = ORIENTED_EDGE('',*,*,#14238,.F.);
#14238 = EDGE_CURVE('',#11052,#11315,#14239,.T.);
#14239 = SURFACE_CURVE('',#14240,(#14244,#14251),.PCURVE_S1.);
#14240 = LINE('',#14241,#14242);
#14241 = CARTESIAN_POINT('',(15.6,38.8,3.65));
#14242 = VECTOR('',#14243,1.);
#14243 = DIRECTION('',(1.,0.,0.));
#14244 = PCURVE('',#11092,#14245);
#14245 = DEFINITIONAL_REPRESENTATION('',(#14246),#14250);
#14246 = LINE('',#14247,#14248);
#14247 = CARTESIAN_POINT('',(0.,3.6));
#14248 = VECTOR('',#14249,1.);
#14249 = DIRECTION('',(1.,0.));
#14250 = ( GEOMETRIC_REPRESENTATION_CONTEXT(2) 
PARAMETRIC_REPRESENTATION_CONTEXT() REPRESENTATION_CONTEXT('2D SPACE',''
  ) );
#14251 = PCURVE('',#11066,#14252);
#14252 = DEFINITIONAL_REPRESENTATION('',(#14253),#14257);
#14253 = LINE('',#14254,#14255);
#14254 = CARTESIAN_POINT('',(0.,0.));
#14255 = VECTOR('',#14256,1.);
#14256 = DIRECTION('',(0.,1.));
#14257 = ( GEOMETRIC_REPRESENTATION_CONTEXT(2) 
PARAMETRIC_REPRESENTATION_CONTEXT() REPRESENTATION_CONTEXT('2D SPACE',''
  ) );
#14258 = ORIENTED_EDGE('',*,*,#11077,.T.);
#14259 = ORIENTED_EDGE('',*,*,#14211,.T.);
#14260 = ORIENTED_EDGE('',*,*,#11335,.F.);
#14261 = ADVANCED_FACE('',(#14262),#11066,.F.);
#14262 = FACE_BOUND('',#14263,.F.);
#14263 = EDGE_LOOP('',(#14264,#14265,#14266,#14285));
#14264 = ORIENTED_EDGE('',*,*,#14238,.F.);
#14265 = ORIENTED_EDGE('',*,*,#11051,.T.);
#14266 = ORIENTED_EDGE('',*,*,#14267,.F.);
#14267 = EDGE_CURVE('',#11292,#11024,#14268,.T.);
#14268 = SURFACE_CURVE('',#14269,(#14273,#14279),.PCURVE_S1.);
#14269 = LINE('',#14270,#14271);
#14270 = CARTESIAN_POINT('',(15.85,38.8,4.));
#14271 = VECTOR('',#14272,1.);
#14272 = DIRECTION('',(-1.,0.,0.));
#14273 = PCURVE('',#11066,#14274);
#14274 = DEFINITIONAL_REPRESENTATION('',(#14275),#14278);
#14275 = B_SPLINE_CURVE_WITH_KNOTS('',1,(#14276,#14277),.UNSPECIFIED.,
  .F.,.F.,(2,2),(-1.25,-0.25),.PIECEWISE_BEZIER_KNOTS.);
#14276 = CARTESIAN_POINT('',(0.35,1.5));
#14277 = CARTESIAN_POINT('',(0.35,0.5));
#14278 = ( GEOMETRIC_REPRESENTATION_CONTEXT(2) 
PARAMETRIC_REPRESENTATION_CONTEXT() REPRESENTATION_CONTEXT('2D SPACE',''
  ) );
#14279 = PCURVE('',#11039,#14280);
#14280 = DEFINITIONAL_REPRESENTATION('',(#14281),#14284);
#14281 = B_SPLINE_CURVE_WITH_KNOTS('',1,(#14282,#14283),.UNSPECIFIED.,
  .F.,.F.,(2,2),(-1.25,-0.25),.PIECEWISE_BEZIER_KNOTS.);
#14282 = CARTESIAN_POINT('',(1.,16.8));
#14283 = CARTESIAN_POINT('',(0.,16.8));
#14284 = ( GEOMETRIC_REPRESENTATION_CONTEXT(2) 
PARAMETRIC_REPRESENTATION_CONTEXT() REPRESENTATION_CONTEXT('2D SPACE',''
  ) );
#14285 = ORIENTED_EDGE('',*,*,#11314,.F.);
#14286 = ADVANCED_FACE('',(#14287),#11039,.T.);
#14287 = FACE_BOUND('',#14288,.T.);
#14288 = EDGE_LOOP('',(#14289,#14290,#14291,#14292));
#14289 = ORIENTED_EDGE('',*,*,#11023,.F.);
#14290 = ORIENTED_EDGE('',*,*,#14267,.F.);
#14291 = ORIENTED_EDGE('',*,*,#11291,.T.);
#14292 = ORIENTED_EDGE('',*,*,#14293,.T.);
#14293 = EDGE_CURVE('',#11271,#10998,#14294,.T.);
#14294 = SURFACE_CURVE('',#14295,(#14299,#14305),.PCURVE_S1.);
#14295 = LINE('',#14296,#14297);
#14296 = CARTESIAN_POINT('',(15.85,42.45,4.));
#14297 = VECTOR('',#14298,1.);
#14298 = DIRECTION('',(-1.,0.,0.));
#14299 = PCURVE('',#11039,#14300);
#14300 = DEFINITIONAL_REPRESENTATION('',(#14301),#14304);
#14301 = B_SPLINE_CURVE_WITH_KNOTS('',1,(#14302,#14303),.UNSPECIFIED.,
  .F.,.F.,(2,2),(-1.25,-0.25),.PIECEWISE_BEZIER_KNOTS.);
#14302 = CARTESIAN_POINT('',(1.,20.45));
#14303 = CARTESIAN_POINT('',(0.,20.45));
#14304 = ( GEOMETRIC_REPRESENTATION_CONTEXT(2) 
PARAMETRIC_REPRESENTATION_CONTEXT() REPRESENTATION_CONTEXT('2D SPACE',''
  ) );
#14305 = PCURVE('',#11012,#14306);
#14306 = DEFINITIONAL_REPRESENTATION('',(#14307),#14310);
#14307 = B_SPLINE_CURVE_WITH_KNOTS('',1,(#14308,#14309),.UNSPECIFIED.,
  .F.,.F.,(2,2),(-1.25,-0.25),.PIECEWISE_BEZIER_KNOTS.);
#14308 = CARTESIAN_POINT('',(0.35,1.5));
#14309 = CARTESIAN_POINT('',(0.35,0.5));
#14310 = ( GEOMETRIC_REPRESENTATION_CONTEXT(2) 
PARAMETRIC_REPRESENTATION_CONTEXT() REPRESENTATION_CONTEXT('2D SPACE',''
  ) );
#14311 = ADVANCED_FACE('',(#14312),#11012,.T.);
#14312 = FACE_BOUND('',#14313,.T.);
#14313 = EDGE_LOOP('',(#14314,#14335,#14336,#14337));
#14314 = ORIENTED_EDGE('',*,*,#14315,.F.);
#14315 = EDGE_CURVE('',#10972,#11250,#14316,.T.);
#14316 = SURFACE_CURVE('',#14317,(#14321,#14328),.PCURVE_S1.);
#14317 = LINE('',#14318,#14319);
#14318 = CARTESIAN_POINT('',(15.6,42.45,3.65));
#14319 = VECTOR('',#14320,1.);
#14320 = DIRECTION('',(1.,0.,0.));
#14321 = PCURVE('',#11012,#14322);
#14322 = DEFINITIONAL_REPRESENTATION('',(#14323),#14327);
#14323 = LINE('',#14324,#14325);
#14324 = CARTESIAN_POINT('',(0.,0.));
#14325 = VECTOR('',#14326,1.);
#14326 = DIRECTION('',(0.,1.));
#14327 = ( GEOMETRIC_REPRESENTATION_CONTEXT(2) 
PARAMETRIC_REPRESENTATION_CONTEXT() REPRESENTATION_CONTEXT('2D SPACE',''
  ) );
#14328 = PCURVE('',#10986,#14329);
#14329 = DEFINITIONAL_REPRESENTATION('',(#14330),#14334);
#14330 = LINE('',#14331,#14332);
#14331 = CARTESIAN_POINT('',(0.,0.));
#14332 = VECTOR('',#14333,1.);
#14333 = DIRECTION('',(1.,0.));
#14334 = ( GEOMETRIC_REPRESENTATION_CONTEXT(2) 
PARAMETRIC_REPRESENTATION_CONTEXT() REPRESENTATION_CONTEXT('2D SPACE',''
  ) );
#14335 = ORIENTED_EDGE('',*,*,#10997,.T.);
#14336 = ORIENTED_EDGE('',*,*,#14293,.F.);
#14337 = ORIENTED_EDGE('',*,*,#11270,.F.);
#14338 = ADVANCED_FACE('',(#14339),#10986,.T.);
#14339 = FACE_BOUND('',#14340,.T.);
#14340 = EDGE_LOOP('',(#14341,#14362,#14363,#14364));
#14341 = ORIENTED_EDGE('',*,*,#14342,.F.);
#14342 = EDGE_CURVE('',#10946,#11229,#14343,.T.);
#14343 = SURFACE_CURVE('',#14344,(#14348,#14355),.PCURVE_S1.);
#14344 = LINE('',#14345,#14346);
#14345 = CARTESIAN_POINT('',(15.6,47.55,3.65));
#14346 = VECTOR('',#14347,1.);
#14347 = DIRECTION('',(1.,0.,0.));
#14348 = PCURVE('',#10986,#14349);
#14349 = DEFINITIONAL_REPRESENTATION('',(#14350),#14354);
#14350 = LINE('',#14351,#14352);
#14351 = CARTESIAN_POINT('',(0.,5.1));
#14352 = VECTOR('',#14353,1.);
#14353 = DIRECTION('',(1.,0.));
#14354 = ( GEOMETRIC_REPRESENTATION_CONTEXT(2) 
PARAMETRIC_REPRESENTATION_CONTEXT() REPRESENTATION_CONTEXT('2D SPACE',''
  ) );
#14355 = PCURVE('',#10960,#14356);
#14356 = DEFINITIONAL_REPRESENTATION('',(#14357),#14361);
#14357 = LINE('',#14358,#14359);
#14358 = CARTESIAN_POINT('',(0.,0.));
#14359 = VECTOR('',#14360,1.);
#14360 = DIRECTION('',(0.,1.));
#14361 = ( GEOMETRIC_REPRESENTATION_CONTEXT(2) 
PARAMETRIC_REPRESENTATION_CONTEXT() REPRESENTATION_CONTEXT('2D SPACE',''
  ) );
#14362 = ORIENTED_EDGE('',*,*,#10971,.T.);
#14363 = ORIENTED_EDGE('',*,*,#14315,.T.);
#14364 = ORIENTED_EDGE('',*,*,#11249,.F.);
#14365 = ADVANCED_FACE('',(#14366),#10960,.F.);
#14366 = FACE_BOUND('',#14367,.F.);
#14367 = EDGE_LOOP('',(#14368,#14369,#14370,#14371));
#14368 = ORIENTED_EDGE('',*,*,#14342,.F.);
#14369 = ORIENTED_EDGE('',*,*,#10945,.T.);
#14370 = ORIENTED_EDGE('',*,*,#13254,.F.);
#14371 = ORIENTED_EDGE('',*,*,#11228,.F.);
#14372 = ADVANCED_FACE('',(#14373),#11418,.T.);
#14373 = FACE_BOUND('',#14374,.T.);
#14374 = EDGE_LOOP('',(#14375,#14376,#14377,#14398));
#14375 = ORIENTED_EDGE('',*,*,#11620,.F.);
#14376 = ORIENTED_EDGE('',*,*,#11647,.T.);
#14377 = ORIENTED_EDGE('',*,*,#14378,.T.);
#14378 = EDGE_CURVE('',#11648,#11403,#14379,.T.);
#14379 = SURFACE_CURVE('',#14380,(#14384,#14391),.PCURVE_S1.);
#14380 = LINE('',#14381,#14382);
#14381 = CARTESIAN_POINT('',(19.5,52.6,4.15));
#14382 = VECTOR('',#14383,1.);
#14383 = DIRECTION('',(0.,1.,0.));
#14384 = PCURVE('',#11418,#14385);
#14385 = DEFINITIONAL_REPRESENTATION('',(#14386),#14390);
#14386 = LINE('',#14387,#14388);
#14387 = CARTESIAN_POINT('',(1.4,0.));
#14388 = VECTOR('',#14389,1.);
#14389 = DIRECTION('',(0.,1.));
#14390 = ( GEOMETRIC_REPRESENTATION_CONTEXT(2) 
PARAMETRIC_REPRESENTATION_CONTEXT() REPRESENTATION_CONTEXT('2D SPACE',''
  ) );
#14391 = PCURVE('',#11446,#14392);
#14392 = DEFINITIONAL_REPRESENTATION('',(#14393),#14397);
#14393 = LINE('',#14394,#14395);
#14394 = CARTESIAN_POINT('',(3.6,0.));
#14395 = VECTOR('',#14396,1.);
#14396 = DIRECTION('',(0.,-1.));
#14397 = ( GEOMETRIC_REPRESENTATION_CONTEXT(2) 
PARAMETRIC_REPRESENTATION_CONTEXT() REPRESENTATION_CONTEXT('2D SPACE',''
  ) );
#14398 = ORIENTED_EDGE('',*,*,#11402,.F.);
#14399 = ADVANCED_FACE('',(#14400),#11446,.T.);
#14400 = FACE_BOUND('',#14401,.T.);
#14401 = EDGE_LOOP('',(#14402,#14403,#14422,#14423));
#14402 = ORIENTED_EDGE('',*,*,#11670,.F.);
#14403 = ORIENTED_EDGE('',*,*,#14404,.T.);
#14404 = EDGE_CURVE('',#11671,#11431,#14405,.T.);
#14405 = SURFACE_CURVE('',#14406,(#14410,#14416),.PCURVE_S1.);
#14406 = LINE('',#14407,#14408);
#14407 = CARTESIAN_POINT('',(19.5,52.6,1.25));
#14408 = VECTOR('',#14409,1.);
#14409 = DIRECTION('',(0.,1.,0.));
#14410 = PCURVE('',#11446,#14411);
#14411 = DEFINITIONAL_REPRESENTATION('',(#14412),#14415);
#14412 = B_SPLINE_CURVE_WITH_KNOTS('',1,(#14413,#14414),.UNSPECIFIED.,
  .F.,.F.,(2,2),(0.,1.2),.PIECEWISE_BEZIER_KNOTS.);
#14413 = CARTESIAN_POINT('',(0.7,0.));
#14414 = CARTESIAN_POINT('',(0.7,-1.2));
#14415 = ( GEOMETRIC_REPRESENTATION_CONTEXT(2) 
PARAMETRIC_REPRESENTATION_CONTEXT() REPRESENTATION_CONTEXT('2D SPACE',''
  ) );
#14416 = PCURVE('',#11474,#14417);
#14417 = DEFINITIONAL_REPRESENTATION('',(#14418),#14421);
#14418 = B_SPLINE_CURVE_WITH_KNOTS('',1,(#14419,#14420),.UNSPECIFIED.,
  .F.,.F.,(2,2),(0.,1.2),.PIECEWISE_BEZIER_KNOTS.);
#14419 = CARTESIAN_POINT('',(1.,0.));
#14420 = CARTESIAN_POINT('',(1.,1.2));
#14421 = ( GEOMETRIC_REPRESENTATION_CONTEXT(2) 
PARAMETRIC_REPRESENTATION_CONTEXT() REPRESENTATION_CONTEXT('2D SPACE',''
  ) );
#14422 = ORIENTED_EDGE('',*,*,#11430,.T.);
#14423 = ORIENTED_EDGE('',*,*,#14378,.F.);
#14424 = ADVANCED_FACE('',(#14425),#11474,.T.);
#14425 = FACE_BOUND('',#14426,.T.);
#14426 = EDGE_LOOP('',(#14427,#14428,#14429,#14430));
#14427 = ORIENTED_EDGE('',*,*,#11458,.F.);
#14428 = ORIENTED_EDGE('',*,*,#14404,.F.);
#14429 = ORIENTED_EDGE('',*,*,#11693,.T.);
#14430 = ORIENTED_EDGE('',*,*,#14431,.T.);
#14431 = EDGE_CURVE('',#11694,#11459,#14432,.T.);
#14432 = SURFACE_CURVE('',#14433,(#14437,#14443),.PCURVE_S1.);
#14433 = LINE('',#14434,#14435);
#14434 = CARTESIAN_POINT('',(28.5,52.6,1.25));
#14435 = VECTOR('',#14436,1.);
#14436 = DIRECTION('',(0.,1.,0.));
#14437 = PCURVE('',#11474,#14438);
#14438 = DEFINITIONAL_REPRESENTATION('',(#14439),#14442);
#14439 = B_SPLINE_CURVE_WITH_KNOTS('',1,(#14440,#14441),.UNSPECIFIED.,
  .F.,.F.,(2,2),(0.,1.2),.PIECEWISE_BEZIER_KNOTS.);
#14440 = CARTESIAN_POINT('',(10.,0.));
#14441 = CARTESIAN_POINT('',(10.,1.2));
#14442 = ( GEOMETRIC_REPRESENTATION_CONTEXT(2) 
PARAMETRIC_REPRESENTATION_CONTEXT() REPRESENTATION_CONTEXT('2D SPACE',''
  ) );
#14443 = PCURVE('',#11502,#14444);
#14444 = DEFINITIONAL_REPRESENTATION('',(#14445),#14448);
#14445 = B_SPLINE_CURVE_WITH_KNOTS('',1,(#14446,#14447),.UNSPECIFIED.,
  .F.,.F.,(2,2),(0.,1.2),.PIECEWISE_BEZIER_KNOTS.);
#14446 = CARTESIAN_POINT('',(0.7,0.));
#14447 = CARTESIAN_POINT('',(0.7,-1.2));
#14448 = ( GEOMETRIC_REPRESENTATION_CONTEXT(2) 
PARAMETRIC_REPRESENTATION_CONTEXT() REPRESENTATION_CONTEXT('2D SPACE',''
  ) );
#14449 = ADVANCED_FACE('',(#14450),#11502,.F.);
#14450 = FACE_BOUND('',#14451,.F.);
#14451 = EDGE_LOOP('',(#14452,#14453,#14454,#14455));
#14452 = ORIENTED_EDGE('',*,*,#11716,.F.);
#14453 = ORIENTED_EDGE('',*,*,#14431,.T.);
#14454 = ORIENTED_EDGE('',*,*,#11486,.T.);
#14455 = ORIENTED_EDGE('',*,*,#14456,.F.);
#14456 = EDGE_CURVE('',#11717,#11487,#14457,.T.);
#14457 = SURFACE_CURVE('',#14458,(#14462,#14469),.PCURVE_S1.);
#14458 = LINE('',#14459,#14460);
#14459 = CARTESIAN_POINT('',(28.5,52.6,4.15));
#14460 = VECTOR('',#14461,1.);
#14461 = DIRECTION('',(0.,1.,0.));
#14462 = PCURVE('',#11502,#14463);
#14463 = DEFINITIONAL_REPRESENTATION('',(#14464),#14468);
#14464 = LINE('',#14465,#14466);
#14465 = CARTESIAN_POINT('',(3.6,0.));
#14466 = VECTOR('',#14467,1.);
#14467 = DIRECTION('',(0.,-1.));
#14468 = ( GEOMETRIC_REPRESENTATION_CONTEXT(2) 
PARAMETRIC_REPRESENTATION_CONTEXT() REPRESENTATION_CONTEXT('2D SPACE',''
  ) );
#14469 = PCURVE('',#11530,#14470);
#14470 = DEFINITIONAL_REPRESENTATION('',(#14471),#14475);
#14471 = LINE('',#14472,#14473);
#14472 = CARTESIAN_POINT('',(0.,0.));
#14473 = VECTOR('',#14474,1.);
#14474 = DIRECTION('',(0.,1.));
#14475 = ( GEOMETRIC_REPRESENTATION_CONTEXT(2) 
PARAMETRIC_REPRESENTATION_CONTEXT() REPRESENTATION_CONTEXT('2D SPACE',''
  ) );
#14476 = ADVANCED_FACE('',(#14477),#11530,.T.);
#14477 = FACE_BOUND('',#14478,.T.);
#14478 = EDGE_LOOP('',(#14479,#14480,#14481,#14502));
#14479 = ORIENTED_EDGE('',*,*,#14456,.F.);
#14480 = ORIENTED_EDGE('',*,*,#11739,.T.);
#14481 = ORIENTED_EDGE('',*,*,#14482,.T.);
#14482 = EDGE_CURVE('',#11740,#11515,#14483,.T.);
#14483 = SURFACE_CURVE('',#14484,(#14488,#14495),.PCURVE_S1.);
#14484 = LINE('',#14485,#14486);
#14485 = CARTESIAN_POINT('',(29.9,52.6,4.15));
#14486 = VECTOR('',#14487,1.);
#14487 = DIRECTION('',(0.,1.,0.));
#14488 = PCURVE('',#11530,#14489);
#14489 = DEFINITIONAL_REPRESENTATION('',(#14490),#14494);
#14490 = LINE('',#14491,#14492);
#14491 = CARTESIAN_POINT('',(1.4,0.));
#14492 = VECTOR('',#14493,1.);
#14493 = DIRECTION('',(0.,1.));
#14494 = ( GEOMETRIC_REPRESENTATION_CONTEXT(2) 
PARAMETRIC_REPRESENTATION_CONTEXT() REPRESENTATION_CONTEXT('2D SPACE',''
  ) );
#14495 = PCURVE('',#11558,#14496);
#14496 = DEFINITIONAL_REPRESENTATION('',(#14497),#14501);
#14497 = LINE('',#14498,#14499);
#14498 = CARTESIAN_POINT('',(3.6,0.));
#14499 = VECTOR('',#14500,1.);
#14500 = DIRECTION('',(0.,-1.));
#14501 = ( GEOMETRIC_REPRESENTATION_CONTEXT(2) 
PARAMETRIC_REPRESENTATION_CONTEXT() REPRESENTATION_CONTEXT('2D SPACE',''
  ) );
#14502 = ORIENTED_EDGE('',*,*,#11514,.F.);
#14503 = ADVANCED_FACE('',(#14504),#11558,.T.);
#14504 = FACE_BOUND('',#14505,.T.);
#14505 = EDGE_LOOP('',(#14506,#14507,#14508,#14509));
#14506 = ORIENTED_EDGE('',*,*,#11762,.F.);
#14507 = ORIENTED_EDGE('',*,*,#13292,.T.);
#14508 = ORIENTED_EDGE('',*,*,#11542,.T.);
#14509 = ORIENTED_EDGE('',*,*,#14482,.F.);
#14510 = ADVANCED_FACE('',(#14511),#11849,.T.);
#14511 = FACE_BOUND('',#14512,.T.);
#14512 = EDGE_LOOP('',(#14513,#14514,#14515,#14536));
#14513 = ORIENTED_EDGE('',*,*,#12051,.F.);
#14514 = ORIENTED_EDGE('',*,*,#12078,.T.);
#14515 = ORIENTED_EDGE('',*,*,#14516,.T.);
#14516 = EDGE_CURVE('',#12079,#11834,#14517,.T.);
#14517 = SURFACE_CURVE('',#14518,(#14522,#14529),.PCURVE_S1.);
#14518 = LINE('',#14519,#14520);
#14519 = CARTESIAN_POINT('',(19.5,30.2,4.15));
#14520 = VECTOR('',#14521,1.);
#14521 = DIRECTION('',(0.,1.,0.));
#14522 = PCURVE('',#11849,#14523);
#14523 = DEFINITIONAL_REPRESENTATION('',(#14524),#14528);
#14524 = LINE('',#14525,#14526);
#14525 = CARTESIAN_POINT('',(1.4,0.));
#14526 = VECTOR('',#14527,1.);
#14527 = DIRECTION('',(0.,1.));
#14528 = ( GEOMETRIC_REPRESENTATION_CONTEXT(2) 
PARAMETRIC_REPRESENTATION_CONTEXT() REPRESENTATION_CONTEXT('2D SPACE',''
  ) );
#14529 = PCURVE('',#11877,#14530);
#14530 = DEFINITIONAL_REPRESENTATION('',(#14531),#14535);
#14531 = LINE('',#14532,#14533);
#14532 = CARTESIAN_POINT('',(3.6,0.));
#14533 = VECTOR('',#14534,1.);
#14534 = DIRECTION('',(0.,-1.));
#14535 = ( GEOMETRIC_REPRESENTATION_CONTEXT(2) 
PARAMETRIC_REPRESENTATION_CONTEXT() REPRESENTATION_CONTEXT('2D SPACE',''
  ) );
#14536 = ORIENTED_EDGE('',*,*,#11833,.F.);
#14537 = ADVANCED_FACE('',(#14538),#11877,.T.);
#14538 = FACE_BOUND('',#14539,.T.);
#14539 = EDGE_LOOP('',(#14540,#14541,#14560,#14561));
#14540 = ORIENTED_EDGE('',*,*,#12101,.F.);
#14541 = ORIENTED_EDGE('',*,*,#14542,.T.);
#14542 = EDGE_CURVE('',#12102,#11862,#14543,.T.);
#14543 = SURFACE_CURVE('',#14544,(#14548,#14554),.PCURVE_S1.);
#14544 = LINE('',#14545,#14546);
#14545 = CARTESIAN_POINT('',(19.5,30.2,1.25));
#14546 = VECTOR('',#14547,1.);
#14547 = DIRECTION('',(0.,1.,0.));
#14548 = PCURVE('',#11877,#14549);
#14549 = DEFINITIONAL_REPRESENTATION('',(#14550),#14553);
#14550 = B_SPLINE_CURVE_WITH_KNOTS('',1,(#14551,#14552),.UNSPECIFIED.,
  .F.,.F.,(2,2),(0.,1.2),.PIECEWISE_BEZIER_KNOTS.);
#14551 = CARTESIAN_POINT('',(0.7,0.));
#14552 = CARTESIAN_POINT('',(0.7,-1.2));
#14553 = ( GEOMETRIC_REPRESENTATION_CONTEXT(2) 
PARAMETRIC_REPRESENTATION_CONTEXT() REPRESENTATION_CONTEXT('2D SPACE',''
  ) );
#14554 = PCURVE('',#11905,#14555);
#14555 = DEFINITIONAL_REPRESENTATION('',(#14556),#14559);
#14556 = B_SPLINE_CURVE_WITH_KNOTS('',1,(#14557,#14558),.UNSPECIFIED.,
  .F.,.F.,(2,2),(0.,1.2),.PIECEWISE_BEZIER_KNOTS.);
#14557 = CARTESIAN_POINT('',(1.,0.));
#14558 = CARTESIAN_POINT('',(1.,1.2));
#14559 = ( GEOMETRIC_REPRESENTATION_CONTEXT(2) 
PARAMETRIC_REPRESENTATION_CONTEXT() REPRESENTATION_CONTEXT('2D SPACE',''
  ) );
#14560 = ORIENTED_EDGE('',*,*,#11861,.T.);
#14561 = ORIENTED_EDGE('',*,*,#14516,.F.);
#14562 = ADVANCED_FACE('',(#14563),#11905,.T.);
#14563 = FACE_BOUND('',#14564,.T.);
#14564 = EDGE_LOOP('',(#14565,#14566,#14567,#14568));
#14565 = ORIENTED_EDGE('',*,*,#11889,.F.);
#14566 = ORIENTED_EDGE('',*,*,#14542,.F.);
#14567 = ORIENTED_EDGE('',*,*,#12124,.T.);
#14568 = ORIENTED_EDGE('',*,*,#14569,.T.);
#14569 = EDGE_CURVE('',#12125,#11890,#14570,.T.);
#14570 = SURFACE_CURVE('',#14571,(#14575,#14581),.PCURVE_S1.);
#14571 = LINE('',#14572,#14573);
#14572 = CARTESIAN_POINT('',(28.5,30.2,1.25));
#14573 = VECTOR('',#14574,1.);
#14574 = DIRECTION('',(0.,1.,0.));
#14575 = PCURVE('',#11905,#14576);
#14576 = DEFINITIONAL_REPRESENTATION('',(#14577),#14580);
#14577 = B_SPLINE_CURVE_WITH_KNOTS('',1,(#14578,#14579),.UNSPECIFIED.,
  .F.,.F.,(2,2),(0.,1.2),.PIECEWISE_BEZIER_KNOTS.);
#14578 = CARTESIAN_POINT('',(10.,0.));
#14579 = CARTESIAN_POINT('',(10.,1.2));
#14580 = ( GEOMETRIC_REPRESENTATION_CONTEXT(2) 
PARAMETRIC_REPRESENTATION_CONTEXT() REPRESENTATION_CONTEXT('2D SPACE',''
  ) );
#14581 = PCURVE('',#11933,#14582);
#14582 = DEFINITIONAL_REPRESENTATION('',(#14583),#14586);
#14583 = B_SPLINE_CURVE_WITH_KNOTS('',1,(#14584,#14585),.UNSPECIFIED.,
  .F.,.F.,(2,2),(0.,1.2),.PIECEWISE_BEZIER_KNOTS.);
#14584 = CARTESIAN_POINT('',(0.7,0.));
#14585 = CARTESIAN_POINT('',(0.7,-1.2));
#14586 = ( GEOMETRIC_REPRESENTATION_CONTEXT(2) 
PARAMETRIC_REPRESENTATION_CONTEXT() REPRESENTATION_CONTEXT('2D SPACE',''
  ) );
#14587 = ADVANCED_FACE('',(#14588),#11933,.F.);
#14588 = FACE_BOUND('',#14589,.F.);
#14589 = EDGE_LOOP('',(#14590,#14591,#14592,#14593));
#14590 = ORIENTED_EDGE('',*,*,#12147,.F.);
#14591 = ORIENTED_EDGE('',*,*,#14569,.T.);
#14592 = ORIENTED_EDGE('',*,*,#11917,.T.);
#14593 = ORIENTED_EDGE('',*,*,#14594,.F.);
#14594 = EDGE_CURVE('',#12148,#11918,#14595,.T.);
#14595 = SURFACE_CURVE('',#14596,(#14600,#14607),.PCURVE_S1.);
#14596 = LINE('',#14597,#14598);
#14597 = CARTESIAN_POINT('',(28.5,30.2,4.15));
#14598 = VECTOR('',#14599,1.);
#14599 = DIRECTION('',(0.,1.,0.));
#14600 = PCURVE('',#11933,#14601);
#14601 = DEFINITIONAL_REPRESENTATION('',(#14602),#14606);
#14602 = LINE('',#14603,#14604);
#14603 = CARTESIAN_POINT('',(3.6,0.));
#14604 = VECTOR('',#14605,1.);
#14605 = DIRECTION('',(0.,-1.));
#14606 = ( GEOMETRIC_REPRESENTATION_CONTEXT(2) 
PARAMETRIC_REPRESENTATION_CONTEXT() REPRESENTATION_CONTEXT('2D SPACE',''
  ) );
#14607 = PCURVE('',#11961,#14608);
#14608 = DEFINITIONAL_REPRESENTATION('',(#14609),#14613);
#14609 = LINE('',#14610,#14611);
#14610 = CARTESIAN_POINT('',(0.,0.));
#14611 = VECTOR('',#14612,1.);
#14612 = DIRECTION('',(0.,1.));
#14613 = ( GEOMETRIC_REPRESENTATION_CONTEXT(2) 
PARAMETRIC_REPRESENTATION_CONTEXT() REPRESENTATION_CONTEXT('2D SPACE',''
  ) );
#14614 = ADVANCED_FACE('',(#14615),#11961,.T.);
#14615 = FACE_BOUND('',#14616,.T.);
#14616 = EDGE_LOOP('',(#14617,#14618,#14619,#14640));
#14617 = ORIENTED_EDGE('',*,*,#14594,.F.);
#14618 = ORIENTED_EDGE('',*,*,#12170,.T.);
#14619 = ORIENTED_EDGE('',*,*,#14620,.T.);
#14620 = EDGE_CURVE('',#12171,#11946,#14621,.T.);
#14621 = SURFACE_CURVE('',#14622,(#14626,#14633),.PCURVE_S1.);
#14622 = LINE('',#14623,#14624);
#14623 = CARTESIAN_POINT('',(29.9,30.2,4.15));
#14624 = VECTOR('',#14625,1.);
#14625 = DIRECTION('',(0.,1.,0.));
#14626 = PCURVE('',#11961,#14627);
#14627 = DEFINITIONAL_REPRESENTATION('',(#14628),#14632);
#14628 = LINE('',#14629,#14630);
#14629 = CARTESIAN_POINT('',(1.4,0.));
#14630 = VECTOR('',#14631,1.);
#14631 = DIRECTION('',(0.,1.));
#14632 = ( GEOMETRIC_REPRESENTATION_CONTEXT(2) 
PARAMETRIC_REPRESENTATION_CONTEXT() REPRESENTATION_CONTEXT('2D SPACE',''
  ) );
#14633 = PCURVE('',#11989,#14634);
#14634 = DEFINITIONAL_REPRESENTATION('',(#14635),#14639);
#14635 = LINE('',#14636,#14637);
#14636 = CARTESIAN_POINT('',(3.6,0.));
#14637 = VECTOR('',#14638,1.);
#14638 = DIRECTION('',(0.,-1.));
#14639 = ( GEOMETRIC_REPRESENTATION_CONTEXT(2) 
PARAMETRIC_REPRESENTATION_CONTEXT() REPRESENTATION_CONTEXT('2D SPACE',''
  ) );
#14640 = ORIENTED_EDGE('',*,*,#11945,.F.);
#14641 = ADVANCED_FACE('',(#14642),#11989,.T.);
#14642 = FACE_BOUND('',#14643,.T.);
#14643 = EDGE_LOOP('',(#14644,#14645,#14646,#14647));
#14644 = ORIENTED_EDGE('',*,*,#12193,.F.);
#14645 = ORIENTED_EDGE('',*,*,#13317,.T.);
#14646 = ORIENTED_EDGE('',*,*,#11973,.T.);
#14647 = ORIENTED_EDGE('',*,*,#14620,.F.);
#14648 = ADVANCED_FACE('',(#14649,#14652),#12432,.T.);
#14649 = FACE_BOUND('',#14650,.T.);
#14650 = EDGE_LOOP('',(#14651));
#14651 = ORIENTED_EDGE('',*,*,#12417,.T.);
#14652 = FACE_BOUND('',#14653,.T.);
#14653 = EDGE_LOOP('',(#14654));
#14654 = ORIENTED_EDGE('',*,*,#14655,.T.);
#14655 = EDGE_CURVE('',#14656,#14656,#14658,.T.);
#14656 = VERTEX_POINT('',#14657);
#14657 = CARTESIAN_POINT('',(-5.6,22.,4.));
#14658 = SURFACE_CURVE('',#14659,(#14664,#14675),.PCURVE_S1.);
#14659 = CIRCLE('',#14660,0.4);
#14660 = AXIS2_PLACEMENT_3D('',#14661,#14662,#14663);
#14661 = CARTESIAN_POINT('',(-6.,22.,4.));
#14662 = DIRECTION('',(0.,0.,-1.));
#14663 = DIRECTION('',(1.,0.,0.));
#14664 = PCURVE('',#12432,#14665);
#14665 = DEFINITIONAL_REPRESENTATION('',(#14666),#14674);
#14666 = ( BOUNDED_CURVE() B_SPLINE_CURVE(2,(#14667,#14668,#14669,#14670
    ,#14671,#14672,#14673),.UNSPECIFIED.,.T.,.F.) 
B_SPLINE_CURVE_WITH_KNOTS((1,2,2,2,2,1),(-2.094395102393,0.,
    2.094395102393,4.188790204786,6.28318530718,8.377580409573),
.UNSPECIFIED.) CURVE() GEOMETRIC_REPRESENTATION_ITEM() 
RATIONAL_B_SPLINE_CURVE((1.,0.5,1.,0.5,1.,0.5,1.)) REPRESENTATION_ITEM(
  '') );
#14667 = CARTESIAN_POINT('',(0.4,0.));
#14668 = CARTESIAN_POINT('',(0.4,-0.692820323028));
#14669 = CARTESIAN_POINT('',(-0.2,-0.346410161514));
#14670 = CARTESIAN_POINT('',(-0.8,-9.797174393179E-17));
#14671 = CARTESIAN_POINT('',(-0.2,0.346410161514));
#14672 = CARTESIAN_POINT('',(0.4,0.692820323028));
#14673 = CARTESIAN_POINT('',(0.4,0.));
#14674 = ( GEOMETRIC_REPRESENTATION_CONTEXT(2) 
PARAMETRIC_REPRESENTATION_CONTEXT() REPRESENTATION_CONTEXT('2D SPACE',''
  ) );
#14675 = PCURVE('',#14676,#14681);
#14676 = CYLINDRICAL_SURFACE('',#14677,0.4);
#14677 = AXIS2_PLACEMENT_3D('',#14678,#14679,#14680);
#14678 = CARTESIAN_POINT('',(-6.,22.,0.7));
#14679 = DIRECTION('',(-0.,-0.,-1.));
#14680 = DIRECTION('',(1.,0.,0.));
#14681 = DEFINITIONAL_REPRESENTATION('',(#14682),#14686);
#14682 = LINE('',#14683,#14684);
#14683 = CARTESIAN_POINT('',(-6.28318530718,-3.3));
#14684 = VECTOR('',#14685,1.);
#14685 = DIRECTION('',(1.,-0.));
#14686 = ( GEOMETRIC_REPRESENTATION_CONTEXT(2) 
PARAMETRIC_REPRESENTATION_CONTEXT() REPRESENTATION_CONTEXT('2D SPACE',''
  ) );
#14687 = ADVANCED_FACE('',(#14688,#14694),#12704,.T.);
#14688 = FACE_BOUND('',#14689,.T.);
#14689 = EDGE_LOOP('',(#14690,#14691,#14692,#14693));
#14690 = ORIENTED_EDGE('',*,*,#13922,.F.);
#14691 = ORIENTED_EDGE('',*,*,#13949,.T.);
#14692 = ORIENTED_EDGE('',*,*,#13802,.T.);
#14693 = ORIENTED_EDGE('',*,*,#13851,.F.);
#14694 = FACE_BOUND('',#14695,.T.);
#14695 = EDGE_LOOP('',(#14696));
#14696 = ORIENTED_EDGE('',*,*,#12687,.F.);
#14697 = ADVANCED_FACE('',(#14698,#14704),#12782,.F.);
#14698 = FACE_BOUND('',#14699,.F.);
#14699 = EDGE_LOOP('',(#14700,#14701,#14702,#14703));
#14700 = ORIENTED_EDGE('',*,*,#13513,.F.);
#14701 = ORIENTED_EDGE('',*,*,#13388,.T.);
#14702 = ORIENTED_EDGE('',*,*,#13437,.T.);
#14703 = ORIENTED_EDGE('',*,*,#13486,.F.);
#14704 = FACE_BOUND('',#14705,.F.);
#14705 = EDGE_LOOP('',(#14706,#14707,#14708,#14709,#14710,#14711,#14712,
    #14713));
#14706 = ORIENTED_EDGE('',*,*,#12765,.F.);
#14707 = ORIENTED_EDGE('',*,*,#13112,.F.);
#14708 = ORIENTED_EDGE('',*,*,#13083,.F.);
#14709 = ORIENTED_EDGE('',*,*,#13014,.T.);
#14710 = ORIENTED_EDGE('',*,*,#12964,.F.);
#14711 = ORIENTED_EDGE('',*,*,#12918,.T.);
#14712 = ORIENTED_EDGE('',*,*,#12889,.F.);
#14713 = ORIENTED_EDGE('',*,*,#12842,.F.);
#14714 = ADVANCED_FACE('',(#14715),#13159,.F.);
#14715 = FACE_BOUND('',#14716,.T.);
#14716 = EDGE_LOOP('',(#14717,#14746,#14767,#14768));
#14717 = ORIENTED_EDGE('',*,*,#14718,.F.);
#14718 = EDGE_CURVE('',#14719,#14719,#14721,.T.);
#14719 = VERTEX_POINT('',#14720);
#14720 = CARTESIAN_POINT('',(-27.35,-59.5,2.7));
#14721 = SURFACE_CURVE('',#14722,(#14727,#14734),.PCURVE_S1.);
#14722 = CIRCLE('',#14723,0.65);
#14723 = AXIS2_PLACEMENT_3D('',#14724,#14725,#14726);
#14724 = CARTESIAN_POINT('',(-28.,-59.5,2.7));
#14725 = DIRECTION('',(0.,0.,1.));
#14726 = DIRECTION('',(1.,0.,0.));
#14727 = PCURVE('',#13159,#14728);
#14728 = DEFINITIONAL_REPRESENTATION('',(#14729),#14733);
#14729 = LINE('',#14730,#14731);
#14730 = CARTESIAN_POINT('',(-0.,0.));
#14731 = VECTOR('',#14732,1.);
#14732 = DIRECTION('',(-1.,0.));
#14733 = ( GEOMETRIC_REPRESENTATION_CONTEXT(2) 
PARAMETRIC_REPRESENTATION_CONTEXT() REPRESENTATION_CONTEXT('2D SPACE',''
  ) );
#14734 = PCURVE('',#14735,#14740);
#14735 = PLANE('',#14736);
#14736 = AXIS2_PLACEMENT_3D('',#14737,#14738,#14739);
#14737 = CARTESIAN_POINT('',(-28.,-59.5,2.7));
#14738 = DIRECTION('',(0.,0.,1.));
#14739 = DIRECTION('',(1.,0.,-0.));
#14740 = DEFINITIONAL_REPRESENTATION('',(#14741),#14745);
#14741 = CIRCLE('',#14742,0.65);
#14742 = AXIS2_PLACEMENT_2D('',#14743,#14744);
#14743 = CARTESIAN_POINT('',(0.,0.));
#14744 = DIRECTION('',(1.,0.));
#14745 = ( GEOMETRIC_REPRESENTATION_CONTEXT(2) 
PARAMETRIC_REPRESENTATION_CONTEXT() REPRESENTATION_CONTEXT('2D SPACE',''
  ) );
#14746 = ORIENTED_EDGE('',*,*,#14747,.T.);
#14747 = EDGE_CURVE('',#14719,#13139,#14748,.T.);
#14748 = SEAM_CURVE('',#14749,(#14753,#14760),.PCURVE_S1.);
#14749 = LINE('',#14750,#14751);
#14750 = CARTESIAN_POINT('',(-27.35,-59.5,2.7));
#14751 = VECTOR('',#14752,1.);
#14752 = DIRECTION('',(0.,0.,1.));
#14753 = PCURVE('',#13159,#14754);
#14754 = DEFINITIONAL_REPRESENTATION('',(#14755),#14759);
#14755 = LINE('',#14756,#14757);
#14756 = CARTESIAN_POINT('',(-6.28318530718,0.));
#14757 = VECTOR('',#14758,1.);
#14758 = DIRECTION('',(-0.,-1.));
#14759 = ( GEOMETRIC_REPRESENTATION_CONTEXT(2) 
PARAMETRIC_REPRESENTATION_CONTEXT() REPRESENTATION_CONTEXT('2D SPACE',''
  ) );
#14760 = PCURVE('',#13159,#14761);
#14761 = DEFINITIONAL_REPRESENTATION('',(#14762),#14766);
#14762 = LINE('',#14763,#14764);
#14763 = CARTESIAN_POINT('',(-0.,0.));
#14764 = VECTOR('',#14765,1.);
#14765 = DIRECTION('',(-0.,-1.));
#14766 = ( GEOMETRIC_REPRESENTATION_CONTEXT(2) 
PARAMETRIC_REPRESENTATION_CONTEXT() REPRESENTATION_CONTEXT('2D SPACE',''
  ) );
#14767 = ORIENTED_EDGE('',*,*,#13138,.F.);
#14768 = ORIENTED_EDGE('',*,*,#14747,.F.);
#14769 = ADVANCED_FACE('',(#14770),#13198,.F.);
#14770 = FACE_BOUND('',#14771,.T.);
#14771 = EDGE_LOOP('',(#14772,#14801,#14822,#14823));
#14772 = ORIENTED_EDGE('',*,*,#14773,.F.);
#14773 = EDGE_CURVE('',#14774,#14774,#14776,.T.);
#14774 = VERTEX_POINT('',#14775);
#14775 = CARTESIAN_POINT('',(-27.35,0.,2.7));
#14776 = SURFACE_CURVE('',#14777,(#14782,#14789),.PCURVE_S1.);
#14777 = CIRCLE('',#14778,0.65);
#14778 = AXIS2_PLACEMENT_3D('',#14779,#14780,#14781);
#14779 = CARTESIAN_POINT('',(-28.,0.,2.7));
#14780 = DIRECTION('',(0.,0.,1.));
#14781 = DIRECTION('',(1.,0.,0.));
#14782 = PCURVE('',#13198,#14783);
#14783 = DEFINITIONAL_REPRESENTATION('',(#14784),#14788);
#14784 = LINE('',#14785,#14786);
#14785 = CARTESIAN_POINT('',(-0.,0.));
#14786 = VECTOR('',#14787,1.);
#14787 = DIRECTION('',(-1.,0.));
#14788 = ( GEOMETRIC_REPRESENTATION_CONTEXT(2) 
PARAMETRIC_REPRESENTATION_CONTEXT() REPRESENTATION_CONTEXT('2D SPACE',''
  ) );
#14789 = PCURVE('',#14790,#14795);
#14790 = PLANE('',#14791);
#14791 = AXIS2_PLACEMENT_3D('',#14792,#14793,#14794);
#14792 = CARTESIAN_POINT('',(-28.,6.337143050672E-18,2.7));
#14793 = DIRECTION('',(0.,0.,1.));
#14794 = DIRECTION('',(1.,0.,-0.));
#14795 = DEFINITIONAL_REPRESENTATION('',(#14796),#14800);
#14796 = CIRCLE('',#14797,0.65);
#14797 = AXIS2_PLACEMENT_2D('',#14798,#14799);
#14798 = CARTESIAN_POINT('',(0.,-6.337143050672E-18));
#14799 = DIRECTION('',(1.,0.));
#14800 = ( GEOMETRIC_REPRESENTATION_CONTEXT(2) 
PARAMETRIC_REPRESENTATION_CONTEXT() REPRESENTATION_CONTEXT('2D SPACE',''
  ) );
#14801 = ORIENTED_EDGE('',*,*,#14802,.T.);
#14802 = EDGE_CURVE('',#14774,#13178,#14803,.T.);
#14803 = SEAM_CURVE('',#14804,(#14808,#14815),.PCURVE_S1.);
#14804 = LINE('',#14805,#14806);
#14805 = CARTESIAN_POINT('',(-27.35,0.,2.7));
#14806 = VECTOR('',#14807,1.);
#14807 = DIRECTION('',(0.,0.,1.));
#14808 = PCURVE('',#13198,#14809);
#14809 = DEFINITIONAL_REPRESENTATION('',(#14810),#14814);
#14810 = LINE('',#14811,#14812);
#14811 = CARTESIAN_POINT('',(-6.28318530718,0.));
#14812 = VECTOR('',#14813,1.);
#14813 = DIRECTION('',(-0.,-1.));
#14814 = ( GEOMETRIC_REPRESENTATION_CONTEXT(2) 
PARAMETRIC_REPRESENTATION_CONTEXT() REPRESENTATION_CONTEXT('2D SPACE',''
  ) );
#14815 = PCURVE('',#13198,#14816);
#14816 = DEFINITIONAL_REPRESENTATION('',(#14817),#14821);
#14817 = LINE('',#14818,#14819);
#14818 = CARTESIAN_POINT('',(-0.,0.));
#14819 = VECTOR('',#14820,1.);
#14820 = DIRECTION('',(-0.,-1.));
#14821 = ( GEOMETRIC_REPRESENTATION_CONTEXT(2) 
PARAMETRIC_REPRESENTATION_CONTEXT() REPRESENTATION_CONTEXT('2D SPACE',''
  ) );
#14822 = ORIENTED_EDGE('',*,*,#13177,.F.);
#14823 = ORIENTED_EDGE('',*,*,#14802,.F.);
#14824 = ADVANCED_FACE('',(#14825),#13238,.F.);
#14825 = FACE_BOUND('',#14826,.T.);
#14826 = EDGE_LOOP('',(#14827,#14856,#14877,#14878));
#14827 = ORIENTED_EDGE('',*,*,#14828,.F.);
#14828 = EDGE_CURVE('',#14829,#14829,#14831,.T.);
#14829 = VERTEX_POINT('',#14830);
#14830 = CARTESIAN_POINT('',(-5.6,61.4,0.7));
#14831 = SURFACE_CURVE('',#14832,(#14837,#14844),.PCURVE_S1.);
#14832 = CIRCLE('',#14833,0.4);
#14833 = AXIS2_PLACEMENT_3D('',#14834,#14835,#14836);
#14834 = CARTESIAN_POINT('',(-6.,61.4,0.7));
#14835 = DIRECTION('',(0.,0.,1.));
#14836 = DIRECTION('',(1.,0.,0.));
#14837 = PCURVE('',#13238,#14838);
#14838 = DEFINITIONAL_REPRESENTATION('',(#14839),#14843);
#14839 = LINE('',#14840,#14841);
#14840 = CARTESIAN_POINT('',(-0.,0.));
#14841 = VECTOR('',#14842,1.);
#14842 = DIRECTION('',(-1.,0.));
#14843 = ( GEOMETRIC_REPRESENTATION_CONTEXT(2) 
PARAMETRIC_REPRESENTATION_CONTEXT() REPRESENTATION_CONTEXT('2D SPACE',''
  ) );
#14844 = PCURVE('',#14845,#14850);
#14845 = PLANE('',#14846);
#14846 = AXIS2_PLACEMENT_3D('',#14847,#14848,#14849);
#14847 = CARTESIAN_POINT('',(-6.,61.4,0.7));
#14848 = DIRECTION('',(0.,0.,1.));
#14849 = DIRECTION('',(1.,0.,-0.));
#14850 = DEFINITIONAL_REPRESENTATION('',(#14851),#14855);
#14851 = CIRCLE('',#14852,0.4);
#14852 = AXIS2_PLACEMENT_2D('',#14853,#14854);
#14853 = CARTESIAN_POINT('',(0.,0.));
#14854 = DIRECTION('',(1.,0.));
#14855 = ( GEOMETRIC_REPRESENTATION_CONTEXT(2) 
PARAMETRIC_REPRESENTATION_CONTEXT() REPRESENTATION_CONTEXT('2D SPACE',''
  ) );
#14856 = ORIENTED_EDGE('',*,*,#14857,.T.);
#14857 = EDGE_CURVE('',#14829,#13218,#14858,.T.);
#14858 = SEAM_CURVE('',#14859,(#14863,#14870),.PCURVE_S1.);
#14859 = LINE('',#14860,#14861);
#14860 = CARTESIAN_POINT('',(-5.6,61.4,0.7));
#14861 = VECTOR('',#14862,1.);
#14862 = DIRECTION('',(0.,0.,1.));
#14863 = PCURVE('',#13238,#14864);
#14864 = DEFINITIONAL_REPRESENTATION('',(#14865),#14869);
#14865 = LINE('',#14866,#14867);
#14866 = CARTESIAN_POINT('',(-6.28318530718,0.));
#14867 = VECTOR('',#14868,1.);
#14868 = DIRECTION('',(-0.,-1.));
#14869 = ( GEOMETRIC_REPRESENTATION_CONTEXT(2) 
PARAMETRIC_REPRESENTATION_CONTEXT() REPRESENTATION_CONTEXT('2D SPACE',''
  ) );
#14870 = PCURVE('',#13238,#14871);
#14871 = DEFINITIONAL_REPRESENTATION('',(#14872),#14876);
#14872 = LINE('',#14873,#14874);
#14873 = CARTESIAN_POINT('',(-0.,0.));
#14874 = VECTOR('',#14875,1.);
#14875 = DIRECTION('',(-0.,-1.));
#14876 = ( GEOMETRIC_REPRESENTATION_CONTEXT(2) 
PARAMETRIC_REPRESENTATION_CONTEXT() REPRESENTATION_CONTEXT('2D SPACE',''
  ) );
#14877 = ORIENTED_EDGE('',*,*,#13217,.F.);
#14878 = ORIENTED_EDGE('',*,*,#14857,.F.);
#14879 = ADVANCED_FACE('',(#14880),#13999,.F.);
#14880 = FACE_BOUND('',#14881,.T.);
#14881 = EDGE_LOOP('',(#14882,#14911,#14932,#14933));
#14882 = ORIENTED_EDGE('',*,*,#14883,.F.);
#14883 = EDGE_CURVE('',#14884,#14884,#14886,.T.);
#14884 = VERTEX_POINT('',#14885);
#14885 = CARTESIAN_POINT('',(28.65,-59.5,2.7));
#14886 = SURFACE_CURVE('',#14887,(#14892,#14899),.PCURVE_S1.);
#14887 = CIRCLE('',#14888,0.65);
#14888 = AXIS2_PLACEMENT_3D('',#14889,#14890,#14891);
#14889 = CARTESIAN_POINT('',(28.,-59.5,2.7));
#14890 = DIRECTION('',(0.,0.,1.));
#14891 = DIRECTION('',(1.,0.,0.));
#14892 = PCURVE('',#13999,#14893);
#14893 = DEFINITIONAL_REPRESENTATION('',(#14894),#14898);
#14894 = LINE('',#14895,#14896);
#14895 = CARTESIAN_POINT('',(-0.,0.));
#14896 = VECTOR('',#14897,1.);
#14897 = DIRECTION('',(-1.,0.));
#14898 = ( GEOMETRIC_REPRESENTATION_CONTEXT(2) 
PARAMETRIC_REPRESENTATION_CONTEXT() REPRESENTATION_CONTEXT('2D SPACE',''
  ) );
#14899 = PCURVE('',#14900,#14905);
#14900 = PLANE('',#14901);
#14901 = AXIS2_PLACEMENT_3D('',#14902,#14903,#14904);
#14902 = CARTESIAN_POINT('',(28.,-59.5,2.7));
#14903 = DIRECTION('',(0.,0.,1.));
#14904 = DIRECTION('',(1.,0.,-0.));
#14905 = DEFINITIONAL_REPRESENTATION('',(#14906),#14910);
#14906 = CIRCLE('',#14907,0.65);
#14907 = AXIS2_PLACEMENT_2D('',#14908,#14909);
#14908 = CARTESIAN_POINT('',(0.,0.));
#14909 = DIRECTION('',(1.,0.));
#14910 = ( GEOMETRIC_REPRESENTATION_CONTEXT(2) 
PARAMETRIC_REPRESENTATION_CONTEXT() REPRESENTATION_CONTEXT('2D SPACE',''
  ) );
#14911 = ORIENTED_EDGE('',*,*,#14912,.T.);
#14912 = EDGE_CURVE('',#14884,#13979,#14913,.T.);
#14913 = SEAM_CURVE('',#14914,(#14918,#14925),.PCURVE_S1.);
#14914 = LINE('',#14915,#14916);
#14915 = CARTESIAN_POINT('',(28.65,-59.5,2.7));
#14916 = VECTOR('',#14917,1.);
#14917 = DIRECTION('',(0.,0.,1.));
#14918 = PCURVE('',#13999,#14919);
#14919 = DEFINITIONAL_REPRESENTATION('',(#14920),#14924);
#14920 = LINE('',#14921,#14922);
#14921 = CARTESIAN_POINT('',(-6.28318530718,0.));
#14922 = VECTOR('',#14923,1.);
#14923 = DIRECTION('',(-0.,-1.));
#14924 = ( GEOMETRIC_REPRESENTATION_CONTEXT(2) 
PARAMETRIC_REPRESENTATION_CONTEXT() REPRESENTATION_CONTEXT('2D SPACE',''
  ) );
#14925 = PCURVE('',#13999,#14926);
#14926 = DEFINITIONAL_REPRESENTATION('',(#14927),#14931);
#14927 = LINE('',#14928,#14929);
#14928 = CARTESIAN_POINT('',(-0.,0.));
#14929 = VECTOR('',#14930,1.);
#14930 = DIRECTION('',(-0.,-1.));
#14931 = ( GEOMETRIC_REPRESENTATION_CONTEXT(2) 
PARAMETRIC_REPRESENTATION_CONTEXT() REPRESENTATION_CONTEXT('2D SPACE',''
  ) );
#14932 = ORIENTED_EDGE('',*,*,#13978,.F.);
#14933 = ORIENTED_EDGE('',*,*,#14912,.F.);
#14934 = ADVANCED_FACE('',(#14935),#14038,.F.);
#14935 = FACE_BOUND('',#14936,.T.);
#14936 = EDGE_LOOP('',(#14937,#14966,#14987,#14988));
#14937 = ORIENTED_EDGE('',*,*,#14938,.F.);
#14938 = EDGE_CURVE('',#14939,#14939,#14941,.T.);
#14939 = VERTEX_POINT('',#14940);
#14940 = CARTESIAN_POINT('',(28.65,0.,2.7));
#14941 = SURFACE_CURVE('',#14942,(#14947,#14954),.PCURVE_S1.);
#14942 = CIRCLE('',#14943,0.65);
#14943 = AXIS2_PLACEMENT_3D('',#14944,#14945,#14946);
#14944 = CARTESIAN_POINT('',(28.,0.,2.7));
#14945 = DIRECTION('',(0.,0.,1.));
#14946 = DIRECTION('',(1.,0.,0.));
#14947 = PCURVE('',#14038,#14948);
#14948 = DEFINITIONAL_REPRESENTATION('',(#14949),#14953);
#14949 = LINE('',#14950,#14951);
#14950 = CARTESIAN_POINT('',(-0.,0.));
#14951 = VECTOR('',#14952,1.);
#14952 = DIRECTION('',(-1.,0.));
#14953 = ( GEOMETRIC_REPRESENTATION_CONTEXT(2) 
PARAMETRIC_REPRESENTATION_CONTEXT() REPRESENTATION_CONTEXT('2D SPACE',''
  ) );
#14954 = PCURVE('',#14955,#14960);
#14955 = PLANE('',#14956);
#14956 = AXIS2_PLACEMENT_3D('',#14957,#14958,#14959);
#14957 = CARTESIAN_POINT('',(28.,6.337143050672E-18,2.7));
#14958 = DIRECTION('',(0.,0.,1.));
#14959 = DIRECTION('',(1.,0.,-0.));
#14960 = DEFINITIONAL_REPRESENTATION('',(#14961),#14965);
#14961 = CIRCLE('',#14962,0.65);
#14962 = AXIS2_PLACEMENT_2D('',#14963,#14964);
#14963 = CARTESIAN_POINT('',(0.,-6.337143050672E-18));
#14964 = DIRECTION('',(1.,0.));
#14965 = ( GEOMETRIC_REPRESENTATION_CONTEXT(2) 
PARAMETRIC_REPRESENTATION_CONTEXT() REPRESENTATION_CONTEXT('2D SPACE',''
  ) );
#14966 = ORIENTED_EDGE('',*,*,#14967,.T.);
#14967 = EDGE_CURVE('',#14939,#14018,#14968,.T.);
#14968 = SEAM_CURVE('',#14969,(#14973,#14980),.PCURVE_S1.);
#14969 = LINE('',#14970,#14971);
#14970 = CARTESIAN_POINT('',(28.65,0.,2.7));
#14971 = VECTOR('',#14972,1.);
#14972 = DIRECTION('',(0.,0.,1.));
#14973 = PCURVE('',#14038,#14974);
#14974 = DEFINITIONAL_REPRESENTATION('',(#14975),#14979);
#14975 = LINE('',#14976,#14977);
#14976 = CARTESIAN_POINT('',(-6.28318530718,0.));
#14977 = VECTOR('',#14978,1.);
#14978 = DIRECTION('',(-0.,-1.));
#14979 = ( GEOMETRIC_REPRESENTATION_CONTEXT(2) 
PARAMETRIC_REPRESENTATION_CONTEXT() REPRESENTATION_CONTEXT('2D SPACE',''
  ) );
#14980 = PCURVE('',#14038,#14981);
#14981 = DEFINITIONAL_REPRESENTATION('',(#14982),#14986);
#14982 = LINE('',#14983,#14984);
#14983 = CARTESIAN_POINT('',(-0.,0.));
#14984 = VECTOR('',#14985,1.);
#14985 = DIRECTION('',(-0.,-1.));
#14986 = ( GEOMETRIC_REPRESENTATION_CONTEXT(2) 
PARAMETRIC_REPRESENTATION_CONTEXT() REPRESENTATION_CONTEXT('2D SPACE',''
  ) );
#14987 = ORIENTED_EDGE('',*,*,#14017,.F.);
#14988 = ORIENTED_EDGE('',*,*,#14967,.F.);
#14989 = ADVANCED_FACE('',(#14990),#14077,.F.);
#14990 = FACE_BOUND('',#14991,.T.);
#14991 = EDGE_LOOP('',(#14992,#14993,#15016,#15047));
#14992 = ORIENTED_EDGE('',*,*,#14056,.F.);
#14993 = ORIENTED_EDGE('',*,*,#14994,.F.);
#14994 = EDGE_CURVE('',#14995,#14057,#14997,.T.);
#14995 = VERTEX_POINT('',#14996);
#14996 = CARTESIAN_POINT('',(-27.35,59.5,2.7));
#14997 = SEAM_CURVE('',#14998,(#15002,#15009),.PCURVE_S1.);
#14998 = LINE('',#14999,#15000);
#14999 = CARTESIAN_POINT('',(-27.35,59.5,2.7));
#15000 = VECTOR('',#15001,1.);
#15001 = DIRECTION('',(0.,0.,1.));
#15002 = PCURVE('',#14077,#15003);
#15003 = DEFINITIONAL_REPRESENTATION('',(#15004),#15008);
#15004 = LINE('',#15005,#15006);
#15005 = CARTESIAN_POINT('',(-6.28318530718,0.));
#15006 = VECTOR('',#15007,1.);
#15007 = DIRECTION('',(-0.,-1.));
#15008 = ( GEOMETRIC_REPRESENTATION_CONTEXT(2) 
PARAMETRIC_REPRESENTATION_CONTEXT() REPRESENTATION_CONTEXT('2D SPACE',''
  ) );
#15009 = PCURVE('',#14077,#15010);
#15010 = DEFINITIONAL_REPRESENTATION('',(#15011),#15015);
#15011 = LINE('',#15012,#15013);
#15012 = CARTESIAN_POINT('',(-0.,0.));
#15013 = VECTOR('',#15014,1.);
#15014 = DIRECTION('',(-0.,-1.));
#15015 = ( GEOMETRIC_REPRESENTATION_CONTEXT(2) 
PARAMETRIC_REPRESENTATION_CONTEXT() REPRESENTATION_CONTEXT('2D SPACE',''
  ) );
#15016 = ORIENTED_EDGE('',*,*,#15017,.T.);
#15017 = EDGE_CURVE('',#14995,#14995,#15018,.T.);
#15018 = SURFACE_CURVE('',#15019,(#15024,#15031),.PCURVE_S1.);
#15019 = CIRCLE('',#15020,0.65);
#15020 = AXIS2_PLACEMENT_3D('',#15021,#15022,#15023);
#15021 = CARTESIAN_POINT('',(-28.,59.5,2.7));
#15022 = DIRECTION('',(0.,0.,-1.));
#15023 = DIRECTION('',(1.,0.,0.));
#15024 = PCURVE('',#14077,#15025);
#15025 = DEFINITIONAL_REPRESENTATION('',(#15026),#15030);
#15026 = LINE('',#15027,#15028);
#15027 = CARTESIAN_POINT('',(-6.28318530718,0.));
#15028 = VECTOR('',#15029,1.);
#15029 = DIRECTION('',(1.,-0.));
#15030 = ( GEOMETRIC_REPRESENTATION_CONTEXT(2) 
PARAMETRIC_REPRESENTATION_CONTEXT() REPRESENTATION_CONTEXT('2D SPACE',''
  ) );
#15031 = PCURVE('',#15032,#15037);
#15032 = PLANE('',#15033);
#15033 = AXIS2_PLACEMENT_3D('',#15034,#15035,#15036);
#15034 = CARTESIAN_POINT('',(-28.,59.5,2.7));
#15035 = DIRECTION('',(0.,0.,1.));
#15036 = DIRECTION('',(1.,0.,-0.));
#15037 = DEFINITIONAL_REPRESENTATION('',(#15038),#15046);
#15038 = ( BOUNDED_CURVE() B_SPLINE_CURVE(2,(#15039,#15040,#15041,#15042
    ,#15043,#15044,#15045),.UNSPECIFIED.,.T.,.F.) 
B_SPLINE_CURVE_WITH_KNOTS((1,2,2,2,2,1),(-2.094395102393,0.,
    2.094395102393,4.188790204786,6.28318530718,8.377580409573),
.UNSPECIFIED.) CURVE() GEOMETRIC_REPRESENTATION_ITEM() 
RATIONAL_B_SPLINE_CURVE((1.,0.5,1.,0.5,1.,0.5,1.)) REPRESENTATION_ITEM(
  '') );
#15039 = CARTESIAN_POINT('',(0.65,0.));
#15040 = CARTESIAN_POINT('',(0.65,-1.12583302492));
#15041 = CARTESIAN_POINT('',(-0.325,-0.56291651246));
#15042 = CARTESIAN_POINT('',(-1.3,-1.592040838892E-16));
#15043 = CARTESIAN_POINT('',(-0.325,0.56291651246));
#15044 = CARTESIAN_POINT('',(0.65,1.12583302492));
#15045 = CARTESIAN_POINT('',(0.65,0.));
#15046 = ( GEOMETRIC_REPRESENTATION_CONTEXT(2) 
PARAMETRIC_REPRESENTATION_CONTEXT() REPRESENTATION_CONTEXT('2D SPACE',''
  ) );
#15047 = ORIENTED_EDGE('',*,*,#14994,.T.);
#15048 = ADVANCED_FACE('',(#15049),#14116,.F.);
#15049 = FACE_BOUND('',#15050,.T.);
#15050 = EDGE_LOOP('',(#15051,#15080,#15101,#15102));
#15051 = ORIENTED_EDGE('',*,*,#15052,.F.);
#15052 = EDGE_CURVE('',#15053,#15053,#15055,.T.);
#15053 = VERTEX_POINT('',#15054);
#15054 = CARTESIAN_POINT('',(28.65,59.5,2.7));
#15055 = SURFACE_CURVE('',#15056,(#15061,#15068),.PCURVE_S1.);
#15056 = CIRCLE('',#15057,0.65);
#15057 = AXIS2_PLACEMENT_3D('',#15058,#15059,#15060);
#15058 = CARTESIAN_POINT('',(28.,59.5,2.7));
#15059 = DIRECTION('',(0.,0.,1.));
#15060 = DIRECTION('',(1.,0.,0.));
#15061 = PCURVE('',#14116,#15062);
#15062 = DEFINITIONAL_REPRESENTATION('',(#15063),#15067);
#15063 = LINE('',#15064,#15065);
#15064 = CARTESIAN_POINT('',(-0.,0.));
#15065 = VECTOR('',#15066,1.);
#15066 = DIRECTION('',(-1.,0.));
#15067 = ( GEOMETRIC_REPRESENTATION_CONTEXT(2) 
PARAMETRIC_REPRESENTATION_CONTEXT() REPRESENTATION_CONTEXT('2D SPACE',''
  ) );
#15068 = PCURVE('',#15069,#15074);
#15069 = PLANE('',#15070);
#15070 = AXIS2_PLACEMENT_3D('',#15071,#15072,#15073);
#15071 = CARTESIAN_POINT('',(28.,59.5,2.7));
#15072 = DIRECTION('',(0.,0.,1.));
#15073 = DIRECTION('',(1.,0.,-0.));
#15074 = DEFINITIONAL_REPRESENTATION('',(#15075),#15079);
#15075 = CIRCLE('',#15076,0.65);
#15076 = AXIS2_PLACEMENT_2D('',#15077,#15078);
#15077 = CARTESIAN_POINT('',(0.,0.));
#15078 = DIRECTION('',(1.,0.));
#15079 = ( GEOMETRIC_REPRESENTATION_CONTEXT(2) 
PARAMETRIC_REPRESENTATION_CONTEXT() REPRESENTATION_CONTEXT('2D SPACE',''
  ) );
#15080 = ORIENTED_EDGE('',*,*,#15081,.T.);
#15081 = EDGE_CURVE('',#15053,#14096,#15082,.T.);
#15082 = SEAM_CURVE('',#15083,(#15087,#15094),.PCURVE_S1.);
#15083 = LINE('',#15084,#15085);
#15084 = CARTESIAN_POINT('',(28.65,59.5,2.7));
#15085 = VECTOR('',#15086,1.);
#15086 = DIRECTION('',(0.,0.,1.));
#15087 = PCURVE('',#14116,#15088);
#15088 = DEFINITIONAL_REPRESENTATION('',(#15089),#15093);
#15089 = LINE('',#15090,#15091);
#15090 = CARTESIAN_POINT('',(-6.28318530718,0.));
#15091 = VECTOR('',#15092,1.);
#15092 = DIRECTION('',(-0.,-1.));
#15093 = ( GEOMETRIC_REPRESENTATION_CONTEXT(2) 
PARAMETRIC_REPRESENTATION_CONTEXT() REPRESENTATION_CONTEXT('2D SPACE',''
  ) );
#15094 = PCURVE('',#14116,#15095);
#15095 = DEFINITIONAL_REPRESENTATION('',(#15096),#15100);
#15096 = LINE('',#15097,#15098);
#15097 = CARTESIAN_POINT('',(-0.,0.));
#15098 = VECTOR('',#15099,1.);
#15099 = DIRECTION('',(-0.,-1.));
#15100 = ( GEOMETRIC_REPRESENTATION_CONTEXT(2) 
PARAMETRIC_REPRESENTATION_CONTEXT() REPRESENTATION_CONTEXT('2D SPACE',''
  ) );
#15101 = ORIENTED_EDGE('',*,*,#14095,.F.);
#15102 = ORIENTED_EDGE('',*,*,#15081,.F.);
#15103 = ADVANCED_FACE('',(#15104),#14676,.F.);
#15104 = FACE_BOUND('',#15105,.T.);
#15105 = EDGE_LOOP('',(#15106,#15135,#15156,#15157));
#15106 = ORIENTED_EDGE('',*,*,#15107,.F.);
#15107 = EDGE_CURVE('',#15108,#15108,#15110,.T.);
#15108 = VERTEX_POINT('',#15109);
#15109 = CARTESIAN_POINT('',(-5.6,22.,0.7));
#15110 = SURFACE_CURVE('',#15111,(#15116,#15123),.PCURVE_S1.);
#15111 = CIRCLE('',#15112,0.4);
#15112 = AXIS2_PLACEMENT_3D('',#15113,#15114,#15115);
#15113 = CARTESIAN_POINT('',(-6.,22.,0.7));
#15114 = DIRECTION('',(0.,0.,1.));
#15115 = DIRECTION('',(1.,0.,0.));
#15116 = PCURVE('',#14676,#15117);
#15117 = DEFINITIONAL_REPRESENTATION('',(#15118),#15122);
#15118 = LINE('',#15119,#15120);
#15119 = CARTESIAN_POINT('',(-0.,0.));
#15120 = VECTOR('',#15121,1.);
#15121 = DIRECTION('',(-1.,0.));
#15122 = ( GEOMETRIC_REPRESENTATION_CONTEXT(2) 
PARAMETRIC_REPRESENTATION_CONTEXT() REPRESENTATION_CONTEXT('2D SPACE',''
  ) );
#15123 = PCURVE('',#15124,#15129);
#15124 = PLANE('',#15125);
#15125 = AXIS2_PLACEMENT_3D('',#15126,#15127,#15128);
#15126 = CARTESIAN_POINT('',(-6.,22.,0.7));
#15127 = DIRECTION('',(0.,0.,1.));
#15128 = DIRECTION('',(1.,0.,-0.));
#15129 = DEFINITIONAL_REPRESENTATION('',(#15130),#15134);
#15130 = CIRCLE('',#15131,0.4);
#15131 = AXIS2_PLACEMENT_2D('',#15132,#15133);
#15132 = CARTESIAN_POINT('',(0.,0.));
#15133 = DIRECTION('',(1.,0.));
#15134 = ( GEOMETRIC_REPRESENTATION_CONTEXT(2) 
PARAMETRIC_REPRESENTATION_CONTEXT() REPRESENTATION_CONTEXT('2D SPACE',''
  ) );
#15135 = ORIENTED_EDGE('',*,*,#15136,.T.);
#15136 = EDGE_CURVE('',#15108,#14656,#15137,.T.);
#15137 = SEAM_CURVE('',#15138,(#15142,#15149),.PCURVE_S1.);
#15138 = LINE('',#15139,#15140);
#15139 = CARTESIAN_POINT('',(-5.6,22.,0.7));
#15140 = VECTOR('',#15141,1.);
#15141 = DIRECTION('',(0.,0.,1.));
#15142 = PCURVE('',#14676,#15143);
#15143 = DEFINITIONAL_REPRESENTATION('',(#15144),#15148);
#15144 = LINE('',#15145,#15146);
#15145 = CARTESIAN_POINT('',(-6.28318530718,0.));
#15146 = VECTOR('',#15147,1.);
#15147 = DIRECTION('',(-0.,-1.));
#15148 = ( GEOMETRIC_REPRESENTATION_CONTEXT(2) 
PARAMETRIC_REPRESENTATION_CONTEXT() REPRESENTATION_CONTEXT('2D SPACE',''
  ) );
#15149 = PCURVE('',#14676,#15150);
#15150 = DEFINITIONAL_REPRESENTATION('',(#15151),#15155);
#15151 = LINE('',#15152,#15153);
#15152 = CARTESIAN_POINT('',(-0.,0.));
#15153 = VECTOR('',#15154,1.);
#15154 = DIRECTION('',(-0.,-1.));
#15155 = ( GEOMETRIC_REPRESENTATION_CONTEXT(2) 
PARAMETRIC_REPRESENTATION_CONTEXT() REPRESENTATION_CONTEXT('2D SPACE',''
  ) );
#15156 = ORIENTED_EDGE('',*,*,#14655,.F.);
#15157 = ORIENTED_EDGE('',*,*,#15136,.F.);
#15158 = ADVANCED_FACE('',(#15159),#14735,.T.);
#15159 = FACE_BOUND('',#15160,.T.);
#15160 = EDGE_LOOP('',(#15161));
#15161 = ORIENTED_EDGE('',*,*,#14718,.T.);
#15162 = ADVANCED_FACE('',(#15163),#14790,.T.);
#15163 = FACE_BOUND('',#15164,.T.);
#15164 = EDGE_LOOP('',(#15165));
#15165 = ORIENTED_EDGE('',*,*,#14773,.T.);
#15166 = ADVANCED_FACE('',(#15167),#14845,.T.);
#15167 = FACE_BOUND('',#15168,.T.);
#15168 = EDGE_LOOP('',(#15169));
#15169 = ORIENTED_EDGE('',*,*,#14828,.T.);
#15170 = ADVANCED_FACE('',(#15171),#14900,.T.);
#15171 = FACE_BOUND('',#15172,.T.);
#15172 = EDGE_LOOP('',(#15173));
#15173 = ORIENTED_EDGE('',*,*,#14883,.T.);
#15174 = ADVANCED_FACE('',(#15175),#14955,.T.);
#15175 = FACE_BOUND('',#15176,.T.);
#15176 = EDGE_LOOP('',(#15177));
#15177 = ORIENTED_EDGE('',*,*,#14938,.T.);
#15178 = ADVANCED_FACE('',(#15179),#15032,.T.);
#15179 = FACE_BOUND('',#15180,.T.);
#15180 = EDGE_LOOP('',(#15181));
#15181 = ORIENTED_EDGE('',*,*,#15017,.F.);
#15182 = ADVANCED_FACE('',(#15183),#15069,.T.);
#15183 = FACE_BOUND('',#15184,.T.);
#15184 = EDGE_LOOP('',(#15185));
#15185 = ORIENTED_EDGE('',*,*,#15052,.T.);
#15186 = ADVANCED_FACE('',(#15187),#15124,.T.);
#15187 = FACE_BOUND('',#15188,.T.);
#15188 = EDGE_LOOP('',(#15189));
#15189 = ORIENTED_EDGE('',*,*,#15107,.T.);
#15190 = ( GEOMETRIC_REPRESENTATION_CONTEXT(3) 
GLOBAL_UNCERTAINTY_ASSIGNED_CONTEXT((#15194)) 
GLOBAL_UNIT_ASSIGNED_CONTEXT((#15191,#15192,#15193)) 
REPRESENTATION_CONTEXT('Context #1',
  '3D Context with UNIT and UNCERTAINTY') );
#15191 = ( LENGTH_UNIT() NAMED_UNIT(*) SI_UNIT(.MILLI.,.METRE.) );
#15192 = ( NAMED_UNIT(*) PLANE_ANGLE_UNIT() SI_UNIT($,.RADIAN.) );
#15193 = ( NAMED_UNIT(*) SI_UNIT($,.STERADIAN.) SOLID_ANGLE_UNIT() );
#15194 = UNCERTAINTY_MEASURE_WITH_UNIT(LENGTH_MEASURE(1.E-07),#15191,
  'distance_accuracy_value','confusion accuracy');
#15195 = PRODUCT_RELATED_PRODUCT_CATEGORY('part',$,(#7));
ENDSEC;
END-ISO-10303-21;
