ISO-10303-21;
HEADER;
FILE_DESCRIPTION(('Open CASCADE Model'),'2;1');
FILE_NAME('Open CASCADE Shape Model','2026-09-12T22:51:24',('Author'),(
    'Open CASCADE'),'Open CASCADE STEP processor 7.9','Open CASCADE 7.9'
  ,'Unknown');
FILE_SCHEMA(('AUTOMOTIVE_DESIGN { 1 0 10303 214 1 1 1 1 }'));
ENDSEC;
DATA;
#1 = APPLICATION_PROTOCOL_DEFINITION('international standard',
  'automotive_design',2000,#2);
#2 = APPLICATION_CONTEXT(
  'core data for automotive mechanical design processes');
#3 = SHAPE_DEFINITION_REPRESENTATION(#4,#10);
#4 = PRODUCT_DEFINITION_SHAPE('','',#5);
#5 = PRODUCT_DEFINITION('design','',#6,#9);
#6 = PRODUCT_DEFINITION_FORMATION('','',#7);
#7 = PRODUCT('Open CASCADE STEP translator 7.9 1',
  'Open CASCADE STEP translator 7.9 1','',(#8));
#8 = PRODUCT_CONTEXT('',#2,'mechanical');
#9 = PRODUCT_DEFINITION_CONTEXT('part definition',#2,'design');
#10 = ADVANCED_BREP_SHAPE_REPRESENTATION('',(#11,#15),#14812);
#11 = AXIS2_PLACEMENT_3D('',#12,#13,#14);
#12 = CARTESIAN_POINT('',(0.,0.,0.));
#13 = DIRECTION('',(0.,0.,1.));
#14 = DIRECTION('',(1.,0.,-0.));
#15 = MANIFOLD_SOLID_BREP('',#16);
#16 = CLOSED_SHELL('',(#17,#359,#1736,#1786,#1840,#4286,#4363,#4412,
    #4466,#4515,#4565,#4614,#4668,#4695,#4753,#4780,#4807,#4834,#5063,
    #5118,#5235,#5260,#5285,#5310,#5335,#5602,#5627,#5652,#5677,#5924,
    #5992,#6091,#6116,#6215,#6292,#6471,#6520,#6791,#6818,#6863,#6935,
    #6960,#7188,#7280,#7305,#7399,#7425,#7452,#7477,#7556,#7623,#7649,
    #7762,#7817,#7872,#7927,#7982,#8037,#8092,#8119,#8166,#8213,#8240,
    #8307,#8406,#8500,#8527,#8596,#8685,#8732,#8779,#8848,#8976,#9025,
    #9074,#9101,#9150,#9199,#9226,#9275,#9302,#9349,#9396,#9423,#9524,
    #9551,#9685,#9732,#9781,#9830,#9857,#9904,#10008,#10035,#10062,
    #10163,#10190,#10237,#10368,#10395,#10444,#10493,#10520,#10547,
    #10740,#10795,#10872,#10921,#10975,#11024,#11074,#11123,#11177,
    #11204,#11239,#11246,#11271,#11278,#11354,#11403,#11452,#11479,
    #11487,#11495,#11571,#11620,#11669,#11696,#11736,#11776,#11784,
    #11791,#11800,#11847,#11874,#11901,#11928,#11955,#11982,#12009,
    #12016,#12049,#12106,#12114,#12190,#12239,#12288,#12315,#12350,
    #12385,#12420,#12455,#12490,#12525,#12576,#12583,#12590,#12617,
    #12644,#12651,#12690,#12729,#12768,#13017,#13072,#13277,#13284,
    #13339,#13394,#13427,#13482,#13537,#13592,#13647,#13702,#13757,
    #13812,#13867,#13894,#13941,#13968,#13995,#14022,#14049,#14076,
    #14103,#14110,#14149,#14153,#14157,#14196,#14235,#14274,#14313,
    #14352,#14391,#14395,#14399,#14454,#14509,#14564,#14619,#14674,
    #14729,#14784,#14788,#14792,#14796,#14800,#14804,#14808));
#17 = ADVANCED_FACE('',(#18,#137),#32,.F.);
#18 = FACE_BOUND('',#19,.F.);
#19 = EDGE_LOOP('',(#20,#55,#83,#111));
#20 = ORIENTED_EDGE('',*,*,#21,.F.);
#21 = EDGE_CURVE('',#22,#24,#26,.T.);
#22 = VERTEX_POINT('',#23);
#23 = CARTESIAN_POINT('',(-32.,-58.,7.75));
#24 = VERTEX_POINT('',#25);
#25 = CARTESIAN_POINT('',(-32.,58.,7.75));
#26 = SURFACE_CURVE('',#27,(#31,#43),.PCURVE_S1.);
#27 = LINE('',#28,#29);
#28 = CARTESIAN_POINT('',(-32.,-64.,7.75));
#29 = VECTOR('',#30,1.);
#30 = DIRECTION('',(0.,1.,0.));
#31 = PCURVE('',#32,#37);
#32 = PLANE('',#33);
#33 = AXIS2_PLACEMENT_3D('',#34,#35,#36);
#34 = CARTESIAN_POINT('',(-32.,-64.,0.55));
#35 = DIRECTION('',(1.,0.,0.));
#36 = DIRECTION('',(0.,0.,1.));
#37 = DEFINITIONAL_REPRESENTATION('',(#38),#42);
#38 = LINE('',#39,#40);
#39 = CARTESIAN_POINT('',(7.2,0.));
#40 = VECTOR('',#41,1.);
#41 = DIRECTION('',(0.,-1.));
#42 = ( GEOMETRIC_REPRESENTATION_CONTEXT(2) 
PARAMETRIC_REPRESENTATION_CONTEXT() REPRESENTATION_CONTEXT('2D SPACE',''
  ) );
#43 = PCURVE('',#44,#49);
#44 = PLANE('',#45);
#45 = AXIS2_PLACEMENT_3D('',#46,#47,#48);
#46 = CARTESIAN_POINT('',(-32.,-64.,7.75));
#47 = DIRECTION('',(0.,0.,1.));
#48 = DIRECTION('',(1.,0.,0.));
#49 = DEFINITIONAL_REPRESENTATION('',(#50),#54);
#50 = LINE('',#51,#52);
#51 = CARTESIAN_POINT('',(0.,0.));
#52 = VECTOR('',#53,1.);
#53 = DIRECTION('',(0.,1.));
#54 = ( GEOMETRIC_REPRESENTATION_CONTEXT(2) 
PARAMETRIC_REPRESENTATION_CONTEXT() REPRESENTATION_CONTEXT('2D SPACE',''
  ) );
#55 = ORIENTED_EDGE('',*,*,#56,.F.);
#56 = EDGE_CURVE('',#57,#22,#59,.T.);
#57 = VERTEX_POINT('',#58);
#58 = CARTESIAN_POINT('',(-32.,-58.,0.55));
#59 = SURFACE_CURVE('',#60,(#64,#71),.PCURVE_S1.);
#60 = LINE('',#61,#62);
#61 = CARTESIAN_POINT('',(-32.,-58.,0.55));
#62 = VECTOR('',#63,1.);
#63 = DIRECTION('',(0.,0.,1.));
#64 = PCURVE('',#32,#65);
#65 = DEFINITIONAL_REPRESENTATION('',(#66),#70);
#66 = LINE('',#67,#68);
#67 = CARTESIAN_POINT('',(0.,-6.));
#68 = VECTOR('',#69,1.);
#69 = DIRECTION('',(1.,0.));
#70 = ( GEOMETRIC_REPRESENTATION_CONTEXT(2) 
PARAMETRIC_REPRESENTATION_CONTEXT() REPRESENTATION_CONTEXT('2D SPACE',''
  ) );
#71 = PCURVE('',#72,#77);
#72 = CYLINDRICAL_SURFACE('',#73,6.);
#73 = AXIS2_PLACEMENT_3D('',#74,#75,#76);
#74 = CARTESIAN_POINT('',(-26.,-58.,0.55));
#75 = DIRECTION('',(0.,0.,1.));
#76 = DIRECTION('',(-1.,-0.,0.));
#77 = DEFINITIONAL_REPRESENTATION('',(#78),#82);
#78 = LINE('',#79,#80);
#79 = CARTESIAN_POINT('',(0.,0.));
#80 = VECTOR('',#81,1.);
#81 = DIRECTION('',(0.,1.));
#82 = ( GEOMETRIC_REPRESENTATION_CONTEXT(2) 
PARAMETRIC_REPRESENTATION_CONTEXT() REPRESENTATION_CONTEXT('2D SPACE',''
  ) );
#83 = ORIENTED_EDGE('',*,*,#84,.T.);
#84 = EDGE_CURVE('',#57,#85,#87,.T.);
#85 = VERTEX_POINT('',#86);
#86 = CARTESIAN_POINT('',(-32.,58.,0.55));
#87 = SURFACE_CURVE('',#88,(#92,#99),.PCURVE_S1.);
#88 = LINE('',#89,#90);
#89 = CARTESIAN_POINT('',(-32.,-64.,0.55));
#90 = VECTOR('',#91,1.);
#91 = DIRECTION('',(0.,1.,0.));
#92 = PCURVE('',#32,#93);
#93 = DEFINITIONAL_REPRESENTATION('',(#94),#98);
#94 = LINE('',#95,#96);
#95 = CARTESIAN_POINT('',(0.,0.));
#96 = VECTOR('',#97,1.);
#97 = DIRECTION('',(0.,-1.));
#98 = ( GEOMETRIC_REPRESENTATION_CONTEXT(2) 
PARAMETRIC_REPRESENTATION_CONTEXT() REPRESENTATION_CONTEXT('2D SPACE',''
  ) );
#99 = PCURVE('',#100,#105);
#100 = PLANE('',#101);
#101 = AXIS2_PLACEMENT_3D('',#102,#103,#104);
#102 = CARTESIAN_POINT('',(-32.,-64.,0.55));
#103 = DIRECTION('',(0.,0.,1.));
#104 = DIRECTION('',(1.,0.,0.));
#105 = DEFINITIONAL_REPRESENTATION('',(#106),#110);
#106 = LINE('',#107,#108);
#107 = CARTESIAN_POINT('',(0.,0.));
#108 = VECTOR('',#109,1.);
#109 = DIRECTION('',(0.,1.));
#110 = ( GEOMETRIC_REPRESENTATION_CONTEXT(2) 
PARAMETRIC_REPRESENTATION_CONTEXT() REPRESENTATION_CONTEXT('2D SPACE',''
  ) );
#111 = ORIENTED_EDGE('',*,*,#112,.T.);
#112 = EDGE_CURVE('',#85,#24,#113,.T.);
#113 = SURFACE_CURVE('',#114,(#118,#125),.PCURVE_S1.);
#114 = LINE('',#115,#116);
#115 = CARTESIAN_POINT('',(-32.,58.,0.55));
#116 = VECTOR('',#117,1.);
#117 = DIRECTION('',(0.,0.,1.));
#118 = PCURVE('',#32,#119);
#119 = DEFINITIONAL_REPRESENTATION('',(#120),#124);
#120 = LINE('',#121,#122);
#121 = CARTESIAN_POINT('',(0.,-122.));
#122 = VECTOR('',#123,1.);
#123 = DIRECTION('',(1.,0.));
#124 = ( GEOMETRIC_REPRESENTATION_CONTEXT(2) 
PARAMETRIC_REPRESENTATION_CONTEXT() REPRESENTATION_CONTEXT('2D SPACE',''
  ) );
#125 = PCURVE('',#126,#131);
#126 = CYLINDRICAL_SURFACE('',#127,6.);
#127 = AXIS2_PLACEMENT_3D('',#128,#129,#130);
#128 = CARTESIAN_POINT('',(-26.,58.,0.55));
#129 = DIRECTION('',(0.,0.,1.));
#130 = DIRECTION('',(-1.,-0.,0.));
#131 = DEFINITIONAL_REPRESENTATION('',(#132),#136);
#132 = LINE('',#133,#134);
#133 = CARTESIAN_POINT('',(-0.,0.));
#134 = VECTOR('',#135,1.);
#135 = DIRECTION('',(-0.,1.));
#136 = ( GEOMETRIC_REPRESENTATION_CONTEXT(2) 
PARAMETRIC_REPRESENTATION_CONTEXT() REPRESENTATION_CONTEXT('2D SPACE',''
  ) );
#137 = FACE_BOUND('',#138,.F.);
#138 = EDGE_LOOP('',(#139,#170,#196,#225,#251,#280,#306,#335));
#139 = ORIENTED_EDGE('',*,*,#140,.F.);
#140 = EDGE_CURVE('',#141,#143,#145,.T.);
#141 = VERTEX_POINT('',#142);
#142 = CARTESIAN_POINT('',(-32.,22.4,5.7));
#143 = VERTEX_POINT('',#144);
#144 = CARTESIAN_POINT('',(-32.,23.,5.1));
#145 = SURFACE_CURVE('',#146,(#151,#158),.PCURVE_S1.);
#146 = CIRCLE('',#147,0.6);
#147 = AXIS2_PLACEMENT_3D('',#148,#149,#150);
#148 = CARTESIAN_POINT('',(-32.,23.,5.7));
#149 = DIRECTION('',(1.,-1.079521069387E-78,-2.22044604925E-16));
#150 = DIRECTION('',(1.094764425254E-47,-1.,4.930380657631E-32));
#151 = PCURVE('',#32,#152);
#152 = DEFINITIONAL_REPRESENTATION('',(#153),#157);
#153 = CIRCLE('',#154,0.6);
#154 = AXIS2_PLACEMENT_2D('',#155,#156);
#155 = CARTESIAN_POINT('',(5.15,-87.));
#156 = DIRECTION('',(4.930380657631E-32,1.));
#157 = ( GEOMETRIC_REPRESENTATION_CONTEXT(2) 
PARAMETRIC_REPRESENTATION_CONTEXT() REPRESENTATION_CONTEXT('2D SPACE',''
  ) );
#158 = PCURVE('',#159,#164);
#159 = CYLINDRICAL_SURFACE('',#160,0.6);
#160 = AXIS2_PLACEMENT_3D('',#161,#162,#163);
#161 = CARTESIAN_POINT('',(-32.05,23.,5.7));
#162 = DIRECTION('',(1.,0.,-2.22044604925E-16));
#163 = DIRECTION('',(2.22044604925E-16,-1.,-0.));
#164 = DEFINITIONAL_REPRESENTATION('',(#165),#169);
#165 = LINE('',#166,#167);
#166 = CARTESIAN_POINT('',(0.,5.E-02));
#167 = VECTOR('',#168,1.);
#168 = DIRECTION('',(1.,0.));
#169 = ( GEOMETRIC_REPRESENTATION_CONTEXT(2) 
PARAMETRIC_REPRESENTATION_CONTEXT() REPRESENTATION_CONTEXT('2D SPACE',''
  ) );
#170 = ORIENTED_EDGE('',*,*,#171,.T.);
#171 = EDGE_CURVE('',#141,#172,#174,.T.);
#172 = VERTEX_POINT('',#173);
#173 = CARTESIAN_POINT('',(-32.,22.4,7.1));
#174 = SURFACE_CURVE('',#175,(#179,#185),.PCURVE_S1.);
#175 = LINE('',#176,#177);
#176 = CARTESIAN_POINT('',(-32.,22.4,2.825));
#177 = VECTOR('',#178,1.);
#178 = DIRECTION('',(0.,-0.,1.));
#179 = PCURVE('',#32,#180);
#180 = DEFINITIONAL_REPRESENTATION('',(#181),#184);
#181 = B_SPLINE_CURVE_WITH_KNOTS('',1,(#182,#183),.UNSPECIFIED.,.F.,.F.,
  (2,2),(2.875,4.275),.PIECEWISE_BEZIER_KNOTS.);
#182 = CARTESIAN_POINT('',(5.15,-86.4));
#183 = CARTESIAN_POINT('',(6.55,-86.4));
#184 = ( GEOMETRIC_REPRESENTATION_CONTEXT(2) 
PARAMETRIC_REPRESENTATION_CONTEXT() REPRESENTATION_CONTEXT('2D SPACE',''
  ) );
#185 = PCURVE('',#186,#191);
#186 = PLANE('',#187);
#187 = AXIS2_PLACEMENT_3D('',#188,#189,#190);
#188 = CARTESIAN_POINT('',(-32.05,22.4,5.1));
#189 = DIRECTION('',(-2.22044604925E-16,1.,0.));
#190 = DIRECTION('',(1.,0.,-2.22044604925E-16));
#191 = DEFINITIONAL_REPRESENTATION('',(#192),#195);
#192 = B_SPLINE_CURVE_WITH_KNOTS('',1,(#193,#194),.UNSPECIFIED.,.F.,.F.,
  (2,2),(2.875,4.275),.PIECEWISE_BEZIER_KNOTS.);
#193 = CARTESIAN_POINT('',(5.E-02,-0.6));
#194 = CARTESIAN_POINT('',(5.E-02,-2.));
#195 = ( GEOMETRIC_REPRESENTATION_CONTEXT(2) 
PARAMETRIC_REPRESENTATION_CONTEXT() REPRESENTATION_CONTEXT('2D SPACE',''
  ) );
#196 = ORIENTED_EDGE('',*,*,#197,.F.);
#197 = EDGE_CURVE('',#198,#172,#200,.T.);
#198 = VERTEX_POINT('',#199);
#199 = CARTESIAN_POINT('',(-32.,23.,7.7));
#200 = SURFACE_CURVE('',#201,(#206,#213),.PCURVE_S1.);
#201 = CIRCLE('',#202,0.6);
#202 = AXIS2_PLACEMENT_3D('',#203,#204,#205);
#203 = CARTESIAN_POINT('',(-32.,23.,7.1));
#204 = DIRECTION('',(1.,-1.079521069387E-78,-2.22044604925E-16));
#205 = DIRECTION('',(1.094764425254E-47,-1.,4.930380657631E-32));
#206 = PCURVE('',#32,#207);
#207 = DEFINITIONAL_REPRESENTATION('',(#208),#212);
#208 = CIRCLE('',#209,0.6);
#209 = AXIS2_PLACEMENT_2D('',#210,#211);
#210 = CARTESIAN_POINT('',(6.55,-87.));
#211 = DIRECTION('',(4.930380657631E-32,1.));
#212 = ( GEOMETRIC_REPRESENTATION_CONTEXT(2) 
PARAMETRIC_REPRESENTATION_CONTEXT() REPRESENTATION_CONTEXT('2D SPACE',''
  ) );
#213 = PCURVE('',#214,#219);
#214 = CYLINDRICAL_SURFACE('',#215,0.6);
#215 = AXIS2_PLACEMENT_3D('',#216,#217,#218);
#216 = CARTESIAN_POINT('',(-32.05,23.,7.1));
#217 = DIRECTION('',(1.,0.,-2.22044604925E-16));
#218 = DIRECTION('',(2.22044604925E-16,-1.,-0.));
#219 = DEFINITIONAL_REPRESENTATION('',(#220),#224);
#220 = LINE('',#221,#222);
#221 = CARTESIAN_POINT('',(-6.28318530718,5.E-02));
#222 = VECTOR('',#223,1.);
#223 = DIRECTION('',(1.,-0.));
#224 = ( GEOMETRIC_REPRESENTATION_CONTEXT(2) 
PARAMETRIC_REPRESENTATION_CONTEXT() REPRESENTATION_CONTEXT('2D SPACE',''
  ) );
#225 = ORIENTED_EDGE('',*,*,#226,.F.);
#226 = EDGE_CURVE('',#227,#198,#229,.T.);
#227 = VERTEX_POINT('',#228);
#228 = CARTESIAN_POINT('',(-32.,35.,7.7));
#229 = SURFACE_CURVE('',#230,(#234,#240),.PCURVE_S1.);
#230 = LINE('',#231,#232);
#231 = CARTESIAN_POINT('',(-32.,-20.8,7.7));
#232 = VECTOR('',#233,1.);
#233 = DIRECTION('',(0.,-1.,-2.22044604925E-16));
#234 = PCURVE('',#32,#235);
#235 = DEFINITIONAL_REPRESENTATION('',(#236),#239);
#236 = B_SPLINE_CURVE_WITH_KNOTS('',1,(#237,#238),.UNSPECIFIED.,.F.,.F.,
  (2,2),(-55.8,-43.8),.PIECEWISE_BEZIER_KNOTS.);
#237 = CARTESIAN_POINT('',(7.15,-99.));
#238 = CARTESIAN_POINT('',(7.15,-87.));
#239 = ( GEOMETRIC_REPRESENTATION_CONTEXT(2) 
PARAMETRIC_REPRESENTATION_CONTEXT() REPRESENTATION_CONTEXT('2D SPACE',''
  ) );
#240 = PCURVE('',#241,#246);
#241 = PLANE('',#242);
#242 = AXIS2_PLACEMENT_3D('',#243,#244,#245);
#243 = CARTESIAN_POINT('',(-32.05,22.4,7.7));
#244 = DIRECTION('',(0.,-2.22044604925E-16,1.));
#245 = DIRECTION('',(1.,0.,-2.22044604925E-16));
#246 = DEFINITIONAL_REPRESENTATION('',(#247),#250);
#247 = B_SPLINE_CURVE_WITH_KNOTS('',1,(#248,#249),.UNSPECIFIED.,.F.,.F.,
  (2,2),(-55.8,-43.8),.PIECEWISE_BEZIER_KNOTS.);
#248 = CARTESIAN_POINT('',(5.E-02,12.6));
#249 = CARTESIAN_POINT('',(5.E-02,0.6));
#250 = ( GEOMETRIC_REPRESENTATION_CONTEXT(2) 
PARAMETRIC_REPRESENTATION_CONTEXT() REPRESENTATION_CONTEXT('2D SPACE',''
  ) );
#251 = ORIENTED_EDGE('',*,*,#252,.F.);
#252 = EDGE_CURVE('',#253,#227,#255,.T.);
#253 = VERTEX_POINT('',#254);
#254 = CARTESIAN_POINT('',(-32.,35.6,7.1));
#255 = SURFACE_CURVE('',#256,(#261,#268),.PCURVE_S1.);
#256 = CIRCLE('',#257,0.6);
#257 = AXIS2_PLACEMENT_3D('',#258,#259,#260);
#258 = CARTESIAN_POINT('',(-32.,35.,7.1));
#259 = DIRECTION('',(1.,-1.079521069387E-78,-2.22044604925E-16));
#260 = DIRECTION('',(-1.094764425254E-47,1.,-4.930380657631E-32));
#261 = PCURVE('',#32,#262);
#262 = DEFINITIONAL_REPRESENTATION('',(#263),#267);
#263 = CIRCLE('',#264,0.6);
#264 = AXIS2_PLACEMENT_2D('',#265,#266);
#265 = CARTESIAN_POINT('',(6.55,-99.));
#266 = DIRECTION('',(-4.930380657631E-32,-1.));
#267 = ( GEOMETRIC_REPRESENTATION_CONTEXT(2) 
PARAMETRIC_REPRESENTATION_CONTEXT() REPRESENTATION_CONTEXT('2D SPACE',''
  ) );
#268 = PCURVE('',#269,#274);
#269 = CYLINDRICAL_SURFACE('',#270,0.6);
#270 = AXIS2_PLACEMENT_3D('',#271,#272,#273);
#271 = CARTESIAN_POINT('',(-32.05,35.,7.1));
#272 = DIRECTION('',(1.,0.,-2.22044604925E-16));
#273 = DIRECTION('',(-2.22044604925E-16,1.,0.));
#274 = DEFINITIONAL_REPRESENTATION('',(#275),#279);
#275 = LINE('',#276,#277);
#276 = CARTESIAN_POINT('',(-2.22044604925E-16,5.E-02));
#277 = VECTOR('',#278,1.);
#278 = DIRECTION('',(1.,0.));
#279 = ( GEOMETRIC_REPRESENTATION_CONTEXT(2) 
PARAMETRIC_REPRESENTATION_CONTEXT() REPRESENTATION_CONTEXT('2D SPACE',''
  ) );
#280 = ORIENTED_EDGE('',*,*,#281,.F.);
#281 = EDGE_CURVE('',#282,#253,#284,.T.);
#282 = VERTEX_POINT('',#283);
#283 = CARTESIAN_POINT('',(-32.,35.6,5.7));
#284 = SURFACE_CURVE('',#285,(#289,#295),.PCURVE_S1.);
#285 = LINE('',#286,#287);
#286 = CARTESIAN_POINT('',(-32.,35.6,2.825));
#287 = VECTOR('',#288,1.);
#288 = DIRECTION('',(0.,-0.,1.));
#289 = PCURVE('',#32,#290);
#290 = DEFINITIONAL_REPRESENTATION('',(#291),#294);
#291 = B_SPLINE_CURVE_WITH_KNOTS('',1,(#292,#293),.UNSPECIFIED.,.F.,.F.,
  (2,2),(2.875,4.275),.PIECEWISE_BEZIER_KNOTS.);
#292 = CARTESIAN_POINT('',(5.15,-99.6));
#293 = CARTESIAN_POINT('',(6.55,-99.6));
#294 = ( GEOMETRIC_REPRESENTATION_CONTEXT(2) 
PARAMETRIC_REPRESENTATION_CONTEXT() REPRESENTATION_CONTEXT('2D SPACE',''
  ) );
#295 = PCURVE('',#296,#301);
#296 = PLANE('',#297);
#297 = AXIS2_PLACEMENT_3D('',#298,#299,#300);
#298 = CARTESIAN_POINT('',(-32.05,35.6,5.1));
#299 = DIRECTION('',(-2.22044604925E-16,1.,0.));
#300 = DIRECTION('',(1.,0.,-2.22044604925E-16));
#301 = DEFINITIONAL_REPRESENTATION('',(#302),#305);
#302 = B_SPLINE_CURVE_WITH_KNOTS('',1,(#303,#304),.UNSPECIFIED.,.F.,.F.,
  (2,2),(2.875,4.275),.PIECEWISE_BEZIER_KNOTS.);
#303 = CARTESIAN_POINT('',(5.E-02,-0.6));
#304 = CARTESIAN_POINT('',(5.E-02,-2.));
#305 = ( GEOMETRIC_REPRESENTATION_CONTEXT(2) 
PARAMETRIC_REPRESENTATION_CONTEXT() REPRESENTATION_CONTEXT('2D SPACE',''
  ) );
#306 = ORIENTED_EDGE('',*,*,#307,.F.);
#307 = EDGE_CURVE('',#308,#282,#310,.T.);
#308 = VERTEX_POINT('',#309);
#309 = CARTESIAN_POINT('',(-32.,35.,5.1));
#310 = SURFACE_CURVE('',#311,(#316,#323),.PCURVE_S1.);
#311 = CIRCLE('',#312,0.6);
#312 = AXIS2_PLACEMENT_3D('',#313,#314,#315);
#313 = CARTESIAN_POINT('',(-32.,35.,5.7));
#314 = DIRECTION('',(1.,-1.079521069387E-78,-2.22044604925E-16));
#315 = DIRECTION('',(-1.094764425254E-47,1.,-4.930380657631E-32));
#316 = PCURVE('',#32,#317);
#317 = DEFINITIONAL_REPRESENTATION('',(#318),#322);
#318 = CIRCLE('',#319,0.6);
#319 = AXIS2_PLACEMENT_2D('',#320,#321);
#320 = CARTESIAN_POINT('',(5.15,-99.));
#321 = DIRECTION('',(-4.930380657631E-32,-1.));
#322 = ( GEOMETRIC_REPRESENTATION_CONTEXT(2) 
PARAMETRIC_REPRESENTATION_CONTEXT() REPRESENTATION_CONTEXT('2D SPACE',''
  ) );
#323 = PCURVE('',#324,#329);
#324 = CYLINDRICAL_SURFACE('',#325,0.6);
#325 = AXIS2_PLACEMENT_3D('',#326,#327,#328);
#326 = CARTESIAN_POINT('',(-32.05,35.,5.7));
#327 = DIRECTION('',(1.,0.,-2.22044604925E-16));
#328 = DIRECTION('',(-2.22044604925E-16,1.,0.));
#329 = DEFINITIONAL_REPRESENTATION('',(#330),#334);
#330 = LINE('',#331,#332);
#331 = CARTESIAN_POINT('',(-6.28318530718,5.E-02));
#332 = VECTOR('',#333,1.);
#333 = DIRECTION('',(1.,-0.));
#334 = ( GEOMETRIC_REPRESENTATION_CONTEXT(2) 
PARAMETRIC_REPRESENTATION_CONTEXT() REPRESENTATION_CONTEXT('2D SPACE',''
  ) );
#335 = ORIENTED_EDGE('',*,*,#336,.T.);
#336 = EDGE_CURVE('',#308,#143,#337,.T.);
#337 = SURFACE_CURVE('',#338,(#342,#348),.PCURVE_S1.);
#338 = LINE('',#339,#340);
#339 = CARTESIAN_POINT('',(-32.,-20.8,5.1));
#340 = VECTOR('',#341,1.);
#341 = DIRECTION('',(0.,-1.,-2.22044604925E-16));
#342 = PCURVE('',#32,#343);
#343 = DEFINITIONAL_REPRESENTATION('',(#344),#347);
#344 = B_SPLINE_CURVE_WITH_KNOTS('',1,(#345,#346),.UNSPECIFIED.,.F.,.F.,
  (2,2),(-55.8,-43.8),.PIECEWISE_BEZIER_KNOTS.);
#345 = CARTESIAN_POINT('',(4.55,-99.));
#346 = CARTESIAN_POINT('',(4.55,-87.));
#347 = ( GEOMETRIC_REPRESENTATION_CONTEXT(2) 
PARAMETRIC_REPRESENTATION_CONTEXT() REPRESENTATION_CONTEXT('2D SPACE',''
  ) );
#348 = PCURVE('',#349,#354);
#349 = PLANE('',#350);
#350 = AXIS2_PLACEMENT_3D('',#351,#352,#353);
#351 = CARTESIAN_POINT('',(-32.05,22.4,5.1));
#352 = DIRECTION('',(0.,-2.22044604925E-16,1.));
#353 = DIRECTION('',(1.,0.,-2.22044604925E-16));
#354 = DEFINITIONAL_REPRESENTATION('',(#355),#358);
#355 = B_SPLINE_CURVE_WITH_KNOTS('',1,(#356,#357),.UNSPECIFIED.,.F.,.F.,
  (2,2),(-55.8,-43.8),.PIECEWISE_BEZIER_KNOTS.);
#356 = CARTESIAN_POINT('',(5.E-02,12.6));
#357 = CARTESIAN_POINT('',(5.E-02,0.6));
#358 = ( GEOMETRIC_REPRESENTATION_CONTEXT(2) 
PARAMETRIC_REPRESENTATION_CONTEXT() REPRESENTATION_CONTEXT('2D SPACE',''
  ) );
#359 = ADVANCED_FACE('',(#360,#559,#590,#1534,#1569,#1604,#1639,#1670,
    #1705),#44,.T.);
#360 = FACE_BOUND('',#361,.T.);
#361 = EDGE_LOOP('',(#362,#363,#387,#415,#448,#476,#505,#533));
#362 = ORIENTED_EDGE('',*,*,#21,.F.);
#363 = ORIENTED_EDGE('',*,*,#364,.T.);
#364 = EDGE_CURVE('',#22,#365,#367,.T.);
#365 = VERTEX_POINT('',#366);
#366 = CARTESIAN_POINT('',(-26.,-64.,7.75));
#367 = SURFACE_CURVE('',#368,(#373,#380),.PCURVE_S1.);
#368 = CIRCLE('',#369,6.);
#369 = AXIS2_PLACEMENT_3D('',#370,#371,#372);
#370 = CARTESIAN_POINT('',(-26.,-58.,7.75));
#371 = DIRECTION('',(0.,0.,1.));
#372 = DIRECTION('',(0.,-1.,0.));
#373 = PCURVE('',#44,#374);
#374 = DEFINITIONAL_REPRESENTATION('',(#375),#379);
#375 = CIRCLE('',#376,6.);
#376 = AXIS2_PLACEMENT_2D('',#377,#378);
#377 = CARTESIAN_POINT('',(6.,6.));
#378 = DIRECTION('',(0.,-1.));
#379 = ( GEOMETRIC_REPRESENTATION_CONTEXT(2) 
PARAMETRIC_REPRESENTATION_CONTEXT() REPRESENTATION_CONTEXT('2D SPACE',''
  ) );
#380 = PCURVE('',#72,#381);
#381 = DEFINITIONAL_REPRESENTATION('',(#382),#386);
#382 = LINE('',#383,#384);
#383 = CARTESIAN_POINT('',(-4.712388980385,7.2));
#384 = VECTOR('',#385,1.);
#385 = DIRECTION('',(1.,0.));
#386 = ( GEOMETRIC_REPRESENTATION_CONTEXT(2) 
PARAMETRIC_REPRESENTATION_CONTEXT() REPRESENTATION_CONTEXT('2D SPACE',''
  ) );
#387 = ORIENTED_EDGE('',*,*,#388,.T.);
#388 = EDGE_CURVE('',#365,#389,#391,.T.);
#389 = VERTEX_POINT('',#390);
#390 = CARTESIAN_POINT('',(26.,-64.,7.75));
#391 = SURFACE_CURVE('',#392,(#396,#403),.PCURVE_S1.);
#392 = LINE('',#393,#394);
#393 = CARTESIAN_POINT('',(-32.,-64.,7.75));
#394 = VECTOR('',#395,1.);
#395 = DIRECTION('',(1.,0.,0.));
#396 = PCURVE('',#44,#397);
#397 = DEFINITIONAL_REPRESENTATION('',(#398),#402);
#398 = LINE('',#399,#400);
#399 = CARTESIAN_POINT('',(0.,0.));
#400 = VECTOR('',#401,1.);
#401 = DIRECTION('',(1.,0.));
#402 = ( GEOMETRIC_REPRESENTATION_CONTEXT(2) 
PARAMETRIC_REPRESENTATION_CONTEXT() REPRESENTATION_CONTEXT('2D SPACE',''
  ) );
#403 = PCURVE('',#404,#409);
#404 = PLANE('',#405);
#405 = AXIS2_PLACEMENT_3D('',#406,#407,#408);
#406 = CARTESIAN_POINT('',(-32.,-64.,0.55));
#407 = DIRECTION('',(0.,1.,0.));
#408 = DIRECTION('',(0.,0.,1.));
#409 = DEFINITIONAL_REPRESENTATION('',(#410),#414);
#410 = LINE('',#411,#412);
#411 = CARTESIAN_POINT('',(7.2,0.));
#412 = VECTOR('',#413,1.);
#413 = DIRECTION('',(0.,1.));
#414 = ( GEOMETRIC_REPRESENTATION_CONTEXT(2) 
PARAMETRIC_REPRESENTATION_CONTEXT() REPRESENTATION_CONTEXT('2D SPACE',''
  ) );
#415 = ORIENTED_EDGE('',*,*,#416,.F.);
#416 = EDGE_CURVE('',#417,#389,#419,.T.);
#417 = VERTEX_POINT('',#418);
#418 = CARTESIAN_POINT('',(32.,-58.,7.75));
#419 = SURFACE_CURVE('',#420,(#425,#436),.PCURVE_S1.);
#420 = CIRCLE('',#421,6.);
#421 = AXIS2_PLACEMENT_3D('',#422,#423,#424);
#422 = CARTESIAN_POINT('',(26.,-58.,7.75));
#423 = DIRECTION('',(-0.,-0.,-1.));
#424 = DIRECTION('',(0.,-1.,0.));
#425 = PCURVE('',#44,#426);
#426 = DEFINITIONAL_REPRESENTATION('',(#427),#435);
#427 = ( BOUNDED_CURVE() B_SPLINE_CURVE(2,(#428,#429,#430,#431,#432,#433
,#434),.UNSPECIFIED.,.T.,.F.) B_SPLINE_CURVE_WITH_KNOTS((1,2,2,2,2,1),(
    -2.094395102393,0.,2.094395102393,4.188790204786,6.28318530718,
8.377580409573),.UNSPECIFIED.) CURVE() GEOMETRIC_REPRESENTATION_ITEM() 
RATIONAL_B_SPLINE_CURVE((1.,0.5,1.,0.5,1.,0.5,1.)) REPRESENTATION_ITEM(
  '') );
#428 = CARTESIAN_POINT('',(58.,0.));
#429 = CARTESIAN_POINT('',(47.607695154587,0.));
#430 = CARTESIAN_POINT('',(52.803847577293,9.));
#431 = CARTESIAN_POINT('',(58.,18.));
#432 = CARTESIAN_POINT('',(63.196152422707,9.));
#433 = CARTESIAN_POINT('',(68.392304845413,8.881784197001E-15));
#434 = CARTESIAN_POINT('',(58.,0.));
#435 = ( GEOMETRIC_REPRESENTATION_CONTEXT(2) 
PARAMETRIC_REPRESENTATION_CONTEXT() REPRESENTATION_CONTEXT('2D SPACE',''
  ) );
#436 = PCURVE('',#437,#442);
#437 = CYLINDRICAL_SURFACE('',#438,6.);
#438 = AXIS2_PLACEMENT_3D('',#439,#440,#441);
#439 = CARTESIAN_POINT('',(26.,-58.,0.55));
#440 = DIRECTION('',(0.,0.,1.));
#441 = DIRECTION('',(1.,0.,-0.));
#442 = DEFINITIONAL_REPRESENTATION('',(#443),#447);
#443 = LINE('',#444,#445);
#444 = CARTESIAN_POINT('',(4.712388980385,7.2));
#445 = VECTOR('',#446,1.);
#446 = DIRECTION('',(-1.,0.));
#447 = ( GEOMETRIC_REPRESENTATION_CONTEXT(2) 
PARAMETRIC_REPRESENTATION_CONTEXT() REPRESENTATION_CONTEXT('2D SPACE',''
  ) );
#448 = ORIENTED_EDGE('',*,*,#449,.T.);
#449 = EDGE_CURVE('',#417,#450,#452,.T.);
#450 = VERTEX_POINT('',#451);
#451 = CARTESIAN_POINT('',(32.,58.,7.75));
#452 = SURFACE_CURVE('',#453,(#457,#464),.PCURVE_S1.);
#453 = LINE('',#454,#455);
#454 = CARTESIAN_POINT('',(32.,-64.,7.75));
#455 = VECTOR('',#456,1.);
#456 = DIRECTION('',(0.,1.,0.));
#457 = PCURVE('',#44,#458);
#458 = DEFINITIONAL_REPRESENTATION('',(#459),#463);
#459 = LINE('',#460,#461);
#460 = CARTESIAN_POINT('',(64.,0.));
#461 = VECTOR('',#462,1.);
#462 = DIRECTION('',(0.,1.));
#463 = ( GEOMETRIC_REPRESENTATION_CONTEXT(2) 
PARAMETRIC_REPRESENTATION_CONTEXT() REPRESENTATION_CONTEXT('2D SPACE',''
  ) );
#464 = PCURVE('',#465,#470);
#465 = PLANE('',#466);
#466 = AXIS2_PLACEMENT_3D('',#467,#468,#469);
#467 = CARTESIAN_POINT('',(32.,-64.,0.55));
#468 = DIRECTION('',(1.,0.,0.));
#469 = DIRECTION('',(0.,0.,1.));
#470 = DEFINITIONAL_REPRESENTATION('',(#471),#475);
#471 = LINE('',#472,#473);
#472 = CARTESIAN_POINT('',(7.2,0.));
#473 = VECTOR('',#474,1.);
#474 = DIRECTION('',(0.,-1.));
#475 = ( GEOMETRIC_REPRESENTATION_CONTEXT(2) 
PARAMETRIC_REPRESENTATION_CONTEXT() REPRESENTATION_CONTEXT('2D SPACE',''
  ) );
#476 = ORIENTED_EDGE('',*,*,#477,.T.);
#477 = EDGE_CURVE('',#450,#478,#480,.T.);
#478 = VERTEX_POINT('',#479);
#479 = CARTESIAN_POINT('',(26.,64.,7.75));
#480 = SURFACE_CURVE('',#481,(#486,#493),.PCURVE_S1.);
#481 = CIRCLE('',#482,6.);
#482 = AXIS2_PLACEMENT_3D('',#483,#484,#485);
#483 = CARTESIAN_POINT('',(26.,58.,7.75));
#484 = DIRECTION('',(0.,0.,1.));
#485 = DIRECTION('',(0.,-1.,0.));
#486 = PCURVE('',#44,#487);
#487 = DEFINITIONAL_REPRESENTATION('',(#488),#492);
#488 = CIRCLE('',#489,6.);
#489 = AXIS2_PLACEMENT_2D('',#490,#491);
#490 = CARTESIAN_POINT('',(58.,122.));
#491 = DIRECTION('',(0.,-1.));
#492 = ( GEOMETRIC_REPRESENTATION_CONTEXT(2) 
PARAMETRIC_REPRESENTATION_CONTEXT() REPRESENTATION_CONTEXT('2D SPACE',''
  ) );
#493 = PCURVE('',#494,#499);
#494 = CYLINDRICAL_SURFACE('',#495,6.);
#495 = AXIS2_PLACEMENT_3D('',#496,#497,#498);
#496 = CARTESIAN_POINT('',(26.,58.,0.55));
#497 = DIRECTION('',(0.,0.,1.));
#498 = DIRECTION('',(1.,0.,-0.));
#499 = DEFINITIONAL_REPRESENTATION('',(#500),#504);
#500 = LINE('',#501,#502);
#501 = CARTESIAN_POINT('',(-1.570796326795,7.2));
#502 = VECTOR('',#503,1.);
#503 = DIRECTION('',(1.,0.));
#504 = ( GEOMETRIC_REPRESENTATION_CONTEXT(2) 
PARAMETRIC_REPRESENTATION_CONTEXT() REPRESENTATION_CONTEXT('2D SPACE',''
  ) );
#505 = ORIENTED_EDGE('',*,*,#506,.F.);
#506 = EDGE_CURVE('',#507,#478,#509,.T.);
#507 = VERTEX_POINT('',#508);
#508 = CARTESIAN_POINT('',(-26.,64.,7.75));
#509 = SURFACE_CURVE('',#510,(#514,#521),.PCURVE_S1.);
#510 = LINE('',#511,#512);
#511 = CARTESIAN_POINT('',(-32.,64.,7.75));
#512 = VECTOR('',#513,1.);
#513 = DIRECTION('',(1.,0.,0.));
#514 = PCURVE('',#44,#515);
#515 = DEFINITIONAL_REPRESENTATION('',(#516),#520);
#516 = LINE('',#517,#518);
#517 = CARTESIAN_POINT('',(0.,128.));
#518 = VECTOR('',#519,1.);
#519 = DIRECTION('',(1.,0.));
#520 = ( GEOMETRIC_REPRESENTATION_CONTEXT(2) 
PARAMETRIC_REPRESENTATION_CONTEXT() REPRESENTATION_CONTEXT('2D SPACE',''
  ) );
#521 = PCURVE('',#522,#527);
#522 = PLANE('',#523);
#523 = AXIS2_PLACEMENT_3D('',#524,#525,#526);
#524 = CARTESIAN_POINT('',(-32.,64.,0.55));
#525 = DIRECTION('',(0.,1.,0.));
#526 = DIRECTION('',(0.,0.,1.));
#527 = DEFINITIONAL_REPRESENTATION('',(#528),#532);
#528 = LINE('',#529,#530);
#529 = CARTESIAN_POINT('',(7.2,0.));
#530 = VECTOR('',#531,1.);
#531 = DIRECTION('',(0.,1.));
#532 = ( GEOMETRIC_REPRESENTATION_CONTEXT(2) 
PARAMETRIC_REPRESENTATION_CONTEXT() REPRESENTATION_CONTEXT('2D SPACE',''
  ) );
#533 = ORIENTED_EDGE('',*,*,#534,.F.);
#534 = EDGE_CURVE('',#24,#507,#535,.T.);
#535 = SURFACE_CURVE('',#536,(#541,#552),.PCURVE_S1.);
#536 = CIRCLE('',#537,6.);
#537 = AXIS2_PLACEMENT_3D('',#538,#539,#540);
#538 = CARTESIAN_POINT('',(-26.,58.,7.75));
#539 = DIRECTION('',(-0.,-0.,-1.));
#540 = DIRECTION('',(0.,-1.,0.));
#541 = PCURVE('',#44,#542);
#542 = DEFINITIONAL_REPRESENTATION('',(#543),#551);
#543 = ( BOUNDED_CURVE() B_SPLINE_CURVE(2,(#544,#545,#546,#547,#548,#549
,#550),.UNSPECIFIED.,.T.,.F.) B_SPLINE_CURVE_WITH_KNOTS((1,2,2,2,2,1),(
    -2.094395102393,0.,2.094395102393,4.188790204786,6.28318530718,
8.377580409573),.UNSPECIFIED.) CURVE() GEOMETRIC_REPRESENTATION_ITEM() 
RATIONAL_B_SPLINE_CURVE((1.,0.5,1.,0.5,1.,0.5,1.)) REPRESENTATION_ITEM(
  '') );
#544 = CARTESIAN_POINT('',(6.,116.));
#545 = CARTESIAN_POINT('',(-4.392304845413,116.));
#546 = CARTESIAN_POINT('',(0.803847577293,125.));
#547 = CARTESIAN_POINT('',(6.,134.));
#548 = CARTESIAN_POINT('',(11.196152422707,125.));
#549 = CARTESIAN_POINT('',(16.392304845413,116.));
#550 = CARTESIAN_POINT('',(6.,116.));
#551 = ( GEOMETRIC_REPRESENTATION_CONTEXT(2) 
PARAMETRIC_REPRESENTATION_CONTEXT() REPRESENTATION_CONTEXT('2D SPACE',''
  ) );
#552 = PCURVE('',#126,#553);
#553 = DEFINITIONAL_REPRESENTATION('',(#554),#558);
#554 = LINE('',#555,#556);
#555 = CARTESIAN_POINT('',(1.570796326795,7.2));
#556 = VECTOR('',#557,1.);
#557 = DIRECTION('',(-1.,0.));
#558 = ( GEOMETRIC_REPRESENTATION_CONTEXT(2) 
PARAMETRIC_REPRESENTATION_CONTEXT() REPRESENTATION_CONTEXT('2D SPACE',''
  ) );
#559 = FACE_BOUND('',#560,.T.);
#560 = EDGE_LOOP('',(#561));
#561 = ORIENTED_EDGE('',*,*,#562,.F.);
#562 = EDGE_CURVE('',#563,#563,#565,.T.);
#563 = VERTEX_POINT('',#564);
#564 = CARTESIAN_POINT('',(-22.2,-61.4,7.75));
#565 = SURFACE_CURVE('',#566,(#571,#578),.PCURVE_S1.);
#566 = CIRCLE('',#567,1.8);
#567 = AXIS2_PLACEMENT_3D('',#568,#569,#570);
#568 = CARTESIAN_POINT('',(-24.,-61.4,7.75));
#569 = DIRECTION('',(0.,0.,1.));
#570 = DIRECTION('',(1.,0.,0.));
#571 = PCURVE('',#44,#572);
#572 = DEFINITIONAL_REPRESENTATION('',(#573),#577);
#573 = CIRCLE('',#574,1.8);
#574 = AXIS2_PLACEMENT_2D('',#575,#576);
#575 = CARTESIAN_POINT('',(8.,2.6));
#576 = DIRECTION('',(1.,0.));
#577 = ( GEOMETRIC_REPRESENTATION_CONTEXT(2) 
PARAMETRIC_REPRESENTATION_CONTEXT() REPRESENTATION_CONTEXT('2D SPACE',''
  ) );
#578 = PCURVE('',#579,#584);
#579 = CYLINDRICAL_SURFACE('',#580,1.8);
#580 = AXIS2_PLACEMENT_3D('',#581,#582,#583);
#581 = CARTESIAN_POINT('',(-24.,-61.4,7.75));
#582 = DIRECTION('',(-0.,-0.,-1.));
#583 = DIRECTION('',(1.,0.,0.));
#584 = DEFINITIONAL_REPRESENTATION('',(#585),#589);
#585 = LINE('',#586,#587);
#586 = CARTESIAN_POINT('',(-0.,0.));
#587 = VECTOR('',#588,1.);
#588 = DIRECTION('',(-1.,0.));
#589 = ( GEOMETRIC_REPRESENTATION_CONTEXT(2) 
PARAMETRIC_REPRESENTATION_CONTEXT() REPRESENTATION_CONTEXT('2D SPACE',''
  ) );
#590 = FACE_BOUND('',#591,.T.);
#591 = EDGE_LOOP('',(#592,#623,#650,#678,#706,#735,#763,#791,#818,#847,
    #874,#903,#930,#958,#987,#1015,#1042,#1068,#1094,#1120,#1142,#1171,
    #1200,#1227,#1256,#1285,#1312,#1340,#1369,#1397,#1424,#1452,#1481,
    #1509));
#592 = ORIENTED_EDGE('',*,*,#593,.F.);
#593 = EDGE_CURVE('',#594,#596,#598,.T.);
#594 = VERTEX_POINT('',#595);
#595 = CARTESIAN_POINT('',(26.,-62.4,7.75));
#596 = VERTEX_POINT('',#597);
#597 = CARTESIAN_POINT('',(30.4,-58.,7.75));
#598 = SURFACE_CURVE('',#599,(#604,#611),.PCURVE_S1.);
#599 = CIRCLE('',#600,4.4);
#600 = AXIS2_PLACEMENT_3D('',#601,#602,#603);
#601 = CARTESIAN_POINT('',(26.,-58.,7.75));
#602 = DIRECTION('',(0.,0.,1.));
#603 = DIRECTION('',(1.,0.,-0.));
#604 = PCURVE('',#44,#605);
#605 = DEFINITIONAL_REPRESENTATION('',(#606),#610);
#606 = CIRCLE('',#607,4.4);
#607 = AXIS2_PLACEMENT_2D('',#608,#609);
#608 = CARTESIAN_POINT('',(58.,6.));
#609 = DIRECTION('',(1.,0.));
#610 = ( GEOMETRIC_REPRESENTATION_CONTEXT(2) 
PARAMETRIC_REPRESENTATION_CONTEXT() REPRESENTATION_CONTEXT('2D SPACE',''
  ) );
#611 = PCURVE('',#612,#617);
#612 = CYLINDRICAL_SURFACE('',#613,4.4);
#613 = AXIS2_PLACEMENT_3D('',#614,#615,#616);
#614 = CARTESIAN_POINT('',(26.,-58.,0.4));
#615 = DIRECTION('',(0.,0.,1.));
#616 = DIRECTION('',(1.,0.,-0.));
#617 = DEFINITIONAL_REPRESENTATION('',(#618),#622);
#618 = LINE('',#619,#620);
#619 = CARTESIAN_POINT('',(-6.28318530718,7.35));
#620 = VECTOR('',#621,1.);
#621 = DIRECTION('',(1.,-0.));
#622 = ( GEOMETRIC_REPRESENTATION_CONTEXT(2) 
PARAMETRIC_REPRESENTATION_CONTEXT() REPRESENTATION_CONTEXT('2D SPACE',''
  ) );
#623 = ORIENTED_EDGE('',*,*,#624,.T.);
#624 = EDGE_CURVE('',#594,#625,#627,.T.);
#625 = VERTEX_POINT('',#626);
#626 = CARTESIAN_POINT('',(1.9,-62.4,7.75));
#627 = SURFACE_CURVE('',#628,(#632,#639),.PCURVE_S1.);
#628 = LINE('',#629,#630);
#629 = CARTESIAN_POINT('',(-31.2,-62.4,7.75));
#630 = VECTOR('',#631,1.);
#631 = DIRECTION('',(-1.,0.,0.));
#632 = PCURVE('',#44,#633);
#633 = DEFINITIONAL_REPRESENTATION('',(#634),#638);
#634 = LINE('',#635,#636);
#635 = CARTESIAN_POINT('',(0.8,1.6));
#636 = VECTOR('',#637,1.);
#637 = DIRECTION('',(-1.,0.));
#638 = ( GEOMETRIC_REPRESENTATION_CONTEXT(2) 
PARAMETRIC_REPRESENTATION_CONTEXT() REPRESENTATION_CONTEXT('2D SPACE',''
  ) );
#639 = PCURVE('',#640,#645);
#640 = PLANE('',#641);
#641 = AXIS2_PLACEMENT_3D('',#642,#643,#644);
#642 = CARTESIAN_POINT('',(-30.4,-62.4,0.4));
#643 = DIRECTION('',(0.,1.,0.));
#644 = DIRECTION('',(0.,0.,1.));
#645 = DEFINITIONAL_REPRESENTATION('',(#646),#649);
#646 = B_SPLINE_CURVE_WITH_KNOTS('',1,(#647,#648),.UNSPECIFIED.,.F.,.F.,
  (2,2),(-57.2,-5.2),.PIECEWISE_BEZIER_KNOTS.);
#647 = CARTESIAN_POINT('',(7.35,56.4));
#648 = CARTESIAN_POINT('',(7.35,4.4));
#649 = ( GEOMETRIC_REPRESENTATION_CONTEXT(2) 
PARAMETRIC_REPRESENTATION_CONTEXT() REPRESENTATION_CONTEXT('2D SPACE',''
  ) );
#650 = ORIENTED_EDGE('',*,*,#651,.T.);
#651 = EDGE_CURVE('',#625,#652,#654,.T.);
#652 = VERTEX_POINT('',#653);
#653 = CARTESIAN_POINT('',(1.9,-60.2,7.75));
#654 = SURFACE_CURVE('',#655,(#659,#666),.PCURVE_S1.);
#655 = LINE('',#656,#657);
#656 = CARTESIAN_POINT('',(1.9,-62.4,7.75));
#657 = VECTOR('',#658,1.);
#658 = DIRECTION('',(-5.046468293751E-16,1.,0.));
#659 = PCURVE('',#44,#660);
#660 = DEFINITIONAL_REPRESENTATION('',(#661),#665);
#661 = LINE('',#662,#663);
#662 = CARTESIAN_POINT('',(33.9,1.6));
#663 = VECTOR('',#664,1.);
#664 = DIRECTION('',(-5.046468293751E-16,1.));
#665 = ( GEOMETRIC_REPRESENTATION_CONTEXT(2) 
PARAMETRIC_REPRESENTATION_CONTEXT() REPRESENTATION_CONTEXT('2D SPACE',''
  ) );
#666 = PCURVE('',#667,#672);
#667 = PLANE('',#668);
#668 = AXIS2_PLACEMENT_3D('',#669,#670,#671);
#669 = CARTESIAN_POINT('',(1.9,-63.8,0.55));
#670 = DIRECTION('',(1.,0.,0.));
#671 = DIRECTION('',(0.,0.,1.));
#672 = DEFINITIONAL_REPRESENTATION('',(#673),#677);
#673 = LINE('',#674,#675);
#674 = CARTESIAN_POINT('',(7.2,-1.4));
#675 = VECTOR('',#676,1.);
#676 = DIRECTION('',(0.,-1.));
#677 = ( GEOMETRIC_REPRESENTATION_CONTEXT(2) 
PARAMETRIC_REPRESENTATION_CONTEXT() REPRESENTATION_CONTEXT('2D SPACE',''
  ) );
#678 = ORIENTED_EDGE('',*,*,#679,.F.);
#679 = EDGE_CURVE('',#680,#652,#682,.T.);
#680 = VERTEX_POINT('',#681);
#681 = CARTESIAN_POINT('',(1.723368793961,-60.2,7.75));
#682 = SURFACE_CURVE('',#683,(#687,#694),.PCURVE_S1.);
#683 = LINE('',#684,#685);
#684 = CARTESIAN_POINT('',(-1.9,-60.2,7.75));
#685 = VECTOR('',#686,1.);
#686 = DIRECTION('',(1.,0.,0.));
#687 = PCURVE('',#44,#688);
#688 = DEFINITIONAL_REPRESENTATION('',(#689),#693);
#689 = LINE('',#690,#691);
#690 = CARTESIAN_POINT('',(30.1,3.8));
#691 = VECTOR('',#692,1.);
#692 = DIRECTION('',(1.,0.));
#693 = ( GEOMETRIC_REPRESENTATION_CONTEXT(2) 
PARAMETRIC_REPRESENTATION_CONTEXT() REPRESENTATION_CONTEXT('2D SPACE',''
  ) );
#694 = PCURVE('',#695,#700);
#695 = PLANE('',#696);
#696 = AXIS2_PLACEMENT_3D('',#697,#698,#699);
#697 = CARTESIAN_POINT('',(-1.9,-60.2,0.55));
#698 = DIRECTION('',(0.,1.,0.));
#699 = DIRECTION('',(0.,0.,1.));
#700 = DEFINITIONAL_REPRESENTATION('',(#701),#705);
#701 = LINE('',#702,#703);
#702 = CARTESIAN_POINT('',(7.2,0.));
#703 = VECTOR('',#704,1.);
#704 = DIRECTION('',(0.,1.));
#705 = ( GEOMETRIC_REPRESENTATION_CONTEXT(2) 
PARAMETRIC_REPRESENTATION_CONTEXT() REPRESENTATION_CONTEXT('2D SPACE',''
  ) );
#706 = ORIENTED_EDGE('',*,*,#707,.T.);
#707 = EDGE_CURVE('',#680,#708,#710,.T.);
#708 = VERTEX_POINT('',#709);
#709 = CARTESIAN_POINT('',(-1.723368793961,-60.2,7.75));
#710 = SURFACE_CURVE('',#711,(#716,#723),.PCURVE_S1.);
#711 = CIRCLE('',#712,1.9);
#712 = AXIS2_PLACEMENT_3D('',#713,#714,#715);
#713 = CARTESIAN_POINT('',(0.,-61.,7.75));
#714 = DIRECTION('',(-0.,0.,1.));
#715 = DIRECTION('',(0.676064872561,-0.736842105263,0.));
#716 = PCURVE('',#44,#717);
#717 = DEFINITIONAL_REPRESENTATION('',(#718),#722);
#718 = CIRCLE('',#719,1.9);
#719 = AXIS2_PLACEMENT_2D('',#720,#721);
#720 = CARTESIAN_POINT('',(32.,3.));
#721 = DIRECTION('',(0.676064872561,-0.736842105263));
#722 = ( GEOMETRIC_REPRESENTATION_CONTEXT(2) 
PARAMETRIC_REPRESENTATION_CONTEXT() REPRESENTATION_CONTEXT('2D SPACE',''
  ) );
#723 = PCURVE('',#724,#729);
#724 = CYLINDRICAL_SURFACE('',#725,1.9);
#725 = AXIS2_PLACEMENT_3D('',#726,#727,#728);
#726 = CARTESIAN_POINT('',(0.,-61.,0.55));
#727 = DIRECTION('',(-0.,-0.,-1.));
#728 = DIRECTION('',(1.,0.,0.));
#729 = DEFINITIONAL_REPRESENTATION('',(#730),#734);
#730 = LINE('',#731,#732);
#731 = CARTESIAN_POINT('',(-5.454797910405,-7.2));
#732 = VECTOR('',#733,1.);
#733 = DIRECTION('',(-1.,0.));
#734 = ( GEOMETRIC_REPRESENTATION_CONTEXT(2) 
PARAMETRIC_REPRESENTATION_CONTEXT() REPRESENTATION_CONTEXT('2D SPACE',''
  ) );
#735 = ORIENTED_EDGE('',*,*,#736,.F.);
#736 = EDGE_CURVE('',#737,#708,#739,.T.);
#737 = VERTEX_POINT('',#738);
#738 = CARTESIAN_POINT('',(-1.9,-60.2,7.75));
#739 = SURFACE_CURVE('',#740,(#744,#751),.PCURVE_S1.);
#740 = LINE('',#741,#742);
#741 = CARTESIAN_POINT('',(-1.9,-60.2,7.75));
#742 = VECTOR('',#743,1.);
#743 = DIRECTION('',(1.,0.,0.));
#744 = PCURVE('',#44,#745);
#745 = DEFINITIONAL_REPRESENTATION('',(#746),#750);
#746 = LINE('',#747,#748);
#747 = CARTESIAN_POINT('',(30.1,3.8));
#748 = VECTOR('',#749,1.);
#749 = DIRECTION('',(1.,0.));
#750 = ( GEOMETRIC_REPRESENTATION_CONTEXT(2) 
PARAMETRIC_REPRESENTATION_CONTEXT() REPRESENTATION_CONTEXT('2D SPACE',''
  ) );
#751 = PCURVE('',#752,#757);
#752 = PLANE('',#753);
#753 = AXIS2_PLACEMENT_3D('',#754,#755,#756);
#754 = CARTESIAN_POINT('',(-1.9,-60.2,0.55));
#755 = DIRECTION('',(0.,1.,0.));
#756 = DIRECTION('',(0.,0.,1.));
#757 = DEFINITIONAL_REPRESENTATION('',(#758),#762);
#758 = LINE('',#759,#760);
#759 = CARTESIAN_POINT('',(7.2,0.));
#760 = VECTOR('',#761,1.);
#761 = DIRECTION('',(0.,1.));
#762 = ( GEOMETRIC_REPRESENTATION_CONTEXT(2) 
PARAMETRIC_REPRESENTATION_CONTEXT() REPRESENTATION_CONTEXT('2D SPACE',''
  ) );
#763 = ORIENTED_EDGE('',*,*,#764,.T.);
#764 = EDGE_CURVE('',#737,#765,#767,.T.);
#765 = VERTEX_POINT('',#766);
#766 = CARTESIAN_POINT('',(-1.9,-62.4,7.75));
#767 = SURFACE_CURVE('',#768,(#772,#779),.PCURVE_S1.);
#768 = LINE('',#769,#770);
#769 = CARTESIAN_POINT('',(-1.9,-60.2,7.75));
#770 = VECTOR('',#771,1.);
#771 = DIRECTION('',(3.02788097625E-16,-1.,0.));
#772 = PCURVE('',#44,#773);
#773 = DEFINITIONAL_REPRESENTATION('',(#774),#778);
#774 = LINE('',#775,#776);
#775 = CARTESIAN_POINT('',(30.1,3.8));
#776 = VECTOR('',#777,1.);
#777 = DIRECTION('',(3.02788097625E-16,-1.));
#778 = ( GEOMETRIC_REPRESENTATION_CONTEXT(2) 
PARAMETRIC_REPRESENTATION_CONTEXT() REPRESENTATION_CONTEXT('2D SPACE',''
  ) );
#779 = PCURVE('',#780,#785);
#780 = PLANE('',#781);
#781 = AXIS2_PLACEMENT_3D('',#782,#783,#784);
#782 = CARTESIAN_POINT('',(-1.9,-63.8,0.55));
#783 = DIRECTION('',(1.,0.,0.));
#784 = DIRECTION('',(0.,0.,1.));
#785 = DEFINITIONAL_REPRESENTATION('',(#786),#790);
#786 = LINE('',#787,#788);
#787 = CARTESIAN_POINT('',(7.2,-3.6));
#788 = VECTOR('',#789,1.);
#789 = DIRECTION('',(0.,1.));
#790 = ( GEOMETRIC_REPRESENTATION_CONTEXT(2) 
PARAMETRIC_REPRESENTATION_CONTEXT() REPRESENTATION_CONTEXT('2D SPACE',''
  ) );
#791 = ORIENTED_EDGE('',*,*,#792,.T.);
#792 = EDGE_CURVE('',#765,#793,#795,.T.);
#793 = VERTEX_POINT('',#794);
#794 = CARTESIAN_POINT('',(-22.38445055786,-62.4,7.75));
#795 = SURFACE_CURVE('',#796,(#800,#807),.PCURVE_S1.);
#796 = LINE('',#797,#798);
#797 = CARTESIAN_POINT('',(-31.2,-62.4,7.75));
#798 = VECTOR('',#799,1.);
#799 = DIRECTION('',(-1.,0.,0.));
#800 = PCURVE('',#44,#801);
#801 = DEFINITIONAL_REPRESENTATION('',(#802),#806);
#802 = LINE('',#803,#804);
#803 = CARTESIAN_POINT('',(0.8,1.6));
#804 = VECTOR('',#805,1.);
#805 = DIRECTION('',(-1.,0.));
#806 = ( GEOMETRIC_REPRESENTATION_CONTEXT(2) 
PARAMETRIC_REPRESENTATION_CONTEXT() REPRESENTATION_CONTEXT('2D SPACE',''
  ) );
#807 = PCURVE('',#808,#813);
#808 = PLANE('',#809);
#809 = AXIS2_PLACEMENT_3D('',#810,#811,#812);
#810 = CARTESIAN_POINT('',(-30.4,-62.4,0.4));
#811 = DIRECTION('',(0.,1.,0.));
#812 = DIRECTION('',(0.,0.,1.));
#813 = DEFINITIONAL_REPRESENTATION('',(#814),#817);
#814 = B_SPLINE_CURVE_WITH_KNOTS('',1,(#815,#816),.UNSPECIFIED.,.F.,.F.,
  (2,2),(-57.2,-5.2),.PIECEWISE_BEZIER_KNOTS.);
#815 = CARTESIAN_POINT('',(7.35,56.4));
#816 = CARTESIAN_POINT('',(7.35,4.4));
#817 = ( GEOMETRIC_REPRESENTATION_CONTEXT(2) 
PARAMETRIC_REPRESENTATION_CONTEXT() REPRESENTATION_CONTEXT('2D SPACE',''
  ) );
#818 = ORIENTED_EDGE('',*,*,#819,.T.);
#819 = EDGE_CURVE('',#793,#820,#822,.T.);
#820 = VERTEX_POINT('',#821);
#821 = CARTESIAN_POINT('',(-25.61554944214,-62.4,7.75));
#822 = SURFACE_CURVE('',#823,(#828,#835),.PCURVE_S1.);
#823 = CIRCLE('',#824,1.9);
#824 = AXIS2_PLACEMENT_3D('',#825,#826,#827);
#825 = CARTESIAN_POINT('',(-24.,-61.4,7.75));
#826 = DIRECTION('',(-0.,0.,1.));
#827 = DIRECTION('',(0.850289180074,-0.526315789474,0.));
#828 = PCURVE('',#44,#829);
#829 = DEFINITIONAL_REPRESENTATION('',(#830),#834);
#830 = CIRCLE('',#831,1.9);
#831 = AXIS2_PLACEMENT_2D('',#832,#833);
#832 = CARTESIAN_POINT('',(8.,2.6));
#833 = DIRECTION('',(0.850289180074,-0.526315789474));
#834 = ( GEOMETRIC_REPRESENTATION_CONTEXT(2) 
PARAMETRIC_REPRESENTATION_CONTEXT() REPRESENTATION_CONTEXT('2D SPACE',''
  ) );
#835 = PCURVE('',#836,#841);
#836 = CYLINDRICAL_SURFACE('',#837,1.9);
#837 = AXIS2_PLACEMENT_3D('',#838,#839,#840);
#838 = CARTESIAN_POINT('',(-24.,-61.4,0.55));
#839 = DIRECTION('',(-0.,-0.,-1.));
#840 = DIRECTION('',(1.,0.,0.));
#841 = DEFINITIONAL_REPRESENTATION('',(#842),#846);
#842 = LINE('',#843,#844);
#843 = CARTESIAN_POINT('',(-5.728923472727,-7.2));
#844 = VECTOR('',#845,1.);
#845 = DIRECTION('',(-1.,0.));
#846 = ( GEOMETRIC_REPRESENTATION_CONTEXT(2) 
PARAMETRIC_REPRESENTATION_CONTEXT() REPRESENTATION_CONTEXT('2D SPACE',''
  ) );
#847 = ORIENTED_EDGE('',*,*,#848,.T.);
#848 = EDGE_CURVE('',#820,#849,#851,.T.);
#849 = VERTEX_POINT('',#850);
#850 = CARTESIAN_POINT('',(-26.,-62.4,7.75));
#851 = SURFACE_CURVE('',#852,(#856,#863),.PCURVE_S1.);
#852 = LINE('',#853,#854);
#853 = CARTESIAN_POINT('',(-31.2,-62.4,7.75));
#854 = VECTOR('',#855,1.);
#855 = DIRECTION('',(-1.,0.,0.));
#856 = PCURVE('',#44,#857);
#857 = DEFINITIONAL_REPRESENTATION('',(#858),#862);
#858 = LINE('',#859,#860);
#859 = CARTESIAN_POINT('',(0.8,1.6));
#860 = VECTOR('',#861,1.);
#861 = DIRECTION('',(-1.,0.));
#862 = ( GEOMETRIC_REPRESENTATION_CONTEXT(2) 
PARAMETRIC_REPRESENTATION_CONTEXT() REPRESENTATION_CONTEXT('2D SPACE',''
  ) );
#863 = PCURVE('',#864,#869);
#864 = PLANE('',#865);
#865 = AXIS2_PLACEMENT_3D('',#866,#867,#868);
#866 = CARTESIAN_POINT('',(-30.4,-62.4,0.4));
#867 = DIRECTION('',(0.,1.,0.));
#868 = DIRECTION('',(0.,0.,1.));
#869 = DEFINITIONAL_REPRESENTATION('',(#870),#873);
#870 = B_SPLINE_CURVE_WITH_KNOTS('',1,(#871,#872),.UNSPECIFIED.,.F.,.F.,
  (2,2),(-57.2,-5.2),.PIECEWISE_BEZIER_KNOTS.);
#871 = CARTESIAN_POINT('',(7.35,56.4));
#872 = CARTESIAN_POINT('',(7.35,4.4));
#873 = ( GEOMETRIC_REPRESENTATION_CONTEXT(2) 
PARAMETRIC_REPRESENTATION_CONTEXT() REPRESENTATION_CONTEXT('2D SPACE',''
  ) );
#874 = ORIENTED_EDGE('',*,*,#875,.F.);
#875 = EDGE_CURVE('',#876,#849,#878,.T.);
#876 = VERTEX_POINT('',#877);
#877 = CARTESIAN_POINT('',(-30.4,-58.,7.75));
#878 = SURFACE_CURVE('',#879,(#884,#891),.PCURVE_S1.);
#879 = CIRCLE('',#880,4.4);
#880 = AXIS2_PLACEMENT_3D('',#881,#882,#883);
#881 = CARTESIAN_POINT('',(-26.,-58.,7.75));
#882 = DIRECTION('',(0.,0.,1.));
#883 = DIRECTION('',(-1.,-0.,0.));
#884 = PCURVE('',#44,#885);
#885 = DEFINITIONAL_REPRESENTATION('',(#886),#890);
#886 = CIRCLE('',#887,4.4);
#887 = AXIS2_PLACEMENT_2D('',#888,#889);
#888 = CARTESIAN_POINT('',(6.,6.));
#889 = DIRECTION('',(-1.,0.));
#890 = ( GEOMETRIC_REPRESENTATION_CONTEXT(2) 
PARAMETRIC_REPRESENTATION_CONTEXT() REPRESENTATION_CONTEXT('2D SPACE',''
  ) );
#891 = PCURVE('',#892,#897);
#892 = CYLINDRICAL_SURFACE('',#893,4.4);
#893 = AXIS2_PLACEMENT_3D('',#894,#895,#896);
#894 = CARTESIAN_POINT('',(-26.,-58.,0.4));
#895 = DIRECTION('',(0.,0.,1.));
#896 = DIRECTION('',(-1.,-0.,0.));
#897 = DEFINITIONAL_REPRESENTATION('',(#898),#902);
#898 = LINE('',#899,#900);
#899 = CARTESIAN_POINT('',(0.,7.35));
#900 = VECTOR('',#901,1.);
#901 = DIRECTION('',(1.,0.));
#902 = ( GEOMETRIC_REPRESENTATION_CONTEXT(2) 
PARAMETRIC_REPRESENTATION_CONTEXT() REPRESENTATION_CONTEXT('2D SPACE',''
  ) );
#903 = ORIENTED_EDGE('',*,*,#904,.T.);
#904 = EDGE_CURVE('',#876,#905,#907,.T.);
#905 = VERTEX_POINT('',#906);
#906 = CARTESIAN_POINT('',(-30.4,8.7,7.75));
#907 = SURFACE_CURVE('',#908,(#912,#919),.PCURVE_S1.);
#908 = LINE('',#909,#910);
#909 = CARTESIAN_POINT('',(-30.4,-63.2,7.75));
#910 = VECTOR('',#911,1.);
#911 = DIRECTION('',(0.,1.,0.));
#912 = PCURVE('',#44,#913);
#913 = DEFINITIONAL_REPRESENTATION('',(#914),#918);
#914 = LINE('',#915,#916);
#915 = CARTESIAN_POINT('',(1.6,0.8));
#916 = VECTOR('',#917,1.);
#917 = DIRECTION('',(0.,1.));
#918 = ( GEOMETRIC_REPRESENTATION_CONTEXT(2) 
PARAMETRIC_REPRESENTATION_CONTEXT() REPRESENTATION_CONTEXT('2D SPACE',''
  ) );
#919 = PCURVE('',#920,#925);
#920 = PLANE('',#921);
#921 = AXIS2_PLACEMENT_3D('',#922,#923,#924);
#922 = CARTESIAN_POINT('',(-30.4,-62.4,0.4));
#923 = DIRECTION('',(1.,0.,0.));
#924 = DIRECTION('',(0.,0.,1.));
#925 = DEFINITIONAL_REPRESENTATION('',(#926),#929);
#926 = B_SPLINE_CURVE_WITH_KNOTS('',1,(#927,#928),.UNSPECIFIED.,.F.,.F.,
  (2,2),(5.2,121.2),.PIECEWISE_BEZIER_KNOTS.);
#927 = CARTESIAN_POINT('',(7.35,-4.4));
#928 = CARTESIAN_POINT('',(7.35,-120.4));
#929 = ( GEOMETRIC_REPRESENTATION_CONTEXT(2) 
PARAMETRIC_REPRESENTATION_CONTEXT() REPRESENTATION_CONTEXT('2D SPACE',''
  ) );
#930 = ORIENTED_EDGE('',*,*,#931,.T.);
#931 = EDGE_CURVE('',#905,#932,#934,.T.);
#932 = VERTEX_POINT('',#933);
#933 = CARTESIAN_POINT('',(-30.38564064605,8.7,7.75));
#934 = SURFACE_CURVE('',#935,(#939,#946),.PCURVE_S1.);
#935 = LINE('',#936,#937);
#936 = CARTESIAN_POINT('',(-31.7,8.7,7.75));
#937 = VECTOR('',#938,1.);
#938 = DIRECTION('',(1.,0.,0.));
#939 = PCURVE('',#44,#940);
#940 = DEFINITIONAL_REPRESENTATION('',(#941),#945);
#941 = LINE('',#942,#943);
#942 = CARTESIAN_POINT('',(0.3,72.7));
#943 = VECTOR('',#944,1.);
#944 = DIRECTION('',(1.,0.));
#945 = ( GEOMETRIC_REPRESENTATION_CONTEXT(2) 
PARAMETRIC_REPRESENTATION_CONTEXT() REPRESENTATION_CONTEXT('2D SPACE',''
  ) );
#946 = PCURVE('',#947,#952);
#947 = PLANE('',#948);
#948 = AXIS2_PLACEMENT_3D('',#949,#950,#951);
#949 = CARTESIAN_POINT('',(-31.7,8.7,0.55));
#950 = DIRECTION('',(0.,1.,0.));
#951 = DIRECTION('',(0.,0.,1.));
#952 = DEFINITIONAL_REPRESENTATION('',(#953),#957);
#953 = LINE('',#954,#955);
#954 = CARTESIAN_POINT('',(7.2,0.));
#955 = VECTOR('',#956,1.);
#956 = DIRECTION('',(0.,1.));
#957 = ( GEOMETRIC_REPRESENTATION_CONTEXT(2) 
PARAMETRIC_REPRESENTATION_CONTEXT() REPRESENTATION_CONTEXT('2D SPACE',''
  ) );
#958 = ORIENTED_EDGE('',*,*,#959,.T.);
#959 = EDGE_CURVE('',#932,#960,#962,.T.);
#960 = VERTEX_POINT('',#961);
#961 = CARTESIAN_POINT('',(-30.38564064605,11.3,7.75));
#962 = SURFACE_CURVE('',#963,(#968,#975),.PCURVE_S1.);
#963 = CIRCLE('',#964,1.9);
#964 = AXIS2_PLACEMENT_3D('',#965,#966,#967);
#965 = CARTESIAN_POINT('',(-29.,10.,7.75));
#966 = DIRECTION('',(0.,0.,1.));
#967 = DIRECTION('',(-0.736842105263,-0.676064872561,0.));
#968 = PCURVE('',#44,#969);
#969 = DEFINITIONAL_REPRESENTATION('',(#970),#974);
#970 = CIRCLE('',#971,1.9);
#971 = AXIS2_PLACEMENT_2D('',#972,#973);
#972 = CARTESIAN_POINT('',(3.,74.));
#973 = DIRECTION('',(-0.736842105263,-0.676064872561));
#974 = ( GEOMETRIC_REPRESENTATION_CONTEXT(2) 
PARAMETRIC_REPRESENTATION_CONTEXT() REPRESENTATION_CONTEXT('2D SPACE',''
  ) );
#975 = PCURVE('',#976,#981);
#976 = CYLINDRICAL_SURFACE('',#977,1.9);
#977 = AXIS2_PLACEMENT_3D('',#978,#979,#980);
#978 = CARTESIAN_POINT('',(-29.,10.,0.55));
#979 = DIRECTION('',(-0.,-0.,-1.));
#980 = DIRECTION('',(1.,0.,0.));
#981 = DEFINITIONAL_REPRESENTATION('',(#982),#986);
#982 = LINE('',#983,#984);
#983 = CARTESIAN_POINT('',(-3.88400158361,-7.2));
#984 = VECTOR('',#985,1.);
#985 = DIRECTION('',(-1.,0.));
#986 = ( GEOMETRIC_REPRESENTATION_CONTEXT(2) 
PARAMETRIC_REPRESENTATION_CONTEXT() REPRESENTATION_CONTEXT('2D SPACE',''
  ) );
#987 = ORIENTED_EDGE('',*,*,#988,.F.);
#988 = EDGE_CURVE('',#989,#960,#991,.T.);
#989 = VERTEX_POINT('',#990);
#990 = CARTESIAN_POINT('',(-30.4,11.3,7.75));
#991 = SURFACE_CURVE('',#992,(#996,#1003),.PCURVE_S1.);
#992 = LINE('',#993,#994);
#993 = CARTESIAN_POINT('',(-31.7,11.3,7.75));
#994 = VECTOR('',#995,1.);
#995 = DIRECTION('',(1.,0.,0.));
#996 = PCURVE('',#44,#997);
#997 = DEFINITIONAL_REPRESENTATION('',(#998),#1002);
#998 = LINE('',#999,#1000);
#999 = CARTESIAN_POINT('',(0.3,75.3));
#1000 = VECTOR('',#1001,1.);
#1001 = DIRECTION('',(1.,0.));
#1002 = ( GEOMETRIC_REPRESENTATION_CONTEXT(2) 
PARAMETRIC_REPRESENTATION_CONTEXT() REPRESENTATION_CONTEXT('2D SPACE',''
  ) );
#1003 = PCURVE('',#1004,#1009);
#1004 = PLANE('',#1005);
#1005 = AXIS2_PLACEMENT_3D('',#1006,#1007,#1008);
#1006 = CARTESIAN_POINT('',(-31.7,11.3,0.55));
#1007 = DIRECTION('',(0.,1.,0.));
#1008 = DIRECTION('',(0.,0.,1.));
#1009 = DEFINITIONAL_REPRESENTATION('',(#1010),#1014);
#1010 = LINE('',#1011,#1012);
#1011 = CARTESIAN_POINT('',(7.2,0.));
#1012 = VECTOR('',#1013,1.);
#1013 = DIRECTION('',(0.,1.));
#1014 = ( GEOMETRIC_REPRESENTATION_CONTEXT(2) 
PARAMETRIC_REPRESENTATION_CONTEXT() REPRESENTATION_CONTEXT('2D SPACE',''
  ) );
#1015 = ORIENTED_EDGE('',*,*,#1016,.T.);
#1016 = EDGE_CURVE('',#989,#1017,#1019,.T.);
#1017 = VERTEX_POINT('',#1018);
#1018 = CARTESIAN_POINT('',(-30.4,21.5,7.75));
#1019 = SURFACE_CURVE('',#1020,(#1024,#1031),.PCURVE_S1.);
#1020 = LINE('',#1021,#1022);
#1021 = CARTESIAN_POINT('',(-30.4,-63.2,7.75));
#1022 = VECTOR('',#1023,1.);
#1023 = DIRECTION('',(0.,1.,0.));
#1024 = PCURVE('',#44,#1025);
#1025 = DEFINITIONAL_REPRESENTATION('',(#1026),#1030);
#1026 = LINE('',#1027,#1028);
#1027 = CARTESIAN_POINT('',(1.6,0.8));
#1028 = VECTOR('',#1029,1.);
#1029 = DIRECTION('',(0.,1.));
#1030 = ( GEOMETRIC_REPRESENTATION_CONTEXT(2) 
PARAMETRIC_REPRESENTATION_CONTEXT() REPRESENTATION_CONTEXT('2D SPACE',''
  ) );
#1031 = PCURVE('',#1032,#1037);
#1032 = PLANE('',#1033);
#1033 = AXIS2_PLACEMENT_3D('',#1034,#1035,#1036);
#1034 = CARTESIAN_POINT('',(-30.4,-62.4,0.4));
#1035 = DIRECTION('',(1.,0.,0.));
#1036 = DIRECTION('',(0.,0.,1.));
#1037 = DEFINITIONAL_REPRESENTATION('',(#1038),#1041);
#1038 = B_SPLINE_CURVE_WITH_KNOTS('',1,(#1039,#1040),.UNSPECIFIED.,.F.,
  .F.,(2,2),(5.2,121.2),.PIECEWISE_BEZIER_KNOTS.);
#1039 = CARTESIAN_POINT('',(7.35,-4.4));
#1040 = CARTESIAN_POINT('',(7.35,-120.4));
#1041 = ( GEOMETRIC_REPRESENTATION_CONTEXT(2) 
PARAMETRIC_REPRESENTATION_CONTEXT() REPRESENTATION_CONTEXT('2D SPACE',''
  ) );
#1042 = ORIENTED_EDGE('',*,*,#1043,.T.);
#1043 = EDGE_CURVE('',#1017,#1044,#1046,.T.);
#1044 = VERTEX_POINT('',#1045);
#1045 = CARTESIAN_POINT('',(-31.,21.5,7.75));
#1046 = SURFACE_CURVE('',#1047,(#1051,#1057),.PCURVE_S1.);
#1047 = LINE('',#1048,#1049);
#1048 = CARTESIAN_POINT('',(-31.5,21.5,7.75));
#1049 = VECTOR('',#1050,1.);
#1050 = DIRECTION('',(-1.,0.,0.));
#1051 = PCURVE('',#44,#1052);
#1052 = DEFINITIONAL_REPRESENTATION('',(#1053),#1056);
#1053 = B_SPLINE_CURVE_WITH_KNOTS('',1,(#1054,#1055),.UNSPECIFIED.,.F.,
  .F.,(2,2),(-4.5,-0.5),.PIECEWISE_BEZIER_KNOTS.);
#1054 = CARTESIAN_POINT('',(5.,85.5));
#1055 = CARTESIAN_POINT('',(1.,85.5));
#1056 = ( GEOMETRIC_REPRESENTATION_CONTEXT(2) 
PARAMETRIC_REPRESENTATION_CONTEXT() REPRESENTATION_CONTEXT('2D SPACE',''
  ) );
#1057 = PCURVE('',#1058,#1063);
#1058 = PLANE('',#1059);
#1059 = AXIS2_PLACEMENT_3D('',#1060,#1061,#1062);
#1060 = CARTESIAN_POINT('',(-31.,21.5,4.9));
#1061 = DIRECTION('',(0.,1.,0.));
#1062 = DIRECTION('',(0.,0.,1.));
#1063 = DEFINITIONAL_REPRESENTATION('',(#1064),#1067);
#1064 = B_SPLINE_CURVE_WITH_KNOTS('',1,(#1065,#1066),.UNSPECIFIED.,.F.,
  .F.,(2,2),(-4.5,-0.5),.PIECEWISE_BEZIER_KNOTS.);
#1065 = CARTESIAN_POINT('',(2.85,4.));
#1066 = CARTESIAN_POINT('',(2.85,0.));
#1067 = ( GEOMETRIC_REPRESENTATION_CONTEXT(2) 
PARAMETRIC_REPRESENTATION_CONTEXT() REPRESENTATION_CONTEXT('2D SPACE',''
  ) );
#1068 = ORIENTED_EDGE('',*,*,#1069,.T.);
#1069 = EDGE_CURVE('',#1044,#1070,#1072,.T.);
#1070 = VERTEX_POINT('',#1071);
#1071 = CARTESIAN_POINT('',(-31.,36.5,7.75));
#1072 = SURFACE_CURVE('',#1073,(#1077,#1083),.PCURVE_S1.);
#1073 = LINE('',#1074,#1075);
#1074 = CARTESIAN_POINT('',(-31.,-21.25,7.75));
#1075 = VECTOR('',#1076,1.);
#1076 = DIRECTION('',(0.,1.,0.));
#1077 = PCURVE('',#44,#1078);
#1078 = DEFINITIONAL_REPRESENTATION('',(#1079),#1082);
#1079 = B_SPLINE_CURVE_WITH_KNOTS('',1,(#1080,#1081),.UNSPECIFIED.,.F.,
  .F.,(2,2),(42.75,57.75),.PIECEWISE_BEZIER_KNOTS.);
#1080 = CARTESIAN_POINT('',(1.,85.5));
#1081 = CARTESIAN_POINT('',(1.,100.5));
#1082 = ( GEOMETRIC_REPRESENTATION_CONTEXT(2) 
PARAMETRIC_REPRESENTATION_CONTEXT() REPRESENTATION_CONTEXT('2D SPACE',''
  ) );
#1083 = PCURVE('',#1084,#1089);
#1084 = PLANE('',#1085);
#1085 = AXIS2_PLACEMENT_3D('',#1086,#1087,#1088);
#1086 = CARTESIAN_POINT('',(-31.,21.5,4.9));
#1087 = DIRECTION('',(1.,0.,0.));
#1088 = DIRECTION('',(0.,0.,1.));
#1089 = DEFINITIONAL_REPRESENTATION('',(#1090),#1093);
#1090 = B_SPLINE_CURVE_WITH_KNOTS('',1,(#1091,#1092),.UNSPECIFIED.,.F.,
  .F.,(2,2),(42.75,57.75),.PIECEWISE_BEZIER_KNOTS.);
#1091 = CARTESIAN_POINT('',(2.85,0.));
#1092 = CARTESIAN_POINT('',(2.85,-15.));
#1093 = ( GEOMETRIC_REPRESENTATION_CONTEXT(2) 
PARAMETRIC_REPRESENTATION_CONTEXT() REPRESENTATION_CONTEXT('2D SPACE',''
  ) );
#1094 = ORIENTED_EDGE('',*,*,#1095,.F.);
#1095 = EDGE_CURVE('',#1096,#1070,#1098,.T.);
#1096 = VERTEX_POINT('',#1097);
#1097 = CARTESIAN_POINT('',(-30.4,36.5,7.75));
#1098 = SURFACE_CURVE('',#1099,(#1103,#1109),.PCURVE_S1.);
#1099 = LINE('',#1100,#1101);
#1100 = CARTESIAN_POINT('',(-31.5,36.5,7.75));
#1101 = VECTOR('',#1102,1.);
#1102 = DIRECTION('',(-1.,0.,0.));
#1103 = PCURVE('',#44,#1104);
#1104 = DEFINITIONAL_REPRESENTATION('',(#1105),#1108);
#1105 = B_SPLINE_CURVE_WITH_KNOTS('',1,(#1106,#1107),.UNSPECIFIED.,.F.,
  .F.,(2,2),(-4.5,-0.5),.PIECEWISE_BEZIER_KNOTS.);
#1106 = CARTESIAN_POINT('',(5.,100.5));
#1107 = CARTESIAN_POINT('',(1.,100.5));
#1108 = ( GEOMETRIC_REPRESENTATION_CONTEXT(2) 
PARAMETRIC_REPRESENTATION_CONTEXT() REPRESENTATION_CONTEXT('2D SPACE',''
  ) );
#1109 = PCURVE('',#1110,#1115);
#1110 = PLANE('',#1111);
#1111 = AXIS2_PLACEMENT_3D('',#1112,#1113,#1114);
#1112 = CARTESIAN_POINT('',(-31.,36.5,4.9));
#1113 = DIRECTION('',(0.,1.,0.));
#1114 = DIRECTION('',(0.,0.,1.));
#1115 = DEFINITIONAL_REPRESENTATION('',(#1116),#1119);
#1116 = B_SPLINE_CURVE_WITH_KNOTS('',1,(#1117,#1118),.UNSPECIFIED.,.F.,
  .F.,(2,2),(-4.5,-0.5),.PIECEWISE_BEZIER_KNOTS.);
#1117 = CARTESIAN_POINT('',(2.85,4.));
#1118 = CARTESIAN_POINT('',(2.85,0.));
#1119 = ( GEOMETRIC_REPRESENTATION_CONTEXT(2) 
PARAMETRIC_REPRESENTATION_CONTEXT() REPRESENTATION_CONTEXT('2D SPACE',''
  ) );
#1120 = ORIENTED_EDGE('',*,*,#1121,.T.);
#1121 = EDGE_CURVE('',#1096,#1122,#1124,.T.);
#1122 = VERTEX_POINT('',#1123);
#1123 = CARTESIAN_POINT('',(-30.4,58.,7.75));
#1124 = SURFACE_CURVE('',#1125,(#1129,#1136),.PCURVE_S1.);
#1125 = LINE('',#1126,#1127);
#1126 = CARTESIAN_POINT('',(-30.4,-63.2,7.75));
#1127 = VECTOR('',#1128,1.);
#1128 = DIRECTION('',(0.,1.,0.));
#1129 = PCURVE('',#44,#1130);
#1130 = DEFINITIONAL_REPRESENTATION('',(#1131),#1135);
#1131 = LINE('',#1132,#1133);
#1132 = CARTESIAN_POINT('',(1.6,0.8));
#1133 = VECTOR('',#1134,1.);
#1134 = DIRECTION('',(0.,1.));
#1135 = ( GEOMETRIC_REPRESENTATION_CONTEXT(2) 
PARAMETRIC_REPRESENTATION_CONTEXT() REPRESENTATION_CONTEXT('2D SPACE',''
  ) );
#1136 = PCURVE('',#1032,#1137);
#1137 = DEFINITIONAL_REPRESENTATION('',(#1138),#1141);
#1138 = B_SPLINE_CURVE_WITH_KNOTS('',1,(#1139,#1140),.UNSPECIFIED.,.F.,
  .F.,(2,2),(5.2,121.2),.PIECEWISE_BEZIER_KNOTS.);
#1139 = CARTESIAN_POINT('',(7.35,-4.4));
#1140 = CARTESIAN_POINT('',(7.35,-120.4));
#1141 = ( GEOMETRIC_REPRESENTATION_CONTEXT(2) 
PARAMETRIC_REPRESENTATION_CONTEXT() REPRESENTATION_CONTEXT('2D SPACE',''
  ) );
#1142 = ORIENTED_EDGE('',*,*,#1143,.F.);
#1143 = EDGE_CURVE('',#1144,#1122,#1146,.T.);
#1144 = VERTEX_POINT('',#1145);
#1145 = CARTESIAN_POINT('',(-26.79324725906,62.327904664613,7.75));
#1146 = SURFACE_CURVE('',#1147,(#1152,#1159),.PCURVE_S1.);
#1147 = CIRCLE('',#1148,4.4);
#1148 = AXIS2_PLACEMENT_3D('',#1149,#1150,#1151);
#1149 = CARTESIAN_POINT('',(-26.,58.,7.75));
#1150 = DIRECTION('',(0.,0.,1.));
#1151 = DIRECTION('',(-1.,-0.,0.));
#1152 = PCURVE('',#44,#1153);
#1153 = DEFINITIONAL_REPRESENTATION('',(#1154),#1158);
#1154 = CIRCLE('',#1155,4.4);
#1155 = AXIS2_PLACEMENT_2D('',#1156,#1157);
#1156 = CARTESIAN_POINT('',(6.,122.));
#1157 = DIRECTION('',(-1.,0.));
#1158 = ( GEOMETRIC_REPRESENTATION_CONTEXT(2) 
PARAMETRIC_REPRESENTATION_CONTEXT() REPRESENTATION_CONTEXT('2D SPACE',''
  ) );
#1159 = PCURVE('',#1160,#1165);
#1160 = CYLINDRICAL_SURFACE('',#1161,4.4);
#1161 = AXIS2_PLACEMENT_3D('',#1162,#1163,#1164);
#1162 = CARTESIAN_POINT('',(-26.,58.,0.4));
#1163 = DIRECTION('',(0.,0.,1.));
#1164 = DIRECTION('',(-1.,-0.,0.));
#1165 = DEFINITIONAL_REPRESENTATION('',(#1166),#1170);
#1166 = LINE('',#1167,#1168);
#1167 = CARTESIAN_POINT('',(-6.28318530718,7.35));
#1168 = VECTOR('',#1169,1.);
#1169 = DIRECTION('',(1.,-0.));
#1170 = ( GEOMETRIC_REPRESENTATION_CONTEXT(2) 
PARAMETRIC_REPRESENTATION_CONTEXT() REPRESENTATION_CONTEXT('2D SPACE',''
  ) );
#1171 = ORIENTED_EDGE('',*,*,#1172,.T.);
#1172 = EDGE_CURVE('',#1144,#1173,#1175,.T.);
#1173 = VERTEX_POINT('',#1174);
#1174 = CARTESIAN_POINT('',(-23.23364782673,62.4,7.75));
#1175 = SURFACE_CURVE('',#1176,(#1181,#1188),.PCURVE_S1.);
#1176 = CIRCLE('',#1177,1.9);
#1177 = AXIS2_PLACEMENT_3D('',#1178,#1179,#1180);
#1178 = CARTESIAN_POINT('',(-25.,61.7,7.75));
#1179 = DIRECTION('',(0.,0.,1.));
#1180 = DIRECTION('',(-0.943814346878,0.33047613927,0.));
#1181 = PCURVE('',#44,#1182);
#1182 = DEFINITIONAL_REPRESENTATION('',(#1183),#1187);
#1183 = CIRCLE('',#1184,1.9);
#1184 = AXIS2_PLACEMENT_2D('',#1185,#1186);
#1185 = CARTESIAN_POINT('',(7.,125.7));
#1186 = DIRECTION('',(-0.943814346878,0.33047613927));
#1187 = ( GEOMETRIC_REPRESENTATION_CONTEXT(2) 
PARAMETRIC_REPRESENTATION_CONTEXT() REPRESENTATION_CONTEXT('2D SPACE',''
  ) );
#1188 = PCURVE('',#1189,#1194);
#1189 = CYLINDRICAL_SURFACE('',#1190,1.9);
#1190 = AXIS2_PLACEMENT_3D('',#1191,#1192,#1193);
#1191 = CARTESIAN_POINT('',(-25.,61.7,0.55));
#1192 = DIRECTION('',(-0.,-0.,-1.));
#1193 = DIRECTION('',(1.,0.,0.));
#1194 = DEFINITIONAL_REPRESENTATION('',(#1195),#1199);
#1195 = LINE('',#1196,#1197);
#1196 = CARTESIAN_POINT('',(-2.804784638929,-7.2));
#1197 = VECTOR('',#1198,1.);
#1198 = DIRECTION('',(-1.,0.));
#1199 = ( GEOMETRIC_REPRESENTATION_CONTEXT(2) 
PARAMETRIC_REPRESENTATION_CONTEXT() REPRESENTATION_CONTEXT('2D SPACE',''
  ) );
#1200 = ORIENTED_EDGE('',*,*,#1201,.F.);
#1201 = EDGE_CURVE('',#1202,#1173,#1204,.T.);
#1202 = VERTEX_POINT('',#1203);
#1203 = CARTESIAN_POINT('',(23.233647826734,62.4,7.75));
#1204 = SURFACE_CURVE('',#1205,(#1209,#1216),.PCURVE_S1.);
#1205 = LINE('',#1206,#1207);
#1206 = CARTESIAN_POINT('',(-31.2,62.4,7.75));
#1207 = VECTOR('',#1208,1.);
#1208 = DIRECTION('',(-1.,0.,0.));
#1209 = PCURVE('',#44,#1210);
#1210 = DEFINITIONAL_REPRESENTATION('',(#1211),#1215);
#1211 = LINE('',#1212,#1213);
#1212 = CARTESIAN_POINT('',(0.8,126.4));
#1213 = VECTOR('',#1214,1.);
#1214 = DIRECTION('',(-1.,0.));
#1215 = ( GEOMETRIC_REPRESENTATION_CONTEXT(2) 
PARAMETRIC_REPRESENTATION_CONTEXT() REPRESENTATION_CONTEXT('2D SPACE',''
  ) );
#1216 = PCURVE('',#1217,#1222);
#1217 = PLANE('',#1218);
#1218 = AXIS2_PLACEMENT_3D('',#1219,#1220,#1221);
#1219 = CARTESIAN_POINT('',(-30.4,62.4,0.4));
#1220 = DIRECTION('',(0.,1.,0.));
#1221 = DIRECTION('',(0.,0.,1.));
#1222 = DEFINITIONAL_REPRESENTATION('',(#1223),#1226);
#1223 = B_SPLINE_CURVE_WITH_KNOTS('',1,(#1224,#1225),.UNSPECIFIED.,.F.,
  .F.,(2,2),(-57.2,-5.2),.PIECEWISE_BEZIER_KNOTS.);
#1224 = CARTESIAN_POINT('',(7.35,56.4));
#1225 = CARTESIAN_POINT('',(7.35,4.4));
#1226 = ( GEOMETRIC_REPRESENTATION_CONTEXT(2) 
PARAMETRIC_REPRESENTATION_CONTEXT() REPRESENTATION_CONTEXT('2D SPACE',''
  ) );
#1227 = ORIENTED_EDGE('',*,*,#1228,.T.);
#1228 = EDGE_CURVE('',#1202,#1229,#1231,.T.);
#1229 = VERTEX_POINT('',#1230);
#1230 = CARTESIAN_POINT('',(26.793247259069,62.327904664613,7.75));
#1231 = SURFACE_CURVE('',#1232,(#1237,#1244),.PCURVE_S1.);
#1232 = CIRCLE('',#1233,1.9);
#1233 = AXIS2_PLACEMENT_3D('',#1234,#1235,#1236);
#1234 = CARTESIAN_POINT('',(25.,61.7,7.75));
#1235 = DIRECTION('',(0.,0.,1.));
#1236 = DIRECTION('',(-0.929659038561,0.368421052632,0.));
#1237 = PCURVE('',#44,#1238);
#1238 = DEFINITIONAL_REPRESENTATION('',(#1239),#1243);
#1239 = CIRCLE('',#1240,1.9);
#1240 = AXIS2_PLACEMENT_2D('',#1241,#1242);
#1241 = CARTESIAN_POINT('',(57.,125.7));
#1242 = DIRECTION('',(-0.929659038561,0.368421052632));
#1243 = ( GEOMETRIC_REPRESENTATION_CONTEXT(2) 
PARAMETRIC_REPRESENTATION_CONTEXT() REPRESENTATION_CONTEXT('2D SPACE',''
  ) );
#1244 = PCURVE('',#1245,#1250);
#1245 = CYLINDRICAL_SURFACE('',#1246,1.9);
#1246 = AXIS2_PLACEMENT_3D('',#1247,#1248,#1249);
#1247 = CARTESIAN_POINT('',(25.,61.7,0.55));
#1248 = DIRECTION('',(-0.,-0.,-1.));
#1249 = DIRECTION('',(1.,0.,0.));
#1250 = DEFINITIONAL_REPRESENTATION('',(#1251),#1255);
#1251 = LINE('',#1252,#1253);
#1252 = CARTESIAN_POINT('',(-2.76428262123,-7.2));
#1253 = VECTOR('',#1254,1.);
#1254 = DIRECTION('',(-1.,0.));
#1255 = ( GEOMETRIC_REPRESENTATION_CONTEXT(2) 
PARAMETRIC_REPRESENTATION_CONTEXT() REPRESENTATION_CONTEXT('2D SPACE',''
  ) );
#1256 = ORIENTED_EDGE('',*,*,#1257,.F.);
#1257 = EDGE_CURVE('',#1258,#1229,#1260,.T.);
#1258 = VERTEX_POINT('',#1259);
#1259 = CARTESIAN_POINT('',(30.4,58.,7.75));
#1260 = SURFACE_CURVE('',#1261,(#1266,#1273),.PCURVE_S1.);
#1261 = CIRCLE('',#1262,4.4);
#1262 = AXIS2_PLACEMENT_3D('',#1263,#1264,#1265);
#1263 = CARTESIAN_POINT('',(26.,58.,7.75));
#1264 = DIRECTION('',(0.,0.,1.));
#1265 = DIRECTION('',(1.,0.,-0.));
#1266 = PCURVE('',#44,#1267);
#1267 = DEFINITIONAL_REPRESENTATION('',(#1268),#1272);
#1268 = CIRCLE('',#1269,4.4);
#1269 = AXIS2_PLACEMENT_2D('',#1270,#1271);
#1270 = CARTESIAN_POINT('',(58.,122.));
#1271 = DIRECTION('',(1.,0.));
#1272 = ( GEOMETRIC_REPRESENTATION_CONTEXT(2) 
PARAMETRIC_REPRESENTATION_CONTEXT() REPRESENTATION_CONTEXT('2D SPACE',''
  ) );
#1273 = PCURVE('',#1274,#1279);
#1274 = CYLINDRICAL_SURFACE('',#1275,4.4);
#1275 = AXIS2_PLACEMENT_3D('',#1276,#1277,#1278);
#1276 = CARTESIAN_POINT('',(26.,58.,0.4));
#1277 = DIRECTION('',(0.,0.,1.));
#1278 = DIRECTION('',(1.,0.,-0.));
#1279 = DEFINITIONAL_REPRESENTATION('',(#1280),#1284);
#1280 = LINE('',#1281,#1282);
#1281 = CARTESIAN_POINT('',(0.,7.35));
#1282 = VECTOR('',#1283,1.);
#1283 = DIRECTION('',(1.,0.));
#1284 = ( GEOMETRIC_REPRESENTATION_CONTEXT(2) 
PARAMETRIC_REPRESENTATION_CONTEXT() REPRESENTATION_CONTEXT('2D SPACE',''
  ) );
#1285 = ORIENTED_EDGE('',*,*,#1286,.F.);
#1286 = EDGE_CURVE('',#1287,#1258,#1289,.T.);
#1287 = VERTEX_POINT('',#1288);
#1288 = CARTESIAN_POINT('',(30.4,5.3,7.75));
#1289 = SURFACE_CURVE('',#1290,(#1294,#1301),.PCURVE_S1.);
#1290 = LINE('',#1291,#1292);
#1291 = CARTESIAN_POINT('',(30.4,-63.2,7.75));
#1292 = VECTOR('',#1293,1.);
#1293 = DIRECTION('',(0.,1.,0.));
#1294 = PCURVE('',#44,#1295);
#1295 = DEFINITIONAL_REPRESENTATION('',(#1296),#1300);
#1296 = LINE('',#1297,#1298);
#1297 = CARTESIAN_POINT('',(62.4,0.8));
#1298 = VECTOR('',#1299,1.);
#1299 = DIRECTION('',(0.,1.));
#1300 = ( GEOMETRIC_REPRESENTATION_CONTEXT(2) 
PARAMETRIC_REPRESENTATION_CONTEXT() REPRESENTATION_CONTEXT('2D SPACE',''
  ) );
#1301 = PCURVE('',#1302,#1307);
#1302 = PLANE('',#1303);
#1303 = AXIS2_PLACEMENT_3D('',#1304,#1305,#1306);
#1304 = CARTESIAN_POINT('',(30.4,-62.4,0.4));
#1305 = DIRECTION('',(1.,0.,0.));
#1306 = DIRECTION('',(0.,0.,1.));
#1307 = DEFINITIONAL_REPRESENTATION('',(#1308),#1311);
#1308 = B_SPLINE_CURVE_WITH_KNOTS('',1,(#1309,#1310),.UNSPECIFIED.,.F.,
  .F.,(2,2),(5.2,121.2),.PIECEWISE_BEZIER_KNOTS.);
#1309 = CARTESIAN_POINT('',(7.35,-4.4));
#1310 = CARTESIAN_POINT('',(7.35,-120.4));
#1311 = ( GEOMETRIC_REPRESENTATION_CONTEXT(2) 
PARAMETRIC_REPRESENTATION_CONTEXT() REPRESENTATION_CONTEXT('2D SPACE',''
  ) );
#1312 = ORIENTED_EDGE('',*,*,#1313,.F.);
#1313 = EDGE_CURVE('',#1314,#1287,#1316,.T.);
#1314 = VERTEX_POINT('',#1315);
#1315 = CARTESIAN_POINT('',(30.385640646055,5.3,7.75));
#1316 = SURFACE_CURVE('',#1317,(#1321,#1328),.PCURVE_S1.);
#1317 = LINE('',#1318,#1319);
#1318 = CARTESIAN_POINT('',(28.7,5.3,7.75));
#1319 = VECTOR('',#1320,1.);
#1320 = DIRECTION('',(1.,0.,0.));
#1321 = PCURVE('',#44,#1322);
#1322 = DEFINITIONAL_REPRESENTATION('',(#1323),#1327);
#1323 = LINE('',#1324,#1325);
#1324 = CARTESIAN_POINT('',(60.7,69.3));
#1325 = VECTOR('',#1326,1.);
#1326 = DIRECTION('',(1.,0.));
#1327 = ( GEOMETRIC_REPRESENTATION_CONTEXT(2) 
PARAMETRIC_REPRESENTATION_CONTEXT() REPRESENTATION_CONTEXT('2D SPACE',''
  ) );
#1328 = PCURVE('',#1329,#1334);
#1329 = PLANE('',#1330);
#1330 = AXIS2_PLACEMENT_3D('',#1331,#1332,#1333);
#1331 = CARTESIAN_POINT('',(28.7,5.3,0.55));
#1332 = DIRECTION('',(0.,1.,0.));
#1333 = DIRECTION('',(0.,0.,1.));
#1334 = DEFINITIONAL_REPRESENTATION('',(#1335),#1339);
#1335 = LINE('',#1336,#1337);
#1336 = CARTESIAN_POINT('',(7.2,0.));
#1337 = VECTOR('',#1338,1.);
#1338 = DIRECTION('',(0.,1.));
#1339 = ( GEOMETRIC_REPRESENTATION_CONTEXT(2) 
PARAMETRIC_REPRESENTATION_CONTEXT() REPRESENTATION_CONTEXT('2D SPACE',''
  ) );
#1340 = ORIENTED_EDGE('',*,*,#1341,.T.);
#1341 = EDGE_CURVE('',#1314,#1342,#1344,.T.);
#1342 = VERTEX_POINT('',#1343);
#1343 = CARTESIAN_POINT('',(30.385640646055,2.7,7.75));
#1344 = SURFACE_CURVE('',#1345,(#1350,#1357),.PCURVE_S1.);
#1345 = CIRCLE('',#1346,1.9);
#1346 = AXIS2_PLACEMENT_3D('',#1347,#1348,#1349);
#1347 = CARTESIAN_POINT('',(29.,4.,7.75));
#1348 = DIRECTION('',(0.,0.,1.));
#1349 = DIRECTION('',(1.,0.,0.));
#1350 = PCURVE('',#44,#1351);
#1351 = DEFINITIONAL_REPRESENTATION('',(#1352),#1356);
#1352 = CIRCLE('',#1353,1.9);
#1353 = AXIS2_PLACEMENT_2D('',#1354,#1355);
#1354 = CARTESIAN_POINT('',(61.,68.));
#1355 = DIRECTION('',(1.,0.));
#1356 = ( GEOMETRIC_REPRESENTATION_CONTEXT(2) 
PARAMETRIC_REPRESENTATION_CONTEXT() REPRESENTATION_CONTEXT('2D SPACE',''
  ) );
#1357 = PCURVE('',#1358,#1363);
#1358 = CYLINDRICAL_SURFACE('',#1359,1.9);
#1359 = AXIS2_PLACEMENT_3D('',#1360,#1361,#1362);
#1360 = CARTESIAN_POINT('',(29.,4.,0.55));
#1361 = DIRECTION('',(-0.,-0.,-1.));
#1362 = DIRECTION('',(1.,0.,0.));
#1363 = DEFINITIONAL_REPRESENTATION('',(#1364),#1368);
#1364 = LINE('',#1365,#1366);
#1365 = CARTESIAN_POINT('',(-0.,-7.2));
#1366 = VECTOR('',#1367,1.);
#1367 = DIRECTION('',(-1.,0.));
#1368 = ( GEOMETRIC_REPRESENTATION_CONTEXT(2) 
PARAMETRIC_REPRESENTATION_CONTEXT() REPRESENTATION_CONTEXT('2D SPACE',''
  ) );
#1369 = ORIENTED_EDGE('',*,*,#1370,.T.);
#1370 = EDGE_CURVE('',#1342,#1371,#1373,.T.);
#1371 = VERTEX_POINT('',#1372);
#1372 = CARTESIAN_POINT('',(30.4,2.7,7.75));
#1373 = SURFACE_CURVE('',#1374,(#1378,#1385),.PCURVE_S1.);
#1374 = LINE('',#1375,#1376);
#1375 = CARTESIAN_POINT('',(28.7,2.7,7.75));
#1376 = VECTOR('',#1377,1.);
#1377 = DIRECTION('',(1.,0.,0.));
#1378 = PCURVE('',#44,#1379);
#1379 = DEFINITIONAL_REPRESENTATION('',(#1380),#1384);
#1380 = LINE('',#1381,#1382);
#1381 = CARTESIAN_POINT('',(60.7,66.7));
#1382 = VECTOR('',#1383,1.);
#1383 = DIRECTION('',(1.,0.));
#1384 = ( GEOMETRIC_REPRESENTATION_CONTEXT(2) 
PARAMETRIC_REPRESENTATION_CONTEXT() REPRESENTATION_CONTEXT('2D SPACE',''
  ) );
#1385 = PCURVE('',#1386,#1391);
#1386 = PLANE('',#1387);
#1387 = AXIS2_PLACEMENT_3D('',#1388,#1389,#1390);
#1388 = CARTESIAN_POINT('',(28.7,2.7,0.55));
#1389 = DIRECTION('',(0.,1.,0.));
#1390 = DIRECTION('',(0.,0.,1.));
#1391 = DEFINITIONAL_REPRESENTATION('',(#1392),#1396);
#1392 = LINE('',#1393,#1394);
#1393 = CARTESIAN_POINT('',(7.2,0.));
#1394 = VECTOR('',#1395,1.);
#1395 = DIRECTION('',(0.,1.));
#1396 = ( GEOMETRIC_REPRESENTATION_CONTEXT(2) 
PARAMETRIC_REPRESENTATION_CONTEXT() REPRESENTATION_CONTEXT('2D SPACE',''
  ) );
#1397 = ORIENTED_EDGE('',*,*,#1398,.F.);
#1398 = EDGE_CURVE('',#1399,#1371,#1401,.T.);
#1399 = VERTEX_POINT('',#1400);
#1400 = CARTESIAN_POINT('',(30.4,-24.7,7.75));
#1401 = SURFACE_CURVE('',#1402,(#1406,#1413),.PCURVE_S1.);
#1402 = LINE('',#1403,#1404);
#1403 = CARTESIAN_POINT('',(30.4,-63.2,7.75));
#1404 = VECTOR('',#1405,1.);
#1405 = DIRECTION('',(0.,1.,0.));
#1406 = PCURVE('',#44,#1407);
#1407 = DEFINITIONAL_REPRESENTATION('',(#1408),#1412);
#1408 = LINE('',#1409,#1410);
#1409 = CARTESIAN_POINT('',(62.4,0.8));
#1410 = VECTOR('',#1411,1.);
#1411 = DIRECTION('',(0.,1.));
#1412 = ( GEOMETRIC_REPRESENTATION_CONTEXT(2) 
PARAMETRIC_REPRESENTATION_CONTEXT() REPRESENTATION_CONTEXT('2D SPACE',''
  ) );
#1413 = PCURVE('',#1414,#1419);
#1414 = PLANE('',#1415);
#1415 = AXIS2_PLACEMENT_3D('',#1416,#1417,#1418);
#1416 = CARTESIAN_POINT('',(30.4,-62.4,0.4));
#1417 = DIRECTION('',(1.,0.,0.));
#1418 = DIRECTION('',(0.,0.,1.));
#1419 = DEFINITIONAL_REPRESENTATION('',(#1420),#1423);
#1420 = B_SPLINE_CURVE_WITH_KNOTS('',1,(#1421,#1422),.UNSPECIFIED.,.F.,
  .F.,(2,2),(5.2,121.2),.PIECEWISE_BEZIER_KNOTS.);
#1421 = CARTESIAN_POINT('',(7.35,-4.4));
#1422 = CARTESIAN_POINT('',(7.35,-120.4));
#1423 = ( GEOMETRIC_REPRESENTATION_CONTEXT(2) 
PARAMETRIC_REPRESENTATION_CONTEXT() REPRESENTATION_CONTEXT('2D SPACE',''
  ) );
#1424 = ORIENTED_EDGE('',*,*,#1425,.F.);
#1425 = EDGE_CURVE('',#1426,#1399,#1428,.T.);
#1426 = VERTEX_POINT('',#1427);
#1427 = CARTESIAN_POINT('',(30.385640646055,-24.7,7.75));
#1428 = SURFACE_CURVE('',#1429,(#1433,#1440),.PCURVE_S1.);
#1429 = LINE('',#1430,#1431);
#1430 = CARTESIAN_POINT('',(28.7,-24.7,7.75));
#1431 = VECTOR('',#1432,1.);
#1432 = DIRECTION('',(1.,0.,0.));
#1433 = PCURVE('',#44,#1434);
#1434 = DEFINITIONAL_REPRESENTATION('',(#1435),#1439);
#1435 = LINE('',#1436,#1437);
#1436 = CARTESIAN_POINT('',(60.7,39.3));
#1437 = VECTOR('',#1438,1.);
#1438 = DIRECTION('',(1.,0.));
#1439 = ( GEOMETRIC_REPRESENTATION_CONTEXT(2) 
PARAMETRIC_REPRESENTATION_CONTEXT() REPRESENTATION_CONTEXT('2D SPACE',''
  ) );
#1440 = PCURVE('',#1441,#1446);
#1441 = PLANE('',#1442);
#1442 = AXIS2_PLACEMENT_3D('',#1443,#1444,#1445);
#1443 = CARTESIAN_POINT('',(28.7,-24.7,0.55));
#1444 = DIRECTION('',(0.,1.,0.));
#1445 = DIRECTION('',(0.,0.,1.));
#1446 = DEFINITIONAL_REPRESENTATION('',(#1447),#1451);
#1447 = LINE('',#1448,#1449);
#1448 = CARTESIAN_POINT('',(7.2,0.));
#1449 = VECTOR('',#1450,1.);
#1450 = DIRECTION('',(0.,1.));
#1451 = ( GEOMETRIC_REPRESENTATION_CONTEXT(2) 
PARAMETRIC_REPRESENTATION_CONTEXT() REPRESENTATION_CONTEXT('2D SPACE',''
  ) );
#1452 = ORIENTED_EDGE('',*,*,#1453,.T.);
#1453 = EDGE_CURVE('',#1426,#1454,#1456,.T.);
#1454 = VERTEX_POINT('',#1455);
#1455 = CARTESIAN_POINT('',(30.385640646055,-27.3,7.75));
#1456 = SURFACE_CURVE('',#1457,(#1462,#1469),.PCURVE_S1.);
#1457 = CIRCLE('',#1458,1.9);
#1458 = AXIS2_PLACEMENT_3D('',#1459,#1460,#1461);
#1459 = CARTESIAN_POINT('',(29.,-26.,7.75));
#1460 = DIRECTION('',(0.,0.,1.));
#1461 = DIRECTION('',(1.,0.,0.));
#1462 = PCURVE('',#44,#1463);
#1463 = DEFINITIONAL_REPRESENTATION('',(#1464),#1468);
#1464 = CIRCLE('',#1465,1.9);
#1465 = AXIS2_PLACEMENT_2D('',#1466,#1467);
#1466 = CARTESIAN_POINT('',(61.,38.));
#1467 = DIRECTION('',(1.,0.));
#1468 = ( GEOMETRIC_REPRESENTATION_CONTEXT(2) 
PARAMETRIC_REPRESENTATION_CONTEXT() REPRESENTATION_CONTEXT('2D SPACE',''
  ) );
#1469 = PCURVE('',#1470,#1475);
#1470 = CYLINDRICAL_SURFACE('',#1471,1.9);
#1471 = AXIS2_PLACEMENT_3D('',#1472,#1473,#1474);
#1472 = CARTESIAN_POINT('',(29.,-26.,0.55));
#1473 = DIRECTION('',(-0.,-0.,-1.));
#1474 = DIRECTION('',(1.,0.,0.));
#1475 = DEFINITIONAL_REPRESENTATION('',(#1476),#1480);
#1476 = LINE('',#1477,#1478);
#1477 = CARTESIAN_POINT('',(-0.,-7.2));
#1478 = VECTOR('',#1479,1.);
#1479 = DIRECTION('',(-1.,0.));
#1480 = ( GEOMETRIC_REPRESENTATION_CONTEXT(2) 
PARAMETRIC_REPRESENTATION_CONTEXT() REPRESENTATION_CONTEXT('2D SPACE',''
  ) );
#1481 = ORIENTED_EDGE('',*,*,#1482,.T.);
#1482 = EDGE_CURVE('',#1454,#1483,#1485,.T.);
#1483 = VERTEX_POINT('',#1484);
#1484 = CARTESIAN_POINT('',(30.4,-27.3,7.75));
#1485 = SURFACE_CURVE('',#1486,(#1490,#1497),.PCURVE_S1.);
#1486 = LINE('',#1487,#1488);
#1487 = CARTESIAN_POINT('',(28.7,-27.3,7.75));
#1488 = VECTOR('',#1489,1.);
#1489 = DIRECTION('',(1.,0.,0.));
#1490 = PCURVE('',#44,#1491);
#1491 = DEFINITIONAL_REPRESENTATION('',(#1492),#1496);
#1492 = LINE('',#1493,#1494);
#1493 = CARTESIAN_POINT('',(60.7,36.7));
#1494 = VECTOR('',#1495,1.);
#1495 = DIRECTION('',(1.,0.));
#1496 = ( GEOMETRIC_REPRESENTATION_CONTEXT(2) 
PARAMETRIC_REPRESENTATION_CONTEXT() REPRESENTATION_CONTEXT('2D SPACE',''
  ) );
#1497 = PCURVE('',#1498,#1503);
#1498 = PLANE('',#1499);
#1499 = AXIS2_PLACEMENT_3D('',#1500,#1501,#1502);
#1500 = CARTESIAN_POINT('',(28.7,-27.3,0.55));
#1501 = DIRECTION('',(0.,1.,0.));
#1502 = DIRECTION('',(0.,0.,1.));
#1503 = DEFINITIONAL_REPRESENTATION('',(#1504),#1508);
#1504 = LINE('',#1505,#1506);
#1505 = CARTESIAN_POINT('',(7.2,0.));
#1506 = VECTOR('',#1507,1.);
#1507 = DIRECTION('',(0.,1.));
#1508 = ( GEOMETRIC_REPRESENTATION_CONTEXT(2) 
PARAMETRIC_REPRESENTATION_CONTEXT() REPRESENTATION_CONTEXT('2D SPACE',''
  ) );
#1509 = ORIENTED_EDGE('',*,*,#1510,.F.);
#1510 = EDGE_CURVE('',#596,#1483,#1511,.T.);
#1511 = SURFACE_CURVE('',#1512,(#1516,#1523),.PCURVE_S1.);
#1512 = LINE('',#1513,#1514);
#1513 = CARTESIAN_POINT('',(30.4,-63.2,7.75));
#1514 = VECTOR('',#1515,1.);
#1515 = DIRECTION('',(0.,1.,0.));
#1516 = PCURVE('',#44,#1517);
#1517 = DEFINITIONAL_REPRESENTATION('',(#1518),#1522);
#1518 = LINE('',#1519,#1520);
#1519 = CARTESIAN_POINT('',(62.4,0.8));
#1520 = VECTOR('',#1521,1.);
#1521 = DIRECTION('',(0.,1.));
#1522 = ( GEOMETRIC_REPRESENTATION_CONTEXT(2) 
PARAMETRIC_REPRESENTATION_CONTEXT() REPRESENTATION_CONTEXT('2D SPACE',''
  ) );
#1523 = PCURVE('',#1524,#1529);
#1524 = PLANE('',#1525);
#1525 = AXIS2_PLACEMENT_3D('',#1526,#1527,#1528);
#1526 = CARTESIAN_POINT('',(30.4,-62.4,0.4));
#1527 = DIRECTION('',(1.,0.,0.));
#1528 = DIRECTION('',(0.,0.,1.));
#1529 = DEFINITIONAL_REPRESENTATION('',(#1530),#1533);
#1530 = B_SPLINE_CURVE_WITH_KNOTS('',1,(#1531,#1532),.UNSPECIFIED.,.F.,
  .F.,(2,2),(5.2,121.2),.PIECEWISE_BEZIER_KNOTS.);
#1531 = CARTESIAN_POINT('',(7.35,-4.4));
#1532 = CARTESIAN_POINT('',(7.35,-120.4));
#1533 = ( GEOMETRIC_REPRESENTATION_CONTEXT(2) 
PARAMETRIC_REPRESENTATION_CONTEXT() REPRESENTATION_CONTEXT('2D SPACE',''
  ) );
#1534 = FACE_BOUND('',#1535,.T.);
#1535 = EDGE_LOOP('',(#1536));
#1536 = ORIENTED_EDGE('',*,*,#1537,.T.);
#1537 = EDGE_CURVE('',#1538,#1538,#1540,.T.);
#1538 = VERTEX_POINT('',#1539);
#1539 = CARTESIAN_POINT('',(1.8,-61.,7.75));
#1540 = SURFACE_CURVE('',#1541,(#1546,#1557),.PCURVE_S1.);
#1541 = CIRCLE('',#1542,1.8);
#1542 = AXIS2_PLACEMENT_3D('',#1543,#1544,#1545);
#1543 = CARTESIAN_POINT('',(1.819118989316E-15,-61.,7.75));
#1544 = DIRECTION('',(0.,0.,-1.));
#1545 = DIRECTION('',(1.,3.947459643112E-15,0.));
#1546 = PCURVE('',#44,#1547);
#1547 = DEFINITIONAL_REPRESENTATION('',(#1548),#1556);
#1548 = ( BOUNDED_CURVE() B_SPLINE_CURVE(2,(#1549,#1550,#1551,#1552,
#1553,#1554,#1555),.UNSPECIFIED.,.T.,.F.) B_SPLINE_CURVE_WITH_KNOTS((1,2
    ,2,2,2,1),(-2.094395102393,0.,2.094395102393,4.188790204786,
6.28318530718,8.377580409573),.UNSPECIFIED.) CURVE() 
GEOMETRIC_REPRESENTATION_ITEM() RATIONAL_B_SPLINE_CURVE((1.,0.5,1.,0.5,
1.,0.5,1.)) REPRESENTATION_ITEM('') );
#1549 = CARTESIAN_POINT('',(33.8,3.));
#1550 = CARTESIAN_POINT('',(33.8,-0.117691453624));
#1551 = CARTESIAN_POINT('',(31.1,1.441154273188));
#1552 = CARTESIAN_POINT('',(28.4,3.));
#1553 = CARTESIAN_POINT('',(31.1,4.558845726812));
#1554 = CARTESIAN_POINT('',(33.8,6.117691453624));
#1555 = CARTESIAN_POINT('',(33.8,3.));
#1556 = ( GEOMETRIC_REPRESENTATION_CONTEXT(2) 
PARAMETRIC_REPRESENTATION_CONTEXT() REPRESENTATION_CONTEXT('2D SPACE',''
  ) );
#1557 = PCURVE('',#1558,#1563);
#1558 = CYLINDRICAL_SURFACE('',#1559,1.8);
#1559 = AXIS2_PLACEMENT_3D('',#1560,#1561,#1562);
#1560 = CARTESIAN_POINT('',(0.,-61.,7.75));
#1561 = DIRECTION('',(-0.,-0.,-1.));
#1562 = DIRECTION('',(1.,0.,0.));
#1563 = DEFINITIONAL_REPRESENTATION('',(#1564),#1568);
#1564 = LINE('',#1565,#1566);
#1565 = CARTESIAN_POINT('',(-6.28318530718,0.));
#1566 = VECTOR('',#1567,1.);
#1567 = DIRECTION('',(1.,-0.));
#1568 = ( GEOMETRIC_REPRESENTATION_CONTEXT(2) 
PARAMETRIC_REPRESENTATION_CONTEXT() REPRESENTATION_CONTEXT('2D SPACE',''
  ) );
#1569 = FACE_BOUND('',#1570,.T.);
#1570 = EDGE_LOOP('',(#1571));
#1571 = ORIENTED_EDGE('',*,*,#1572,.T.);
#1572 = EDGE_CURVE('',#1573,#1573,#1575,.T.);
#1573 = VERTEX_POINT('',#1574);
#1574 = CARTESIAN_POINT('',(30.8,-26.,7.75));
#1575 = SURFACE_CURVE('',#1576,(#1581,#1592),.PCURVE_S1.);
#1576 = CIRCLE('',#1577,1.8);
#1577 = AXIS2_PLACEMENT_3D('',#1578,#1579,#1580);
#1578 = CARTESIAN_POINT('',(29.,-26.,7.75));
#1579 = DIRECTION('',(0.,0.,-1.));
#1580 = DIRECTION('',(1.,1.973729821556E-15,0.));
#1581 = PCURVE('',#44,#1582);
#1582 = DEFINITIONAL_REPRESENTATION('',(#1583),#1591);
#1583 = ( BOUNDED_CURVE() B_SPLINE_CURVE(2,(#1584,#1585,#1586,#1587,
#1588,#1589,#1590),.UNSPECIFIED.,.T.,.F.) B_SPLINE_CURVE_WITH_KNOTS((1,2
    ,2,2,2,1),(-2.094395102393,0.,2.094395102393,4.188790204786,
6.28318530718,8.377580409573),.UNSPECIFIED.) CURVE() 
GEOMETRIC_REPRESENTATION_ITEM() RATIONAL_B_SPLINE_CURVE((1.,0.5,1.,0.5,
1.,0.5,1.)) REPRESENTATION_ITEM('') );
#1584 = CARTESIAN_POINT('',(62.8,38.));
#1585 = CARTESIAN_POINT('',(62.8,34.882308546376));
#1586 = CARTESIAN_POINT('',(60.1,36.441154273188));
#1587 = CARTESIAN_POINT('',(57.4,38.));
#1588 = CARTESIAN_POINT('',(60.1,39.558845726812));
#1589 = CARTESIAN_POINT('',(62.8,41.117691453624));
#1590 = CARTESIAN_POINT('',(62.8,38.));
#1591 = ( GEOMETRIC_REPRESENTATION_CONTEXT(2) 
PARAMETRIC_REPRESENTATION_CONTEXT() REPRESENTATION_CONTEXT('2D SPACE',''
  ) );
#1592 = PCURVE('',#1593,#1598);
#1593 = CYLINDRICAL_SURFACE('',#1594,1.8);
#1594 = AXIS2_PLACEMENT_3D('',#1595,#1596,#1597);
#1595 = CARTESIAN_POINT('',(29.,-26.,7.75));
#1596 = DIRECTION('',(-0.,-0.,-1.));
#1597 = DIRECTION('',(1.,0.,0.));
#1598 = DEFINITIONAL_REPRESENTATION('',(#1599),#1603);
#1599 = LINE('',#1600,#1601);
#1600 = CARTESIAN_POINT('',(-6.28318530718,0.));
#1601 = VECTOR('',#1602,1.);
#1602 = DIRECTION('',(1.,-0.));
#1603 = ( GEOMETRIC_REPRESENTATION_CONTEXT(2) 
PARAMETRIC_REPRESENTATION_CONTEXT() REPRESENTATION_CONTEXT('2D SPACE',''
  ) );
#1604 = FACE_BOUND('',#1605,.T.);
#1605 = EDGE_LOOP('',(#1606));
#1606 = ORIENTED_EDGE('',*,*,#1607,.T.);
#1607 = EDGE_CURVE('',#1608,#1608,#1610,.T.);
#1608 = VERTEX_POINT('',#1609);
#1609 = CARTESIAN_POINT('',(-27.2,10.,7.75));
#1610 = SURFACE_CURVE('',#1611,(#1616,#1627),.PCURVE_S1.);
#1611 = CIRCLE('',#1612,1.8);
#1612 = AXIS2_PLACEMENT_3D('',#1613,#1614,#1615);
#1613 = CARTESIAN_POINT('',(-29.,10.,7.75));
#1614 = DIRECTION('',(-0.,0.,-1.));
#1615 = DIRECTION('',(1.,-9.868649107779E-16,-0.));
#1616 = PCURVE('',#44,#1617);
#1617 = DEFINITIONAL_REPRESENTATION('',(#1618),#1626);
#1618 = ( BOUNDED_CURVE() B_SPLINE_CURVE(2,(#1619,#1620,#1621,#1622,
#1623,#1624,#1625),.UNSPECIFIED.,.T.,.F.) B_SPLINE_CURVE_WITH_KNOTS((1,2
    ,2,2,2,1),(-2.094395102393,0.,2.094395102393,4.188790204786,
6.28318530718,8.377580409573),.UNSPECIFIED.) CURVE() 
GEOMETRIC_REPRESENTATION_ITEM() RATIONAL_B_SPLINE_CURVE((1.,0.5,1.,0.5,
1.,0.5,1.)) REPRESENTATION_ITEM('') );
#1619 = CARTESIAN_POINT('',(4.8,74.));
#1620 = CARTESIAN_POINT('',(4.8,70.882308546376));
#1621 = CARTESIAN_POINT('',(2.1,72.441154273188));
#1622 = CARTESIAN_POINT('',(-0.6,74.));
#1623 = CARTESIAN_POINT('',(2.1,75.558845726812));
#1624 = CARTESIAN_POINT('',(4.8,77.117691453624));
#1625 = CARTESIAN_POINT('',(4.8,74.));
#1626 = ( GEOMETRIC_REPRESENTATION_CONTEXT(2) 
PARAMETRIC_REPRESENTATION_CONTEXT() REPRESENTATION_CONTEXT('2D SPACE',''
  ) );
#1627 = PCURVE('',#1628,#1633);
#1628 = CYLINDRICAL_SURFACE('',#1629,1.8);
#1629 = AXIS2_PLACEMENT_3D('',#1630,#1631,#1632);
#1630 = CARTESIAN_POINT('',(-29.,10.,7.75));
#1631 = DIRECTION('',(-0.,-0.,-1.));
#1632 = DIRECTION('',(1.,0.,0.));
#1633 = DEFINITIONAL_REPRESENTATION('',(#1634),#1638);
#1634 = LINE('',#1635,#1636);
#1635 = CARTESIAN_POINT('',(-6.28318530718,0.));
#1636 = VECTOR('',#1637,1.);
#1637 = DIRECTION('',(1.,-0.));
#1638 = ( GEOMETRIC_REPRESENTATION_CONTEXT(2) 
PARAMETRIC_REPRESENTATION_CONTEXT() REPRESENTATION_CONTEXT('2D SPACE',''
  ) );
#1639 = FACE_BOUND('',#1640,.T.);
#1640 = EDGE_LOOP('',(#1641));
#1641 = ORIENTED_EDGE('',*,*,#1642,.F.);
#1642 = EDGE_CURVE('',#1643,#1643,#1645,.T.);
#1643 = VERTEX_POINT('',#1644);
#1644 = CARTESIAN_POINT('',(-23.2,61.7,7.75));
#1645 = SURFACE_CURVE('',#1646,(#1651,#1658),.PCURVE_S1.);
#1646 = CIRCLE('',#1647,1.8);
#1647 = AXIS2_PLACEMENT_3D('',#1648,#1649,#1650);
#1648 = CARTESIAN_POINT('',(-25.,61.7,7.75));
#1649 = DIRECTION('',(0.,0.,1.));
#1650 = DIRECTION('',(1.,0.,0.));
#1651 = PCURVE('',#44,#1652);
#1652 = DEFINITIONAL_REPRESENTATION('',(#1653),#1657);
#1653 = CIRCLE('',#1654,1.8);
#1654 = AXIS2_PLACEMENT_2D('',#1655,#1656);
#1655 = CARTESIAN_POINT('',(7.,125.7));
#1656 = DIRECTION('',(1.,0.));
#1657 = ( GEOMETRIC_REPRESENTATION_CONTEXT(2) 
PARAMETRIC_REPRESENTATION_CONTEXT() REPRESENTATION_CONTEXT('2D SPACE',''
  ) );
#1658 = PCURVE('',#1659,#1664);
#1659 = CYLINDRICAL_SURFACE('',#1660,1.8);
#1660 = AXIS2_PLACEMENT_3D('',#1661,#1662,#1663);
#1661 = CARTESIAN_POINT('',(-25.,61.7,7.75));
#1662 = DIRECTION('',(-0.,-0.,-1.));
#1663 = DIRECTION('',(1.,0.,0.));
#1664 = DEFINITIONAL_REPRESENTATION('',(#1665),#1669);
#1665 = LINE('',#1666,#1667);
#1666 = CARTESIAN_POINT('',(-0.,0.));
#1667 = VECTOR('',#1668,1.);
#1668 = DIRECTION('',(-1.,0.));
#1669 = ( GEOMETRIC_REPRESENTATION_CONTEXT(2) 
PARAMETRIC_REPRESENTATION_CONTEXT() REPRESENTATION_CONTEXT('2D SPACE',''
  ) );
#1670 = FACE_BOUND('',#1671,.T.);
#1671 = EDGE_LOOP('',(#1672));
#1672 = ORIENTED_EDGE('',*,*,#1673,.T.);
#1673 = EDGE_CURVE('',#1674,#1674,#1676,.T.);
#1674 = VERTEX_POINT('',#1675);
#1675 = CARTESIAN_POINT('',(30.8,4.,7.75));
#1676 = SURFACE_CURVE('',#1677,(#1682,#1693),.PCURVE_S1.);
#1677 = CIRCLE('',#1678,1.8);
#1678 = AXIS2_PLACEMENT_3D('',#1679,#1680,#1681);
#1679 = CARTESIAN_POINT('',(29.,4.,7.75));
#1680 = DIRECTION('',(0.,0.,-1.));
#1681 = DIRECTION('',(1.,-7.401486830834E-16,0.));
#1682 = PCURVE('',#44,#1683);
#1683 = DEFINITIONAL_REPRESENTATION('',(#1684),#1692);
#1684 = ( BOUNDED_CURVE() B_SPLINE_CURVE(2,(#1685,#1686,#1687,#1688,
#1689,#1690,#1691),.UNSPECIFIED.,.T.,.F.) B_SPLINE_CURVE_WITH_KNOTS((1,2
    ,2,2,2,1),(-2.094395102393,0.,2.094395102393,4.188790204786,
6.28318530718,8.377580409573),.UNSPECIFIED.) CURVE() 
GEOMETRIC_REPRESENTATION_ITEM() RATIONAL_B_SPLINE_CURVE((1.,0.5,1.,0.5,
1.,0.5,1.)) REPRESENTATION_ITEM('') );
#1685 = CARTESIAN_POINT('',(62.8,68.));
#1686 = CARTESIAN_POINT('',(62.8,64.882308546376));
#1687 = CARTESIAN_POINT('',(60.1,66.441154273188));
#1688 = CARTESIAN_POINT('',(57.4,68.));
#1689 = CARTESIAN_POINT('',(60.1,69.558845726812));
#1690 = CARTESIAN_POINT('',(62.8,71.117691453624));
#1691 = CARTESIAN_POINT('',(62.8,68.));
#1692 = ( GEOMETRIC_REPRESENTATION_CONTEXT(2) 
PARAMETRIC_REPRESENTATION_CONTEXT() REPRESENTATION_CONTEXT('2D SPACE',''
  ) );
#1693 = PCURVE('',#1694,#1699);
#1694 = CYLINDRICAL_SURFACE('',#1695,1.8);
#1695 = AXIS2_PLACEMENT_3D('',#1696,#1697,#1698);
#1696 = CARTESIAN_POINT('',(29.,4.,7.75));
#1697 = DIRECTION('',(-0.,-0.,-1.));
#1698 = DIRECTION('',(1.,0.,0.));
#1699 = DEFINITIONAL_REPRESENTATION('',(#1700),#1704);
#1700 = LINE('',#1701,#1702);
#1701 = CARTESIAN_POINT('',(-6.28318530718,0.));
#1702 = VECTOR('',#1703,1.);
#1703 = DIRECTION('',(1.,-0.));
#1704 = ( GEOMETRIC_REPRESENTATION_CONTEXT(2) 
PARAMETRIC_REPRESENTATION_CONTEXT() REPRESENTATION_CONTEXT('2D SPACE',''
  ) );
#1705 = FACE_BOUND('',#1706,.T.);
#1706 = EDGE_LOOP('',(#1707));
#1707 = ORIENTED_EDGE('',*,*,#1708,.F.);
#1708 = EDGE_CURVE('',#1709,#1709,#1711,.T.);
#1709 = VERTEX_POINT('',#1710);
#1710 = CARTESIAN_POINT('',(26.8,61.7,7.75));
#1711 = SURFACE_CURVE('',#1712,(#1717,#1724),.PCURVE_S1.);
#1712 = CIRCLE('',#1713,1.8);
#1713 = AXIS2_PLACEMENT_3D('',#1714,#1715,#1716);
#1714 = CARTESIAN_POINT('',(25.,61.7,7.75));
#1715 = DIRECTION('',(0.,0.,1.));
#1716 = DIRECTION('',(1.,0.,0.));
#1717 = PCURVE('',#44,#1718);
#1718 = DEFINITIONAL_REPRESENTATION('',(#1719),#1723);
#1719 = CIRCLE('',#1720,1.8);
#1720 = AXIS2_PLACEMENT_2D('',#1721,#1722);
#1721 = CARTESIAN_POINT('',(57.,125.7));
#1722 = DIRECTION('',(1.,0.));
#1723 = ( GEOMETRIC_REPRESENTATION_CONTEXT(2) 
PARAMETRIC_REPRESENTATION_CONTEXT() REPRESENTATION_CONTEXT('2D SPACE',''
  ) );
#1724 = PCURVE('',#1725,#1730);
#1725 = CYLINDRICAL_SURFACE('',#1726,1.8);
#1726 = AXIS2_PLACEMENT_3D('',#1727,#1728,#1729);
#1727 = CARTESIAN_POINT('',(25.,61.7,7.75));
#1728 = DIRECTION('',(-0.,-0.,-1.));
#1729 = DIRECTION('',(1.,0.,0.));
#1730 = DEFINITIONAL_REPRESENTATION('',(#1731),#1735);
#1731 = LINE('',#1732,#1733);
#1732 = CARTESIAN_POINT('',(-0.,0.));
#1733 = VECTOR('',#1734,1.);
#1734 = DIRECTION('',(-1.,0.));
#1735 = ( GEOMETRIC_REPRESENTATION_CONTEXT(2) 
PARAMETRIC_REPRESENTATION_CONTEXT() REPRESENTATION_CONTEXT('2D SPACE',''
  ) );
#1736 = ADVANCED_FACE('',(#1737),#72,.T.);
#1737 = FACE_BOUND('',#1738,.T.);
#1738 = EDGE_LOOP('',(#1739,#1763,#1784,#1785));
#1739 = ORIENTED_EDGE('',*,*,#1740,.T.);
#1740 = EDGE_CURVE('',#57,#1741,#1743,.T.);
#1741 = VERTEX_POINT('',#1742);
#1742 = CARTESIAN_POINT('',(-26.,-64.,0.55));
#1743 = SURFACE_CURVE('',#1744,(#1749,#1756),.PCURVE_S1.);
#1744 = CIRCLE('',#1745,6.);
#1745 = AXIS2_PLACEMENT_3D('',#1746,#1747,#1748);
#1746 = CARTESIAN_POINT('',(-26.,-58.,0.55));
#1747 = DIRECTION('',(0.,0.,1.));
#1748 = DIRECTION('',(0.,-1.,0.));
#1749 = PCURVE('',#72,#1750);
#1750 = DEFINITIONAL_REPRESENTATION('',(#1751),#1755);
#1751 = LINE('',#1752,#1753);
#1752 = CARTESIAN_POINT('',(-4.712388980385,0.));
#1753 = VECTOR('',#1754,1.);
#1754 = DIRECTION('',(1.,0.));
#1755 = ( GEOMETRIC_REPRESENTATION_CONTEXT(2) 
PARAMETRIC_REPRESENTATION_CONTEXT() REPRESENTATION_CONTEXT('2D SPACE',''
  ) );
#1756 = PCURVE('',#100,#1757);
#1757 = DEFINITIONAL_REPRESENTATION('',(#1758),#1762);
#1758 = CIRCLE('',#1759,6.);
#1759 = AXIS2_PLACEMENT_2D('',#1760,#1761);
#1760 = CARTESIAN_POINT('',(6.,6.));
#1761 = DIRECTION('',(0.,-1.));
#1762 = ( GEOMETRIC_REPRESENTATION_CONTEXT(2) 
PARAMETRIC_REPRESENTATION_CONTEXT() REPRESENTATION_CONTEXT('2D SPACE',''
  ) );
#1763 = ORIENTED_EDGE('',*,*,#1764,.T.);
#1764 = EDGE_CURVE('',#1741,#365,#1765,.T.);
#1765 = SURFACE_CURVE('',#1766,(#1770,#1777),.PCURVE_S1.);
#1766 = LINE('',#1767,#1768);
#1767 = CARTESIAN_POINT('',(-26.,-64.,0.55));
#1768 = VECTOR('',#1769,1.);
#1769 = DIRECTION('',(0.,0.,1.));
#1770 = PCURVE('',#72,#1771);
#1771 = DEFINITIONAL_REPRESENTATION('',(#1772),#1776);
#1772 = LINE('',#1773,#1774);
#1773 = CARTESIAN_POINT('',(1.570796326795,0.));
#1774 = VECTOR('',#1775,1.);
#1775 = DIRECTION('',(0.,1.));
#1776 = ( GEOMETRIC_REPRESENTATION_CONTEXT(2) 
PARAMETRIC_REPRESENTATION_CONTEXT() REPRESENTATION_CONTEXT('2D SPACE',''
  ) );
#1777 = PCURVE('',#404,#1778);
#1778 = DEFINITIONAL_REPRESENTATION('',(#1779),#1783);
#1779 = LINE('',#1780,#1781);
#1780 = CARTESIAN_POINT('',(0.,6.));
#1781 = VECTOR('',#1782,1.);
#1782 = DIRECTION('',(1.,0.));
#1783 = ( GEOMETRIC_REPRESENTATION_CONTEXT(2) 
PARAMETRIC_REPRESENTATION_CONTEXT() REPRESENTATION_CONTEXT('2D SPACE',''
  ) );
#1784 = ORIENTED_EDGE('',*,*,#364,.F.);
#1785 = ORIENTED_EDGE('',*,*,#56,.F.);
#1786 = ADVANCED_FACE('',(#1787),#126,.T.);
#1787 = FACE_BOUND('',#1788,.F.);
#1788 = EDGE_LOOP('',(#1789,#1817,#1838,#1839));
#1789 = ORIENTED_EDGE('',*,*,#1790,.T.);
#1790 = EDGE_CURVE('',#85,#1791,#1793,.T.);
#1791 = VERTEX_POINT('',#1792);
#1792 = CARTESIAN_POINT('',(-26.,64.,0.55));
#1793 = SURFACE_CURVE('',#1794,(#1799,#1806),.PCURVE_S1.);
#1794 = CIRCLE('',#1795,6.);
#1795 = AXIS2_PLACEMENT_3D('',#1796,#1797,#1798);
#1796 = CARTESIAN_POINT('',(-26.,58.,0.55));
#1797 = DIRECTION('',(-0.,-0.,-1.));
#1798 = DIRECTION('',(0.,-1.,0.));
#1799 = PCURVE('',#126,#1800);
#1800 = DEFINITIONAL_REPRESENTATION('',(#1801),#1805);
#1801 = LINE('',#1802,#1803);
#1802 = CARTESIAN_POINT('',(1.570796326795,-0.));
#1803 = VECTOR('',#1804,1.);
#1804 = DIRECTION('',(-1.,0.));
#1805 = ( GEOMETRIC_REPRESENTATION_CONTEXT(2) 
PARAMETRIC_REPRESENTATION_CONTEXT() REPRESENTATION_CONTEXT('2D SPACE',''
  ) );
#1806 = PCURVE('',#100,#1807);
#1807 = DEFINITIONAL_REPRESENTATION('',(#1808),#1816);
#1808 = ( BOUNDED_CURVE() B_SPLINE_CURVE(2,(#1809,#1810,#1811,#1812,
#1813,#1814,#1815),.UNSPECIFIED.,.T.,.F.) B_SPLINE_CURVE_WITH_KNOTS((1,2
    ,2,2,2,1),(-2.094395102393,0.,2.094395102393,4.188790204786,
6.28318530718,8.377580409573),.UNSPECIFIED.) CURVE() 
GEOMETRIC_REPRESENTATION_ITEM() RATIONAL_B_SPLINE_CURVE((1.,0.5,1.,0.5,
1.,0.5,1.)) REPRESENTATION_ITEM('') );
#1809 = CARTESIAN_POINT('',(6.,116.));
#1810 = CARTESIAN_POINT('',(-4.392304845413,116.));
#1811 = CARTESIAN_POINT('',(0.803847577293,125.));
#1812 = CARTESIAN_POINT('',(6.,134.));
#1813 = CARTESIAN_POINT('',(11.196152422707,125.));
#1814 = CARTESIAN_POINT('',(16.392304845413,116.));
#1815 = CARTESIAN_POINT('',(6.,116.));
#1816 = ( GEOMETRIC_REPRESENTATION_CONTEXT(2) 
PARAMETRIC_REPRESENTATION_CONTEXT() REPRESENTATION_CONTEXT('2D SPACE',''
  ) );
#1817 = ORIENTED_EDGE('',*,*,#1818,.T.);
#1818 = EDGE_CURVE('',#1791,#507,#1819,.T.);
#1819 = SURFACE_CURVE('',#1820,(#1824,#1831),.PCURVE_S1.);
#1820 = LINE('',#1821,#1822);
#1821 = CARTESIAN_POINT('',(-26.,64.,0.55));
#1822 = VECTOR('',#1823,1.);
#1823 = DIRECTION('',(0.,0.,1.));
#1824 = PCURVE('',#126,#1825);
#1825 = DEFINITIONAL_REPRESENTATION('',(#1826),#1830);
#1826 = LINE('',#1827,#1828);
#1827 = CARTESIAN_POINT('',(-1.570796326795,0.));
#1828 = VECTOR('',#1829,1.);
#1829 = DIRECTION('',(-0.,1.));
#1830 = ( GEOMETRIC_REPRESENTATION_CONTEXT(2) 
PARAMETRIC_REPRESENTATION_CONTEXT() REPRESENTATION_CONTEXT('2D SPACE',''
  ) );
#1831 = PCURVE('',#522,#1832);
#1832 = DEFINITIONAL_REPRESENTATION('',(#1833),#1837);
#1833 = LINE('',#1834,#1835);
#1834 = CARTESIAN_POINT('',(0.,6.));
#1835 = VECTOR('',#1836,1.);
#1836 = DIRECTION('',(1.,0.));
#1837 = ( GEOMETRIC_REPRESENTATION_CONTEXT(2) 
PARAMETRIC_REPRESENTATION_CONTEXT() REPRESENTATION_CONTEXT('2D SPACE',''
  ) );
#1838 = ORIENTED_EDGE('',*,*,#534,.F.);
#1839 = ORIENTED_EDGE('',*,*,#112,.F.);
#1840 = ADVANCED_FACE('',(#1841,#1965,#2069,#2201,#2315,#3085,#3193,
    #3308,#4176),#100,.F.);
#1841 = FACE_BOUND('',#1842,.F.);
#1842 = EDGE_LOOP('',(#1843,#1844,#1845,#1868,#1896,#1919,#1943,#1964));
#1843 = ORIENTED_EDGE('',*,*,#84,.F.);
#1844 = ORIENTED_EDGE('',*,*,#1740,.T.);
#1845 = ORIENTED_EDGE('',*,*,#1846,.T.);
#1846 = EDGE_CURVE('',#1741,#1847,#1849,.T.);
#1847 = VERTEX_POINT('',#1848);
#1848 = CARTESIAN_POINT('',(26.,-64.,0.55));
#1849 = SURFACE_CURVE('',#1850,(#1854,#1861),.PCURVE_S1.);
#1850 = LINE('',#1851,#1852);
#1851 = CARTESIAN_POINT('',(-32.,-64.,0.55));
#1852 = VECTOR('',#1853,1.);
#1853 = DIRECTION('',(1.,0.,0.));
#1854 = PCURVE('',#100,#1855);
#1855 = DEFINITIONAL_REPRESENTATION('',(#1856),#1860);
#1856 = LINE('',#1857,#1858);
#1857 = CARTESIAN_POINT('',(0.,0.));
#1858 = VECTOR('',#1859,1.);
#1859 = DIRECTION('',(1.,0.));
#1860 = ( GEOMETRIC_REPRESENTATION_CONTEXT(2) 
PARAMETRIC_REPRESENTATION_CONTEXT() REPRESENTATION_CONTEXT('2D SPACE',''
  ) );
#1861 = PCURVE('',#404,#1862);
#1862 = DEFINITIONAL_REPRESENTATION('',(#1863),#1867);
#1863 = LINE('',#1864,#1865);
#1864 = CARTESIAN_POINT('',(0.,0.));
#1865 = VECTOR('',#1866,1.);
#1866 = DIRECTION('',(0.,1.));
#1867 = ( GEOMETRIC_REPRESENTATION_CONTEXT(2) 
PARAMETRIC_REPRESENTATION_CONTEXT() REPRESENTATION_CONTEXT('2D SPACE',''
  ) );
#1868 = ORIENTED_EDGE('',*,*,#1869,.F.);
#1869 = EDGE_CURVE('',#1870,#1847,#1872,.T.);
#1870 = VERTEX_POINT('',#1871);
#1871 = CARTESIAN_POINT('',(32.,-58.,0.55));
#1872 = SURFACE_CURVE('',#1873,(#1878,#1889),.PCURVE_S1.);
#1873 = CIRCLE('',#1874,6.);
#1874 = AXIS2_PLACEMENT_3D('',#1875,#1876,#1877);
#1875 = CARTESIAN_POINT('',(26.,-58.,0.55));
#1876 = DIRECTION('',(-0.,-0.,-1.));
#1877 = DIRECTION('',(0.,-1.,0.));
#1878 = PCURVE('',#100,#1879);
#1879 = DEFINITIONAL_REPRESENTATION('',(#1880),#1888);
#1880 = ( BOUNDED_CURVE() B_SPLINE_CURVE(2,(#1881,#1882,#1883,#1884,
#1885,#1886,#1887),.UNSPECIFIED.,.T.,.F.) B_SPLINE_CURVE_WITH_KNOTS((1,2
    ,2,2,2,1),(-2.094395102393,0.,2.094395102393,4.188790204786,
6.28318530718,8.377580409573),.UNSPECIFIED.) CURVE() 
GEOMETRIC_REPRESENTATION_ITEM() RATIONAL_B_SPLINE_CURVE((1.,0.5,1.,0.5,
1.,0.5,1.)) REPRESENTATION_ITEM('') );
#1881 = CARTESIAN_POINT('',(58.,0.));
#1882 = CARTESIAN_POINT('',(47.607695154587,0.));
#1883 = CARTESIAN_POINT('',(52.803847577293,9.));
#1884 = CARTESIAN_POINT('',(58.,18.));
#1885 = CARTESIAN_POINT('',(63.196152422707,9.));
#1886 = CARTESIAN_POINT('',(68.392304845413,8.881784197001E-15));
#1887 = CARTESIAN_POINT('',(58.,0.));
#1888 = ( GEOMETRIC_REPRESENTATION_CONTEXT(2) 
PARAMETRIC_REPRESENTATION_CONTEXT() REPRESENTATION_CONTEXT('2D SPACE',''
  ) );
#1889 = PCURVE('',#437,#1890);
#1890 = DEFINITIONAL_REPRESENTATION('',(#1891),#1895);
#1891 = LINE('',#1892,#1893);
#1892 = CARTESIAN_POINT('',(4.712388980385,-0.));
#1893 = VECTOR('',#1894,1.);
#1894 = DIRECTION('',(-1.,0.));
#1895 = ( GEOMETRIC_REPRESENTATION_CONTEXT(2) 
PARAMETRIC_REPRESENTATION_CONTEXT() REPRESENTATION_CONTEXT('2D SPACE',''
  ) );
#1896 = ORIENTED_EDGE('',*,*,#1897,.T.);
#1897 = EDGE_CURVE('',#1870,#1898,#1900,.T.);
#1898 = VERTEX_POINT('',#1899);
#1899 = CARTESIAN_POINT('',(32.,58.,0.55));
#1900 = SURFACE_CURVE('',#1901,(#1905,#1912),.PCURVE_S1.);
#1901 = LINE('',#1902,#1903);
#1902 = CARTESIAN_POINT('',(32.,-64.,0.55));
#1903 = VECTOR('',#1904,1.);
#1904 = DIRECTION('',(0.,1.,0.));
#1905 = PCURVE('',#100,#1906);
#1906 = DEFINITIONAL_REPRESENTATION('',(#1907),#1911);
#1907 = LINE('',#1908,#1909);
#1908 = CARTESIAN_POINT('',(64.,0.));
#1909 = VECTOR('',#1910,1.);
#1910 = DIRECTION('',(0.,1.));
#1911 = ( GEOMETRIC_REPRESENTATION_CONTEXT(2) 
PARAMETRIC_REPRESENTATION_CONTEXT() REPRESENTATION_CONTEXT('2D SPACE',''
  ) );
#1912 = PCURVE('',#465,#1913);
#1913 = DEFINITIONAL_REPRESENTATION('',(#1914),#1918);
#1914 = LINE('',#1915,#1916);
#1915 = CARTESIAN_POINT('',(0.,0.));
#1916 = VECTOR('',#1917,1.);
#1917 = DIRECTION('',(0.,-1.));
#1918 = ( GEOMETRIC_REPRESENTATION_CONTEXT(2) 
PARAMETRIC_REPRESENTATION_CONTEXT() REPRESENTATION_CONTEXT('2D SPACE',''
  ) );
#1919 = ORIENTED_EDGE('',*,*,#1920,.T.);
#1920 = EDGE_CURVE('',#1898,#1921,#1923,.T.);
#1921 = VERTEX_POINT('',#1922);
#1922 = CARTESIAN_POINT('',(26.,64.,0.55));
#1923 = SURFACE_CURVE('',#1924,(#1929,#1936),.PCURVE_S1.);
#1924 = CIRCLE('',#1925,6.);
#1925 = AXIS2_PLACEMENT_3D('',#1926,#1927,#1928);
#1926 = CARTESIAN_POINT('',(26.,58.,0.55));
#1927 = DIRECTION('',(0.,0.,1.));
#1928 = DIRECTION('',(0.,-1.,0.));
#1929 = PCURVE('',#100,#1930);
#1930 = DEFINITIONAL_REPRESENTATION('',(#1931),#1935);
#1931 = CIRCLE('',#1932,6.);
#1932 = AXIS2_PLACEMENT_2D('',#1933,#1934);
#1933 = CARTESIAN_POINT('',(58.,122.));
#1934 = DIRECTION('',(0.,-1.));
#1935 = ( GEOMETRIC_REPRESENTATION_CONTEXT(2) 
PARAMETRIC_REPRESENTATION_CONTEXT() REPRESENTATION_CONTEXT('2D SPACE',''
  ) );
#1936 = PCURVE('',#494,#1937);
#1937 = DEFINITIONAL_REPRESENTATION('',(#1938),#1942);
#1938 = LINE('',#1939,#1940);
#1939 = CARTESIAN_POINT('',(-1.570796326795,0.));
#1940 = VECTOR('',#1941,1.);
#1941 = DIRECTION('',(1.,0.));
#1942 = ( GEOMETRIC_REPRESENTATION_CONTEXT(2) 
PARAMETRIC_REPRESENTATION_CONTEXT() REPRESENTATION_CONTEXT('2D SPACE',''
  ) );
#1943 = ORIENTED_EDGE('',*,*,#1944,.F.);
#1944 = EDGE_CURVE('',#1791,#1921,#1945,.T.);
#1945 = SURFACE_CURVE('',#1946,(#1950,#1957),.PCURVE_S1.);
#1946 = LINE('',#1947,#1948);
#1947 = CARTESIAN_POINT('',(-32.,64.,0.55));
#1948 = VECTOR('',#1949,1.);
#1949 = DIRECTION('',(1.,0.,0.));
#1950 = PCURVE('',#100,#1951);
#1951 = DEFINITIONAL_REPRESENTATION('',(#1952),#1956);
#1952 = LINE('',#1953,#1954);
#1953 = CARTESIAN_POINT('',(0.,128.));
#1954 = VECTOR('',#1955,1.);
#1955 = DIRECTION('',(1.,0.));
#1956 = ( GEOMETRIC_REPRESENTATION_CONTEXT(2) 
PARAMETRIC_REPRESENTATION_CONTEXT() REPRESENTATION_CONTEXT('2D SPACE',''
  ) );
#1957 = PCURVE('',#522,#1958);
#1958 = DEFINITIONAL_REPRESENTATION('',(#1959),#1963);
#1959 = LINE('',#1960,#1961);
#1960 = CARTESIAN_POINT('',(0.,0.));
#1961 = VECTOR('',#1962,1.);
#1962 = DIRECTION('',(0.,1.));
#1963 = ( GEOMETRIC_REPRESENTATION_CONTEXT(2) 
PARAMETRIC_REPRESENTATION_CONTEXT() REPRESENTATION_CONTEXT('2D SPACE',''
  ) );
#1964 = ORIENTED_EDGE('',*,*,#1790,.F.);
#1965 = FACE_BOUND('',#1966,.F.);
#1966 = EDGE_LOOP('',(#1967,#1993,#2021,#2049));
#1967 = ORIENTED_EDGE('',*,*,#1968,.F.);
#1968 = EDGE_CURVE('',#1969,#1971,#1973,.T.);
#1969 = VERTEX_POINT('',#1970);
#1970 = CARTESIAN_POINT('',(-29.96862696659,-59.9,0.55));
#1971 = VERTEX_POINT('',#1972);
#1972 = CARTESIAN_POINT('',(-26.,-62.4,0.55));
#1973 = SURFACE_CURVE('',#1974,(#1979,#1986),.PCURVE_S1.);
#1974 = CIRCLE('',#1975,4.4);
#1975 = AXIS2_PLACEMENT_3D('',#1976,#1977,#1978);
#1976 = CARTESIAN_POINT('',(-26.,-58.,0.55));
#1977 = DIRECTION('',(0.,0.,1.));
#1978 = DIRECTION('',(-1.,-0.,0.));
#1979 = PCURVE('',#100,#1980);
#1980 = DEFINITIONAL_REPRESENTATION('',(#1981),#1985);
#1981 = CIRCLE('',#1982,4.4);
#1982 = AXIS2_PLACEMENT_2D('',#1983,#1984);
#1983 = CARTESIAN_POINT('',(6.,6.));
#1984 = DIRECTION('',(-1.,0.));
#1985 = ( GEOMETRIC_REPRESENTATION_CONTEXT(2) 
PARAMETRIC_REPRESENTATION_CONTEXT() REPRESENTATION_CONTEXT('2D SPACE',''
  ) );
#1986 = PCURVE('',#892,#1987);
#1987 = DEFINITIONAL_REPRESENTATION('',(#1988),#1992);
#1988 = LINE('',#1989,#1990);
#1989 = CARTESIAN_POINT('',(0.,0.15));
#1990 = VECTOR('',#1991,1.);
#1991 = DIRECTION('',(1.,0.));
#1992 = ( GEOMETRIC_REPRESENTATION_CONTEXT(2) 
PARAMETRIC_REPRESENTATION_CONTEXT() REPRESENTATION_CONTEXT('2D SPACE',''
  ) );
#1993 = ORIENTED_EDGE('',*,*,#1994,.T.);
#1994 = EDGE_CURVE('',#1969,#1995,#1997,.T.);
#1995 = VERTEX_POINT('',#1996);
#1996 = CARTESIAN_POINT('',(-25.16619037896,-59.9,0.55));
#1997 = SURFACE_CURVE('',#1998,(#2002,#2009),.PCURVE_S1.);
#1998 = LINE('',#1999,#2000);
#1999 = CARTESIAN_POINT('',(-31.3,-59.9,0.55));
#2000 = VECTOR('',#2001,1.);
#2001 = DIRECTION('',(1.,0.,0.));
#2002 = PCURVE('',#100,#2003);
#2003 = DEFINITIONAL_REPRESENTATION('',(#2004),#2008);
#2004 = LINE('',#2005,#2006);
#2005 = CARTESIAN_POINT('',(0.7,4.1));
#2006 = VECTOR('',#2007,1.);
#2007 = DIRECTION('',(1.,0.));
#2008 = ( GEOMETRIC_REPRESENTATION_CONTEXT(2) 
PARAMETRIC_REPRESENTATION_CONTEXT() REPRESENTATION_CONTEXT('2D SPACE',''
  ) );
#2009 = PCURVE('',#2010,#2015);
#2010 = PLANE('',#2011);
#2011 = AXIS2_PLACEMENT_3D('',#2012,#2013,#2014);
#2012 = CARTESIAN_POINT('',(-31.3,-59.9,0.55));
#2013 = DIRECTION('',(0.,1.,0.));
#2014 = DIRECTION('',(0.,0.,1.));
#2015 = DEFINITIONAL_REPRESENTATION('',(#2016),#2020);
#2016 = LINE('',#2017,#2018);
#2017 = CARTESIAN_POINT('',(0.,0.));
#2018 = VECTOR('',#2019,1.);
#2019 = DIRECTION('',(0.,1.));
#2020 = ( GEOMETRIC_REPRESENTATION_CONTEXT(2) 
PARAMETRIC_REPRESENTATION_CONTEXT() REPRESENTATION_CONTEXT('2D SPACE',''
  ) );
#2021 = ORIENTED_EDGE('',*,*,#2022,.F.);
#2022 = EDGE_CURVE('',#2023,#1995,#2025,.T.);
#2023 = VERTEX_POINT('',#2024);
#2024 = CARTESIAN_POINT('',(-25.61554944214,-62.4,0.55));
#2025 = SURFACE_CURVE('',#2026,(#2031,#2042),.PCURVE_S1.);
#2026 = CIRCLE('',#2027,1.9);
#2027 = AXIS2_PLACEMENT_3D('',#2028,#2029,#2030);
#2028 = CARTESIAN_POINT('',(-24.,-61.4,0.55));
#2029 = DIRECTION('',(-0.,0.,-1.));
#2030 = DIRECTION('',(-0.850289180074,-0.526315789474,0.));
#2031 = PCURVE('',#100,#2032);
#2032 = DEFINITIONAL_REPRESENTATION('',(#2033),#2041);
#2033 = ( BOUNDED_CURVE() B_SPLINE_CURVE(2,(#2034,#2035,#2036,#2037,
#2038,#2039,#2040),.UNSPECIFIED.,.T.,.F.) B_SPLINE_CURVE_WITH_KNOTS((1,2
    ,2,2,2,1),(-2.094395102393,0.,2.094395102393,4.188790204786,
6.28318530718,8.377580409573),.UNSPECIFIED.) CURVE() 
GEOMETRIC_REPRESENTATION_ITEM() RATIONAL_B_SPLINE_CURVE((1.,0.5,1.,0.5,
1.,0.5,1.)) REPRESENTATION_ITEM('') );
#2034 = CARTESIAN_POINT('',(6.38445055786,1.6));
#2035 = CARTESIAN_POINT('',(4.652399750291,4.398213715927));
#2036 = CARTESIAN_POINT('',(7.941749317286,4.499106857963));
#2037 = CARTESIAN_POINT('',(11.231098884281,4.6));
#2038 = CARTESIAN_POINT('',(9.673800124855,1.700893142037));
#2039 = CARTESIAN_POINT('',(8.116501365429,-1.198213715927));
#2040 = CARTESIAN_POINT('',(6.38445055786,1.6));
#2041 = ( GEOMETRIC_REPRESENTATION_CONTEXT(2) 
PARAMETRIC_REPRESENTATION_CONTEXT() REPRESENTATION_CONTEXT('2D SPACE',''
  ) );
#2042 = PCURVE('',#836,#2043);
#2043 = DEFINITIONAL_REPRESENTATION('',(#2044),#2048);
#2044 = LINE('',#2045,#2046);
#2045 = CARTESIAN_POINT('',(-9.979039795222,0.));
#2046 = VECTOR('',#2047,1.);
#2047 = DIRECTION('',(1.,-0.));
#2048 = ( GEOMETRIC_REPRESENTATION_CONTEXT(2) 
PARAMETRIC_REPRESENTATION_CONTEXT() REPRESENTATION_CONTEXT('2D SPACE',''
  ) );
#2049 = ORIENTED_EDGE('',*,*,#2050,.T.);
#2050 = EDGE_CURVE('',#2023,#1971,#2051,.T.);
#2051 = SURFACE_CURVE('',#2052,(#2056,#2063),.PCURVE_S1.);
#2052 = LINE('',#2053,#2054);
#2053 = CARTESIAN_POINT('',(-31.2,-62.4,0.55));
#2054 = VECTOR('',#2055,1.);
#2055 = DIRECTION('',(-1.,0.,0.));
#2056 = PCURVE('',#100,#2057);
#2057 = DEFINITIONAL_REPRESENTATION('',(#2058),#2062);
#2058 = LINE('',#2059,#2060);
#2059 = CARTESIAN_POINT('',(0.8,1.6));
#2060 = VECTOR('',#2061,1.);
#2061 = DIRECTION('',(-1.,0.));
#2062 = ( GEOMETRIC_REPRESENTATION_CONTEXT(2) 
PARAMETRIC_REPRESENTATION_CONTEXT() REPRESENTATION_CONTEXT('2D SPACE',''
  ) );
#2063 = PCURVE('',#864,#2064);
#2064 = DEFINITIONAL_REPRESENTATION('',(#2065),#2068);
#2065 = B_SPLINE_CURVE_WITH_KNOTS('',1,(#2066,#2067),.UNSPECIFIED.,.F.,
  .F.,(2,2),(-57.2,-5.2),.PIECEWISE_BEZIER_KNOTS.);
#2066 = CARTESIAN_POINT('',(0.15,56.4));
#2067 = CARTESIAN_POINT('',(0.15,4.4));
#2068 = ( GEOMETRIC_REPRESENTATION_CONTEXT(2) 
PARAMETRIC_REPRESENTATION_CONTEXT() REPRESENTATION_CONTEXT('2D SPACE',''
  ) );
#2069 = FACE_BOUND('',#2070,.F.);
#2070 = EDGE_LOOP('',(#2071,#2097,#2119,#2147,#2175));
#2071 = ORIENTED_EDGE('',*,*,#2072,.F.);
#2072 = EDGE_CURVE('',#2073,#2075,#2077,.T.);
#2073 = VERTEX_POINT('',#2074);
#2074 = CARTESIAN_POINT('',(-30.4,-58.,0.55));
#2075 = VERTEX_POINT('',#2076);
#2076 = CARTESIAN_POINT('',(-30.20356991139,-59.3,0.55));
#2077 = SURFACE_CURVE('',#2078,(#2083,#2090),.PCURVE_S1.);
#2078 = CIRCLE('',#2079,4.4);
#2079 = AXIS2_PLACEMENT_3D('',#2080,#2081,#2082);
#2080 = CARTESIAN_POINT('',(-26.,-58.,0.55));
#2081 = DIRECTION('',(0.,0.,1.));
#2082 = DIRECTION('',(-1.,-0.,0.));
#2083 = PCURVE('',#100,#2084);
#2084 = DEFINITIONAL_REPRESENTATION('',(#2085),#2089);
#2085 = CIRCLE('',#2086,4.4);
#2086 = AXIS2_PLACEMENT_2D('',#2087,#2088);
#2087 = CARTESIAN_POINT('',(6.,6.));
#2088 = DIRECTION('',(-1.,0.));
#2089 = ( GEOMETRIC_REPRESENTATION_CONTEXT(2) 
PARAMETRIC_REPRESENTATION_CONTEXT() REPRESENTATION_CONTEXT('2D SPACE',''
  ) );
#2090 = PCURVE('',#892,#2091);
#2091 = DEFINITIONAL_REPRESENTATION('',(#2092),#2096);
#2092 = LINE('',#2093,#2094);
#2093 = CARTESIAN_POINT('',(0.,0.15));
#2094 = VECTOR('',#2095,1.);
#2095 = DIRECTION('',(1.,0.));
#2096 = ( GEOMETRIC_REPRESENTATION_CONTEXT(2) 
PARAMETRIC_REPRESENTATION_CONTEXT() REPRESENTATION_CONTEXT('2D SPACE',''
  ) );
#2097 = ORIENTED_EDGE('',*,*,#2098,.T.);
#2098 = EDGE_CURVE('',#2073,#2099,#2101,.T.);
#2099 = VERTEX_POINT('',#2100);
#2100 = CARTESIAN_POINT('',(-30.4,-21.7,0.55));
#2101 = SURFACE_CURVE('',#2102,(#2106,#2113),.PCURVE_S1.);
#2102 = LINE('',#2103,#2104);
#2103 = CARTESIAN_POINT('',(-30.4,-63.2,0.55));
#2104 = VECTOR('',#2105,1.);
#2105 = DIRECTION('',(0.,1.,0.));
#2106 = PCURVE('',#100,#2107);
#2107 = DEFINITIONAL_REPRESENTATION('',(#2108),#2112);
#2108 = LINE('',#2109,#2110);
#2109 = CARTESIAN_POINT('',(1.6,0.8));
#2110 = VECTOR('',#2111,1.);
#2111 = DIRECTION('',(0.,1.));
#2112 = ( GEOMETRIC_REPRESENTATION_CONTEXT(2) 
PARAMETRIC_REPRESENTATION_CONTEXT() REPRESENTATION_CONTEXT('2D SPACE',''
  ) );
#2113 = PCURVE('',#920,#2114);
#2114 = DEFINITIONAL_REPRESENTATION('',(#2115),#2118);
#2115 = B_SPLINE_CURVE_WITH_KNOTS('',1,(#2116,#2117),.UNSPECIFIED.,.F.,
  .F.,(2,2),(5.2,121.2),.PIECEWISE_BEZIER_KNOTS.);
#2116 = CARTESIAN_POINT('',(0.15,-4.4));
#2117 = CARTESIAN_POINT('',(0.15,-120.4));
#2118 = ( GEOMETRIC_REPRESENTATION_CONTEXT(2) 
PARAMETRIC_REPRESENTATION_CONTEXT() REPRESENTATION_CONTEXT('2D SPACE',''
  ) );
#2119 = ORIENTED_EDGE('',*,*,#2120,.T.);
#2120 = EDGE_CURVE('',#2099,#2121,#2123,.T.);
#2121 = VERTEX_POINT('',#2122);
#2122 = CARTESIAN_POINT('',(-29.4,-21.7,0.55));
#2123 = SURFACE_CURVE('',#2124,(#2128,#2135),.PCURVE_S1.);
#2124 = LINE('',#2125,#2126);
#2125 = CARTESIAN_POINT('',(-31.3,-21.7,0.55));
#2126 = VECTOR('',#2127,1.);
#2127 = DIRECTION('',(1.,0.,0.));
#2128 = PCURVE('',#100,#2129);
#2129 = DEFINITIONAL_REPRESENTATION('',(#2130),#2134);
#2130 = LINE('',#2131,#2132);
#2131 = CARTESIAN_POINT('',(0.7,42.3));
#2132 = VECTOR('',#2133,1.);
#2133 = DIRECTION('',(1.,0.));
#2134 = ( GEOMETRIC_REPRESENTATION_CONTEXT(2) 
PARAMETRIC_REPRESENTATION_CONTEXT() REPRESENTATION_CONTEXT('2D SPACE',''
  ) );
#2135 = PCURVE('',#2136,#2141);
#2136 = PLANE('',#2137);
#2137 = AXIS2_PLACEMENT_3D('',#2138,#2139,#2140);
#2138 = CARTESIAN_POINT('',(-31.3,-21.7,0.55));
#2139 = DIRECTION('',(0.,1.,0.));
#2140 = DIRECTION('',(0.,0.,1.));
#2141 = DEFINITIONAL_REPRESENTATION('',(#2142),#2146);
#2142 = LINE('',#2143,#2144);
#2143 = CARTESIAN_POINT('',(0.,0.));
#2144 = VECTOR('',#2145,1.);
#2145 = DIRECTION('',(0.,1.));
#2146 = ( GEOMETRIC_REPRESENTATION_CONTEXT(2) 
PARAMETRIC_REPRESENTATION_CONTEXT() REPRESENTATION_CONTEXT('2D SPACE',''
  ) );
#2147 = ORIENTED_EDGE('',*,*,#2148,.F.);
#2148 = EDGE_CURVE('',#2149,#2121,#2151,.T.);
#2149 = VERTEX_POINT('',#2150);
#2150 = CARTESIAN_POINT('',(-29.4,-59.3,0.55));
#2151 = SURFACE_CURVE('',#2152,(#2156,#2163),.PCURVE_S1.);
#2152 = LINE('',#2153,#2154);
#2153 = CARTESIAN_POINT('',(-29.4,-59.8,0.55));
#2154 = VECTOR('',#2155,1.);
#2155 = DIRECTION('',(0.,1.,0.));
#2156 = PCURVE('',#100,#2157);
#2157 = DEFINITIONAL_REPRESENTATION('',(#2158),#2162);
#2158 = LINE('',#2159,#2160);
#2159 = CARTESIAN_POINT('',(2.6,4.2));
#2160 = VECTOR('',#2161,1.);
#2161 = DIRECTION('',(0.,1.));
#2162 = ( GEOMETRIC_REPRESENTATION_CONTEXT(2) 
PARAMETRIC_REPRESENTATION_CONTEXT() REPRESENTATION_CONTEXT('2D SPACE',''
  ) );
#2163 = PCURVE('',#2164,#2169);
#2164 = PLANE('',#2165);
#2165 = AXIS2_PLACEMENT_3D('',#2166,#2167,#2168);
#2166 = CARTESIAN_POINT('',(-29.4,-59.8,0.55));
#2167 = DIRECTION('',(1.,0.,0.));
#2168 = DIRECTION('',(0.,0.,1.));
#2169 = DEFINITIONAL_REPRESENTATION('',(#2170),#2174);
#2170 = LINE('',#2171,#2172);
#2171 = CARTESIAN_POINT('',(0.,0.));
#2172 = VECTOR('',#2173,1.);
#2173 = DIRECTION('',(0.,-1.));
#2174 = ( GEOMETRIC_REPRESENTATION_CONTEXT(2) 
PARAMETRIC_REPRESENTATION_CONTEXT() REPRESENTATION_CONTEXT('2D SPACE',''
  ) );
#2175 = ORIENTED_EDGE('',*,*,#2176,.F.);
#2176 = EDGE_CURVE('',#2075,#2149,#2177,.T.);
#2177 = SURFACE_CURVE('',#2178,(#2182,#2189),.PCURVE_S1.);
#2178 = LINE('',#2179,#2180);
#2179 = CARTESIAN_POINT('',(-31.3,-59.3,0.55));
#2180 = VECTOR('',#2181,1.);
#2181 = DIRECTION('',(1.,0.,0.));
#2182 = PCURVE('',#100,#2183);
#2183 = DEFINITIONAL_REPRESENTATION('',(#2184),#2188);
#2184 = LINE('',#2185,#2186);
#2185 = CARTESIAN_POINT('',(0.7,4.7));
#2186 = VECTOR('',#2187,1.);
#2187 = DIRECTION('',(1.,0.));
#2188 = ( GEOMETRIC_REPRESENTATION_CONTEXT(2) 
PARAMETRIC_REPRESENTATION_CONTEXT() REPRESENTATION_CONTEXT('2D SPACE',''
  ) );
#2189 = PCURVE('',#2190,#2195);
#2190 = PLANE('',#2191);
#2191 = AXIS2_PLACEMENT_3D('',#2192,#2193,#2194);
#2192 = CARTESIAN_POINT('',(-31.3,-59.3,0.55));
#2193 = DIRECTION('',(0.,1.,0.));
#2194 = DIRECTION('',(0.,0.,1.));
#2195 = DEFINITIONAL_REPRESENTATION('',(#2196),#2200);
#2196 = LINE('',#2197,#2198);
#2197 = CARTESIAN_POINT('',(0.,0.));
#2198 = VECTOR('',#2199,1.);
#2199 = DIRECTION('',(0.,1.));
#2200 = ( GEOMETRIC_REPRESENTATION_CONTEXT(2) 
PARAMETRIC_REPRESENTATION_CONTEXT() REPRESENTATION_CONTEXT('2D SPACE',''
  ) );
#2201 = FACE_BOUND('',#2202,.F.);
#2202 = EDGE_LOOP('',(#2203,#2233,#2261,#2289));
#2203 = ORIENTED_EDGE('',*,*,#2204,.T.);
#2204 = EDGE_CURVE('',#2205,#2207,#2209,.T.);
#2205 = VERTEX_POINT('',#2206);
#2206 = CARTESIAN_POINT('',(-28.8,-59.3,0.55));
#2207 = VERTEX_POINT('',#2208);
#2208 = CARTESIAN_POINT('',(-28.8,-21.7,0.55));
#2209 = SURFACE_CURVE('',#2210,(#2214,#2221),.PCURVE_S1.);
#2210 = LINE('',#2211,#2212);
#2211 = CARTESIAN_POINT('',(-28.8,-59.8,0.55));
#2212 = VECTOR('',#2213,1.);
#2213 = DIRECTION('',(0.,1.,0.));
#2214 = PCURVE('',#100,#2215);
#2215 = DEFINITIONAL_REPRESENTATION('',(#2216),#2220);
#2216 = LINE('',#2217,#2218);
#2217 = CARTESIAN_POINT('',(3.2,4.2));
#2218 = VECTOR('',#2219,1.);
#2219 = DIRECTION('',(0.,1.));
#2220 = ( GEOMETRIC_REPRESENTATION_CONTEXT(2) 
PARAMETRIC_REPRESENTATION_CONTEXT() REPRESENTATION_CONTEXT('2D SPACE',''
  ) );
#2221 = PCURVE('',#2222,#2227);
#2222 = PLANE('',#2223);
#2223 = AXIS2_PLACEMENT_3D('',#2224,#2225,#2226);
#2224 = CARTESIAN_POINT('',(-28.8,-59.8,0.55));
#2225 = DIRECTION('',(1.,0.,0.));
#2226 = DIRECTION('',(0.,0.,1.));
#2227 = DEFINITIONAL_REPRESENTATION('',(#2228),#2232);
#2228 = LINE('',#2229,#2230);
#2229 = CARTESIAN_POINT('',(0.,0.));
#2230 = VECTOR('',#2231,1.);
#2231 = DIRECTION('',(0.,-1.));
#2232 = ( GEOMETRIC_REPRESENTATION_CONTEXT(2) 
PARAMETRIC_REPRESENTATION_CONTEXT() REPRESENTATION_CONTEXT('2D SPACE',''
  ) );
#2233 = ORIENTED_EDGE('',*,*,#2234,.T.);
#2234 = EDGE_CURVE('',#2207,#2235,#2237,.T.);
#2235 = VERTEX_POINT('',#2236);
#2236 = CARTESIAN_POINT('',(-2.7,-21.7,0.55));
#2237 = SURFACE_CURVE('',#2238,(#2242,#2249),.PCURVE_S1.);
#2238 = LINE('',#2239,#2240);
#2239 = CARTESIAN_POINT('',(-31.3,-21.7,0.55));
#2240 = VECTOR('',#2241,1.);
#2241 = DIRECTION('',(1.,0.,0.));
#2242 = PCURVE('',#100,#2243);
#2243 = DEFINITIONAL_REPRESENTATION('',(#2244),#2248);
#2244 = LINE('',#2245,#2246);
#2245 = CARTESIAN_POINT('',(0.7,42.3));
#2246 = VECTOR('',#2247,1.);
#2247 = DIRECTION('',(1.,0.));
#2248 = ( GEOMETRIC_REPRESENTATION_CONTEXT(2) 
PARAMETRIC_REPRESENTATION_CONTEXT() REPRESENTATION_CONTEXT('2D SPACE',''
  ) );
#2249 = PCURVE('',#2250,#2255);
#2250 = PLANE('',#2251);
#2251 = AXIS2_PLACEMENT_3D('',#2252,#2253,#2254);
#2252 = CARTESIAN_POINT('',(-31.3,-21.7,0.55));
#2253 = DIRECTION('',(0.,1.,0.));
#2254 = DIRECTION('',(0.,0.,1.));
#2255 = DEFINITIONAL_REPRESENTATION('',(#2256),#2260);
#2256 = LINE('',#2257,#2258);
#2257 = CARTESIAN_POINT('',(0.,0.));
#2258 = VECTOR('',#2259,1.);
#2259 = DIRECTION('',(0.,1.));
#2260 = ( GEOMETRIC_REPRESENTATION_CONTEXT(2) 
PARAMETRIC_REPRESENTATION_CONTEXT() REPRESENTATION_CONTEXT('2D SPACE',''
  ) );
#2261 = ORIENTED_EDGE('',*,*,#2262,.F.);
#2262 = EDGE_CURVE('',#2263,#2235,#2265,.T.);
#2263 = VERTEX_POINT('',#2264);
#2264 = CARTESIAN_POINT('',(-2.7,-59.3,0.55));
#2265 = SURFACE_CURVE('',#2266,(#2270,#2277),.PCURVE_S1.);
#2266 = LINE('',#2267,#2268);
#2267 = CARTESIAN_POINT('',(-2.7,-59.8,0.55));
#2268 = VECTOR('',#2269,1.);
#2269 = DIRECTION('',(0.,1.,0.));
#2270 = PCURVE('',#100,#2271);
#2271 = DEFINITIONAL_REPRESENTATION('',(#2272),#2276);
#2272 = LINE('',#2273,#2274);
#2273 = CARTESIAN_POINT('',(29.3,4.2));
#2274 = VECTOR('',#2275,1.);
#2275 = DIRECTION('',(0.,1.));
#2276 = ( GEOMETRIC_REPRESENTATION_CONTEXT(2) 
PARAMETRIC_REPRESENTATION_CONTEXT() REPRESENTATION_CONTEXT('2D SPACE',''
  ) );
#2277 = PCURVE('',#2278,#2283);
#2278 = PLANE('',#2279);
#2279 = AXIS2_PLACEMENT_3D('',#2280,#2281,#2282);
#2280 = CARTESIAN_POINT('',(-2.7,-59.8,0.55));
#2281 = DIRECTION('',(1.,0.,0.));
#2282 = DIRECTION('',(0.,0.,1.));
#2283 = DEFINITIONAL_REPRESENTATION('',(#2284),#2288);
#2284 = LINE('',#2285,#2286);
#2285 = CARTESIAN_POINT('',(0.,0.));
#2286 = VECTOR('',#2287,1.);
#2287 = DIRECTION('',(0.,-1.));
#2288 = ( GEOMETRIC_REPRESENTATION_CONTEXT(2) 
PARAMETRIC_REPRESENTATION_CONTEXT() REPRESENTATION_CONTEXT('2D SPACE',''
  ) );
#2289 = ORIENTED_EDGE('',*,*,#2290,.F.);
#2290 = EDGE_CURVE('',#2205,#2263,#2291,.T.);
#2291 = SURFACE_CURVE('',#2292,(#2296,#2303),.PCURVE_S1.);
#2292 = LINE('',#2293,#2294);
#2293 = CARTESIAN_POINT('',(-31.3,-59.3,0.55));
#2294 = VECTOR('',#2295,1.);
#2295 = DIRECTION('',(1.,0.,0.));
#2296 = PCURVE('',#100,#2297);
#2297 = DEFINITIONAL_REPRESENTATION('',(#2298),#2302);
#2298 = LINE('',#2299,#2300);
#2299 = CARTESIAN_POINT('',(0.7,4.7));
#2300 = VECTOR('',#2301,1.);
#2301 = DIRECTION('',(1.,0.));
#2302 = ( GEOMETRIC_REPRESENTATION_CONTEXT(2) 
PARAMETRIC_REPRESENTATION_CONTEXT() REPRESENTATION_CONTEXT('2D SPACE',''
  ) );
#2303 = PCURVE('',#2304,#2309);
#2304 = PLANE('',#2305);
#2305 = AXIS2_PLACEMENT_3D('',#2306,#2307,#2308);
#2306 = CARTESIAN_POINT('',(-31.3,-59.3,0.55));
#2307 = DIRECTION('',(0.,1.,0.));
#2308 = DIRECTION('',(0.,0.,1.));
#2309 = DEFINITIONAL_REPRESENTATION('',(#2310),#2314);
#2310 = LINE('',#2311,#2312);
#2311 = CARTESIAN_POINT('',(0.,0.));
#2312 = VECTOR('',#2313,1.);
#2313 = DIRECTION('',(0.,1.));
#2314 = ( GEOMETRIC_REPRESENTATION_CONTEXT(2) 
PARAMETRIC_REPRESENTATION_CONTEXT() REPRESENTATION_CONTEXT('2D SPACE',''
  ) );
#2315 = FACE_BOUND('',#2316,.F.);
#2316 = EDGE_LOOP('',(#2317,#2347,#2375,#2403,#2431,#2459,#2481,#2509,
    #2531,#2554,#2578,#2601,#2623,#2647,#2675,#2703,#2731,#2755,#2777,
    #2800,#2823,#2851,#2879,#2907,#2935,#2958,#2981,#3003,#3031,#3059));
#2317 = ORIENTED_EDGE('',*,*,#2318,.F.);
#2318 = EDGE_CURVE('',#2319,#2321,#2323,.T.);
#2319 = VERTEX_POINT('',#2320);
#2320 = CARTESIAN_POINT('',(-2.1,-59.3,0.55));
#2321 = VERTEX_POINT('',#2322);
#2322 = CARTESIAN_POINT('',(-1.9,-59.3,0.55));
#2323 = SURFACE_CURVE('',#2324,(#2328,#2335),.PCURVE_S1.);
#2324 = LINE('',#2325,#2326);
#2325 = CARTESIAN_POINT('',(-31.3,-59.3,0.55));
#2326 = VECTOR('',#2327,1.);
#2327 = DIRECTION('',(1.,0.,0.));
#2328 = PCURVE('',#100,#2329);
#2329 = DEFINITIONAL_REPRESENTATION('',(#2330),#2334);
#2330 = LINE('',#2331,#2332);
#2331 = CARTESIAN_POINT('',(0.7,4.7));
#2332 = VECTOR('',#2333,1.);
#2333 = DIRECTION('',(1.,0.));
#2334 = ( GEOMETRIC_REPRESENTATION_CONTEXT(2) 
PARAMETRIC_REPRESENTATION_CONTEXT() REPRESENTATION_CONTEXT('2D SPACE',''
  ) );
#2335 = PCURVE('',#2336,#2341);
#2336 = PLANE('',#2337);
#2337 = AXIS2_PLACEMENT_3D('',#2338,#2339,#2340);
#2338 = CARTESIAN_POINT('',(-31.3,-59.3,0.55));
#2339 = DIRECTION('',(0.,1.,0.));
#2340 = DIRECTION('',(0.,0.,1.));
#2341 = DEFINITIONAL_REPRESENTATION('',(#2342),#2346);
#2342 = LINE('',#2343,#2344);
#2343 = CARTESIAN_POINT('',(0.,0.));
#2344 = VECTOR('',#2345,1.);
#2345 = DIRECTION('',(0.,1.));
#2346 = ( GEOMETRIC_REPRESENTATION_CONTEXT(2) 
PARAMETRIC_REPRESENTATION_CONTEXT() REPRESENTATION_CONTEXT('2D SPACE',''
  ) );
#2347 = ORIENTED_EDGE('',*,*,#2348,.T.);
#2348 = EDGE_CURVE('',#2319,#2349,#2351,.T.);
#2349 = VERTEX_POINT('',#2350);
#2350 = CARTESIAN_POINT('',(-2.1,-21.7,0.55));
#2351 = SURFACE_CURVE('',#2352,(#2356,#2363),.PCURVE_S1.);
#2352 = LINE('',#2353,#2354);
#2353 = CARTESIAN_POINT('',(-2.1,-59.8,0.55));
#2354 = VECTOR('',#2355,1.);
#2355 = DIRECTION('',(0.,1.,0.));
#2356 = PCURVE('',#100,#2357);
#2357 = DEFINITIONAL_REPRESENTATION('',(#2358),#2362);
#2358 = LINE('',#2359,#2360);
#2359 = CARTESIAN_POINT('',(29.9,4.2));
#2360 = VECTOR('',#2361,1.);
#2361 = DIRECTION('',(0.,1.));
#2362 = ( GEOMETRIC_REPRESENTATION_CONTEXT(2) 
PARAMETRIC_REPRESENTATION_CONTEXT() REPRESENTATION_CONTEXT('2D SPACE',''
  ) );
#2363 = PCURVE('',#2364,#2369);
#2364 = PLANE('',#2365);
#2365 = AXIS2_PLACEMENT_3D('',#2366,#2367,#2368);
#2366 = CARTESIAN_POINT('',(-2.1,-59.8,0.55));
#2367 = DIRECTION('',(1.,0.,0.));
#2368 = DIRECTION('',(0.,0.,1.));
#2369 = DEFINITIONAL_REPRESENTATION('',(#2370),#2374);
#2370 = LINE('',#2371,#2372);
#2371 = CARTESIAN_POINT('',(0.,0.));
#2372 = VECTOR('',#2373,1.);
#2373 = DIRECTION('',(0.,-1.));
#2374 = ( GEOMETRIC_REPRESENTATION_CONTEXT(2) 
PARAMETRIC_REPRESENTATION_CONTEXT() REPRESENTATION_CONTEXT('2D SPACE',''
  ) );
#2375 = ORIENTED_EDGE('',*,*,#2376,.T.);
#2376 = EDGE_CURVE('',#2349,#2377,#2379,.T.);
#2377 = VERTEX_POINT('',#2378);
#2378 = CARTESIAN_POINT('',(-1.9,-21.7,0.55));
#2379 = SURFACE_CURVE('',#2380,(#2384,#2391),.PCURVE_S1.);
#2380 = LINE('',#2381,#2382);
#2381 = CARTESIAN_POINT('',(-31.3,-21.7,0.55));
#2382 = VECTOR('',#2383,1.);
#2383 = DIRECTION('',(1.,0.,0.));
#2384 = PCURVE('',#100,#2385);
#2385 = DEFINITIONAL_REPRESENTATION('',(#2386),#2390);
#2386 = LINE('',#2387,#2388);
#2387 = CARTESIAN_POINT('',(0.7,42.3));
#2388 = VECTOR('',#2389,1.);
#2389 = DIRECTION('',(1.,0.));
#2390 = ( GEOMETRIC_REPRESENTATION_CONTEXT(2) 
PARAMETRIC_REPRESENTATION_CONTEXT() REPRESENTATION_CONTEXT('2D SPACE',''
  ) );
#2391 = PCURVE('',#2392,#2397);
#2392 = PLANE('',#2393);
#2393 = AXIS2_PLACEMENT_3D('',#2394,#2395,#2396);
#2394 = CARTESIAN_POINT('',(-31.3,-21.7,0.55));
#2395 = DIRECTION('',(0.,1.,0.));
#2396 = DIRECTION('',(0.,0.,1.));
#2397 = DEFINITIONAL_REPRESENTATION('',(#2398),#2402);
#2398 = LINE('',#2399,#2400);
#2399 = CARTESIAN_POINT('',(0.,0.));
#2400 = VECTOR('',#2401,1.);
#2401 = DIRECTION('',(0.,1.));
#2402 = ( GEOMETRIC_REPRESENTATION_CONTEXT(2) 
PARAMETRIC_REPRESENTATION_CONTEXT() REPRESENTATION_CONTEXT('2D SPACE',''
  ) );
#2403 = ORIENTED_EDGE('',*,*,#2404,.T.);
#2404 = EDGE_CURVE('',#2377,#2405,#2407,.T.);
#2405 = VERTEX_POINT('',#2406);
#2406 = CARTESIAN_POINT('',(-1.9,-21.1,0.55));
#2407 = SURFACE_CURVE('',#2408,(#2412,#2419),.PCURVE_S1.);
#2408 = LINE('',#2409,#2410);
#2409 = CARTESIAN_POINT('',(-1.9,-21.7,0.55));
#2410 = VECTOR('',#2411,1.);
#2411 = DIRECTION('',(0.,1.,0.));
#2412 = PCURVE('',#100,#2413);
#2413 = DEFINITIONAL_REPRESENTATION('',(#2414),#2418);
#2414 = LINE('',#2415,#2416);
#2415 = CARTESIAN_POINT('',(30.1,42.3));
#2416 = VECTOR('',#2417,1.);
#2417 = DIRECTION('',(0.,1.));
#2418 = ( GEOMETRIC_REPRESENTATION_CONTEXT(2) 
PARAMETRIC_REPRESENTATION_CONTEXT() REPRESENTATION_CONTEXT('2D SPACE',''
  ) );
#2419 = PCURVE('',#2420,#2425);
#2420 = PLANE('',#2421);
#2421 = AXIS2_PLACEMENT_3D('',#2422,#2423,#2424);
#2422 = CARTESIAN_POINT('',(-1.9,-21.7,0.55));
#2423 = DIRECTION('',(1.,0.,0.));
#2424 = DIRECTION('',(0.,0.,1.));
#2425 = DEFINITIONAL_REPRESENTATION('',(#2426),#2430);
#2426 = LINE('',#2427,#2428);
#2427 = CARTESIAN_POINT('',(0.,0.));
#2428 = VECTOR('',#2429,1.);
#2429 = DIRECTION('',(0.,-1.));
#2430 = ( GEOMETRIC_REPRESENTATION_CONTEXT(2) 
PARAMETRIC_REPRESENTATION_CONTEXT() REPRESENTATION_CONTEXT('2D SPACE',''
  ) );
#2431 = ORIENTED_EDGE('',*,*,#2432,.F.);
#2432 = EDGE_CURVE('',#2433,#2405,#2435,.T.);
#2433 = VERTEX_POINT('',#2434);
#2434 = CARTESIAN_POINT('',(-30.4,-21.1,0.55));
#2435 = SURFACE_CURVE('',#2436,(#2440,#2447),.PCURVE_S1.);
#2436 = LINE('',#2437,#2438);
#2437 = CARTESIAN_POINT('',(-31.3,-21.1,0.55));
#2438 = VECTOR('',#2439,1.);
#2439 = DIRECTION('',(1.,0.,0.));
#2440 = PCURVE('',#100,#2441);
#2441 = DEFINITIONAL_REPRESENTATION('',(#2442),#2446);
#2442 = LINE('',#2443,#2444);
#2443 = CARTESIAN_POINT('',(0.7,42.9));
#2444 = VECTOR('',#2445,1.);
#2445 = DIRECTION('',(1.,0.));
#2446 = ( GEOMETRIC_REPRESENTATION_CONTEXT(2) 
PARAMETRIC_REPRESENTATION_CONTEXT() REPRESENTATION_CONTEXT('2D SPACE',''
  ) );
#2447 = PCURVE('',#2448,#2453);
#2448 = PLANE('',#2449);
#2449 = AXIS2_PLACEMENT_3D('',#2450,#2451,#2452);
#2450 = CARTESIAN_POINT('',(-31.3,-21.1,0.55));
#2451 = DIRECTION('',(0.,1.,0.));
#2452 = DIRECTION('',(0.,0.,1.));
#2453 = DEFINITIONAL_REPRESENTATION('',(#2454),#2458);
#2454 = LINE('',#2455,#2456);
#2455 = CARTESIAN_POINT('',(0.,0.));
#2456 = VECTOR('',#2457,1.);
#2457 = DIRECTION('',(0.,1.));
#2458 = ( GEOMETRIC_REPRESENTATION_CONTEXT(2) 
PARAMETRIC_REPRESENTATION_CONTEXT() REPRESENTATION_CONTEXT('2D SPACE',''
  ) );
#2459 = ORIENTED_EDGE('',*,*,#2460,.T.);
#2460 = EDGE_CURVE('',#2433,#2461,#2463,.T.);
#2461 = VERTEX_POINT('',#2462);
#2462 = CARTESIAN_POINT('',(-30.4,-19.85,0.55));
#2463 = SURFACE_CURVE('',#2464,(#2468,#2475),.PCURVE_S1.);
#2464 = LINE('',#2465,#2466);
#2465 = CARTESIAN_POINT('',(-30.4,-63.2,0.55));
#2466 = VECTOR('',#2467,1.);
#2467 = DIRECTION('',(0.,1.,0.));
#2468 = PCURVE('',#100,#2469);
#2469 = DEFINITIONAL_REPRESENTATION('',(#2470),#2474);
#2470 = LINE('',#2471,#2472);
#2471 = CARTESIAN_POINT('',(1.6,0.8));
#2472 = VECTOR('',#2473,1.);
#2473 = DIRECTION('',(0.,1.));
#2474 = ( GEOMETRIC_REPRESENTATION_CONTEXT(2) 
PARAMETRIC_REPRESENTATION_CONTEXT() REPRESENTATION_CONTEXT('2D SPACE',''
  ) );
#2475 = PCURVE('',#920,#2476);
#2476 = DEFINITIONAL_REPRESENTATION('',(#2477),#2480);
#2477 = B_SPLINE_CURVE_WITH_KNOTS('',1,(#2478,#2479),.UNSPECIFIED.,.F.,
  .F.,(2,2),(5.2,121.2),.PIECEWISE_BEZIER_KNOTS.);
#2478 = CARTESIAN_POINT('',(0.15,-4.4));
#2479 = CARTESIAN_POINT('',(0.15,-120.4));
#2480 = ( GEOMETRIC_REPRESENTATION_CONTEXT(2) 
PARAMETRIC_REPRESENTATION_CONTEXT() REPRESENTATION_CONTEXT('2D SPACE',''
  ) );
#2481 = ORIENTED_EDGE('',*,*,#2482,.F.);
#2482 = EDGE_CURVE('',#2483,#2461,#2485,.T.);
#2483 = VERTEX_POINT('',#2484);
#2484 = CARTESIAN_POINT('',(30.4,-19.85,0.55));
#2485 = SURFACE_CURVE('',#2486,(#2490,#2497),.PCURVE_S1.);
#2486 = LINE('',#2487,#2488);
#2487 = CARTESIAN_POINT('',(30.4,-19.85,0.55));
#2488 = VECTOR('',#2489,1.);
#2489 = DIRECTION('',(-1.,0.,0.));
#2490 = PCURVE('',#100,#2491);
#2491 = DEFINITIONAL_REPRESENTATION('',(#2492),#2496);
#2492 = LINE('',#2493,#2494);
#2493 = CARTESIAN_POINT('',(62.4,44.15));
#2494 = VECTOR('',#2495,1.);
#2495 = DIRECTION('',(-1.,0.));
#2496 = ( GEOMETRIC_REPRESENTATION_CONTEXT(2) 
PARAMETRIC_REPRESENTATION_CONTEXT() REPRESENTATION_CONTEXT('2D SPACE',''
  ) );
#2497 = PCURVE('',#2498,#2503);
#2498 = PLANE('',#2499);
#2499 = AXIS2_PLACEMENT_3D('',#2500,#2501,#2502);
#2500 = CARTESIAN_POINT('',(-31.,-19.85,0.55));
#2501 = DIRECTION('',(0.,1.,0.));
#2502 = DIRECTION('',(0.,0.,1.));
#2503 = DEFINITIONAL_REPRESENTATION('',(#2504),#2508);
#2504 = LINE('',#2505,#2506);
#2505 = CARTESIAN_POINT('',(0.,61.4));
#2506 = VECTOR('',#2507,1.);
#2507 = DIRECTION('',(0.,-1.));
#2508 = ( GEOMETRIC_REPRESENTATION_CONTEXT(2) 
PARAMETRIC_REPRESENTATION_CONTEXT() REPRESENTATION_CONTEXT('2D SPACE',''
  ) );
#2509 = ORIENTED_EDGE('',*,*,#2510,.F.);
#2510 = EDGE_CURVE('',#2511,#2483,#2513,.T.);
#2511 = VERTEX_POINT('',#2512);
#2512 = CARTESIAN_POINT('',(30.4,-24.7,0.55));
#2513 = SURFACE_CURVE('',#2514,(#2518,#2525),.PCURVE_S1.);
#2514 = LINE('',#2515,#2516);
#2515 = CARTESIAN_POINT('',(30.4,-63.2,0.55));
#2516 = VECTOR('',#2517,1.);
#2517 = DIRECTION('',(0.,1.,0.));
#2518 = PCURVE('',#100,#2519);
#2519 = DEFINITIONAL_REPRESENTATION('',(#2520),#2524);
#2520 = LINE('',#2521,#2522);
#2521 = CARTESIAN_POINT('',(62.4,0.8));
#2522 = VECTOR('',#2523,1.);
#2523 = DIRECTION('',(0.,1.));
#2524 = ( GEOMETRIC_REPRESENTATION_CONTEXT(2) 
PARAMETRIC_REPRESENTATION_CONTEXT() REPRESENTATION_CONTEXT('2D SPACE',''
  ) );
#2525 = PCURVE('',#1414,#2526);
#2526 = DEFINITIONAL_REPRESENTATION('',(#2527),#2530);
#2527 = B_SPLINE_CURVE_WITH_KNOTS('',1,(#2528,#2529),.UNSPECIFIED.,.F.,
  .F.,(2,2),(5.2,121.2),.PIECEWISE_BEZIER_KNOTS.);
#2528 = CARTESIAN_POINT('',(0.15,-4.4));
#2529 = CARTESIAN_POINT('',(0.15,-120.4));
#2530 = ( GEOMETRIC_REPRESENTATION_CONTEXT(2) 
PARAMETRIC_REPRESENTATION_CONTEXT() REPRESENTATION_CONTEXT('2D SPACE',''
  ) );
#2531 = ORIENTED_EDGE('',*,*,#2532,.F.);
#2532 = EDGE_CURVE('',#2533,#2511,#2535,.T.);
#2533 = VERTEX_POINT('',#2534);
#2534 = CARTESIAN_POINT('',(30.385640646055,-24.7,0.55));
#2535 = SURFACE_CURVE('',#2536,(#2540,#2547),.PCURVE_S1.);
#2536 = LINE('',#2537,#2538);
#2537 = CARTESIAN_POINT('',(28.7,-24.7,0.55));
#2538 = VECTOR('',#2539,1.);
#2539 = DIRECTION('',(1.,0.,0.));
#2540 = PCURVE('',#100,#2541);
#2541 = DEFINITIONAL_REPRESENTATION('',(#2542),#2546);
#2542 = LINE('',#2543,#2544);
#2543 = CARTESIAN_POINT('',(60.7,39.3));
#2544 = VECTOR('',#2545,1.);
#2545 = DIRECTION('',(1.,0.));
#2546 = ( GEOMETRIC_REPRESENTATION_CONTEXT(2) 
PARAMETRIC_REPRESENTATION_CONTEXT() REPRESENTATION_CONTEXT('2D SPACE',''
  ) );
#2547 = PCURVE('',#1441,#2548);
#2548 = DEFINITIONAL_REPRESENTATION('',(#2549),#2553);
#2549 = LINE('',#2550,#2551);
#2550 = CARTESIAN_POINT('',(0.,0.));
#2551 = VECTOR('',#2552,1.);
#2552 = DIRECTION('',(0.,1.));
#2553 = ( GEOMETRIC_REPRESENTATION_CONTEXT(2) 
PARAMETRIC_REPRESENTATION_CONTEXT() REPRESENTATION_CONTEXT('2D SPACE',''
  ) );
#2554 = ORIENTED_EDGE('',*,*,#2555,.T.);
#2555 = EDGE_CURVE('',#2533,#2556,#2558,.T.);
#2556 = VERTEX_POINT('',#2557);
#2557 = CARTESIAN_POINT('',(30.385640646055,-27.3,0.55));
#2558 = SURFACE_CURVE('',#2559,(#2564,#2571),.PCURVE_S1.);
#2559 = CIRCLE('',#2560,1.9);
#2560 = AXIS2_PLACEMENT_3D('',#2561,#2562,#2563);
#2561 = CARTESIAN_POINT('',(29.,-26.,0.55));
#2562 = DIRECTION('',(0.,0.,1.));
#2563 = DIRECTION('',(1.,0.,0.));
#2564 = PCURVE('',#100,#2565);
#2565 = DEFINITIONAL_REPRESENTATION('',(#2566),#2570);
#2566 = CIRCLE('',#2567,1.9);
#2567 = AXIS2_PLACEMENT_2D('',#2568,#2569);
#2568 = CARTESIAN_POINT('',(61.,38.));
#2569 = DIRECTION('',(1.,0.));
#2570 = ( GEOMETRIC_REPRESENTATION_CONTEXT(2) 
PARAMETRIC_REPRESENTATION_CONTEXT() REPRESENTATION_CONTEXT('2D SPACE',''
  ) );
#2571 = PCURVE('',#1470,#2572);
#2572 = DEFINITIONAL_REPRESENTATION('',(#2573),#2577);
#2573 = LINE('',#2574,#2575);
#2574 = CARTESIAN_POINT('',(-0.,0.));
#2575 = VECTOR('',#2576,1.);
#2576 = DIRECTION('',(-1.,0.));
#2577 = ( GEOMETRIC_REPRESENTATION_CONTEXT(2) 
PARAMETRIC_REPRESENTATION_CONTEXT() REPRESENTATION_CONTEXT('2D SPACE',''
  ) );
#2578 = ORIENTED_EDGE('',*,*,#2579,.T.);
#2579 = EDGE_CURVE('',#2556,#2580,#2582,.T.);
#2580 = VERTEX_POINT('',#2581);
#2581 = CARTESIAN_POINT('',(30.4,-27.3,0.55));
#2582 = SURFACE_CURVE('',#2583,(#2587,#2594),.PCURVE_S1.);
#2583 = LINE('',#2584,#2585);
#2584 = CARTESIAN_POINT('',(28.7,-27.3,0.55));
#2585 = VECTOR('',#2586,1.);
#2586 = DIRECTION('',(1.,0.,0.));
#2587 = PCURVE('',#100,#2588);
#2588 = DEFINITIONAL_REPRESENTATION('',(#2589),#2593);
#2589 = LINE('',#2590,#2591);
#2590 = CARTESIAN_POINT('',(60.7,36.7));
#2591 = VECTOR('',#2592,1.);
#2592 = DIRECTION('',(1.,0.));
#2593 = ( GEOMETRIC_REPRESENTATION_CONTEXT(2) 
PARAMETRIC_REPRESENTATION_CONTEXT() REPRESENTATION_CONTEXT('2D SPACE',''
  ) );
#2594 = PCURVE('',#1498,#2595);
#2595 = DEFINITIONAL_REPRESENTATION('',(#2596),#2600);
#2596 = LINE('',#2597,#2598);
#2597 = CARTESIAN_POINT('',(0.,0.));
#2598 = VECTOR('',#2599,1.);
#2599 = DIRECTION('',(0.,1.));
#2600 = ( GEOMETRIC_REPRESENTATION_CONTEXT(2) 
PARAMETRIC_REPRESENTATION_CONTEXT() REPRESENTATION_CONTEXT('2D SPACE',''
  ) );
#2601 = ORIENTED_EDGE('',*,*,#2602,.F.);
#2602 = EDGE_CURVE('',#2603,#2580,#2605,.T.);
#2603 = VERTEX_POINT('',#2604);
#2604 = CARTESIAN_POINT('',(30.4,-58.,0.55));
#2605 = SURFACE_CURVE('',#2606,(#2610,#2617),.PCURVE_S1.);
#2606 = LINE('',#2607,#2608);
#2607 = CARTESIAN_POINT('',(30.4,-63.2,0.55));
#2608 = VECTOR('',#2609,1.);
#2609 = DIRECTION('',(0.,1.,0.));
#2610 = PCURVE('',#100,#2611);
#2611 = DEFINITIONAL_REPRESENTATION('',(#2612),#2616);
#2612 = LINE('',#2613,#2614);
#2613 = CARTESIAN_POINT('',(62.4,0.8));
#2614 = VECTOR('',#2615,1.);
#2615 = DIRECTION('',(0.,1.));
#2616 = ( GEOMETRIC_REPRESENTATION_CONTEXT(2) 
PARAMETRIC_REPRESENTATION_CONTEXT() REPRESENTATION_CONTEXT('2D SPACE',''
  ) );
#2617 = PCURVE('',#1524,#2618);
#2618 = DEFINITIONAL_REPRESENTATION('',(#2619),#2622);
#2619 = B_SPLINE_CURVE_WITH_KNOTS('',1,(#2620,#2621),.UNSPECIFIED.,.F.,
  .F.,(2,2),(5.2,121.2),.PIECEWISE_BEZIER_KNOTS.);
#2620 = CARTESIAN_POINT('',(0.15,-4.4));
#2621 = CARTESIAN_POINT('',(0.15,-120.4));
#2622 = ( GEOMETRIC_REPRESENTATION_CONTEXT(2) 
PARAMETRIC_REPRESENTATION_CONTEXT() REPRESENTATION_CONTEXT('2D SPACE',''
  ) );
#2623 = ORIENTED_EDGE('',*,*,#2624,.F.);
#2624 = EDGE_CURVE('',#2625,#2603,#2627,.T.);
#2625 = VERTEX_POINT('',#2626);
#2626 = CARTESIAN_POINT('',(28.4,-61.68781778291,0.55));
#2627 = SURFACE_CURVE('',#2628,(#2633,#2640),.PCURVE_S1.);
#2628 = CIRCLE('',#2629,4.4);
#2629 = AXIS2_PLACEMENT_3D('',#2630,#2631,#2632);
#2630 = CARTESIAN_POINT('',(26.,-58.,0.55));
#2631 = DIRECTION('',(0.,0.,1.));
#2632 = DIRECTION('',(1.,0.,-0.));
#2633 = PCURVE('',#100,#2634);
#2634 = DEFINITIONAL_REPRESENTATION('',(#2635),#2639);
#2635 = CIRCLE('',#2636,4.4);
#2636 = AXIS2_PLACEMENT_2D('',#2637,#2638);
#2637 = CARTESIAN_POINT('',(58.,6.));
#2638 = DIRECTION('',(1.,0.));
#2639 = ( GEOMETRIC_REPRESENTATION_CONTEXT(2) 
PARAMETRIC_REPRESENTATION_CONTEXT() REPRESENTATION_CONTEXT('2D SPACE',''
  ) );
#2640 = PCURVE('',#612,#2641);
#2641 = DEFINITIONAL_REPRESENTATION('',(#2642),#2646);
#2642 = LINE('',#2643,#2644);
#2643 = CARTESIAN_POINT('',(-6.28318530718,0.15));
#2644 = VECTOR('',#2645,1.);
#2645 = DIRECTION('',(1.,-0.));
#2646 = ( GEOMETRIC_REPRESENTATION_CONTEXT(2) 
PARAMETRIC_REPRESENTATION_CONTEXT() REPRESENTATION_CONTEXT('2D SPACE',''
  ) );
#2647 = ORIENTED_EDGE('',*,*,#2648,.T.);
#2648 = EDGE_CURVE('',#2625,#2649,#2651,.T.);
#2649 = VERTEX_POINT('',#2650);
#2650 = CARTESIAN_POINT('',(28.4,-29.45,0.55));
#2651 = SURFACE_CURVE('',#2652,(#2656,#2663),.PCURVE_S1.);
#2652 = LINE('',#2653,#2654);
#2653 = CARTESIAN_POINT('',(28.4,-63.15,0.55));
#2654 = VECTOR('',#2655,1.);
#2655 = DIRECTION('',(0.,1.,0.));
#2656 = PCURVE('',#100,#2657);
#2657 = DEFINITIONAL_REPRESENTATION('',(#2658),#2662);
#2658 = LINE('',#2659,#2660);
#2659 = CARTESIAN_POINT('',(60.4,0.85));
#2660 = VECTOR('',#2661,1.);
#2661 = DIRECTION('',(0.,1.));
#2662 = ( GEOMETRIC_REPRESENTATION_CONTEXT(2) 
PARAMETRIC_REPRESENTATION_CONTEXT() REPRESENTATION_CONTEXT('2D SPACE',''
  ) );
#2663 = PCURVE('',#2664,#2669);
#2664 = PLANE('',#2665);
#2665 = AXIS2_PLACEMENT_3D('',#2666,#2667,#2668);
#2666 = CARTESIAN_POINT('',(28.4,-63.15,0.55));
#2667 = DIRECTION('',(1.,0.,0.));
#2668 = DIRECTION('',(0.,0.,1.));
#2669 = DEFINITIONAL_REPRESENTATION('',(#2670),#2674);
#2670 = LINE('',#2671,#2672);
#2671 = CARTESIAN_POINT('',(0.,0.));
#2672 = VECTOR('',#2673,1.);
#2673 = DIRECTION('',(0.,-1.));
#2674 = ( GEOMETRIC_REPRESENTATION_CONTEXT(2) 
PARAMETRIC_REPRESENTATION_CONTEXT() REPRESENTATION_CONTEXT('2D SPACE',''
  ) );
#2675 = ORIENTED_EDGE('',*,*,#2676,.F.);
#2676 = EDGE_CURVE('',#2677,#2649,#2679,.T.);
#2677 = VERTEX_POINT('',#2678);
#2678 = CARTESIAN_POINT('',(27.8,-29.45,0.55));
#2679 = SURFACE_CURVE('',#2680,(#2684,#2691),.PCURVE_S1.);
#2680 = LINE('',#2681,#2682);
#2681 = CARTESIAN_POINT('',(27.8,-29.45,0.55));
#2682 = VECTOR('',#2683,1.);
#2683 = DIRECTION('',(1.,0.,0.));
#2684 = PCURVE('',#100,#2685);
#2685 = DEFINITIONAL_REPRESENTATION('',(#2686),#2690);
#2686 = LINE('',#2687,#2688);
#2687 = CARTESIAN_POINT('',(59.8,34.55));
#2688 = VECTOR('',#2689,1.);
#2689 = DIRECTION('',(1.,0.));
#2690 = ( GEOMETRIC_REPRESENTATION_CONTEXT(2) 
PARAMETRIC_REPRESENTATION_CONTEXT() REPRESENTATION_CONTEXT('2D SPACE',''
  ) );
#2691 = PCURVE('',#2692,#2697);
#2692 = PLANE('',#2693);
#2693 = AXIS2_PLACEMENT_3D('',#2694,#2695,#2696);
#2694 = CARTESIAN_POINT('',(27.8,-29.45,0.55));
#2695 = DIRECTION('',(0.,1.,0.));
#2696 = DIRECTION('',(0.,0.,1.));
#2697 = DEFINITIONAL_REPRESENTATION('',(#2698),#2702);
#2698 = LINE('',#2699,#2700);
#2699 = CARTESIAN_POINT('',(0.,0.));
#2700 = VECTOR('',#2701,1.);
#2701 = DIRECTION('',(0.,1.));
#2702 = ( GEOMETRIC_REPRESENTATION_CONTEXT(2) 
PARAMETRIC_REPRESENTATION_CONTEXT() REPRESENTATION_CONTEXT('2D SPACE',''
  ) );
#2703 = ORIENTED_EDGE('',*,*,#2704,.F.);
#2704 = EDGE_CURVE('',#2705,#2677,#2707,.T.);
#2705 = VERTEX_POINT('',#2706);
#2706 = CARTESIAN_POINT('',(27.8,-62.01497197997,0.55));
#2707 = SURFACE_CURVE('',#2708,(#2712,#2719),.PCURVE_S1.);
#2708 = LINE('',#2709,#2710);
#2709 = CARTESIAN_POINT('',(27.8,-63.15,0.55));
#2710 = VECTOR('',#2711,1.);
#2711 = DIRECTION('',(0.,1.,0.));
#2712 = PCURVE('',#100,#2713);
#2713 = DEFINITIONAL_REPRESENTATION('',(#2714),#2718);
#2714 = LINE('',#2715,#2716);
#2715 = CARTESIAN_POINT('',(59.8,0.85));
#2716 = VECTOR('',#2717,1.);
#2717 = DIRECTION('',(0.,1.));
#2718 = ( GEOMETRIC_REPRESENTATION_CONTEXT(2) 
PARAMETRIC_REPRESENTATION_CONTEXT() REPRESENTATION_CONTEXT('2D SPACE',''
  ) );
#2719 = PCURVE('',#2720,#2725);
#2720 = PLANE('',#2721);
#2721 = AXIS2_PLACEMENT_3D('',#2722,#2723,#2724);
#2722 = CARTESIAN_POINT('',(27.8,-63.15,0.55));
#2723 = DIRECTION('',(1.,0.,0.));
#2724 = DIRECTION('',(0.,0.,1.));
#2725 = DEFINITIONAL_REPRESENTATION('',(#2726),#2730);
#2726 = LINE('',#2727,#2728);
#2727 = CARTESIAN_POINT('',(0.,0.));
#2728 = VECTOR('',#2729,1.);
#2729 = DIRECTION('',(0.,-1.));
#2730 = ( GEOMETRIC_REPRESENTATION_CONTEXT(2) 
PARAMETRIC_REPRESENTATION_CONTEXT() REPRESENTATION_CONTEXT('2D SPACE',''
  ) );
#2731 = ORIENTED_EDGE('',*,*,#2732,.F.);
#2732 = EDGE_CURVE('',#2733,#2705,#2735,.T.);
#2733 = VERTEX_POINT('',#2734);
#2734 = CARTESIAN_POINT('',(26.,-62.4,0.55));
#2735 = SURFACE_CURVE('',#2736,(#2741,#2748),.PCURVE_S1.);
#2736 = CIRCLE('',#2737,4.4);
#2737 = AXIS2_PLACEMENT_3D('',#2738,#2739,#2740);
#2738 = CARTESIAN_POINT('',(26.,-58.,0.55));
#2739 = DIRECTION('',(0.,0.,1.));
#2740 = DIRECTION('',(1.,0.,-0.));
#2741 = PCURVE('',#100,#2742);
#2742 = DEFINITIONAL_REPRESENTATION('',(#2743),#2747);
#2743 = CIRCLE('',#2744,4.4);
#2744 = AXIS2_PLACEMENT_2D('',#2745,#2746);
#2745 = CARTESIAN_POINT('',(58.,6.));
#2746 = DIRECTION('',(1.,0.));
#2747 = ( GEOMETRIC_REPRESENTATION_CONTEXT(2) 
PARAMETRIC_REPRESENTATION_CONTEXT() REPRESENTATION_CONTEXT('2D SPACE',''
  ) );
#2748 = PCURVE('',#612,#2749);
#2749 = DEFINITIONAL_REPRESENTATION('',(#2750),#2754);
#2750 = LINE('',#2751,#2752);
#2751 = CARTESIAN_POINT('',(-6.28318530718,0.15));
#2752 = VECTOR('',#2753,1.);
#2753 = DIRECTION('',(1.,-0.));
#2754 = ( GEOMETRIC_REPRESENTATION_CONTEXT(2) 
PARAMETRIC_REPRESENTATION_CONTEXT() REPRESENTATION_CONTEXT('2D SPACE',''
  ) );
#2755 = ORIENTED_EDGE('',*,*,#2756,.T.);
#2756 = EDGE_CURVE('',#2733,#2757,#2759,.T.);
#2757 = VERTEX_POINT('',#2758);
#2758 = CARTESIAN_POINT('',(1.9,-62.4,0.55));
#2759 = SURFACE_CURVE('',#2760,(#2764,#2771),.PCURVE_S1.);
#2760 = LINE('',#2761,#2762);
#2761 = CARTESIAN_POINT('',(-31.2,-62.4,0.55));
#2762 = VECTOR('',#2763,1.);
#2763 = DIRECTION('',(-1.,0.,0.));
#2764 = PCURVE('',#100,#2765);
#2765 = DEFINITIONAL_REPRESENTATION('',(#2766),#2770);
#2766 = LINE('',#2767,#2768);
#2767 = CARTESIAN_POINT('',(0.8,1.6));
#2768 = VECTOR('',#2769,1.);
#2769 = DIRECTION('',(-1.,0.));
#2770 = ( GEOMETRIC_REPRESENTATION_CONTEXT(2) 
PARAMETRIC_REPRESENTATION_CONTEXT() REPRESENTATION_CONTEXT('2D SPACE',''
  ) );
#2771 = PCURVE('',#640,#2772);
#2772 = DEFINITIONAL_REPRESENTATION('',(#2773),#2776);
#2773 = B_SPLINE_CURVE_WITH_KNOTS('',1,(#2774,#2775),.UNSPECIFIED.,.F.,
  .F.,(2,2),(-57.2,-5.2),.PIECEWISE_BEZIER_KNOTS.);
#2774 = CARTESIAN_POINT('',(0.15,56.4));
#2775 = CARTESIAN_POINT('',(0.15,4.4));
#2776 = ( GEOMETRIC_REPRESENTATION_CONTEXT(2) 
PARAMETRIC_REPRESENTATION_CONTEXT() REPRESENTATION_CONTEXT('2D SPACE',''
  ) );
#2777 = ORIENTED_EDGE('',*,*,#2778,.F.);
#2778 = EDGE_CURVE('',#2779,#2757,#2781,.T.);
#2779 = VERTEX_POINT('',#2780);
#2780 = CARTESIAN_POINT('',(1.9,-60.2,0.55));
#2781 = SURFACE_CURVE('',#2782,(#2786,#2793),.PCURVE_S1.);
#2782 = LINE('',#2783,#2784);
#2783 = CARTESIAN_POINT('',(1.9,-60.2,0.55));
#2784 = VECTOR('',#2785,1.);
#2785 = DIRECTION('',(5.046468293751E-16,-1.,0.));
#2786 = PCURVE('',#100,#2787);
#2787 = DEFINITIONAL_REPRESENTATION('',(#2788),#2792);
#2788 = LINE('',#2789,#2790);
#2789 = CARTESIAN_POINT('',(33.9,3.8));
#2790 = VECTOR('',#2791,1.);
#2791 = DIRECTION('',(5.046468293751E-16,-1.));
#2792 = ( GEOMETRIC_REPRESENTATION_CONTEXT(2) 
PARAMETRIC_REPRESENTATION_CONTEXT() REPRESENTATION_CONTEXT('2D SPACE',''
  ) );
#2793 = PCURVE('',#667,#2794);
#2794 = DEFINITIONAL_REPRESENTATION('',(#2795),#2799);
#2795 = LINE('',#2796,#2797);
#2796 = CARTESIAN_POINT('',(0.,-3.6));
#2797 = VECTOR('',#2798,1.);
#2798 = DIRECTION('',(0.,1.));
#2799 = ( GEOMETRIC_REPRESENTATION_CONTEXT(2) 
PARAMETRIC_REPRESENTATION_CONTEXT() REPRESENTATION_CONTEXT('2D SPACE',''
  ) );
#2800 = ORIENTED_EDGE('',*,*,#2801,.F.);
#2801 = EDGE_CURVE('',#2802,#2779,#2804,.T.);
#2802 = VERTEX_POINT('',#2803);
#2803 = CARTESIAN_POINT('',(1.8,-60.2,0.55));
#2804 = SURFACE_CURVE('',#2805,(#2809,#2816),.PCURVE_S1.);
#2805 = LINE('',#2806,#2807);
#2806 = CARTESIAN_POINT('',(-1.9,-60.2,0.55));
#2807 = VECTOR('',#2808,1.);
#2808 = DIRECTION('',(1.,0.,0.));
#2809 = PCURVE('',#100,#2810);
#2810 = DEFINITIONAL_REPRESENTATION('',(#2811),#2815);
#2811 = LINE('',#2812,#2813);
#2812 = CARTESIAN_POINT('',(30.1,3.8));
#2813 = VECTOR('',#2814,1.);
#2814 = DIRECTION('',(1.,0.));
#2815 = ( GEOMETRIC_REPRESENTATION_CONTEXT(2) 
PARAMETRIC_REPRESENTATION_CONTEXT() REPRESENTATION_CONTEXT('2D SPACE',''
  ) );
#2816 = PCURVE('',#695,#2817);
#2817 = DEFINITIONAL_REPRESENTATION('',(#2818),#2822);
#2818 = LINE('',#2819,#2820);
#2819 = CARTESIAN_POINT('',(0.,0.));
#2820 = VECTOR('',#2821,1.);
#2821 = DIRECTION('',(0.,1.));
#2822 = ( GEOMETRIC_REPRESENTATION_CONTEXT(2) 
PARAMETRIC_REPRESENTATION_CONTEXT() REPRESENTATION_CONTEXT('2D SPACE',''
  ) );
#2823 = ORIENTED_EDGE('',*,*,#2824,.T.);
#2824 = EDGE_CURVE('',#2802,#2825,#2827,.T.);
#2825 = VERTEX_POINT('',#2826);
#2826 = CARTESIAN_POINT('',(1.8,-29.45,0.55));
#2827 = SURFACE_CURVE('',#2828,(#2832,#2839),.PCURVE_S1.);
#2828 = LINE('',#2829,#2830);
#2829 = CARTESIAN_POINT('',(1.8,-63.15,0.55));
#2830 = VECTOR('',#2831,1.);
#2831 = DIRECTION('',(0.,1.,0.));
#2832 = PCURVE('',#100,#2833);
#2833 = DEFINITIONAL_REPRESENTATION('',(#2834),#2838);
#2834 = LINE('',#2835,#2836);
#2835 = CARTESIAN_POINT('',(33.8,0.85));
#2836 = VECTOR('',#2837,1.);
#2837 = DIRECTION('',(0.,1.));
#2838 = ( GEOMETRIC_REPRESENTATION_CONTEXT(2) 
PARAMETRIC_REPRESENTATION_CONTEXT() REPRESENTATION_CONTEXT('2D SPACE',''
  ) );
#2839 = PCURVE('',#2840,#2845);
#2840 = PLANE('',#2841);
#2841 = AXIS2_PLACEMENT_3D('',#2842,#2843,#2844);
#2842 = CARTESIAN_POINT('',(1.8,-63.15,0.55));
#2843 = DIRECTION('',(1.,0.,0.));
#2844 = DIRECTION('',(0.,0.,1.));
#2845 = DEFINITIONAL_REPRESENTATION('',(#2846),#2850);
#2846 = LINE('',#2847,#2848);
#2847 = CARTESIAN_POINT('',(0.,0.));
#2848 = VECTOR('',#2849,1.);
#2849 = DIRECTION('',(0.,-1.));
#2850 = ( GEOMETRIC_REPRESENTATION_CONTEXT(2) 
PARAMETRIC_REPRESENTATION_CONTEXT() REPRESENTATION_CONTEXT('2D SPACE',''
  ) );
#2851 = ORIENTED_EDGE('',*,*,#2852,.F.);
#2852 = EDGE_CURVE('',#2853,#2825,#2855,.T.);
#2853 = VERTEX_POINT('',#2854);
#2854 = CARTESIAN_POINT('',(1.2,-29.45,0.55));
#2855 = SURFACE_CURVE('',#2856,(#2860,#2867),.PCURVE_S1.);
#2856 = LINE('',#2857,#2858);
#2857 = CARTESIAN_POINT('',(1.2,-29.45,0.55));
#2858 = VECTOR('',#2859,1.);
#2859 = DIRECTION('',(1.,0.,0.));
#2860 = PCURVE('',#100,#2861);
#2861 = DEFINITIONAL_REPRESENTATION('',(#2862),#2866);
#2862 = LINE('',#2863,#2864);
#2863 = CARTESIAN_POINT('',(33.2,34.55));
#2864 = VECTOR('',#2865,1.);
#2865 = DIRECTION('',(1.,0.));
#2866 = ( GEOMETRIC_REPRESENTATION_CONTEXT(2) 
PARAMETRIC_REPRESENTATION_CONTEXT() REPRESENTATION_CONTEXT('2D SPACE',''
  ) );
#2867 = PCURVE('',#2868,#2873);
#2868 = PLANE('',#2869);
#2869 = AXIS2_PLACEMENT_3D('',#2870,#2871,#2872);
#2870 = CARTESIAN_POINT('',(1.2,-29.45,0.55));
#2871 = DIRECTION('',(0.,1.,0.));
#2872 = DIRECTION('',(0.,0.,1.));
#2873 = DEFINITIONAL_REPRESENTATION('',(#2874),#2878);
#2874 = LINE('',#2875,#2876);
#2875 = CARTESIAN_POINT('',(0.,0.));
#2876 = VECTOR('',#2877,1.);
#2877 = DIRECTION('',(0.,1.));
#2878 = ( GEOMETRIC_REPRESENTATION_CONTEXT(2) 
PARAMETRIC_REPRESENTATION_CONTEXT() REPRESENTATION_CONTEXT('2D SPACE',''
  ) );
#2879 = ORIENTED_EDGE('',*,*,#2880,.F.);
#2880 = EDGE_CURVE('',#2881,#2853,#2883,.T.);
#2881 = VERTEX_POINT('',#2882);
#2882 = CARTESIAN_POINT('',(1.2,-59.52690801373,0.55));
#2883 = SURFACE_CURVE('',#2884,(#2888,#2895),.PCURVE_S1.);
#2884 = LINE('',#2885,#2886);
#2885 = CARTESIAN_POINT('',(1.2,-63.15,0.55));
#2886 = VECTOR('',#2887,1.);
#2887 = DIRECTION('',(0.,1.,0.));
#2888 = PCURVE('',#100,#2889);
#2889 = DEFINITIONAL_REPRESENTATION('',(#2890),#2894);
#2890 = LINE('',#2891,#2892);
#2891 = CARTESIAN_POINT('',(33.2,0.85));
#2892 = VECTOR('',#2893,1.);
#2893 = DIRECTION('',(0.,1.));
#2894 = ( GEOMETRIC_REPRESENTATION_CONTEXT(2) 
PARAMETRIC_REPRESENTATION_CONTEXT() REPRESENTATION_CONTEXT('2D SPACE',''
  ) );
#2895 = PCURVE('',#2896,#2901);
#2896 = PLANE('',#2897);
#2897 = AXIS2_PLACEMENT_3D('',#2898,#2899,#2900);
#2898 = CARTESIAN_POINT('',(1.2,-63.15,0.55));
#2899 = DIRECTION('',(1.,0.,0.));
#2900 = DIRECTION('',(0.,0.,1.));
#2901 = DEFINITIONAL_REPRESENTATION('',(#2902),#2906);
#2902 = LINE('',#2903,#2904);
#2903 = CARTESIAN_POINT('',(0.,0.));
#2904 = VECTOR('',#2905,1.);
#2905 = DIRECTION('',(0.,-1.));
#2906 = ( GEOMETRIC_REPRESENTATION_CONTEXT(2) 
PARAMETRIC_REPRESENTATION_CONTEXT() REPRESENTATION_CONTEXT('2D SPACE',''
  ) );
#2907 = ORIENTED_EDGE('',*,*,#2908,.F.);
#2908 = EDGE_CURVE('',#2909,#2881,#2911,.T.);
#2909 = VERTEX_POINT('',#2910);
#2910 = CARTESIAN_POINT('',(-1.723368793961,-60.2,0.55));
#2911 = SURFACE_CURVE('',#2912,(#2917,#2928),.PCURVE_S1.);
#2912 = CIRCLE('',#2913,1.9);
#2913 = AXIS2_PLACEMENT_3D('',#2914,#2915,#2916);
#2914 = CARTESIAN_POINT('',(0.,-61.,0.55));
#2915 = DIRECTION('',(-0.,0.,-1.));
#2916 = DIRECTION('',(-0.676064872561,-0.736842105263,0.));
#2917 = PCURVE('',#100,#2918);
#2918 = DEFINITIONAL_REPRESENTATION('',(#2919),#2927);
#2919 = ( BOUNDED_CURVE() B_SPLINE_CURVE(2,(#2920,#2921,#2922,#2923,
#2924,#2925,#2926),.UNSPECIFIED.,.T.,.F.) B_SPLINE_CURVE_WITH_KNOTS((1,2
    ,2,2,2,1),(-2.094395102393,0.,2.094395102393,4.188790204786,
6.28318530718,8.377580409573),.UNSPECIFIED.) CURVE() 
GEOMETRIC_REPRESENTATION_ITEM() RATIONAL_B_SPLINE_CURVE((1.,0.5,1.,0.5,
1.,0.5,1.)) REPRESENTATION_ITEM('') );
#2920 = CARTESIAN_POINT('',(30.715476742133,1.6));
#2921 = CARTESIAN_POINT('',(28.290605611537,3.824859546129));
#2922 = CARTESIAN_POINT('',(31.429826063635,4.812429773064));
#2923 = CARTESIAN_POINT('',(34.569046515733,5.8));
#2924 = CARTESIAN_POINT('',(33.854697194231,2.587570226936));
#2925 = CARTESIAN_POINT('',(33.14034787273,-0.624859546129));
#2926 = CARTESIAN_POINT('',(30.715476742133,1.6));
#2927 = ( GEOMETRIC_REPRESENTATION_CONTEXT(2) 
PARAMETRIC_REPRESENTATION_CONTEXT() REPRESENTATION_CONTEXT('2D SPACE',''
  ) );
#2928 = PCURVE('',#724,#2929);
#2929 = DEFINITIONAL_REPRESENTATION('',(#2930),#2934);
#2930 = LINE('',#2931,#2932);
#2931 = CARTESIAN_POINT('',(-10.25316535754,0.));
#2932 = VECTOR('',#2933,1.);
#2933 = DIRECTION('',(1.,-0.));
#2934 = ( GEOMETRIC_REPRESENTATION_CONTEXT(2) 
PARAMETRIC_REPRESENTATION_CONTEXT() REPRESENTATION_CONTEXT('2D SPACE',''
  ) );
#2935 = ORIENTED_EDGE('',*,*,#2936,.F.);
#2936 = EDGE_CURVE('',#2937,#2909,#2939,.T.);
#2937 = VERTEX_POINT('',#2938);
#2938 = CARTESIAN_POINT('',(-1.9,-60.2,0.55));
#2939 = SURFACE_CURVE('',#2940,(#2944,#2951),.PCURVE_S1.);
#2940 = LINE('',#2941,#2942);
#2941 = CARTESIAN_POINT('',(-1.9,-60.2,0.55));
#2942 = VECTOR('',#2943,1.);
#2943 = DIRECTION('',(1.,0.,0.));
#2944 = PCURVE('',#100,#2945);
#2945 = DEFINITIONAL_REPRESENTATION('',(#2946),#2950);
#2946 = LINE('',#2947,#2948);
#2947 = CARTESIAN_POINT('',(30.1,3.8));
#2948 = VECTOR('',#2949,1.);
#2949 = DIRECTION('',(1.,0.));
#2950 = ( GEOMETRIC_REPRESENTATION_CONTEXT(2) 
PARAMETRIC_REPRESENTATION_CONTEXT() REPRESENTATION_CONTEXT('2D SPACE',''
  ) );
#2951 = PCURVE('',#752,#2952);
#2952 = DEFINITIONAL_REPRESENTATION('',(#2953),#2957);
#2953 = LINE('',#2954,#2955);
#2954 = CARTESIAN_POINT('',(0.,0.));
#2955 = VECTOR('',#2956,1.);
#2956 = DIRECTION('',(0.,1.));
#2957 = ( GEOMETRIC_REPRESENTATION_CONTEXT(2) 
PARAMETRIC_REPRESENTATION_CONTEXT() REPRESENTATION_CONTEXT('2D SPACE',''
  ) );
#2958 = ORIENTED_EDGE('',*,*,#2959,.F.);
#2959 = EDGE_CURVE('',#2960,#2937,#2962,.T.);
#2960 = VERTEX_POINT('',#2961);
#2961 = CARTESIAN_POINT('',(-1.9,-62.4,0.55));
#2962 = SURFACE_CURVE('',#2963,(#2967,#2974),.PCURVE_S1.);
#2963 = LINE('',#2964,#2965);
#2964 = CARTESIAN_POINT('',(-1.9,-62.4,0.55));
#2965 = VECTOR('',#2966,1.);
#2966 = DIRECTION('',(-3.02788097625E-16,1.,0.));
#2967 = PCURVE('',#100,#2968);
#2968 = DEFINITIONAL_REPRESENTATION('',(#2969),#2973);
#2969 = LINE('',#2970,#2971);
#2970 = CARTESIAN_POINT('',(30.1,1.6));
#2971 = VECTOR('',#2972,1.);
#2972 = DIRECTION('',(-3.02788097625E-16,1.));
#2973 = ( GEOMETRIC_REPRESENTATION_CONTEXT(2) 
PARAMETRIC_REPRESENTATION_CONTEXT() REPRESENTATION_CONTEXT('2D SPACE',''
  ) );
#2974 = PCURVE('',#780,#2975);
#2975 = DEFINITIONAL_REPRESENTATION('',(#2976),#2980);
#2976 = LINE('',#2977,#2978);
#2977 = CARTESIAN_POINT('',(0.,-1.4));
#2978 = VECTOR('',#2979,1.);
#2979 = DIRECTION('',(0.,-1.));
#2980 = ( GEOMETRIC_REPRESENTATION_CONTEXT(2) 
PARAMETRIC_REPRESENTATION_CONTEXT() REPRESENTATION_CONTEXT('2D SPACE',''
  ) );
#2981 = ORIENTED_EDGE('',*,*,#2982,.T.);
#2982 = EDGE_CURVE('',#2960,#2983,#2985,.T.);
#2983 = VERTEX_POINT('',#2984);
#2984 = CARTESIAN_POINT('',(-22.38445055786,-62.4,0.55));
#2985 = SURFACE_CURVE('',#2986,(#2990,#2997),.PCURVE_S1.);
#2986 = LINE('',#2987,#2988);
#2987 = CARTESIAN_POINT('',(-31.2,-62.4,0.55));
#2988 = VECTOR('',#2989,1.);
#2989 = DIRECTION('',(-1.,0.,0.));
#2990 = PCURVE('',#100,#2991);
#2991 = DEFINITIONAL_REPRESENTATION('',(#2992),#2996);
#2992 = LINE('',#2993,#2994);
#2993 = CARTESIAN_POINT('',(0.8,1.6));
#2994 = VECTOR('',#2995,1.);
#2995 = DIRECTION('',(-1.,0.));
#2996 = ( GEOMETRIC_REPRESENTATION_CONTEXT(2) 
PARAMETRIC_REPRESENTATION_CONTEXT() REPRESENTATION_CONTEXT('2D SPACE',''
  ) );
#2997 = PCURVE('',#808,#2998);
#2998 = DEFINITIONAL_REPRESENTATION('',(#2999),#3002);
#2999 = B_SPLINE_CURVE_WITH_KNOTS('',1,(#3000,#3001),.UNSPECIFIED.,.F.,
  .F.,(2,2),(-57.2,-5.2),.PIECEWISE_BEZIER_KNOTS.);
#3000 = CARTESIAN_POINT('',(0.15,56.4));
#3001 = CARTESIAN_POINT('',(0.15,4.4));
#3002 = ( GEOMETRIC_REPRESENTATION_CONTEXT(2) 
PARAMETRIC_REPRESENTATION_CONTEXT() REPRESENTATION_CONTEXT('2D SPACE',''
  ) );
#3003 = ORIENTED_EDGE('',*,*,#3004,.F.);
#3004 = EDGE_CURVE('',#3005,#2983,#3007,.T.);
#3005 = VERTEX_POINT('',#3006);
#3006 = CARTESIAN_POINT('',(-22.83380962103,-59.9,0.55));
#3007 = SURFACE_CURVE('',#3008,(#3013,#3024),.PCURVE_S1.);
#3008 = CIRCLE('',#3009,1.9);
#3009 = AXIS2_PLACEMENT_3D('',#3010,#3011,#3012);
#3010 = CARTESIAN_POINT('',(-24.,-61.4,0.55));
#3011 = DIRECTION('',(-0.,0.,-1.));
#3012 = DIRECTION('',(-0.850289180074,-0.526315789474,0.));
#3013 = PCURVE('',#100,#3014);
#3014 = DEFINITIONAL_REPRESENTATION('',(#3015),#3023);
#3015 = ( BOUNDED_CURVE() B_SPLINE_CURVE(2,(#3016,#3017,#3018,#3019,
#3020,#3021,#3022),.UNSPECIFIED.,.T.,.F.) B_SPLINE_CURVE_WITH_KNOTS((1,2
    ,2,2,2,1),(-2.094395102393,0.,2.094395102393,4.188790204786,
6.28318530718,8.377580409573),.UNSPECIFIED.) CURVE() 
GEOMETRIC_REPRESENTATION_ITEM() RATIONAL_B_SPLINE_CURVE((1.,0.5,1.,0.5,
1.,0.5,1.)) REPRESENTATION_ITEM('') );
#3016 = CARTESIAN_POINT('',(6.38445055786,1.6));
#3017 = CARTESIAN_POINT('',(4.652399750291,4.398213715927));
#3018 = CARTESIAN_POINT('',(7.941749317286,4.499106857963));
#3019 = CARTESIAN_POINT('',(11.231098884281,4.6));
#3020 = CARTESIAN_POINT('',(9.673800124855,1.700893142037));
#3021 = CARTESIAN_POINT('',(8.116501365429,-1.198213715927));
#3022 = CARTESIAN_POINT('',(6.38445055786,1.6));
#3023 = ( GEOMETRIC_REPRESENTATION_CONTEXT(2) 
PARAMETRIC_REPRESENTATION_CONTEXT() REPRESENTATION_CONTEXT('2D SPACE',''
  ) );
#3024 = PCURVE('',#836,#3025);
#3025 = DEFINITIONAL_REPRESENTATION('',(#3026),#3030);
#3026 = LINE('',#3027,#3028);
#3027 = CARTESIAN_POINT('',(-9.979039795222,0.));
#3028 = VECTOR('',#3029,1.);
#3029 = DIRECTION('',(1.,-0.));
#3030 = ( GEOMETRIC_REPRESENTATION_CONTEXT(2) 
PARAMETRIC_REPRESENTATION_CONTEXT() REPRESENTATION_CONTEXT('2D SPACE',''
  ) );
#3031 = ORIENTED_EDGE('',*,*,#3032,.T.);
#3032 = EDGE_CURVE('',#3005,#3033,#3035,.T.);
#3033 = VERTEX_POINT('',#3034);
#3034 = CARTESIAN_POINT('',(-1.9,-59.9,0.55));
#3035 = SURFACE_CURVE('',#3036,(#3040,#3047),.PCURVE_S1.);
#3036 = LINE('',#3037,#3038);
#3037 = CARTESIAN_POINT('',(-31.3,-59.9,0.55));
#3038 = VECTOR('',#3039,1.);
#3039 = DIRECTION('',(1.,0.,0.));
#3040 = PCURVE('',#100,#3041);
#3041 = DEFINITIONAL_REPRESENTATION('',(#3042),#3046);
#3042 = LINE('',#3043,#3044);
#3043 = CARTESIAN_POINT('',(0.7,4.1));
#3044 = VECTOR('',#3045,1.);
#3045 = DIRECTION('',(1.,0.));
#3046 = ( GEOMETRIC_REPRESENTATION_CONTEXT(2) 
PARAMETRIC_REPRESENTATION_CONTEXT() REPRESENTATION_CONTEXT('2D SPACE',''
  ) );
#3047 = PCURVE('',#3048,#3053);
#3048 = PLANE('',#3049);
#3049 = AXIS2_PLACEMENT_3D('',#3050,#3051,#3052);
#3050 = CARTESIAN_POINT('',(-31.3,-59.9,0.55));
#3051 = DIRECTION('',(0.,1.,0.));
#3052 = DIRECTION('',(0.,0.,1.));
#3053 = DEFINITIONAL_REPRESENTATION('',(#3054),#3058);
#3054 = LINE('',#3055,#3056);
#3055 = CARTESIAN_POINT('',(0.,0.));
#3056 = VECTOR('',#3057,1.);
#3057 = DIRECTION('',(0.,1.));
#3058 = ( GEOMETRIC_REPRESENTATION_CONTEXT(2) 
PARAMETRIC_REPRESENTATION_CONTEXT() REPRESENTATION_CONTEXT('2D SPACE',''
  ) );
#3059 = ORIENTED_EDGE('',*,*,#3060,.T.);
#3060 = EDGE_CURVE('',#3033,#2321,#3061,.T.);
#3061 = SURFACE_CURVE('',#3062,(#3066,#3073),.PCURVE_S1.);
#3062 = LINE('',#3063,#3064);
#3063 = CARTESIAN_POINT('',(-1.9,-59.9,0.55));
#3064 = VECTOR('',#3065,1.);
#3065 = DIRECTION('',(0.,1.,0.));
#3066 = PCURVE('',#100,#3067);
#3067 = DEFINITIONAL_REPRESENTATION('',(#3068),#3072);
#3068 = LINE('',#3069,#3070);
#3069 = CARTESIAN_POINT('',(30.1,4.1));
#3070 = VECTOR('',#3071,1.);
#3071 = DIRECTION('',(0.,1.));
#3072 = ( GEOMETRIC_REPRESENTATION_CONTEXT(2) 
PARAMETRIC_REPRESENTATION_CONTEXT() REPRESENTATION_CONTEXT('2D SPACE',''
  ) );
#3073 = PCURVE('',#3074,#3079);
#3074 = PLANE('',#3075);
#3075 = AXIS2_PLACEMENT_3D('',#3076,#3077,#3078);
#3076 = CARTESIAN_POINT('',(-1.9,-59.9,0.55));
#3077 = DIRECTION('',(1.,0.,0.));
#3078 = DIRECTION('',(0.,0.,1.));
#3079 = DEFINITIONAL_REPRESENTATION('',(#3080),#3084);
#3080 = LINE('',#3081,#3082);
#3081 = CARTESIAN_POINT('',(0.,0.));
#3082 = VECTOR('',#3083,1.);
#3083 = DIRECTION('',(0.,-1.));
#3084 = ( GEOMETRIC_REPRESENTATION_CONTEXT(2) 
PARAMETRIC_REPRESENTATION_CONTEXT() REPRESENTATION_CONTEXT('2D SPACE',''
  ) );
#3085 = FACE_BOUND('',#3086,.F.);
#3086 = EDGE_LOOP('',(#3087,#3117,#3145,#3173));
#3087 = ORIENTED_EDGE('',*,*,#3088,.T.);
#3088 = EDGE_CURVE('',#3089,#3091,#3093,.T.);
#3089 = VERTEX_POINT('',#3090);
#3090 = CARTESIAN_POINT('',(-30.4,6.95,0.55));
#3091 = VERTEX_POINT('',#3092);
#3092 = CARTESIAN_POINT('',(-29.7,6.95,0.55));
#3093 = SURFACE_CURVE('',#3094,(#3098,#3105),.PCURVE_S1.);
#3094 = LINE('',#3095,#3096);
#3095 = CARTESIAN_POINT('',(-31.,6.95,0.55));
#3096 = VECTOR('',#3097,1.);
#3097 = DIRECTION('',(1.,0.,0.));
#3098 = PCURVE('',#100,#3099);
#3099 = DEFINITIONAL_REPRESENTATION('',(#3100),#3104);
#3100 = LINE('',#3101,#3102);
#3101 = CARTESIAN_POINT('',(1.,70.95));
#3102 = VECTOR('',#3103,1.);
#3103 = DIRECTION('',(1.,0.));
#3104 = ( GEOMETRIC_REPRESENTATION_CONTEXT(2) 
PARAMETRIC_REPRESENTATION_CONTEXT() REPRESENTATION_CONTEXT('2D SPACE',''
  ) );
#3105 = PCURVE('',#3106,#3111);
#3106 = PLANE('',#3107);
#3107 = AXIS2_PLACEMENT_3D('',#3108,#3109,#3110);
#3108 = CARTESIAN_POINT('',(-31.,6.95,0.55));
#3109 = DIRECTION('',(0.,1.,0.));
#3110 = DIRECTION('',(0.,0.,1.));
#3111 = DEFINITIONAL_REPRESENTATION('',(#3112),#3116);
#3112 = LINE('',#3113,#3114);
#3113 = CARTESIAN_POINT('',(0.,0.));
#3114 = VECTOR('',#3115,1.);
#3115 = DIRECTION('',(0.,1.));
#3116 = ( GEOMETRIC_REPRESENTATION_CONTEXT(2) 
PARAMETRIC_REPRESENTATION_CONTEXT() REPRESENTATION_CONTEXT('2D SPACE',''
  ) );
#3117 = ORIENTED_EDGE('',*,*,#3118,.F.);
#3118 = EDGE_CURVE('',#3119,#3091,#3121,.T.);
#3119 = VERTEX_POINT('',#3120);
#3120 = CARTESIAN_POINT('',(-29.7,-19.25,0.55));
#3121 = SURFACE_CURVE('',#3122,(#3126,#3133),.PCURVE_S1.);
#3122 = LINE('',#3123,#3124);
#3123 = CARTESIAN_POINT('',(-29.7,-19.85,0.55));
#3124 = VECTOR('',#3125,1.);
#3125 = DIRECTION('',(0.,1.,0.));
#3126 = PCURVE('',#100,#3127);
#3127 = DEFINITIONAL_REPRESENTATION('',(#3128),#3132);
#3128 = LINE('',#3129,#3130);
#3129 = CARTESIAN_POINT('',(2.3,44.15));
#3130 = VECTOR('',#3131,1.);
#3131 = DIRECTION('',(0.,1.));
#3132 = ( GEOMETRIC_REPRESENTATION_CONTEXT(2) 
PARAMETRIC_REPRESENTATION_CONTEXT() REPRESENTATION_CONTEXT('2D SPACE',''
  ) );
#3133 = PCURVE('',#3134,#3139);
#3134 = PLANE('',#3135);
#3135 = AXIS2_PLACEMENT_3D('',#3136,#3137,#3138);
#3136 = CARTESIAN_POINT('',(-29.7,-19.85,0.55));
#3137 = DIRECTION('',(1.,0.,0.));
#3138 = DIRECTION('',(0.,0.,1.));
#3139 = DEFINITIONAL_REPRESENTATION('',(#3140),#3144);
#3140 = LINE('',#3141,#3142);
#3141 = CARTESIAN_POINT('',(0.,0.));
#3142 = VECTOR('',#3143,1.);
#3143 = DIRECTION('',(0.,-1.));
#3144 = ( GEOMETRIC_REPRESENTATION_CONTEXT(2) 
PARAMETRIC_REPRESENTATION_CONTEXT() REPRESENTATION_CONTEXT('2D SPACE',''
  ) );
#3145 = ORIENTED_EDGE('',*,*,#3146,.F.);
#3146 = EDGE_CURVE('',#3147,#3119,#3149,.T.);
#3147 = VERTEX_POINT('',#3148);
#3148 = CARTESIAN_POINT('',(-30.4,-19.25,0.55));
#3149 = SURFACE_CURVE('',#3150,(#3154,#3161),.PCURVE_S1.);
#3150 = LINE('',#3151,#3152);
#3151 = CARTESIAN_POINT('',(-31.,-19.25,0.55));
#3152 = VECTOR('',#3153,1.);
#3153 = DIRECTION('',(1.,0.,0.));
#3154 = PCURVE('',#100,#3155);
#3155 = DEFINITIONAL_REPRESENTATION('',(#3156),#3160);
#3156 = LINE('',#3157,#3158);
#3157 = CARTESIAN_POINT('',(1.,44.75));
#3158 = VECTOR('',#3159,1.);
#3159 = DIRECTION('',(1.,0.));
#3160 = ( GEOMETRIC_REPRESENTATION_CONTEXT(2) 
PARAMETRIC_REPRESENTATION_CONTEXT() REPRESENTATION_CONTEXT('2D SPACE',''
  ) );
#3161 = PCURVE('',#3162,#3167);
#3162 = PLANE('',#3163);
#3163 = AXIS2_PLACEMENT_3D('',#3164,#3165,#3166);
#3164 = CARTESIAN_POINT('',(-31.,-19.25,0.55));
#3165 = DIRECTION('',(0.,1.,0.));
#3166 = DIRECTION('',(0.,0.,1.));
#3167 = DEFINITIONAL_REPRESENTATION('',(#3168),#3172);
#3168 = LINE('',#3169,#3170);
#3169 = CARTESIAN_POINT('',(0.,0.));
#3170 = VECTOR('',#3171,1.);
#3171 = DIRECTION('',(0.,1.));
#3172 = ( GEOMETRIC_REPRESENTATION_CONTEXT(2) 
PARAMETRIC_REPRESENTATION_CONTEXT() REPRESENTATION_CONTEXT('2D SPACE',''
  ) );
#3173 = ORIENTED_EDGE('',*,*,#3174,.T.);
#3174 = EDGE_CURVE('',#3147,#3089,#3175,.T.);
#3175 = SURFACE_CURVE('',#3176,(#3180,#3187),.PCURVE_S1.);
#3176 = LINE('',#3177,#3178);
#3177 = CARTESIAN_POINT('',(-30.4,-63.2,0.55));
#3178 = VECTOR('',#3179,1.);
#3179 = DIRECTION('',(0.,1.,0.));
#3180 = PCURVE('',#100,#3181);
#3181 = DEFINITIONAL_REPRESENTATION('',(#3182),#3186);
#3182 = LINE('',#3183,#3184);
#3183 = CARTESIAN_POINT('',(1.6,0.8));
#3184 = VECTOR('',#3185,1.);
#3185 = DIRECTION('',(0.,1.));
#3186 = ( GEOMETRIC_REPRESENTATION_CONTEXT(2) 
PARAMETRIC_REPRESENTATION_CONTEXT() REPRESENTATION_CONTEXT('2D SPACE',''
  ) );
#3187 = PCURVE('',#920,#3188);
#3188 = DEFINITIONAL_REPRESENTATION('',(#3189),#3192);
#3189 = B_SPLINE_CURVE_WITH_KNOTS('',1,(#3190,#3191),.UNSPECIFIED.,.F.,
  .F.,(2,2),(5.2,121.2),.PIECEWISE_BEZIER_KNOTS.);
#3190 = CARTESIAN_POINT('',(0.15,-4.4));
#3191 = CARTESIAN_POINT('',(0.15,-120.4));
#3192 = ( GEOMETRIC_REPRESENTATION_CONTEXT(2) 
PARAMETRIC_REPRESENTATION_CONTEXT() REPRESENTATION_CONTEXT('2D SPACE',''
  ) );
#3193 = FACE_BOUND('',#3194,.F.);
#3194 = EDGE_LOOP('',(#3195,#3230,#3258,#3282));
#3195 = ORIENTED_EDGE('',*,*,#3196,.F.);
#3196 = EDGE_CURVE('',#3197,#3199,#3201,.T.);
#3197 = VERTEX_POINT('',#3198);
#3198 = CARTESIAN_POINT('',(-26.57082780724,59.15,0.55));
#3199 = VERTEX_POINT('',#3200);
#3200 = CARTESIAN_POINT('',(-25.82300896106,59.9875,0.55));
#3201 = SURFACE_CURVE('',#3202,(#3207,#3218),.PCURVE_S1.);
#3202 = CIRCLE('',#3203,1.7);
#3203 = AXIS2_PLACEMENT_3D('',#3204,#3205,#3206);
#3204 = CARTESIAN_POINT('',(-25.,58.5,0.55));
#3205 = DIRECTION('',(0.,0.,-1.));
#3206 = DIRECTION('',(0.484122918276,0.875,0.));
#3207 = PCURVE('',#100,#3208);
#3208 = DEFINITIONAL_REPRESENTATION('',(#3209),#3217);
#3209 = ( BOUNDED_CURVE() B_SPLINE_CURVE(2,(#3210,#3211,#3212,#3213,
#3214,#3215,#3216),.UNSPECIFIED.,.T.,.F.) B_SPLINE_CURVE_WITH_KNOTS((1,2
    ,2,2,2,1),(-2.094395102393,0.,2.094395102393,4.188790204786,
6.28318530718,8.377580409573),.UNSPECIFIED.) CURVE() 
GEOMETRIC_REPRESENTATION_ITEM() RATIONAL_B_SPLINE_CURVE((1.,0.5,1.,0.5,
1.,0.5,1.)) REPRESENTATION_ITEM('') );
#3210 = CARTESIAN_POINT('',(7.823008961069,123.9875));
#3211 = CARTESIAN_POINT('',(10.399434537328,122.56200666434));
#3212 = CARTESIAN_POINT('',(7.876708307595,121.04350333217));
#3213 = CARTESIAN_POINT('',(5.353982077862,119.525));
#3214 = CARTESIAN_POINT('',(5.300282731336,122.46899666782));
#3215 = CARTESIAN_POINT('',(5.24658338481,125.41299333565));
#3216 = CARTESIAN_POINT('',(7.823008961069,123.9875));
#3217 = ( GEOMETRIC_REPRESENTATION_CONTEXT(2) 
PARAMETRIC_REPRESENTATION_CONTEXT() REPRESENTATION_CONTEXT('2D SPACE',''
  ) );
#3218 = PCURVE('',#3219,#3224);
#3219 = CYLINDRICAL_SURFACE('',#3220,1.7);
#3220 = AXIS2_PLACEMENT_3D('',#3221,#3222,#3223);
#3221 = CARTESIAN_POINT('',(-25.,58.5,0.55));
#3222 = DIRECTION('',(-0.,-0.,-1.));
#3223 = DIRECTION('',(1.,0.,0.));
#3224 = DEFINITIONAL_REPRESENTATION('',(#3225),#3229);
#3225 = LINE('',#3226,#3227);
#3226 = CARTESIAN_POINT('',(-7.34862112369,0.));
#3227 = VECTOR('',#3228,1.);
#3228 = DIRECTION('',(1.,-0.));
#3229 = ( GEOMETRIC_REPRESENTATION_CONTEXT(2) 
PARAMETRIC_REPRESENTATION_CONTEXT() REPRESENTATION_CONTEXT('2D SPACE',''
  ) );
#3230 = ORIENTED_EDGE('',*,*,#3231,.F.);
#3231 = EDGE_CURVE('',#3232,#3197,#3234,.T.);
#3232 = VERTEX_POINT('',#3233);
#3233 = CARTESIAN_POINT('',(-30.24705780511,59.15,0.55));
#3234 = SURFACE_CURVE('',#3235,(#3239,#3246),.PCURVE_S1.);
#3235 = LINE('',#3236,#3237);
#3236 = CARTESIAN_POINT('',(-31.1,59.15,0.55));
#3237 = VECTOR('',#3238,1.);
#3238 = DIRECTION('',(1.,0.,0.));
#3239 = PCURVE('',#100,#3240);
#3240 = DEFINITIONAL_REPRESENTATION('',(#3241),#3245);
#3241 = LINE('',#3242,#3243);
#3242 = CARTESIAN_POINT('',(0.9,123.15));
#3243 = VECTOR('',#3244,1.);
#3244 = DIRECTION('',(1.,0.));
#3245 = ( GEOMETRIC_REPRESENTATION_CONTEXT(2) 
PARAMETRIC_REPRESENTATION_CONTEXT() REPRESENTATION_CONTEXT('2D SPACE',''
  ) );
#3246 = PCURVE('',#3247,#3252);
#3247 = PLANE('',#3248);
#3248 = AXIS2_PLACEMENT_3D('',#3249,#3250,#3251);
#3249 = CARTESIAN_POINT('',(-31.1,59.15,0.55));
#3250 = DIRECTION('',(0.,1.,0.));
#3251 = DIRECTION('',(0.,0.,1.));
#3252 = DEFINITIONAL_REPRESENTATION('',(#3253),#3257);
#3253 = LINE('',#3254,#3255);
#3254 = CARTESIAN_POINT('',(0.,0.));
#3255 = VECTOR('',#3256,1.);
#3256 = DIRECTION('',(0.,1.));
#3257 = ( GEOMETRIC_REPRESENTATION_CONTEXT(2) 
PARAMETRIC_REPRESENTATION_CONTEXT() REPRESENTATION_CONTEXT('2D SPACE',''
  ) );
#3258 = ORIENTED_EDGE('',*,*,#3259,.F.);
#3259 = EDGE_CURVE('',#3260,#3232,#3262,.T.);
#3260 = VERTEX_POINT('',#3261);
#3261 = CARTESIAN_POINT('',(-26.79324725906,62.327904664613,0.55));
#3262 = SURFACE_CURVE('',#3263,(#3268,#3275),.PCURVE_S1.);
#3263 = CIRCLE('',#3264,4.4);
#3264 = AXIS2_PLACEMENT_3D('',#3265,#3266,#3267);
#3265 = CARTESIAN_POINT('',(-26.,58.,0.55));
#3266 = DIRECTION('',(0.,0.,1.));
#3267 = DIRECTION('',(-1.,-0.,0.));
#3268 = PCURVE('',#100,#3269);
#3269 = DEFINITIONAL_REPRESENTATION('',(#3270),#3274);
#3270 = CIRCLE('',#3271,4.4);
#3271 = AXIS2_PLACEMENT_2D('',#3272,#3273);
#3272 = CARTESIAN_POINT('',(6.,122.));
#3273 = DIRECTION('',(-1.,0.));
#3274 = ( GEOMETRIC_REPRESENTATION_CONTEXT(2) 
PARAMETRIC_REPRESENTATION_CONTEXT() REPRESENTATION_CONTEXT('2D SPACE',''
  ) );
#3275 = PCURVE('',#1160,#3276);
#3276 = DEFINITIONAL_REPRESENTATION('',(#3277),#3281);
#3277 = LINE('',#3278,#3279);
#3278 = CARTESIAN_POINT('',(-6.28318530718,0.15));
#3279 = VECTOR('',#3280,1.);
#3280 = DIRECTION('',(1.,-0.));
#3281 = ( GEOMETRIC_REPRESENTATION_CONTEXT(2) 
PARAMETRIC_REPRESENTATION_CONTEXT() REPRESENTATION_CONTEXT('2D SPACE',''
  ) );
#3282 = ORIENTED_EDGE('',*,*,#3283,.F.);
#3283 = EDGE_CURVE('',#3199,#3260,#3284,.T.);
#3284 = SURFACE_CURVE('',#3285,(#3290,#3301),.PCURVE_S1.);
#3285 = CIRCLE('',#3286,1.9);
#3286 = AXIS2_PLACEMENT_3D('',#3287,#3288,#3289);
#3287 = CARTESIAN_POINT('',(-25.,61.7,0.55));
#3288 = DIRECTION('',(0.,0.,-1.));
#3289 = DIRECTION('',(0.929659038561,0.368421052632,0.));
#3290 = PCURVE('',#100,#3291);
#3291 = DEFINITIONAL_REPRESENTATION('',(#3292),#3300);
#3292 = ( BOUNDED_CURVE() B_SPLINE_CURVE(2,(#3293,#3294,#3295,#3296,
#3297,#3298,#3299),.UNSPECIFIED.,.T.,.F.) B_SPLINE_CURVE_WITH_KNOTS((1,2
    ,2,2,2,1),(-2.094395102393,0.,2.094395102393,4.188790204786,
6.28318530718,8.377580409573),.UNSPECIFIED.) CURVE() 
GEOMETRIC_REPRESENTATION_ITEM() RATIONAL_B_SPLINE_CURVE((1.,0.5,1.,0.5,
1.,0.5,1.)) REPRESENTATION_ITEM('') );
#3293 = CARTESIAN_POINT('',(8.766352173266,126.4));
#3294 = CARTESIAN_POINT('',(9.978787738564,123.34058829184));
#3295 = CARTESIAN_POINT('',(6.723041696016,123.82029414592));
#3296 = CARTESIAN_POINT('',(3.467295653469,124.3));
#3297 = CARTESIAN_POINT('',(5.510606130718,126.87970585407));
#3298 = CARTESIAN_POINT('',(7.553916607967,129.45941170815));
#3299 = CARTESIAN_POINT('',(8.766352173266,126.4));
#3300 = ( GEOMETRIC_REPRESENTATION_CONTEXT(2) 
PARAMETRIC_REPRESENTATION_CONTEXT() REPRESENTATION_CONTEXT('2D SPACE',''
  ) );
#3301 = PCURVE('',#1189,#3302);
#3302 = DEFINITIONAL_REPRESENTATION('',(#3303),#3307);
#3303 = LINE('',#3304,#3305);
#3304 = CARTESIAN_POINT('',(-6.660495339539,0.));
#3305 = VECTOR('',#3306,1.);
#3306 = DIRECTION('',(1.,-0.));
#3307 = ( GEOMETRIC_REPRESENTATION_CONTEXT(2) 
PARAMETRIC_REPRESENTATION_CONTEXT() REPRESENTATION_CONTEXT('2D SPACE',''
  ) );
#3308 = FACE_BOUND('',#3309,.F.);
#3309 = EDGE_LOOP('',(#3310,#3334,#3362,#3390,#3418,#3446,#3474,#3496,
    #3519,#3547,#3575,#3604,#3628,#3656,#3678,#3706,#3734,#3762,#3784,
    #3812,#3845,#3873,#3895,#3923,#3952,#3980,#4002,#4025,#4049,#4072,
    #4094,#4122,#4150));
#3310 = ORIENTED_EDGE('',*,*,#3311,.F.);
#3311 = EDGE_CURVE('',#3312,#3314,#3316,.T.);
#3312 = VERTEX_POINT('',#3313);
#3313 = CARTESIAN_POINT('',(30.4,-19.25,0.55));
#3314 = VERTEX_POINT('',#3315);
#3315 = CARTESIAN_POINT('',(30.4,-0.85,0.55));
#3316 = SURFACE_CURVE('',#3317,(#3321,#3328),.PCURVE_S1.);
#3317 = LINE('',#3318,#3319);
#3318 = CARTESIAN_POINT('',(30.4,-63.2,0.55));
#3319 = VECTOR('',#3320,1.);
#3320 = DIRECTION('',(0.,1.,0.));
#3321 = PCURVE('',#100,#3322);
#3322 = DEFINITIONAL_REPRESENTATION('',(#3323),#3327);
#3323 = LINE('',#3324,#3325);
#3324 = CARTESIAN_POINT('',(62.4,0.8));
#3325 = VECTOR('',#3326,1.);
#3326 = DIRECTION('',(0.,1.));
#3327 = ( GEOMETRIC_REPRESENTATION_CONTEXT(2) 
PARAMETRIC_REPRESENTATION_CONTEXT() REPRESENTATION_CONTEXT('2D SPACE',''
  ) );
#3328 = PCURVE('',#1414,#3329);
#3329 = DEFINITIONAL_REPRESENTATION('',(#3330),#3333);
#3330 = B_SPLINE_CURVE_WITH_KNOTS('',1,(#3331,#3332),.UNSPECIFIED.,.F.,
  .F.,(2,2),(5.2,121.2),.PIECEWISE_BEZIER_KNOTS.);
#3331 = CARTESIAN_POINT('',(0.15,-4.4));
#3332 = CARTESIAN_POINT('',(0.15,-120.4));
#3333 = ( GEOMETRIC_REPRESENTATION_CONTEXT(2) 
PARAMETRIC_REPRESENTATION_CONTEXT() REPRESENTATION_CONTEXT('2D SPACE',''
  ) );
#3334 = ORIENTED_EDGE('',*,*,#3335,.F.);
#3335 = EDGE_CURVE('',#3336,#3312,#3338,.T.);
#3336 = VERTEX_POINT('',#3337);
#3337 = CARTESIAN_POINT('',(-29.3,-19.25,0.55));
#3338 = SURFACE_CURVE('',#3339,(#3343,#3350),.PCURVE_S1.);
#3339 = LINE('',#3340,#3341);
#3340 = CARTESIAN_POINT('',(-29.3,-19.25,0.55));
#3341 = VECTOR('',#3342,1.);
#3342 = DIRECTION('',(1.,0.,0.));
#3343 = PCURVE('',#100,#3344);
#3344 = DEFINITIONAL_REPRESENTATION('',(#3345),#3349);
#3345 = LINE('',#3346,#3347);
#3346 = CARTESIAN_POINT('',(2.7,44.75));
#3347 = VECTOR('',#3348,1.);
#3348 = DIRECTION('',(1.,0.));
#3349 = ( GEOMETRIC_REPRESENTATION_CONTEXT(2) 
PARAMETRIC_REPRESENTATION_CONTEXT() REPRESENTATION_CONTEXT('2D SPACE',''
  ) );
#3350 = PCURVE('',#3351,#3356);
#3351 = PLANE('',#3352);
#3352 = AXIS2_PLACEMENT_3D('',#3353,#3354,#3355);
#3353 = CARTESIAN_POINT('',(-31.,-19.25,0.55));
#3354 = DIRECTION('',(0.,1.,0.));
#3355 = DIRECTION('',(0.,0.,1.));
#3356 = DEFINITIONAL_REPRESENTATION('',(#3357),#3361);
#3357 = LINE('',#3358,#3359);
#3358 = CARTESIAN_POINT('',(0.,1.7));
#3359 = VECTOR('',#3360,1.);
#3360 = DIRECTION('',(0.,1.));
#3361 = ( GEOMETRIC_REPRESENTATION_CONTEXT(2) 
PARAMETRIC_REPRESENTATION_CONTEXT() REPRESENTATION_CONTEXT('2D SPACE',''
  ) );
#3362 = ORIENTED_EDGE('',*,*,#3363,.T.);
#3363 = EDGE_CURVE('',#3336,#3364,#3366,.T.);
#3364 = VERTEX_POINT('',#3365);
#3365 = CARTESIAN_POINT('',(-29.3,6.95,0.55));
#3366 = SURFACE_CURVE('',#3367,(#3371,#3378),.PCURVE_S1.);
#3367 = LINE('',#3368,#3369);
#3368 = CARTESIAN_POINT('',(-29.3,-19.85,0.55));
#3369 = VECTOR('',#3370,1.);
#3370 = DIRECTION('',(0.,1.,0.));
#3371 = PCURVE('',#100,#3372);
#3372 = DEFINITIONAL_REPRESENTATION('',(#3373),#3377);
#3373 = LINE('',#3374,#3375);
#3374 = CARTESIAN_POINT('',(2.7,44.15));
#3375 = VECTOR('',#3376,1.);
#3376 = DIRECTION('',(0.,1.));
#3377 = ( GEOMETRIC_REPRESENTATION_CONTEXT(2) 
PARAMETRIC_REPRESENTATION_CONTEXT() REPRESENTATION_CONTEXT('2D SPACE',''
  ) );
#3378 = PCURVE('',#3379,#3384);
#3379 = PLANE('',#3380);
#3380 = AXIS2_PLACEMENT_3D('',#3381,#3382,#3383);
#3381 = CARTESIAN_POINT('',(-29.3,-19.85,0.55));
#3382 = DIRECTION('',(1.,0.,0.));
#3383 = DIRECTION('',(0.,0.,1.));
#3384 = DEFINITIONAL_REPRESENTATION('',(#3385),#3389);
#3385 = LINE('',#3386,#3387);
#3386 = CARTESIAN_POINT('',(0.,0.));
#3387 = VECTOR('',#3388,1.);
#3388 = DIRECTION('',(0.,-1.));
#3389 = ( GEOMETRIC_REPRESENTATION_CONTEXT(2) 
PARAMETRIC_REPRESENTATION_CONTEXT() REPRESENTATION_CONTEXT('2D SPACE',''
  ) );
#3390 = ORIENTED_EDGE('',*,*,#3391,.T.);
#3391 = EDGE_CURVE('',#3364,#3392,#3394,.T.);
#3392 = VERTEX_POINT('',#3393);
#3393 = CARTESIAN_POINT('',(9.5,6.95,0.55));
#3394 = SURFACE_CURVE('',#3395,(#3399,#3406),.PCURVE_S1.);
#3395 = LINE('',#3396,#3397);
#3396 = CARTESIAN_POINT('',(-31.,6.95,0.55));
#3397 = VECTOR('',#3398,1.);
#3398 = DIRECTION('',(1.,0.,0.));
#3399 = PCURVE('',#100,#3400);
#3400 = DEFINITIONAL_REPRESENTATION('',(#3401),#3405);
#3401 = LINE('',#3402,#3403);
#3402 = CARTESIAN_POINT('',(1.,70.95));
#3403 = VECTOR('',#3404,1.);
#3404 = DIRECTION('',(1.,0.));
#3405 = ( GEOMETRIC_REPRESENTATION_CONTEXT(2) 
PARAMETRIC_REPRESENTATION_CONTEXT() REPRESENTATION_CONTEXT('2D SPACE',''
  ) );
#3406 = PCURVE('',#3407,#3412);
#3407 = PLANE('',#3408);
#3408 = AXIS2_PLACEMENT_3D('',#3409,#3410,#3411);
#3409 = CARTESIAN_POINT('',(-31.,6.95,0.55));
#3410 = DIRECTION('',(0.,1.,0.));
#3411 = DIRECTION('',(0.,0.,1.));
#3412 = DEFINITIONAL_REPRESENTATION('',(#3413),#3417);
#3413 = LINE('',#3414,#3415);
#3414 = CARTESIAN_POINT('',(0.,0.));
#3415 = VECTOR('',#3416,1.);
#3416 = DIRECTION('',(0.,1.));
#3417 = ( GEOMETRIC_REPRESENTATION_CONTEXT(2) 
PARAMETRIC_REPRESENTATION_CONTEXT() REPRESENTATION_CONTEXT('2D SPACE',''
  ) );
#3418 = ORIENTED_EDGE('',*,*,#3419,.T.);
#3419 = EDGE_CURVE('',#3392,#3420,#3422,.T.);
#3420 = VERTEX_POINT('',#3421);
#3421 = CARTESIAN_POINT('',(9.5,7.55,0.55));
#3422 = SURFACE_CURVE('',#3423,(#3427,#3434),.PCURVE_S1.);
#3423 = LINE('',#3424,#3425);
#3424 = CARTESIAN_POINT('',(9.5,6.95,0.55));
#3425 = VECTOR('',#3426,1.);
#3426 = DIRECTION('',(0.,1.,0.));
#3427 = PCURVE('',#100,#3428);
#3428 = DEFINITIONAL_REPRESENTATION('',(#3429),#3433);
#3429 = LINE('',#3430,#3431);
#3430 = CARTESIAN_POINT('',(41.5,70.95));
#3431 = VECTOR('',#3432,1.);
#3432 = DIRECTION('',(0.,1.));
#3433 = ( GEOMETRIC_REPRESENTATION_CONTEXT(2) 
PARAMETRIC_REPRESENTATION_CONTEXT() REPRESENTATION_CONTEXT('2D SPACE',''
  ) );
#3434 = PCURVE('',#3435,#3440);
#3435 = PLANE('',#3436);
#3436 = AXIS2_PLACEMENT_3D('',#3437,#3438,#3439);
#3437 = CARTESIAN_POINT('',(9.5,6.95,0.55));
#3438 = DIRECTION('',(1.,0.,0.));
#3439 = DIRECTION('',(0.,0.,1.));
#3440 = DEFINITIONAL_REPRESENTATION('',(#3441),#3445);
#3441 = LINE('',#3442,#3443);
#3442 = CARTESIAN_POINT('',(0.,0.));
#3443 = VECTOR('',#3444,1.);
#3444 = DIRECTION('',(0.,-1.));
#3445 = ( GEOMETRIC_REPRESENTATION_CONTEXT(2) 
PARAMETRIC_REPRESENTATION_CONTEXT() REPRESENTATION_CONTEXT('2D SPACE',''
  ) );
#3446 = ORIENTED_EDGE('',*,*,#3447,.F.);
#3447 = EDGE_CURVE('',#3448,#3420,#3450,.T.);
#3448 = VERTEX_POINT('',#3449);
#3449 = CARTESIAN_POINT('',(-30.4,7.55,0.55));
#3450 = SURFACE_CURVE('',#3451,(#3455,#3462),.PCURVE_S1.);
#3451 = LINE('',#3452,#3453);
#3452 = CARTESIAN_POINT('',(-30.4,7.55,0.55));
#3453 = VECTOR('',#3454,1.);
#3454 = DIRECTION('',(1.,2.226011076943E-17,0.));
#3455 = PCURVE('',#100,#3456);
#3456 = DEFINITIONAL_REPRESENTATION('',(#3457),#3461);
#3457 = LINE('',#3458,#3459);
#3458 = CARTESIAN_POINT('',(1.6,71.55));
#3459 = VECTOR('',#3460,1.);
#3460 = DIRECTION('',(1.,2.226011076943E-17));
#3461 = ( GEOMETRIC_REPRESENTATION_CONTEXT(2) 
PARAMETRIC_REPRESENTATION_CONTEXT() REPRESENTATION_CONTEXT('2D SPACE',''
  ) );
#3462 = PCURVE('',#3463,#3468);
#3463 = PLANE('',#3464);
#3464 = AXIS2_PLACEMENT_3D('',#3465,#3466,#3467);
#3465 = CARTESIAN_POINT('',(-31.,7.55,0.55));
#3466 = DIRECTION('',(0.,1.,0.));
#3467 = DIRECTION('',(0.,0.,1.));
#3468 = DEFINITIONAL_REPRESENTATION('',(#3469),#3473);
#3469 = LINE('',#3470,#3471);
#3470 = CARTESIAN_POINT('',(0.,0.6));
#3471 = VECTOR('',#3472,1.);
#3472 = DIRECTION('',(0.,1.));
#3473 = ( GEOMETRIC_REPRESENTATION_CONTEXT(2) 
PARAMETRIC_REPRESENTATION_CONTEXT() REPRESENTATION_CONTEXT('2D SPACE',''
  ) );
#3474 = ORIENTED_EDGE('',*,*,#3475,.T.);
#3475 = EDGE_CURVE('',#3448,#3476,#3478,.T.);
#3476 = VERTEX_POINT('',#3477);
#3477 = CARTESIAN_POINT('',(-30.4,8.7,0.55));
#3478 = SURFACE_CURVE('',#3479,(#3483,#3490),.PCURVE_S1.);
#3479 = LINE('',#3480,#3481);
#3480 = CARTESIAN_POINT('',(-30.4,-63.2,0.55));
#3481 = VECTOR('',#3482,1.);
#3482 = DIRECTION('',(0.,1.,0.));
#3483 = PCURVE('',#100,#3484);
#3484 = DEFINITIONAL_REPRESENTATION('',(#3485),#3489);
#3485 = LINE('',#3486,#3487);
#3486 = CARTESIAN_POINT('',(1.6,0.8));
#3487 = VECTOR('',#3488,1.);
#3488 = DIRECTION('',(0.,1.));
#3489 = ( GEOMETRIC_REPRESENTATION_CONTEXT(2) 
PARAMETRIC_REPRESENTATION_CONTEXT() REPRESENTATION_CONTEXT('2D SPACE',''
  ) );
#3490 = PCURVE('',#920,#3491);
#3491 = DEFINITIONAL_REPRESENTATION('',(#3492),#3495);
#3492 = B_SPLINE_CURVE_WITH_KNOTS('',1,(#3493,#3494),.UNSPECIFIED.,.F.,
  .F.,(2,2),(5.2,121.2),.PIECEWISE_BEZIER_KNOTS.);
#3493 = CARTESIAN_POINT('',(0.15,-4.4));
#3494 = CARTESIAN_POINT('',(0.15,-120.4));
#3495 = ( GEOMETRIC_REPRESENTATION_CONTEXT(2) 
PARAMETRIC_REPRESENTATION_CONTEXT() REPRESENTATION_CONTEXT('2D SPACE',''
  ) );
#3496 = ORIENTED_EDGE('',*,*,#3497,.T.);
#3497 = EDGE_CURVE('',#3476,#3498,#3500,.T.);
#3498 = VERTEX_POINT('',#3499);
#3499 = CARTESIAN_POINT('',(-30.38564064605,8.7,0.55));
#3500 = SURFACE_CURVE('',#3501,(#3505,#3512),.PCURVE_S1.);
#3501 = LINE('',#3502,#3503);
#3502 = CARTESIAN_POINT('',(-31.7,8.7,0.55));
#3503 = VECTOR('',#3504,1.);
#3504 = DIRECTION('',(1.,0.,0.));
#3505 = PCURVE('',#100,#3506);
#3506 = DEFINITIONAL_REPRESENTATION('',(#3507),#3511);
#3507 = LINE('',#3508,#3509);
#3508 = CARTESIAN_POINT('',(0.3,72.7));
#3509 = VECTOR('',#3510,1.);
#3510 = DIRECTION('',(1.,0.));
#3511 = ( GEOMETRIC_REPRESENTATION_CONTEXT(2) 
PARAMETRIC_REPRESENTATION_CONTEXT() REPRESENTATION_CONTEXT('2D SPACE',''
  ) );
#3512 = PCURVE('',#947,#3513);
#3513 = DEFINITIONAL_REPRESENTATION('',(#3514),#3518);
#3514 = LINE('',#3515,#3516);
#3515 = CARTESIAN_POINT('',(0.,0.));
#3516 = VECTOR('',#3517,1.);
#3517 = DIRECTION('',(0.,1.));
#3518 = ( GEOMETRIC_REPRESENTATION_CONTEXT(2) 
PARAMETRIC_REPRESENTATION_CONTEXT() REPRESENTATION_CONTEXT('2D SPACE',''
  ) );
#3519 = ORIENTED_EDGE('',*,*,#3520,.F.);
#3520 = EDGE_CURVE('',#3521,#3498,#3523,.T.);
#3521 = VERTEX_POINT('',#3522);
#3522 = CARTESIAN_POINT('',(-27.3007354532,10.85,0.55));
#3523 = SURFACE_CURVE('',#3524,(#3529,#3540),.PCURVE_S1.);
#3524 = CIRCLE('',#3525,1.9);
#3525 = AXIS2_PLACEMENT_3D('',#3526,#3527,#3528);
#3526 = CARTESIAN_POINT('',(-29.,10.,0.55));
#3527 = DIRECTION('',(0.,0.,-1.));
#3528 = DIRECTION('',(-0.736842105263,0.676064872561,0.));
#3529 = PCURVE('',#100,#3530);
#3530 = DEFINITIONAL_REPRESENTATION('',(#3531),#3539);
#3531 = ( BOUNDED_CURVE() B_SPLINE_CURVE(2,(#3532,#3533,#3534,#3535,
#3536,#3537,#3538),.UNSPECIFIED.,.T.,.F.) B_SPLINE_CURVE_WITH_KNOTS((1,2
    ,2,2,2,1),(-2.094395102393,0.,2.094395102393,4.188790204786,
6.28318530718,8.377580409573),.UNSPECIFIED.) CURVE() 
GEOMETRIC_REPRESENTATION_ITEM() RATIONAL_B_SPLINE_CURVE((1.,0.5,1.,0.5,
1.,0.5,1.)) REPRESENTATION_ITEM('') );
#3532 = CARTESIAN_POINT('',(1.6,75.284523257867));
#3533 = CARTESIAN_POINT('',(3.824859546129,77.709394388463));
#3534 = CARTESIAN_POINT('',(4.812429773064,74.570173936365));
#3535 = CARTESIAN_POINT('',(5.8,71.430953484267));
#3536 = CARTESIAN_POINT('',(2.587570226936,72.145302805769));
#3537 = CARTESIAN_POINT('',(-0.624859546129,72.85965212727));
#3538 = CARTESIAN_POINT('',(1.6,75.284523257867));
#3539 = ( GEOMETRIC_REPRESENTATION_CONTEXT(2) 
PARAMETRIC_REPRESENTATION_CONTEXT() REPRESENTATION_CONTEXT('2D SPACE',''
  ) );
#3540 = PCURVE('',#976,#3541);
#3541 = DEFINITIONAL_REPRESENTATION('',(#3542),#3546);
#3542 = LINE('',#3543,#3544);
#3543 = CARTESIAN_POINT('',(-8.682369030749,0.));
#3544 = VECTOR('',#3545,1.);
#3545 = DIRECTION('',(1.,-0.));
#3546 = ( GEOMETRIC_REPRESENTATION_CONTEXT(2) 
PARAMETRIC_REPRESENTATION_CONTEXT() REPRESENTATION_CONTEXT('2D SPACE',''
  ) );
#3547 = ORIENTED_EDGE('',*,*,#3548,.T.);
#3548 = EDGE_CURVE('',#3521,#3549,#3551,.T.);
#3549 = VERTEX_POINT('',#3550);
#3550 = CARTESIAN_POINT('',(-26.57082780724,10.85,0.55));
#3551 = SURFACE_CURVE('',#3552,(#3556,#3563),.PCURVE_S1.);
#3552 = LINE('',#3553,#3554);
#3553 = CARTESIAN_POINT('',(-31.1,10.85,0.55));
#3554 = VECTOR('',#3555,1.);
#3555 = DIRECTION('',(1.,0.,0.));
#3556 = PCURVE('',#100,#3557);
#3557 = DEFINITIONAL_REPRESENTATION('',(#3558),#3562);
#3558 = LINE('',#3559,#3560);
#3559 = CARTESIAN_POINT('',(0.9,74.85));
#3560 = VECTOR('',#3561,1.);
#3561 = DIRECTION('',(1.,0.));
#3562 = ( GEOMETRIC_REPRESENTATION_CONTEXT(2) 
PARAMETRIC_REPRESENTATION_CONTEXT() REPRESENTATION_CONTEXT('2D SPACE',''
  ) );
#3563 = PCURVE('',#3564,#3569);
#3564 = PLANE('',#3565);
#3565 = AXIS2_PLACEMENT_3D('',#3566,#3567,#3568);
#3566 = CARTESIAN_POINT('',(-31.1,10.85,0.55));
#3567 = DIRECTION('',(0.,1.,0.));
#3568 = DIRECTION('',(0.,0.,1.));
#3569 = DEFINITIONAL_REPRESENTATION('',(#3570),#3574);
#3570 = LINE('',#3571,#3572);
#3571 = CARTESIAN_POINT('',(0.,0.));
#3572 = VECTOR('',#3573,1.);
#3573 = DIRECTION('',(0.,1.));
#3574 = ( GEOMETRIC_REPRESENTATION_CONTEXT(2) 
PARAMETRIC_REPRESENTATION_CONTEXT() REPRESENTATION_CONTEXT('2D SPACE',''
  ) );
#3575 = ORIENTED_EDGE('',*,*,#3576,.T.);
#3576 = EDGE_CURVE('',#3549,#3577,#3579,.T.);
#3577 = VERTEX_POINT('',#3578);
#3578 = CARTESIAN_POINT('',(-23.3,11.5,0.55));
#3579 = SURFACE_CURVE('',#3580,(#3585,#3592),.PCURVE_S1.);
#3580 = CIRCLE('',#3581,1.7);
#3581 = AXIS2_PLACEMENT_3D('',#3582,#3583,#3584);
#3582 = CARTESIAN_POINT('',(-25.,11.5,0.55));
#3583 = DIRECTION('',(0.,0.,1.));
#3584 = DIRECTION('',(1.,0.,0.));
#3585 = PCURVE('',#100,#3586);
#3586 = DEFINITIONAL_REPRESENTATION('',(#3587),#3591);
#3587 = CIRCLE('',#3588,1.7);
#3588 = AXIS2_PLACEMENT_2D('',#3589,#3590);
#3589 = CARTESIAN_POINT('',(7.,75.5));
#3590 = DIRECTION('',(1.,0.));
#3591 = ( GEOMETRIC_REPRESENTATION_CONTEXT(2) 
PARAMETRIC_REPRESENTATION_CONTEXT() REPRESENTATION_CONTEXT('2D SPACE',''
  ) );
#3592 = PCURVE('',#3593,#3598);
#3593 = CYLINDRICAL_SURFACE('',#3594,1.7);
#3594 = AXIS2_PLACEMENT_3D('',#3595,#3596,#3597);
#3595 = CARTESIAN_POINT('',(-25.,11.5,0.55));
#3596 = DIRECTION('',(-0.,-0.,-1.));
#3597 = DIRECTION('',(1.,0.,0.));
#3598 = DEFINITIONAL_REPRESENTATION('',(#3599),#3603);
#3599 = LINE('',#3600,#3601);
#3600 = CARTESIAN_POINT('',(-0.,0.));
#3601 = VECTOR('',#3602,1.);
#3602 = DIRECTION('',(-1.,0.));
#3603 = ( GEOMETRIC_REPRESENTATION_CONTEXT(2) 
PARAMETRIC_REPRESENTATION_CONTEXT() REPRESENTATION_CONTEXT('2D SPACE',''
  ) );
#3604 = ORIENTED_EDGE('',*,*,#3605,.T.);
#3605 = EDGE_CURVE('',#3577,#3606,#3608,.T.);
#3606 = VERTEX_POINT('',#3607);
#3607 = CARTESIAN_POINT('',(-26.57082780724,12.15,0.55));
#3608 = SURFACE_CURVE('',#3609,(#3614,#3621),.PCURVE_S1.);
#3609 = CIRCLE('',#3610,1.7);
#3610 = AXIS2_PLACEMENT_3D('',#3611,#3612,#3613);
#3611 = CARTESIAN_POINT('',(-25.,11.5,0.55));
#3612 = DIRECTION('',(0.,0.,1.));
#3613 = DIRECTION('',(1.,0.,0.));
#3614 = PCURVE('',#100,#3615);
#3615 = DEFINITIONAL_REPRESENTATION('',(#3616),#3620);
#3616 = CIRCLE('',#3617,1.7);
#3617 = AXIS2_PLACEMENT_2D('',#3618,#3619);
#3618 = CARTESIAN_POINT('',(7.,75.5));
#3619 = DIRECTION('',(1.,0.));
#3620 = ( GEOMETRIC_REPRESENTATION_CONTEXT(2) 
PARAMETRIC_REPRESENTATION_CONTEXT() REPRESENTATION_CONTEXT('2D SPACE',''
  ) );
#3621 = PCURVE('',#3593,#3622);
#3622 = DEFINITIONAL_REPRESENTATION('',(#3623),#3627);
#3623 = LINE('',#3624,#3625);
#3624 = CARTESIAN_POINT('',(-0.,0.));
#3625 = VECTOR('',#3626,1.);
#3626 = DIRECTION('',(-1.,0.));
#3627 = ( GEOMETRIC_REPRESENTATION_CONTEXT(2) 
PARAMETRIC_REPRESENTATION_CONTEXT() REPRESENTATION_CONTEXT('2D SPACE',''
  ) );
#3628 = ORIENTED_EDGE('',*,*,#3629,.F.);
#3629 = EDGE_CURVE('',#3630,#3606,#3632,.T.);
#3630 = VERTEX_POINT('',#3631);
#3631 = CARTESIAN_POINT('',(-30.4,12.15,0.55));
#3632 = SURFACE_CURVE('',#3633,(#3637,#3644),.PCURVE_S1.);
#3633 = LINE('',#3634,#3635);
#3634 = CARTESIAN_POINT('',(-31.1,12.15,0.55));
#3635 = VECTOR('',#3636,1.);
#3636 = DIRECTION('',(1.,0.,0.));
#3637 = PCURVE('',#100,#3638);
#3638 = DEFINITIONAL_REPRESENTATION('',(#3639),#3643);
#3639 = LINE('',#3640,#3641);
#3640 = CARTESIAN_POINT('',(0.9,76.15));
#3641 = VECTOR('',#3642,1.);
#3642 = DIRECTION('',(1.,0.));
#3643 = ( GEOMETRIC_REPRESENTATION_CONTEXT(2) 
PARAMETRIC_REPRESENTATION_CONTEXT() REPRESENTATION_CONTEXT('2D SPACE',''
  ) );
#3644 = PCURVE('',#3645,#3650);
#3645 = PLANE('',#3646);
#3646 = AXIS2_PLACEMENT_3D('',#3647,#3648,#3649);
#3647 = CARTESIAN_POINT('',(-31.1,12.15,0.55));
#3648 = DIRECTION('',(0.,1.,0.));
#3649 = DIRECTION('',(0.,0.,1.));
#3650 = DEFINITIONAL_REPRESENTATION('',(#3651),#3655);
#3651 = LINE('',#3652,#3653);
#3652 = CARTESIAN_POINT('',(0.,0.));
#3653 = VECTOR('',#3654,1.);
#3654 = DIRECTION('',(0.,1.));
#3655 = ( GEOMETRIC_REPRESENTATION_CONTEXT(2) 
PARAMETRIC_REPRESENTATION_CONTEXT() REPRESENTATION_CONTEXT('2D SPACE',''
  ) );
#3656 = ORIENTED_EDGE('',*,*,#3657,.T.);
#3657 = EDGE_CURVE('',#3630,#3658,#3660,.T.);
#3658 = VERTEX_POINT('',#3659);
#3659 = CARTESIAN_POINT('',(-30.4,57.85,0.55));
#3660 = SURFACE_CURVE('',#3661,(#3665,#3672),.PCURVE_S1.);
#3661 = LINE('',#3662,#3663);
#3662 = CARTESIAN_POINT('',(-30.4,-63.2,0.55));
#3663 = VECTOR('',#3664,1.);
#3664 = DIRECTION('',(0.,1.,0.));
#3665 = PCURVE('',#100,#3666);
#3666 = DEFINITIONAL_REPRESENTATION('',(#3667),#3671);
#3667 = LINE('',#3668,#3669);
#3668 = CARTESIAN_POINT('',(1.6,0.8));
#3669 = VECTOR('',#3670,1.);
#3670 = DIRECTION('',(0.,1.));
#3671 = ( GEOMETRIC_REPRESENTATION_CONTEXT(2) 
PARAMETRIC_REPRESENTATION_CONTEXT() REPRESENTATION_CONTEXT('2D SPACE',''
  ) );
#3672 = PCURVE('',#1032,#3673);
#3673 = DEFINITIONAL_REPRESENTATION('',(#3674),#3677);
#3674 = B_SPLINE_CURVE_WITH_KNOTS('',1,(#3675,#3676),.UNSPECIFIED.,.F.,
  .F.,(2,2),(5.2,121.2),.PIECEWISE_BEZIER_KNOTS.);
#3675 = CARTESIAN_POINT('',(0.15,-4.4));
#3676 = CARTESIAN_POINT('',(0.15,-120.4));
#3677 = ( GEOMETRIC_REPRESENTATION_CONTEXT(2) 
PARAMETRIC_REPRESENTATION_CONTEXT() REPRESENTATION_CONTEXT('2D SPACE',''
  ) );
#3678 = ORIENTED_EDGE('',*,*,#3679,.T.);
#3679 = EDGE_CURVE('',#3658,#3680,#3682,.T.);
#3680 = VERTEX_POINT('',#3681);
#3681 = CARTESIAN_POINT('',(-26.57082780724,57.85,0.55));
#3682 = SURFACE_CURVE('',#3683,(#3687,#3694),.PCURVE_S1.);
#3683 = LINE('',#3684,#3685);
#3684 = CARTESIAN_POINT('',(-31.1,57.85,0.55));
#3685 = VECTOR('',#3686,1.);
#3686 = DIRECTION('',(1.,0.,0.));
#3687 = PCURVE('',#100,#3688);
#3688 = DEFINITIONAL_REPRESENTATION('',(#3689),#3693);
#3689 = LINE('',#3690,#3691);
#3690 = CARTESIAN_POINT('',(0.9,121.85));
#3691 = VECTOR('',#3692,1.);
#3692 = DIRECTION('',(1.,0.));
#3693 = ( GEOMETRIC_REPRESENTATION_CONTEXT(2) 
PARAMETRIC_REPRESENTATION_CONTEXT() REPRESENTATION_CONTEXT('2D SPACE',''
  ) );
#3694 = PCURVE('',#3695,#3700);
#3695 = PLANE('',#3696);
#3696 = AXIS2_PLACEMENT_3D('',#3697,#3698,#3699);
#3697 = CARTESIAN_POINT('',(-31.1,57.85,0.55));
#3698 = DIRECTION('',(0.,1.,0.));
#3699 = DIRECTION('',(0.,0.,1.));
#3700 = DEFINITIONAL_REPRESENTATION('',(#3701),#3705);
#3701 = LINE('',#3702,#3703);
#3702 = CARTESIAN_POINT('',(0.,0.));
#3703 = VECTOR('',#3704,1.);
#3704 = DIRECTION('',(0.,1.));
#3705 = ( GEOMETRIC_REPRESENTATION_CONTEXT(2) 
PARAMETRIC_REPRESENTATION_CONTEXT() REPRESENTATION_CONTEXT('2D SPACE',''
  ) );
#3706 = ORIENTED_EDGE('',*,*,#3707,.F.);
#3707 = EDGE_CURVE('',#3708,#3680,#3710,.T.);
#3708 = VERTEX_POINT('',#3709);
#3709 = CARTESIAN_POINT('',(-24.17699103893,59.9875,0.55));
#3710 = SURFACE_CURVE('',#3711,(#3716,#3727),.PCURVE_S1.);
#3711 = CIRCLE('',#3712,1.7);
#3712 = AXIS2_PLACEMENT_3D('',#3713,#3714,#3715);
#3713 = CARTESIAN_POINT('',(-25.,58.5,0.55));
#3714 = DIRECTION('',(0.,0.,-1.));
#3715 = DIRECTION('',(0.484122918276,0.875,0.));
#3716 = PCURVE('',#100,#3717);
#3717 = DEFINITIONAL_REPRESENTATION('',(#3718),#3726);
#3718 = ( BOUNDED_CURVE() B_SPLINE_CURVE(2,(#3719,#3720,#3721,#3722,
#3723,#3724,#3725),.UNSPECIFIED.,.T.,.F.) B_SPLINE_CURVE_WITH_KNOTS((1,2
    ,2,2,2,1),(-2.094395102393,0.,2.094395102393,4.188790204786,
6.28318530718,8.377580409573),.UNSPECIFIED.) CURVE() 
GEOMETRIC_REPRESENTATION_ITEM() RATIONAL_B_SPLINE_CURVE((1.,0.5,1.,0.5,
1.,0.5,1.)) REPRESENTATION_ITEM('') );
#3719 = CARTESIAN_POINT('',(7.823008961069,123.9875));
#3720 = CARTESIAN_POINT('',(10.399434537328,122.56200666434));
#3721 = CARTESIAN_POINT('',(7.876708307595,121.04350333217));
#3722 = CARTESIAN_POINT('',(5.353982077862,119.525));
#3723 = CARTESIAN_POINT('',(5.300282731336,122.46899666782));
#3724 = CARTESIAN_POINT('',(5.24658338481,125.41299333565));
#3725 = CARTESIAN_POINT('',(7.823008961069,123.9875));
#3726 = ( GEOMETRIC_REPRESENTATION_CONTEXT(2) 
PARAMETRIC_REPRESENTATION_CONTEXT() REPRESENTATION_CONTEXT('2D SPACE',''
  ) );
#3727 = PCURVE('',#3219,#3728);
#3728 = DEFINITIONAL_REPRESENTATION('',(#3729),#3733);
#3729 = LINE('',#3730,#3731);
#3730 = CARTESIAN_POINT('',(-7.34862112369,0.));
#3731 = VECTOR('',#3732,1.);
#3732 = DIRECTION('',(1.,-0.));
#3733 = ( GEOMETRIC_REPRESENTATION_CONTEXT(2) 
PARAMETRIC_REPRESENTATION_CONTEXT() REPRESENTATION_CONTEXT('2D SPACE',''
  ) );
#3734 = ORIENTED_EDGE('',*,*,#3735,.F.);
#3735 = EDGE_CURVE('',#3736,#3708,#3738,.T.);
#3736 = VERTEX_POINT('',#3737);
#3737 = CARTESIAN_POINT('',(-23.23364782673,62.4,0.55));
#3738 = SURFACE_CURVE('',#3739,(#3744,#3755),.PCURVE_S1.);
#3739 = CIRCLE('',#3740,1.9);
#3740 = AXIS2_PLACEMENT_3D('',#3741,#3742,#3743);
#3741 = CARTESIAN_POINT('',(-25.,61.7,0.55));
#3742 = DIRECTION('',(0.,0.,-1.));
#3743 = DIRECTION('',(0.929659038561,0.368421052632,0.));
#3744 = PCURVE('',#100,#3745);
#3745 = DEFINITIONAL_REPRESENTATION('',(#3746),#3754);
#3746 = ( BOUNDED_CURVE() B_SPLINE_CURVE(2,(#3747,#3748,#3749,#3750,
#3751,#3752,#3753),.UNSPECIFIED.,.T.,.F.) B_SPLINE_CURVE_WITH_KNOTS((1,2
    ,2,2,2,1),(-2.094395102393,0.,2.094395102393,4.188790204786,
6.28318530718,8.377580409573),.UNSPECIFIED.) CURVE() 
GEOMETRIC_REPRESENTATION_ITEM() RATIONAL_B_SPLINE_CURVE((1.,0.5,1.,0.5,
1.,0.5,1.)) REPRESENTATION_ITEM('') );
#3747 = CARTESIAN_POINT('',(8.766352173266,126.4));
#3748 = CARTESIAN_POINT('',(9.978787738564,123.34058829184));
#3749 = CARTESIAN_POINT('',(6.723041696016,123.82029414592));
#3750 = CARTESIAN_POINT('',(3.467295653469,124.3));
#3751 = CARTESIAN_POINT('',(5.510606130718,126.87970585407));
#3752 = CARTESIAN_POINT('',(7.553916607967,129.45941170815));
#3753 = CARTESIAN_POINT('',(8.766352173266,126.4));
#3754 = ( GEOMETRIC_REPRESENTATION_CONTEXT(2) 
PARAMETRIC_REPRESENTATION_CONTEXT() REPRESENTATION_CONTEXT('2D SPACE',''
  ) );
#3755 = PCURVE('',#1189,#3756);
#3756 = DEFINITIONAL_REPRESENTATION('',(#3757),#3761);
#3757 = LINE('',#3758,#3759);
#3758 = CARTESIAN_POINT('',(-6.660495339539,0.));
#3759 = VECTOR('',#3760,1.);
#3760 = DIRECTION('',(1.,-0.));
#3761 = ( GEOMETRIC_REPRESENTATION_CONTEXT(2) 
PARAMETRIC_REPRESENTATION_CONTEXT() REPRESENTATION_CONTEXT('2D SPACE',''
  ) );
#3762 = ORIENTED_EDGE('',*,*,#3763,.F.);
#3763 = EDGE_CURVE('',#3764,#3736,#3766,.T.);
#3764 = VERTEX_POINT('',#3765);
#3765 = CARTESIAN_POINT('',(23.233647826734,62.4,0.55));
#3766 = SURFACE_CURVE('',#3767,(#3771,#3778),.PCURVE_S1.);
#3767 = LINE('',#3768,#3769);
#3768 = CARTESIAN_POINT('',(-31.2,62.4,0.55));
#3769 = VECTOR('',#3770,1.);
#3770 = DIRECTION('',(-1.,0.,0.));
#3771 = PCURVE('',#100,#3772);
#3772 = DEFINITIONAL_REPRESENTATION('',(#3773),#3777);
#3773 = LINE('',#3774,#3775);
#3774 = CARTESIAN_POINT('',(0.8,126.4));
#3775 = VECTOR('',#3776,1.);
#3776 = DIRECTION('',(-1.,0.));
#3777 = ( GEOMETRIC_REPRESENTATION_CONTEXT(2) 
PARAMETRIC_REPRESENTATION_CONTEXT() REPRESENTATION_CONTEXT('2D SPACE',''
  ) );
#3778 = PCURVE('',#1217,#3779);
#3779 = DEFINITIONAL_REPRESENTATION('',(#3780),#3783);
#3780 = B_SPLINE_CURVE_WITH_KNOTS('',1,(#3781,#3782),.UNSPECIFIED.,.F.,
  .F.,(2,2),(-57.2,-5.2),.PIECEWISE_BEZIER_KNOTS.);
#3781 = CARTESIAN_POINT('',(0.15,56.4));
#3782 = CARTESIAN_POINT('',(0.15,4.4));
#3783 = ( GEOMETRIC_REPRESENTATION_CONTEXT(2) 
PARAMETRIC_REPRESENTATION_CONTEXT() REPRESENTATION_CONTEXT('2D SPACE',''
  ) );
#3784 = ORIENTED_EDGE('',*,*,#3785,.F.);
#3785 = EDGE_CURVE('',#3786,#3764,#3788,.T.);
#3786 = VERTEX_POINT('',#3787);
#3787 = CARTESIAN_POINT('',(24.176991038931,59.9875,0.55));
#3788 = SURFACE_CURVE('',#3789,(#3794,#3805),.PCURVE_S1.);
#3789 = CIRCLE('',#3790,1.9);
#3790 = AXIS2_PLACEMENT_3D('',#3791,#3792,#3793);
#3791 = CARTESIAN_POINT('',(25.,61.7,0.55));
#3792 = DIRECTION('',(0.,0.,-1.));
#3793 = DIRECTION('',(0.943814346878,0.33047613927,0.));
#3794 = PCURVE('',#100,#3795);
#3795 = DEFINITIONAL_REPRESENTATION('',(#3796),#3804);
#3796 = ( BOUNDED_CURVE() B_SPLINE_CURVE(2,(#3797,#3798,#3799,#3800,
#3801,#3802,#3803),.UNSPECIFIED.,.T.,.F.) B_SPLINE_CURVE_WITH_KNOTS((1,2
    ,2,2,2,1),(-2.094395102393,0.,2.094395102393,4.188790204786,
6.28318530718,8.377580409573),.UNSPECIFIED.) CURVE() 
GEOMETRIC_REPRESENTATION_ITEM() RATIONAL_B_SPLINE_CURVE((1.,0.5,1.,0.5,
1.,0.5,1.)) REPRESENTATION_ITEM('') );
#3797 = CARTESIAN_POINT('',(58.793247259069,126.32790466461));
#3798 = CARTESIAN_POINT('',(59.880810040488,123.22190930137));
#3799 = CARTESIAN_POINT('',(56.647157761175,123.83304998607));
#3800 = CARTESIAN_POINT('',(53.413505481863,124.44419067077));
#3801 = CARTESIAN_POINT('',(55.559594979756,126.93904534931));
#3802 = CARTESIAN_POINT('',(57.705684477649,129.43390002785));
#3803 = CARTESIAN_POINT('',(58.793247259069,126.32790466461));
#3804 = ( GEOMETRIC_REPRESENTATION_CONTEXT(2) 
PARAMETRIC_REPRESENTATION_CONTEXT() REPRESENTATION_CONTEXT('2D SPACE',''
  ) );
#3805 = PCURVE('',#1245,#3806);
#3806 = DEFINITIONAL_REPRESENTATION('',(#3807),#3811);
#3807 = LINE('',#3808,#3809);
#3808 = CARTESIAN_POINT('',(-6.619993321841,0.));
#3809 = VECTOR('',#3810,1.);
#3810 = DIRECTION('',(1.,-0.));
#3811 = ( GEOMETRIC_REPRESENTATION_CONTEXT(2) 
PARAMETRIC_REPRESENTATION_CONTEXT() REPRESENTATION_CONTEXT('2D SPACE',''
  ) );
#3812 = ORIENTED_EDGE('',*,*,#3813,.F.);
#3813 = EDGE_CURVE('',#3814,#3786,#3816,.T.);
#3814 = VERTEX_POINT('',#3815);
#3815 = CARTESIAN_POINT('',(26.57082780724,57.85,0.55));
#3816 = SURFACE_CURVE('',#3817,(#3822,#3833),.PCURVE_S1.);
#3817 = CIRCLE('',#3818,1.7);
#3818 = AXIS2_PLACEMENT_3D('',#3819,#3820,#3821);
#3819 = CARTESIAN_POINT('',(25.,58.5,0.55));
#3820 = DIRECTION('',(0.,0.,-1.));
#3821 = DIRECTION('',(0.484122918276,0.875,0.));
#3822 = PCURVE('',#100,#3823);
#3823 = DEFINITIONAL_REPRESENTATION('',(#3824),#3832);
#3824 = ( BOUNDED_CURVE() B_SPLINE_CURVE(2,(#3825,#3826,#3827,#3828,
#3829,#3830,#3831),.UNSPECIFIED.,.T.,.F.) B_SPLINE_CURVE_WITH_KNOTS((1,2
    ,2,2,2,1),(-2.094395102393,0.,2.094395102393,4.188790204786,
6.28318530718,8.377580409573),.UNSPECIFIED.) CURVE() 
GEOMETRIC_REPRESENTATION_ITEM() RATIONAL_B_SPLINE_CURVE((1.,0.5,1.,0.5,
1.,0.5,1.)) REPRESENTATION_ITEM('') );
#3825 = CARTESIAN_POINT('',(57.823008961069,123.9875));
#3826 = CARTESIAN_POINT('',(60.399434537328,122.56200666434));
#3827 = CARTESIAN_POINT('',(57.876708307595,121.04350333217));
#3828 = CARTESIAN_POINT('',(55.353982077862,119.525));
#3829 = CARTESIAN_POINT('',(55.300282731336,122.46899666782));
#3830 = CARTESIAN_POINT('',(55.24658338481,125.41299333565));
#3831 = CARTESIAN_POINT('',(57.823008961069,123.9875));
#3832 = ( GEOMETRIC_REPRESENTATION_CONTEXT(2) 
PARAMETRIC_REPRESENTATION_CONTEXT() REPRESENTATION_CONTEXT('2D SPACE',''
  ) );
#3833 = PCURVE('',#3834,#3839);
#3834 = CYLINDRICAL_SURFACE('',#3835,1.7);
#3835 = AXIS2_PLACEMENT_3D('',#3836,#3837,#3838);
#3836 = CARTESIAN_POINT('',(25.,58.5,0.55));
#3837 = DIRECTION('',(-0.,-0.,-1.));
#3838 = DIRECTION('',(1.,0.,0.));
#3839 = DEFINITIONAL_REPRESENTATION('',(#3840),#3844);
#3840 = LINE('',#3841,#3842);
#3841 = CARTESIAN_POINT('',(-7.34862112369,0.));
#3842 = VECTOR('',#3843,1.);
#3843 = DIRECTION('',(1.,-0.));
#3844 = ( GEOMETRIC_REPRESENTATION_CONTEXT(2) 
PARAMETRIC_REPRESENTATION_CONTEXT() REPRESENTATION_CONTEXT('2D SPACE',''
  ) );
#3845 = ORIENTED_EDGE('',*,*,#3846,.T.);
#3846 = EDGE_CURVE('',#3814,#3847,#3849,.T.);
#3847 = VERTEX_POINT('',#3848);
#3848 = CARTESIAN_POINT('',(30.4,57.85,0.55));
#3849 = SURFACE_CURVE('',#3850,(#3854,#3861),.PCURVE_S1.);
#3850 = LINE('',#3851,#3852);
#3851 = CARTESIAN_POINT('',(24.5,57.85,0.55));
#3852 = VECTOR('',#3853,1.);
#3853 = DIRECTION('',(1.,0.,0.));
#3854 = PCURVE('',#100,#3855);
#3855 = DEFINITIONAL_REPRESENTATION('',(#3856),#3860);
#3856 = LINE('',#3857,#3858);
#3857 = CARTESIAN_POINT('',(56.5,121.85));
#3858 = VECTOR('',#3859,1.);
#3859 = DIRECTION('',(1.,0.));
#3860 = ( GEOMETRIC_REPRESENTATION_CONTEXT(2) 
PARAMETRIC_REPRESENTATION_CONTEXT() REPRESENTATION_CONTEXT('2D SPACE',''
  ) );
#3861 = PCURVE('',#3862,#3867);
#3862 = PLANE('',#3863);
#3863 = AXIS2_PLACEMENT_3D('',#3864,#3865,#3866);
#3864 = CARTESIAN_POINT('',(24.5,57.85,0.55));
#3865 = DIRECTION('',(0.,1.,0.));
#3866 = DIRECTION('',(0.,0.,1.));
#3867 = DEFINITIONAL_REPRESENTATION('',(#3868),#3872);
#3868 = LINE('',#3869,#3870);
#3869 = CARTESIAN_POINT('',(0.,0.));
#3870 = VECTOR('',#3871,1.);
#3871 = DIRECTION('',(0.,1.));
#3872 = ( GEOMETRIC_REPRESENTATION_CONTEXT(2) 
PARAMETRIC_REPRESENTATION_CONTEXT() REPRESENTATION_CONTEXT('2D SPACE',''
  ) );
#3873 = ORIENTED_EDGE('',*,*,#3874,.F.);
#3874 = EDGE_CURVE('',#3875,#3847,#3877,.T.);
#3875 = VERTEX_POINT('',#3876);
#3876 = CARTESIAN_POINT('',(30.4,12.15,0.55));
#3877 = SURFACE_CURVE('',#3878,(#3882,#3889),.PCURVE_S1.);
#3878 = LINE('',#3879,#3880);
#3879 = CARTESIAN_POINT('',(30.4,-63.2,0.55));
#3880 = VECTOR('',#3881,1.);
#3881 = DIRECTION('',(0.,1.,0.));
#3882 = PCURVE('',#100,#3883);
#3883 = DEFINITIONAL_REPRESENTATION('',(#3884),#3888);
#3884 = LINE('',#3885,#3886);
#3885 = CARTESIAN_POINT('',(62.4,0.8));
#3886 = VECTOR('',#3887,1.);
#3887 = DIRECTION('',(0.,1.));
#3888 = ( GEOMETRIC_REPRESENTATION_CONTEXT(2) 
PARAMETRIC_REPRESENTATION_CONTEXT() REPRESENTATION_CONTEXT('2D SPACE',''
  ) );
#3889 = PCURVE('',#1302,#3890);
#3890 = DEFINITIONAL_REPRESENTATION('',(#3891),#3894);
#3891 = B_SPLINE_CURVE_WITH_KNOTS('',1,(#3892,#3893),.UNSPECIFIED.,.F.,
  .F.,(2,2),(5.2,121.2),.PIECEWISE_BEZIER_KNOTS.);
#3892 = CARTESIAN_POINT('',(0.15,-4.4));
#3893 = CARTESIAN_POINT('',(0.15,-120.4));
#3894 = ( GEOMETRIC_REPRESENTATION_CONTEXT(2) 
PARAMETRIC_REPRESENTATION_CONTEXT() REPRESENTATION_CONTEXT('2D SPACE',''
  ) );
#3895 = ORIENTED_EDGE('',*,*,#3896,.F.);
#3896 = EDGE_CURVE('',#3897,#3875,#3899,.T.);
#3897 = VERTEX_POINT('',#3898);
#3898 = CARTESIAN_POINT('',(26.57082780724,12.15,0.55));
#3899 = SURFACE_CURVE('',#3900,(#3904,#3911),.PCURVE_S1.);
#3900 = LINE('',#3901,#3902);
#3901 = CARTESIAN_POINT('',(24.5,12.15,0.55));
#3902 = VECTOR('',#3903,1.);
#3903 = DIRECTION('',(1.,0.,0.));
#3904 = PCURVE('',#100,#3905);
#3905 = DEFINITIONAL_REPRESENTATION('',(#3906),#3910);
#3906 = LINE('',#3907,#3908);
#3907 = CARTESIAN_POINT('',(56.5,76.15));
#3908 = VECTOR('',#3909,1.);
#3909 = DIRECTION('',(1.,0.));
#3910 = ( GEOMETRIC_REPRESENTATION_CONTEXT(2) 
PARAMETRIC_REPRESENTATION_CONTEXT() REPRESENTATION_CONTEXT('2D SPACE',''
  ) );
#3911 = PCURVE('',#3912,#3917);
#3912 = PLANE('',#3913);
#3913 = AXIS2_PLACEMENT_3D('',#3914,#3915,#3916);
#3914 = CARTESIAN_POINT('',(24.5,12.15,0.55));
#3915 = DIRECTION('',(0.,1.,0.));
#3916 = DIRECTION('',(0.,0.,1.));
#3917 = DEFINITIONAL_REPRESENTATION('',(#3918),#3922);
#3918 = LINE('',#3919,#3920);
#3919 = CARTESIAN_POINT('',(0.,0.));
#3920 = VECTOR('',#3921,1.);
#3921 = DIRECTION('',(0.,1.));
#3922 = ( GEOMETRIC_REPRESENTATION_CONTEXT(2) 
PARAMETRIC_REPRESENTATION_CONTEXT() REPRESENTATION_CONTEXT('2D SPACE',''
  ) );
#3923 = ORIENTED_EDGE('',*,*,#3924,.T.);
#3924 = EDGE_CURVE('',#3897,#3925,#3927,.T.);
#3925 = VERTEX_POINT('',#3926);
#3926 = CARTESIAN_POINT('',(26.57082780724,10.85,0.55));
#3927 = SURFACE_CURVE('',#3928,(#3933,#3940),.PCURVE_S1.);
#3928 = CIRCLE('',#3929,1.7);
#3929 = AXIS2_PLACEMENT_3D('',#3930,#3931,#3932);
#3930 = CARTESIAN_POINT('',(25.,11.5,0.55));
#3931 = DIRECTION('',(0.,0.,1.));
#3932 = DIRECTION('',(1.,0.,0.));
#3933 = PCURVE('',#100,#3934);
#3934 = DEFINITIONAL_REPRESENTATION('',(#3935),#3939);
#3935 = CIRCLE('',#3936,1.7);
#3936 = AXIS2_PLACEMENT_2D('',#3937,#3938);
#3937 = CARTESIAN_POINT('',(57.,75.5));
#3938 = DIRECTION('',(1.,0.));
#3939 = ( GEOMETRIC_REPRESENTATION_CONTEXT(2) 
PARAMETRIC_REPRESENTATION_CONTEXT() REPRESENTATION_CONTEXT('2D SPACE',''
  ) );
#3940 = PCURVE('',#3941,#3946);
#3941 = CYLINDRICAL_SURFACE('',#3942,1.7);
#3942 = AXIS2_PLACEMENT_3D('',#3943,#3944,#3945);
#3943 = CARTESIAN_POINT('',(25.,11.5,0.55));
#3944 = DIRECTION('',(-0.,-0.,-1.));
#3945 = DIRECTION('',(1.,0.,0.));
#3946 = DEFINITIONAL_REPRESENTATION('',(#3947),#3951);
#3947 = LINE('',#3948,#3949);
#3948 = CARTESIAN_POINT('',(-0.,0.));
#3949 = VECTOR('',#3950,1.);
#3950 = DIRECTION('',(-1.,0.));
#3951 = ( GEOMETRIC_REPRESENTATION_CONTEXT(2) 
PARAMETRIC_REPRESENTATION_CONTEXT() REPRESENTATION_CONTEXT('2D SPACE',''
  ) );
#3952 = ORIENTED_EDGE('',*,*,#3953,.T.);
#3953 = EDGE_CURVE('',#3925,#3954,#3956,.T.);
#3954 = VERTEX_POINT('',#3955);
#3955 = CARTESIAN_POINT('',(30.4,10.85,0.55));
#3956 = SURFACE_CURVE('',#3957,(#3961,#3968),.PCURVE_S1.);
#3957 = LINE('',#3958,#3959);
#3958 = CARTESIAN_POINT('',(24.5,10.85,0.55));
#3959 = VECTOR('',#3960,1.);
#3960 = DIRECTION('',(1.,0.,0.));
#3961 = PCURVE('',#100,#3962);
#3962 = DEFINITIONAL_REPRESENTATION('',(#3963),#3967);
#3963 = LINE('',#3964,#3965);
#3964 = CARTESIAN_POINT('',(56.5,74.85));
#3965 = VECTOR('',#3966,1.);
#3966 = DIRECTION('',(1.,0.));
#3967 = ( GEOMETRIC_REPRESENTATION_CONTEXT(2) 
PARAMETRIC_REPRESENTATION_CONTEXT() REPRESENTATION_CONTEXT('2D SPACE',''
  ) );
#3968 = PCURVE('',#3969,#3974);
#3969 = PLANE('',#3970);
#3970 = AXIS2_PLACEMENT_3D('',#3971,#3972,#3973);
#3971 = CARTESIAN_POINT('',(24.5,10.85,0.55));
#3972 = DIRECTION('',(0.,1.,0.));
#3973 = DIRECTION('',(0.,0.,1.));
#3974 = DEFINITIONAL_REPRESENTATION('',(#3975),#3979);
#3975 = LINE('',#3976,#3977);
#3976 = CARTESIAN_POINT('',(0.,0.));
#3977 = VECTOR('',#3978,1.);
#3978 = DIRECTION('',(0.,1.));
#3979 = ( GEOMETRIC_REPRESENTATION_CONTEXT(2) 
PARAMETRIC_REPRESENTATION_CONTEXT() REPRESENTATION_CONTEXT('2D SPACE',''
  ) );
#3980 = ORIENTED_EDGE('',*,*,#3981,.F.);
#3981 = EDGE_CURVE('',#3982,#3954,#3984,.T.);
#3982 = VERTEX_POINT('',#3983);
#3983 = CARTESIAN_POINT('',(30.4,5.3,0.55));
#3984 = SURFACE_CURVE('',#3985,(#3989,#3996),.PCURVE_S1.);
#3985 = LINE('',#3986,#3987);
#3986 = CARTESIAN_POINT('',(30.4,-63.2,0.55));
#3987 = VECTOR('',#3988,1.);
#3988 = DIRECTION('',(0.,1.,0.));
#3989 = PCURVE('',#100,#3990);
#3990 = DEFINITIONAL_REPRESENTATION('',(#3991),#3995);
#3991 = LINE('',#3992,#3993);
#3992 = CARTESIAN_POINT('',(62.4,0.8));
#3993 = VECTOR('',#3994,1.);
#3994 = DIRECTION('',(0.,1.));
#3995 = ( GEOMETRIC_REPRESENTATION_CONTEXT(2) 
PARAMETRIC_REPRESENTATION_CONTEXT() REPRESENTATION_CONTEXT('2D SPACE',''
  ) );
#3996 = PCURVE('',#1302,#3997);
#3997 = DEFINITIONAL_REPRESENTATION('',(#3998),#4001);
#3998 = B_SPLINE_CURVE_WITH_KNOTS('',1,(#3999,#4000),.UNSPECIFIED.,.F.,
  .F.,(2,2),(5.2,121.2),.PIECEWISE_BEZIER_KNOTS.);
#3999 = CARTESIAN_POINT('',(0.15,-4.4));
#4000 = CARTESIAN_POINT('',(0.15,-120.4));
#4001 = ( GEOMETRIC_REPRESENTATION_CONTEXT(2) 
PARAMETRIC_REPRESENTATION_CONTEXT() REPRESENTATION_CONTEXT('2D SPACE',''
  ) );
#4002 = ORIENTED_EDGE('',*,*,#4003,.F.);
#4003 = EDGE_CURVE('',#4004,#3982,#4006,.T.);
#4004 = VERTEX_POINT('',#4005);
#4005 = CARTESIAN_POINT('',(30.385640646055,5.3,0.55));
#4006 = SURFACE_CURVE('',#4007,(#4011,#4018),.PCURVE_S1.);
#4007 = LINE('',#4008,#4009);
#4008 = CARTESIAN_POINT('',(28.7,5.3,0.55));
#4009 = VECTOR('',#4010,1.);
#4010 = DIRECTION('',(1.,0.,0.));
#4011 = PCURVE('',#100,#4012);
#4012 = DEFINITIONAL_REPRESENTATION('',(#4013),#4017);
#4013 = LINE('',#4014,#4015);
#4014 = CARTESIAN_POINT('',(60.7,69.3));
#4015 = VECTOR('',#4016,1.);
#4016 = DIRECTION('',(1.,0.));
#4017 = ( GEOMETRIC_REPRESENTATION_CONTEXT(2) 
PARAMETRIC_REPRESENTATION_CONTEXT() REPRESENTATION_CONTEXT('2D SPACE',''
  ) );
#4018 = PCURVE('',#1329,#4019);
#4019 = DEFINITIONAL_REPRESENTATION('',(#4020),#4024);
#4020 = LINE('',#4021,#4022);
#4021 = CARTESIAN_POINT('',(0.,0.));
#4022 = VECTOR('',#4023,1.);
#4023 = DIRECTION('',(0.,1.));
#4024 = ( GEOMETRIC_REPRESENTATION_CONTEXT(2) 
PARAMETRIC_REPRESENTATION_CONTEXT() REPRESENTATION_CONTEXT('2D SPACE',''
  ) );
#4025 = ORIENTED_EDGE('',*,*,#4026,.T.);
#4026 = EDGE_CURVE('',#4004,#4027,#4029,.T.);
#4027 = VERTEX_POINT('',#4028);
#4028 = CARTESIAN_POINT('',(30.385640646055,2.7,0.55));
#4029 = SURFACE_CURVE('',#4030,(#4035,#4042),.PCURVE_S1.);
#4030 = CIRCLE('',#4031,1.9);
#4031 = AXIS2_PLACEMENT_3D('',#4032,#4033,#4034);
#4032 = CARTESIAN_POINT('',(29.,4.,0.55));
#4033 = DIRECTION('',(0.,0.,1.));
#4034 = DIRECTION('',(1.,0.,0.));
#4035 = PCURVE('',#100,#4036);
#4036 = DEFINITIONAL_REPRESENTATION('',(#4037),#4041);
#4037 = CIRCLE('',#4038,1.9);
#4038 = AXIS2_PLACEMENT_2D('',#4039,#4040);
#4039 = CARTESIAN_POINT('',(61.,68.));
#4040 = DIRECTION('',(1.,0.));
#4041 = ( GEOMETRIC_REPRESENTATION_CONTEXT(2) 
PARAMETRIC_REPRESENTATION_CONTEXT() REPRESENTATION_CONTEXT('2D SPACE',''
  ) );
#4042 = PCURVE('',#1358,#4043);
#4043 = DEFINITIONAL_REPRESENTATION('',(#4044),#4048);
#4044 = LINE('',#4045,#4046);
#4045 = CARTESIAN_POINT('',(-0.,0.));
#4046 = VECTOR('',#4047,1.);
#4047 = DIRECTION('',(-1.,0.));
#4048 = ( GEOMETRIC_REPRESENTATION_CONTEXT(2) 
PARAMETRIC_REPRESENTATION_CONTEXT() REPRESENTATION_CONTEXT('2D SPACE',''
  ) );
#4049 = ORIENTED_EDGE('',*,*,#4050,.T.);
#4050 = EDGE_CURVE('',#4027,#4051,#4053,.T.);
#4051 = VERTEX_POINT('',#4052);
#4052 = CARTESIAN_POINT('',(30.4,2.7,0.55));
#4053 = SURFACE_CURVE('',#4054,(#4058,#4065),.PCURVE_S1.);
#4054 = LINE('',#4055,#4056);
#4055 = CARTESIAN_POINT('',(28.7,2.7,0.55));
#4056 = VECTOR('',#4057,1.);
#4057 = DIRECTION('',(1.,0.,0.));
#4058 = PCURVE('',#100,#4059);
#4059 = DEFINITIONAL_REPRESENTATION('',(#4060),#4064);
#4060 = LINE('',#4061,#4062);
#4061 = CARTESIAN_POINT('',(60.7,66.7));
#4062 = VECTOR('',#4063,1.);
#4063 = DIRECTION('',(1.,0.));
#4064 = ( GEOMETRIC_REPRESENTATION_CONTEXT(2) 
PARAMETRIC_REPRESENTATION_CONTEXT() REPRESENTATION_CONTEXT('2D SPACE',''
  ) );
#4065 = PCURVE('',#1386,#4066);
#4066 = DEFINITIONAL_REPRESENTATION('',(#4067),#4071);
#4067 = LINE('',#4068,#4069);
#4068 = CARTESIAN_POINT('',(0.,0.));
#4069 = VECTOR('',#4070,1.);
#4070 = DIRECTION('',(0.,1.));
#4071 = ( GEOMETRIC_REPRESENTATION_CONTEXT(2) 
PARAMETRIC_REPRESENTATION_CONTEXT() REPRESENTATION_CONTEXT('2D SPACE',''
  ) );
#4072 = ORIENTED_EDGE('',*,*,#4073,.F.);
#4073 = EDGE_CURVE('',#4074,#4051,#4076,.T.);
#4074 = VERTEX_POINT('',#4075);
#4075 = CARTESIAN_POINT('',(30.4,-0.25,0.55));
#4076 = SURFACE_CURVE('',#4077,(#4081,#4088),.PCURVE_S1.);
#4077 = LINE('',#4078,#4079);
#4078 = CARTESIAN_POINT('',(30.4,-63.2,0.55));
#4079 = VECTOR('',#4080,1.);
#4080 = DIRECTION('',(0.,1.,0.));
#4081 = PCURVE('',#100,#4082);
#4082 = DEFINITIONAL_REPRESENTATION('',(#4083),#4087);
#4083 = LINE('',#4084,#4085);
#4084 = CARTESIAN_POINT('',(62.4,0.8));
#4085 = VECTOR('',#4086,1.);
#4086 = DIRECTION('',(0.,1.));
#4087 = ( GEOMETRIC_REPRESENTATION_CONTEXT(2) 
PARAMETRIC_REPRESENTATION_CONTEXT() REPRESENTATION_CONTEXT('2D SPACE',''
  ) );
#4088 = PCURVE('',#1414,#4089);
#4089 = DEFINITIONAL_REPRESENTATION('',(#4090),#4093);
#4090 = B_SPLINE_CURVE_WITH_KNOTS('',1,(#4091,#4092),.UNSPECIFIED.,.F.,
  .F.,(2,2),(5.2,121.2),.PIECEWISE_BEZIER_KNOTS.);
#4091 = CARTESIAN_POINT('',(0.15,-4.4));
#4092 = CARTESIAN_POINT('',(0.15,-120.4));
#4093 = ( GEOMETRIC_REPRESENTATION_CONTEXT(2) 
PARAMETRIC_REPRESENTATION_CONTEXT() REPRESENTATION_CONTEXT('2D SPACE',''
  ) );
#4094 = ORIENTED_EDGE('',*,*,#4095,.F.);
#4095 = EDGE_CURVE('',#4096,#4074,#4098,.T.);
#4096 = VERTEX_POINT('',#4097);
#4097 = CARTESIAN_POINT('',(8.4,-0.25,0.55));
#4098 = SURFACE_CURVE('',#4099,(#4103,#4110),.PCURVE_S1.);
#4099 = LINE('',#4100,#4101);
#4100 = CARTESIAN_POINT('',(8.4,-0.25,0.55));
#4101 = VECTOR('',#4102,1.);
#4102 = DIRECTION('',(1.,0.,0.));
#4103 = PCURVE('',#100,#4104);
#4104 = DEFINITIONAL_REPRESENTATION('',(#4105),#4109);
#4105 = LINE('',#4106,#4107);
#4106 = CARTESIAN_POINT('',(40.4,63.75));
#4107 = VECTOR('',#4108,1.);
#4108 = DIRECTION('',(1.,0.));
#4109 = ( GEOMETRIC_REPRESENTATION_CONTEXT(2) 
PARAMETRIC_REPRESENTATION_CONTEXT() REPRESENTATION_CONTEXT('2D SPACE',''
  ) );
#4110 = PCURVE('',#4111,#4116);
#4111 = PLANE('',#4112);
#4112 = AXIS2_PLACEMENT_3D('',#4113,#4114,#4115);
#4113 = CARTESIAN_POINT('',(8.4,-0.25,0.55));
#4114 = DIRECTION('',(0.,1.,0.));
#4115 = DIRECTION('',(0.,0.,1.));
#4116 = DEFINITIONAL_REPRESENTATION('',(#4117),#4121);
#4117 = LINE('',#4118,#4119);
#4118 = CARTESIAN_POINT('',(0.,0.));
#4119 = VECTOR('',#4120,1.);
#4120 = DIRECTION('',(0.,1.));
#4121 = ( GEOMETRIC_REPRESENTATION_CONTEXT(2) 
PARAMETRIC_REPRESENTATION_CONTEXT() REPRESENTATION_CONTEXT('2D SPACE',''
  ) );
#4122 = ORIENTED_EDGE('',*,*,#4123,.F.);
#4123 = EDGE_CURVE('',#4124,#4096,#4126,.T.);
#4124 = VERTEX_POINT('',#4125);
#4125 = CARTESIAN_POINT('',(8.4,-0.85,0.55));
#4126 = SURFACE_CURVE('',#4127,(#4131,#4138),.PCURVE_S1.);
#4127 = LINE('',#4128,#4129);
#4128 = CARTESIAN_POINT('',(8.4,-0.85,0.55));
#4129 = VECTOR('',#4130,1.);
#4130 = DIRECTION('',(0.,1.,0.));
#4131 = PCURVE('',#100,#4132);
#4132 = DEFINITIONAL_REPRESENTATION('',(#4133),#4137);
#4133 = LINE('',#4134,#4135);
#4134 = CARTESIAN_POINT('',(40.4,63.15));
#4135 = VECTOR('',#4136,1.);
#4136 = DIRECTION('',(0.,1.));
#4137 = ( GEOMETRIC_REPRESENTATION_CONTEXT(2) 
PARAMETRIC_REPRESENTATION_CONTEXT() REPRESENTATION_CONTEXT('2D SPACE',''
  ) );
#4138 = PCURVE('',#4139,#4144);
#4139 = PLANE('',#4140);
#4140 = AXIS2_PLACEMENT_3D('',#4141,#4142,#4143);
#4141 = CARTESIAN_POINT('',(8.4,-0.85,0.55));
#4142 = DIRECTION('',(1.,0.,0.));
#4143 = DIRECTION('',(0.,0.,1.));
#4144 = DEFINITIONAL_REPRESENTATION('',(#4145),#4149);
#4145 = LINE('',#4146,#4147);
#4146 = CARTESIAN_POINT('',(0.,0.));
#4147 = VECTOR('',#4148,1.);
#4148 = DIRECTION('',(0.,-1.));
#4149 = ( GEOMETRIC_REPRESENTATION_CONTEXT(2) 
PARAMETRIC_REPRESENTATION_CONTEXT() REPRESENTATION_CONTEXT('2D SPACE',''
  ) );
#4150 = ORIENTED_EDGE('',*,*,#4151,.T.);
#4151 = EDGE_CURVE('',#4124,#3314,#4152,.T.);
#4152 = SURFACE_CURVE('',#4153,(#4157,#4164),.PCURVE_S1.);
#4153 = LINE('',#4154,#4155);
#4154 = CARTESIAN_POINT('',(8.4,-0.85,0.55));
#4155 = VECTOR('',#4156,1.);
#4156 = DIRECTION('',(1.,0.,0.));
#4157 = PCURVE('',#100,#4158);
#4158 = DEFINITIONAL_REPRESENTATION('',(#4159),#4163);
#4159 = LINE('',#4160,#4161);
#4160 = CARTESIAN_POINT('',(40.4,63.15));
#4161 = VECTOR('',#4162,1.);
#4162 = DIRECTION('',(1.,0.));
#4163 = ( GEOMETRIC_REPRESENTATION_CONTEXT(2) 
PARAMETRIC_REPRESENTATION_CONTEXT() REPRESENTATION_CONTEXT('2D SPACE',''
  ) );
#4164 = PCURVE('',#4165,#4170);
#4165 = PLANE('',#4166);
#4166 = AXIS2_PLACEMENT_3D('',#4167,#4168,#4169);
#4167 = CARTESIAN_POINT('',(8.4,-0.85,0.55));
#4168 = DIRECTION('',(0.,1.,0.));
#4169 = DIRECTION('',(0.,0.,1.));
#4170 = DEFINITIONAL_REPRESENTATION('',(#4171),#4175);
#4171 = LINE('',#4172,#4173);
#4172 = CARTESIAN_POINT('',(0.,0.));
#4173 = VECTOR('',#4174,1.);
#4174 = DIRECTION('',(0.,1.));
#4175 = ( GEOMETRIC_REPRESENTATION_CONTEXT(2) 
PARAMETRIC_REPRESENTATION_CONTEXT() REPRESENTATION_CONTEXT('2D SPACE',''
  ) );
#4176 = FACE_BOUND('',#4177,.F.);
#4177 = EDGE_LOOP('',(#4178,#4204,#4232,#4260));
#4178 = ORIENTED_EDGE('',*,*,#4179,.F.);
#4179 = EDGE_CURVE('',#4180,#4182,#4184,.T.);
#4180 = VERTEX_POINT('',#4181);
#4181 = CARTESIAN_POINT('',(30.247057805116,59.15,0.55));
#4182 = VERTEX_POINT('',#4183);
#4183 = CARTESIAN_POINT('',(26.793247259069,62.327904664613,0.55));
#4184 = SURFACE_CURVE('',#4185,(#4190,#4197),.PCURVE_S1.);
#4185 = CIRCLE('',#4186,4.4);
#4186 = AXIS2_PLACEMENT_3D('',#4187,#4188,#4189);
#4187 = CARTESIAN_POINT('',(26.,58.,0.55));
#4188 = DIRECTION('',(0.,0.,1.));
#4189 = DIRECTION('',(1.,0.,-0.));
#4190 = PCURVE('',#100,#4191);
#4191 = DEFINITIONAL_REPRESENTATION('',(#4192),#4196);
#4192 = CIRCLE('',#4193,4.4);
#4193 = AXIS2_PLACEMENT_2D('',#4194,#4195);
#4194 = CARTESIAN_POINT('',(58.,122.));
#4195 = DIRECTION('',(1.,0.));
#4196 = ( GEOMETRIC_REPRESENTATION_CONTEXT(2) 
PARAMETRIC_REPRESENTATION_CONTEXT() REPRESENTATION_CONTEXT('2D SPACE',''
  ) );
#4197 = PCURVE('',#1274,#4198);
#4198 = DEFINITIONAL_REPRESENTATION('',(#4199),#4203);
#4199 = LINE('',#4200,#4201);
#4200 = CARTESIAN_POINT('',(0.,0.15));
#4201 = VECTOR('',#4202,1.);
#4202 = DIRECTION('',(1.,0.));
#4203 = ( GEOMETRIC_REPRESENTATION_CONTEXT(2) 
PARAMETRIC_REPRESENTATION_CONTEXT() REPRESENTATION_CONTEXT('2D SPACE',''
  ) );
#4204 = ORIENTED_EDGE('',*,*,#4205,.F.);
#4205 = EDGE_CURVE('',#4206,#4180,#4208,.T.);
#4206 = VERTEX_POINT('',#4207);
#4207 = CARTESIAN_POINT('',(26.570827807241,59.15,0.55));
#4208 = SURFACE_CURVE('',#4209,(#4213,#4220),.PCURVE_S1.);
#4209 = LINE('',#4210,#4211);
#4210 = CARTESIAN_POINT('',(24.5,59.15,0.55));
#4211 = VECTOR('',#4212,1.);
#4212 = DIRECTION('',(1.,0.,0.));
#4213 = PCURVE('',#100,#4214);
#4214 = DEFINITIONAL_REPRESENTATION('',(#4215),#4219);
#4215 = LINE('',#4216,#4217);
#4216 = CARTESIAN_POINT('',(56.5,123.15));
#4217 = VECTOR('',#4218,1.);
#4218 = DIRECTION('',(1.,0.));
#4219 = ( GEOMETRIC_REPRESENTATION_CONTEXT(2) 
PARAMETRIC_REPRESENTATION_CONTEXT() REPRESENTATION_CONTEXT('2D SPACE',''
  ) );
#4220 = PCURVE('',#4221,#4226);
#4221 = PLANE('',#4222);
#4222 = AXIS2_PLACEMENT_3D('',#4223,#4224,#4225);
#4223 = CARTESIAN_POINT('',(24.5,59.15,0.55));
#4224 = DIRECTION('',(0.,1.,0.));
#4225 = DIRECTION('',(0.,0.,1.));
#4226 = DEFINITIONAL_REPRESENTATION('',(#4227),#4231);
#4227 = LINE('',#4228,#4229);
#4228 = CARTESIAN_POINT('',(0.,0.));
#4229 = VECTOR('',#4230,1.);
#4230 = DIRECTION('',(0.,1.));
#4231 = ( GEOMETRIC_REPRESENTATION_CONTEXT(2) 
PARAMETRIC_REPRESENTATION_CONTEXT() REPRESENTATION_CONTEXT('2D SPACE',''
  ) );
#4232 = ORIENTED_EDGE('',*,*,#4233,.F.);
#4233 = EDGE_CURVE('',#4234,#4206,#4236,.T.);
#4234 = VERTEX_POINT('',#4235);
#4235 = CARTESIAN_POINT('',(25.823008961069,59.9875,0.55));
#4236 = SURFACE_CURVE('',#4237,(#4242,#4253),.PCURVE_S1.);
#4237 = CIRCLE('',#4238,1.7);
#4238 = AXIS2_PLACEMENT_3D('',#4239,#4240,#4241);
#4239 = CARTESIAN_POINT('',(25.,58.5,0.55));
#4240 = DIRECTION('',(0.,0.,-1.));
#4241 = DIRECTION('',(0.484122918276,0.875,0.));
#4242 = PCURVE('',#100,#4243);
#4243 = DEFINITIONAL_REPRESENTATION('',(#4244),#4252);
#4244 = ( BOUNDED_CURVE() B_SPLINE_CURVE(2,(#4245,#4246,#4247,#4248,
#4249,#4250,#4251),.UNSPECIFIED.,.T.,.F.) B_SPLINE_CURVE_WITH_KNOTS((1,2
    ,2,2,2,1),(-2.094395102393,0.,2.094395102393,4.188790204786,
6.28318530718,8.377580409573),.UNSPECIFIED.) CURVE() 
GEOMETRIC_REPRESENTATION_ITEM() RATIONAL_B_SPLINE_CURVE((1.,0.5,1.,0.5,
1.,0.5,1.)) REPRESENTATION_ITEM('') );
#4245 = CARTESIAN_POINT('',(57.823008961069,123.9875));
#4246 = CARTESIAN_POINT('',(60.399434537328,122.56200666434));
#4247 = CARTESIAN_POINT('',(57.876708307595,121.04350333217));
#4248 = CARTESIAN_POINT('',(55.353982077862,119.525));
#4249 = CARTESIAN_POINT('',(55.300282731336,122.46899666782));
#4250 = CARTESIAN_POINT('',(55.24658338481,125.41299333565));
#4251 = CARTESIAN_POINT('',(57.823008961069,123.9875));
#4252 = ( GEOMETRIC_REPRESENTATION_CONTEXT(2) 
PARAMETRIC_REPRESENTATION_CONTEXT() REPRESENTATION_CONTEXT('2D SPACE',''
  ) );
#4253 = PCURVE('',#3834,#4254);
#4254 = DEFINITIONAL_REPRESENTATION('',(#4255),#4259);
#4255 = LINE('',#4256,#4257);
#4256 = CARTESIAN_POINT('',(-7.34862112369,0.));
#4257 = VECTOR('',#4258,1.);
#4258 = DIRECTION('',(1.,-0.));
#4259 = ( GEOMETRIC_REPRESENTATION_CONTEXT(2) 
PARAMETRIC_REPRESENTATION_CONTEXT() REPRESENTATION_CONTEXT('2D SPACE',''
  ) );
#4260 = ORIENTED_EDGE('',*,*,#4261,.F.);
#4261 = EDGE_CURVE('',#4182,#4234,#4262,.T.);
#4262 = SURFACE_CURVE('',#4263,(#4268,#4279),.PCURVE_S1.);
#4263 = CIRCLE('',#4264,1.9);
#4264 = AXIS2_PLACEMENT_3D('',#4265,#4266,#4267);
#4265 = CARTESIAN_POINT('',(25.,61.7,0.55));
#4266 = DIRECTION('',(0.,0.,-1.));
#4267 = DIRECTION('',(0.943814346878,0.33047613927,0.));
#4268 = PCURVE('',#100,#4269);
#4269 = DEFINITIONAL_REPRESENTATION('',(#4270),#4278);
#4270 = ( BOUNDED_CURVE() B_SPLINE_CURVE(2,(#4271,#4272,#4273,#4274,
#4275,#4276,#4277),.UNSPECIFIED.,.T.,.F.) B_SPLINE_CURVE_WITH_KNOTS((1,2
    ,2,2,2,1),(-2.094395102393,0.,2.094395102393,4.188790204786,
6.28318530718,8.377580409573),.UNSPECIFIED.) CURVE() 
GEOMETRIC_REPRESENTATION_ITEM() RATIONAL_B_SPLINE_CURVE((1.,0.5,1.,0.5,
1.,0.5,1.)) REPRESENTATION_ITEM('') );
#4271 = CARTESIAN_POINT('',(58.793247259069,126.32790466461));
#4272 = CARTESIAN_POINT('',(59.880810040488,123.22190930137));
#4273 = CARTESIAN_POINT('',(56.647157761175,123.83304998607));
#4274 = CARTESIAN_POINT('',(53.413505481863,124.44419067077));
#4275 = CARTESIAN_POINT('',(55.559594979756,126.93904534931));
#4276 = CARTESIAN_POINT('',(57.705684477649,129.43390002785));
#4277 = CARTESIAN_POINT('',(58.793247259069,126.32790466461));
#4278 = ( GEOMETRIC_REPRESENTATION_CONTEXT(2) 
PARAMETRIC_REPRESENTATION_CONTEXT() REPRESENTATION_CONTEXT('2D SPACE',''
  ) );
#4279 = PCURVE('',#1245,#4280);
#4280 = DEFINITIONAL_REPRESENTATION('',(#4281),#4285);
#4281 = LINE('',#4282,#4283);
#4282 = CARTESIAN_POINT('',(-6.619993321841,0.));
#4283 = VECTOR('',#4284,1.);
#4284 = DIRECTION('',(1.,-0.));
#4285 = ( GEOMETRIC_REPRESENTATION_CONTEXT(2) 
PARAMETRIC_REPRESENTATION_CONTEXT() REPRESENTATION_CONTEXT('2D SPACE',''
  ) );
#4286 = ADVANCED_FACE('',(#4287),#159,.F.);
#4287 = FACE_BOUND('',#4288,.F.);
#4288 = EDGE_LOOP('',(#4289,#4312,#4313,#4336));
#4289 = ORIENTED_EDGE('',*,*,#4290,.F.);
#4290 = EDGE_CURVE('',#141,#4291,#4293,.T.);
#4291 = VERTEX_POINT('',#4292);
#4292 = CARTESIAN_POINT('',(-31.55,22.4,5.7));
#4293 = SURFACE_CURVE('',#4294,(#4298,#4305),.PCURVE_S1.);
#4294 = LINE('',#4295,#4296);
#4295 = CARTESIAN_POINT('',(-32.05,22.4,5.7));
#4296 = VECTOR('',#4297,1.);
#4297 = DIRECTION('',(1.,0.,-2.22044604925E-16));
#4298 = PCURVE('',#159,#4299);
#4299 = DEFINITIONAL_REPRESENTATION('',(#4300),#4304);
#4300 = LINE('',#4301,#4302);
#4301 = CARTESIAN_POINT('',(0.,0.));
#4302 = VECTOR('',#4303,1.);
#4303 = DIRECTION('',(0.,1.));
#4304 = ( GEOMETRIC_REPRESENTATION_CONTEXT(2) 
PARAMETRIC_REPRESENTATION_CONTEXT() REPRESENTATION_CONTEXT('2D SPACE',''
  ) );
#4305 = PCURVE('',#186,#4306);
#4306 = DEFINITIONAL_REPRESENTATION('',(#4307),#4311);
#4307 = LINE('',#4308,#4309);
#4308 = CARTESIAN_POINT('',(-1.33226762955E-16,-0.6));
#4309 = VECTOR('',#4310,1.);
#4310 = DIRECTION('',(1.,2.22044604925E-16));
#4311 = ( GEOMETRIC_REPRESENTATION_CONTEXT(2) 
PARAMETRIC_REPRESENTATION_CONTEXT() REPRESENTATION_CONTEXT('2D SPACE',''
  ) );
#4312 = ORIENTED_EDGE('',*,*,#140,.T.);
#4313 = ORIENTED_EDGE('',*,*,#4314,.T.);
#4314 = EDGE_CURVE('',#143,#4315,#4317,.T.);
#4315 = VERTEX_POINT('',#4316);
#4316 = CARTESIAN_POINT('',(-31.55,23.,5.1));
#4317 = SURFACE_CURVE('',#4318,(#4322,#4329),.PCURVE_S1.);
#4318 = LINE('',#4319,#4320);
#4319 = CARTESIAN_POINT('',(-32.05,23.,5.1));
#4320 = VECTOR('',#4321,1.);
#4321 = DIRECTION('',(1.,0.,-2.22044604925E-16));
#4322 = PCURVE('',#159,#4323);
#4323 = DEFINITIONAL_REPRESENTATION('',(#4324),#4328);
#4324 = LINE('',#4325,#4326);
#4325 = CARTESIAN_POINT('',(1.570796326795,0.));
#4326 = VECTOR('',#4327,1.);
#4327 = DIRECTION('',(0.,1.));
#4328 = ( GEOMETRIC_REPRESENTATION_CONTEXT(2) 
PARAMETRIC_REPRESENTATION_CONTEXT() REPRESENTATION_CONTEXT('2D SPACE',''
  ) );
#4329 = PCURVE('',#349,#4330);
#4330 = DEFINITIONAL_REPRESENTATION('',(#4331),#4335);
#4331 = LINE('',#4332,#4333);
#4332 = CARTESIAN_POINT('',(0.,0.6));
#4333 = VECTOR('',#4334,1.);
#4334 = DIRECTION('',(1.,-2.22044604925E-16));
#4335 = ( GEOMETRIC_REPRESENTATION_CONTEXT(2) 
PARAMETRIC_REPRESENTATION_CONTEXT() REPRESENTATION_CONTEXT('2D SPACE',''
  ) );
#4336 = ORIENTED_EDGE('',*,*,#4337,.F.);
#4337 = EDGE_CURVE('',#4291,#4315,#4338,.T.);
#4338 = SURFACE_CURVE('',#4339,(#4344,#4351),.PCURVE_S1.);
#4339 = CIRCLE('',#4340,0.6);
#4340 = AXIS2_PLACEMENT_3D('',#4341,#4342,#4343);
#4341 = CARTESIAN_POINT('',(-31.55,23.,5.7));
#4342 = DIRECTION('',(1.,2.22044604925E-16,4.930380657631E-32));
#4343 = DIRECTION('',(0.,2.22044604925E-16,-1.));
#4344 = PCURVE('',#159,#4345);
#4345 = DEFINITIONAL_REPRESENTATION('',(#4346),#4350);
#4346 = LINE('',#4347,#4348);
#4347 = CARTESIAN_POINT('',(-4.712388980385,0.5));
#4348 = VECTOR('',#4349,1.);
#4349 = DIRECTION('',(1.,0.));
#4350 = ( GEOMETRIC_REPRESENTATION_CONTEXT(2) 
PARAMETRIC_REPRESENTATION_CONTEXT() REPRESENTATION_CONTEXT('2D SPACE',''
  ) );
#4351 = PCURVE('',#4352,#4357);
#4352 = PLANE('',#4353);
#4353 = AXIS2_PLACEMENT_3D('',#4354,#4355,#4356);
#4354 = CARTESIAN_POINT('',(-31.55,22.4,5.1));
#4355 = DIRECTION('',(1.,0.,-2.22044604925E-16));
#4356 = DIRECTION('',(-2.22044604925E-16,1.,0.));
#4357 = DEFINITIONAL_REPRESENTATION('',(#4358),#4362);
#4358 = CIRCLE('',#4359,0.6);
#4359 = AXIS2_PLACEMENT_2D('',#4360,#4361);
#4360 = CARTESIAN_POINT('',(0.6,0.6));
#4361 = DIRECTION('',(2.22044604925E-16,-1.));
#4362 = ( GEOMETRIC_REPRESENTATION_CONTEXT(2) 
PARAMETRIC_REPRESENTATION_CONTEXT() REPRESENTATION_CONTEXT('2D SPACE',''
  ) );
#4363 = ADVANCED_FACE('',(#4364),#349,.T.);
#4364 = FACE_BOUND('',#4365,.T.);
#4365 = EDGE_LOOP('',(#4366,#4367,#4368,#4391));
#4366 = ORIENTED_EDGE('',*,*,#336,.T.);
#4367 = ORIENTED_EDGE('',*,*,#4314,.T.);
#4368 = ORIENTED_EDGE('',*,*,#4369,.T.);
#4369 = EDGE_CURVE('',#4315,#4370,#4372,.T.);
#4370 = VERTEX_POINT('',#4371);
#4371 = CARTESIAN_POINT('',(-31.55,35.,5.1));
#4372 = SURFACE_CURVE('',#4373,(#4377,#4384),.PCURVE_S1.);
#4373 = LINE('',#4374,#4375);
#4374 = CARTESIAN_POINT('',(-31.55,22.4,5.1));
#4375 = VECTOR('',#4376,1.);
#4376 = DIRECTION('',(-2.22044604925E-16,1.,0.));
#4377 = PCURVE('',#349,#4378);
#4378 = DEFINITIONAL_REPRESENTATION('',(#4379),#4383);
#4379 = LINE('',#4380,#4381);
#4380 = CARTESIAN_POINT('',(0.5,-1.110223024625E-16));
#4381 = VECTOR('',#4382,1.);
#4382 = DIRECTION('',(-2.22044604925E-16,1.));
#4383 = ( GEOMETRIC_REPRESENTATION_CONTEXT(2) 
PARAMETRIC_REPRESENTATION_CONTEXT() REPRESENTATION_CONTEXT('2D SPACE',''
  ) );
#4384 = PCURVE('',#4352,#4385);
#4385 = DEFINITIONAL_REPRESENTATION('',(#4386),#4390);
#4386 = LINE('',#4387,#4388);
#4387 = CARTESIAN_POINT('',(0.,0.));
#4388 = VECTOR('',#4389,1.);
#4389 = DIRECTION('',(1.,-2.22044604925E-16));
#4390 = ( GEOMETRIC_REPRESENTATION_CONTEXT(2) 
PARAMETRIC_REPRESENTATION_CONTEXT() REPRESENTATION_CONTEXT('2D SPACE',''
  ) );
#4391 = ORIENTED_EDGE('',*,*,#4392,.F.);
#4392 = EDGE_CURVE('',#308,#4370,#4393,.T.);
#4393 = SURFACE_CURVE('',#4394,(#4398,#4405),.PCURVE_S1.);
#4394 = LINE('',#4395,#4396);
#4395 = CARTESIAN_POINT('',(-32.05,35.,5.1));
#4396 = VECTOR('',#4397,1.);
#4397 = DIRECTION('',(1.,0.,-2.22044604925E-16));
#4398 = PCURVE('',#349,#4399);
#4399 = DEFINITIONAL_REPRESENTATION('',(#4400),#4404);
#4400 = LINE('',#4401,#4402);
#4401 = CARTESIAN_POINT('',(-5.916456789158E-31,12.6));
#4402 = VECTOR('',#4403,1.);
#4403 = DIRECTION('',(1.,-2.22044604925E-16));
#4404 = ( GEOMETRIC_REPRESENTATION_CONTEXT(2) 
PARAMETRIC_REPRESENTATION_CONTEXT() REPRESENTATION_CONTEXT('2D SPACE',''
  ) );
#4405 = PCURVE('',#324,#4406);
#4406 = DEFINITIONAL_REPRESENTATION('',(#4407),#4411);
#4407 = LINE('',#4408,#4409);
#4408 = CARTESIAN_POINT('',(-1.570796326795,0.));
#4409 = VECTOR('',#4410,1.);
#4410 = DIRECTION('',(-0.,1.));
#4411 = ( GEOMETRIC_REPRESENTATION_CONTEXT(2) 
PARAMETRIC_REPRESENTATION_CONTEXT() REPRESENTATION_CONTEXT('2D SPACE',''
  ) );
#4412 = ADVANCED_FACE('',(#4413),#324,.F.);
#4413 = FACE_BOUND('',#4414,.T.);
#4414 = EDGE_LOOP('',(#4415,#4438,#4439,#4440));
#4415 = ORIENTED_EDGE('',*,*,#4416,.F.);
#4416 = EDGE_CURVE('',#282,#4417,#4419,.T.);
#4417 = VERTEX_POINT('',#4418);
#4418 = CARTESIAN_POINT('',(-31.55,35.6,5.7));
#4419 = SURFACE_CURVE('',#4420,(#4424,#4431),.PCURVE_S1.);
#4420 = LINE('',#4421,#4422);
#4421 = CARTESIAN_POINT('',(-32.05,35.6,5.7));
#4422 = VECTOR('',#4423,1.);
#4423 = DIRECTION('',(1.,0.,-2.22044604925E-16));
#4424 = PCURVE('',#324,#4425);
#4425 = DEFINITIONAL_REPRESENTATION('',(#4426),#4430);
#4426 = LINE('',#4427,#4428);
#4427 = CARTESIAN_POINT('',(-0.,0.));
#4428 = VECTOR('',#4429,1.);
#4429 = DIRECTION('',(-0.,1.));
#4430 = ( GEOMETRIC_REPRESENTATION_CONTEXT(2) 
PARAMETRIC_REPRESENTATION_CONTEXT() REPRESENTATION_CONTEXT('2D SPACE',''
  ) );
#4431 = PCURVE('',#296,#4432);
#4432 = DEFINITIONAL_REPRESENTATION('',(#4433),#4437);
#4433 = LINE('',#4434,#4435);
#4434 = CARTESIAN_POINT('',(-1.33226762955E-16,-0.6));
#4435 = VECTOR('',#4436,1.);
#4436 = DIRECTION('',(1.,2.22044604925E-16));
#4437 = ( GEOMETRIC_REPRESENTATION_CONTEXT(2) 
PARAMETRIC_REPRESENTATION_CONTEXT() REPRESENTATION_CONTEXT('2D SPACE',''
  ) );
#4438 = ORIENTED_EDGE('',*,*,#307,.F.);
#4439 = ORIENTED_EDGE('',*,*,#4392,.T.);
#4440 = ORIENTED_EDGE('',*,*,#4441,.F.);
#4441 = EDGE_CURVE('',#4417,#4370,#4442,.T.);
#4442 = SURFACE_CURVE('',#4443,(#4448,#4455),.PCURVE_S1.);
#4443 = CIRCLE('',#4444,0.6);
#4444 = AXIS2_PLACEMENT_3D('',#4445,#4446,#4447);
#4445 = CARTESIAN_POINT('',(-31.55,35.,5.7));
#4446 = DIRECTION('',(-1.,-2.22044604925E-16,-4.930380657631E-32));
#4447 = DIRECTION('',(0.,2.22044604925E-16,-1.));
#4448 = PCURVE('',#324,#4449);
#4449 = DEFINITIONAL_REPRESENTATION('',(#4450),#4454);
#4450 = LINE('',#4451,#4452);
#4451 = CARTESIAN_POINT('',(4.712388980385,0.5));
#4452 = VECTOR('',#4453,1.);
#4453 = DIRECTION('',(-1.,0.));
#4454 = ( GEOMETRIC_REPRESENTATION_CONTEXT(2) 
PARAMETRIC_REPRESENTATION_CONTEXT() REPRESENTATION_CONTEXT('2D SPACE',''
  ) );
#4455 = PCURVE('',#4352,#4456);
#4456 = DEFINITIONAL_REPRESENTATION('',(#4457),#4465);
#4457 = ( BOUNDED_CURVE() B_SPLINE_CURVE(2,(#4458,#4459,#4460,#4461,
#4462,#4463,#4464),.UNSPECIFIED.,.T.,.F.) B_SPLINE_CURVE_WITH_KNOTS((1,2
    ,2,2,2,1),(-2.094395102393,0.,2.094395102393,4.188790204786,
6.28318530718,8.377580409573),.UNSPECIFIED.) CURVE() 
GEOMETRIC_REPRESENTATION_ITEM() RATIONAL_B_SPLINE_CURVE((1.,0.5,1.,0.5,
1.,0.5,1.)) REPRESENTATION_ITEM('') );
#4458 = CARTESIAN_POINT('',(12.6,-2.775557561563E-15));
#4459 = CARTESIAN_POINT('',(11.560769515459,-2.997602166488E-15));
#4460 = CARTESIAN_POINT('',(12.080384757729,0.9));
#4461 = CARTESIAN_POINT('',(12.6,1.8));
#4462 = CARTESIAN_POINT('',(13.119615242271,0.9));
#4463 = CARTESIAN_POINT('',(13.639230484541,-1.665334536938E-15));
#4464 = CARTESIAN_POINT('',(12.6,-2.775557561563E-15));
#4465 = ( GEOMETRIC_REPRESENTATION_CONTEXT(2) 
PARAMETRIC_REPRESENTATION_CONTEXT() REPRESENTATION_CONTEXT('2D SPACE',''
  ) );
#4466 = ADVANCED_FACE('',(#4467),#296,.F.);
#4467 = FACE_BOUND('',#4468,.F.);
#4468 = EDGE_LOOP('',(#4469,#4492,#4493,#4494));
#4469 = ORIENTED_EDGE('',*,*,#4470,.F.);
#4470 = EDGE_CURVE('',#4417,#4471,#4473,.T.);
#4471 = VERTEX_POINT('',#4472);
#4472 = CARTESIAN_POINT('',(-31.55,35.6,7.1));
#4473 = SURFACE_CURVE('',#4474,(#4478,#4485),.PCURVE_S1.);
#4474 = LINE('',#4475,#4476);
#4475 = CARTESIAN_POINT('',(-31.55,35.6,5.1));
#4476 = VECTOR('',#4477,1.);
#4477 = DIRECTION('',(0.,-2.22044604925E-16,1.));
#4478 = PCURVE('',#296,#4479);
#4479 = DEFINITIONAL_REPRESENTATION('',(#4480),#4484);
#4480 = LINE('',#4481,#4482);
#4481 = CARTESIAN_POINT('',(0.5,0.));
#4482 = VECTOR('',#4483,1.);
#4483 = DIRECTION('',(-2.22044604925E-16,-1.));
#4484 = ( GEOMETRIC_REPRESENTATION_CONTEXT(2) 
PARAMETRIC_REPRESENTATION_CONTEXT() REPRESENTATION_CONTEXT('2D SPACE',''
  ) );
#4485 = PCURVE('',#4352,#4486);
#4486 = DEFINITIONAL_REPRESENTATION('',(#4487),#4491);
#4487 = LINE('',#4488,#4489);
#4488 = CARTESIAN_POINT('',(13.2,-2.93098878501E-15));
#4489 = VECTOR('',#4490,1.);
#4490 = DIRECTION('',(-2.22044604925E-16,1.));
#4491 = ( GEOMETRIC_REPRESENTATION_CONTEXT(2) 
PARAMETRIC_REPRESENTATION_CONTEXT() REPRESENTATION_CONTEXT('2D SPACE',''
  ) );
#4492 = ORIENTED_EDGE('',*,*,#4416,.F.);
#4493 = ORIENTED_EDGE('',*,*,#281,.T.);
#4494 = ORIENTED_EDGE('',*,*,#4495,.T.);
#4495 = EDGE_CURVE('',#253,#4471,#4496,.T.);
#4496 = SURFACE_CURVE('',#4497,(#4501,#4508),.PCURVE_S1.);
#4497 = LINE('',#4498,#4499);
#4498 = CARTESIAN_POINT('',(-32.05,35.6,7.1));
#4499 = VECTOR('',#4500,1.);
#4500 = DIRECTION('',(1.,0.,-2.22044604925E-16));
#4501 = PCURVE('',#296,#4502);
#4502 = DEFINITIONAL_REPRESENTATION('',(#4503),#4507);
#4503 = LINE('',#4504,#4505);
#4504 = CARTESIAN_POINT('',(-4.440892098501E-16,-2.));
#4505 = VECTOR('',#4506,1.);
#4506 = DIRECTION('',(1.,2.22044604925E-16));
#4507 = ( GEOMETRIC_REPRESENTATION_CONTEXT(2) 
PARAMETRIC_REPRESENTATION_CONTEXT() REPRESENTATION_CONTEXT('2D SPACE',''
  ) );
#4508 = PCURVE('',#269,#4509);
#4509 = DEFINITIONAL_REPRESENTATION('',(#4510),#4514);
#4510 = LINE('',#4511,#4512);
#4511 = CARTESIAN_POINT('',(0.,0.));
#4512 = VECTOR('',#4513,1.);
#4513 = DIRECTION('',(0.,1.));
#4514 = ( GEOMETRIC_REPRESENTATION_CONTEXT(2) 
PARAMETRIC_REPRESENTATION_CONTEXT() REPRESENTATION_CONTEXT('2D SPACE',''
  ) );
#4515 = ADVANCED_FACE('',(#4516),#269,.F.);
#4516 = FACE_BOUND('',#4517,.F.);
#4517 = EDGE_LOOP('',(#4518,#4519,#4520,#4543));
#4518 = ORIENTED_EDGE('',*,*,#4495,.F.);
#4519 = ORIENTED_EDGE('',*,*,#252,.T.);
#4520 = ORIENTED_EDGE('',*,*,#4521,.T.);
#4521 = EDGE_CURVE('',#227,#4522,#4524,.T.);
#4522 = VERTEX_POINT('',#4523);
#4523 = CARTESIAN_POINT('',(-31.55,35.,7.7));
#4524 = SURFACE_CURVE('',#4525,(#4529,#4536),.PCURVE_S1.);
#4525 = LINE('',#4526,#4527);
#4526 = CARTESIAN_POINT('',(-32.05,35.,7.7));
#4527 = VECTOR('',#4528,1.);
#4528 = DIRECTION('',(1.,0.,-2.22044604925E-16));
#4529 = PCURVE('',#269,#4530);
#4530 = DEFINITIONAL_REPRESENTATION('',(#4531),#4535);
#4531 = LINE('',#4532,#4533);
#4532 = CARTESIAN_POINT('',(1.570796326795,0.));
#4533 = VECTOR('',#4534,1.);
#4534 = DIRECTION('',(0.,1.));
#4535 = ( GEOMETRIC_REPRESENTATION_CONTEXT(2) 
PARAMETRIC_REPRESENTATION_CONTEXT() REPRESENTATION_CONTEXT('2D SPACE',''
  ) );
#4536 = PCURVE('',#241,#4537);
#4537 = DEFINITIONAL_REPRESENTATION('',(#4538),#4542);
#4538 = LINE('',#4539,#4540);
#4539 = CARTESIAN_POINT('',(-5.916456789158E-31,12.6));
#4540 = VECTOR('',#4541,1.);
#4541 = DIRECTION('',(1.,-2.22044604925E-16));
#4542 = ( GEOMETRIC_REPRESENTATION_CONTEXT(2) 
PARAMETRIC_REPRESENTATION_CONTEXT() REPRESENTATION_CONTEXT('2D SPACE',''
  ) );
#4543 = ORIENTED_EDGE('',*,*,#4544,.F.);
#4544 = EDGE_CURVE('',#4471,#4522,#4545,.T.);
#4545 = SURFACE_CURVE('',#4546,(#4551,#4558),.PCURVE_S1.);
#4546 = CIRCLE('',#4547,0.6);
#4547 = AXIS2_PLACEMENT_3D('',#4548,#4549,#4550);
#4548 = CARTESIAN_POINT('',(-31.55,35.,7.1));
#4549 = DIRECTION('',(1.,2.22044604925E-16,4.930380657631E-32));
#4550 = DIRECTION('',(0.,2.22044604925E-16,-1.));
#4551 = PCURVE('',#269,#4552);
#4552 = DEFINITIONAL_REPRESENTATION('',(#4553),#4557);
#4553 = LINE('',#4554,#4555);
#4554 = CARTESIAN_POINT('',(-1.570796326795,0.5));
#4555 = VECTOR('',#4556,1.);
#4556 = DIRECTION('',(1.,0.));
#4557 = ( GEOMETRIC_REPRESENTATION_CONTEXT(2) 
PARAMETRIC_REPRESENTATION_CONTEXT() REPRESENTATION_CONTEXT('2D SPACE',''
  ) );
#4558 = PCURVE('',#4352,#4559);
#4559 = DEFINITIONAL_REPRESENTATION('',(#4560),#4564);
#4560 = CIRCLE('',#4561,0.6);
#4561 = AXIS2_PLACEMENT_2D('',#4562,#4563);
#4562 = CARTESIAN_POINT('',(12.6,2.));
#4563 = DIRECTION('',(2.22044604925E-16,-1.));
#4564 = ( GEOMETRIC_REPRESENTATION_CONTEXT(2) 
PARAMETRIC_REPRESENTATION_CONTEXT() REPRESENTATION_CONTEXT('2D SPACE',''
  ) );
#4565 = ADVANCED_FACE('',(#4566),#241,.F.);
#4566 = FACE_BOUND('',#4567,.F.);
#4567 = EDGE_LOOP('',(#4568,#4569,#4592,#4613));
#4568 = ORIENTED_EDGE('',*,*,#226,.T.);
#4569 = ORIENTED_EDGE('',*,*,#4570,.T.);
#4570 = EDGE_CURVE('',#198,#4571,#4573,.T.);
#4571 = VERTEX_POINT('',#4572);
#4572 = CARTESIAN_POINT('',(-31.55,23.,7.7));
#4573 = SURFACE_CURVE('',#4574,(#4578,#4585),.PCURVE_S1.);
#4574 = LINE('',#4575,#4576);
#4575 = CARTESIAN_POINT('',(-32.05,23.,7.7));
#4576 = VECTOR('',#4577,1.);
#4577 = DIRECTION('',(1.,0.,-2.22044604925E-16));
#4578 = PCURVE('',#241,#4579);
#4579 = DEFINITIONAL_REPRESENTATION('',(#4580),#4584);
#4580 = LINE('',#4581,#4582);
#4581 = CARTESIAN_POINT('',(0.,0.6));
#4582 = VECTOR('',#4583,1.);
#4583 = DIRECTION('',(1.,-2.22044604925E-16));
#4584 = ( GEOMETRIC_REPRESENTATION_CONTEXT(2) 
PARAMETRIC_REPRESENTATION_CONTEXT() REPRESENTATION_CONTEXT('2D SPACE',''
  ) );
#4585 = PCURVE('',#214,#4586);
#4586 = DEFINITIONAL_REPRESENTATION('',(#4587),#4591);
#4587 = LINE('',#4588,#4589);
#4588 = CARTESIAN_POINT('',(-1.570796326795,0.));
#4589 = VECTOR('',#4590,1.);
#4590 = DIRECTION('',(-0.,1.));
#4591 = ( GEOMETRIC_REPRESENTATION_CONTEXT(2) 
PARAMETRIC_REPRESENTATION_CONTEXT() REPRESENTATION_CONTEXT('2D SPACE',''
  ) );
#4592 = ORIENTED_EDGE('',*,*,#4593,.T.);
#4593 = EDGE_CURVE('',#4571,#4522,#4594,.T.);
#4594 = SURFACE_CURVE('',#4595,(#4599,#4606),.PCURVE_S1.);
#4595 = LINE('',#4596,#4597);
#4596 = CARTESIAN_POINT('',(-31.55,22.4,7.7));
#4597 = VECTOR('',#4598,1.);
#4598 = DIRECTION('',(-2.22044604925E-16,1.,0.));
#4599 = PCURVE('',#241,#4600);
#4600 = DEFINITIONAL_REPRESENTATION('',(#4601),#4605);
#4601 = LINE('',#4602,#4603);
#4602 = CARTESIAN_POINT('',(0.5,-1.110223024625E-16));
#4603 = VECTOR('',#4604,1.);
#4604 = DIRECTION('',(-2.22044604925E-16,1.));
#4605 = ( GEOMETRIC_REPRESENTATION_CONTEXT(2) 
PARAMETRIC_REPRESENTATION_CONTEXT() REPRESENTATION_CONTEXT('2D SPACE',''
  ) );
#4606 = PCURVE('',#4352,#4607);
#4607 = DEFINITIONAL_REPRESENTATION('',(#4608),#4612);
#4608 = LINE('',#4609,#4610);
#4609 = CARTESIAN_POINT('',(0.,2.6));
#4610 = VECTOR('',#4611,1.);
#4611 = DIRECTION('',(1.,-2.22044604925E-16));
#4612 = ( GEOMETRIC_REPRESENTATION_CONTEXT(2) 
PARAMETRIC_REPRESENTATION_CONTEXT() REPRESENTATION_CONTEXT('2D SPACE',''
  ) );
#4613 = ORIENTED_EDGE('',*,*,#4521,.F.);
#4614 = ADVANCED_FACE('',(#4615),#214,.F.);
#4615 = FACE_BOUND('',#4616,.T.);
#4616 = EDGE_LOOP('',(#4617,#4640,#4641,#4642));
#4617 = ORIENTED_EDGE('',*,*,#4618,.F.);
#4618 = EDGE_CURVE('',#172,#4619,#4621,.T.);
#4619 = VERTEX_POINT('',#4620);
#4620 = CARTESIAN_POINT('',(-31.55,22.4,7.1));
#4621 = SURFACE_CURVE('',#4622,(#4626,#4633),.PCURVE_S1.);
#4622 = LINE('',#4623,#4624);
#4623 = CARTESIAN_POINT('',(-32.05,22.4,7.1));
#4624 = VECTOR('',#4625,1.);
#4625 = DIRECTION('',(1.,0.,-2.22044604925E-16));
#4626 = PCURVE('',#214,#4627);
#4627 = DEFINITIONAL_REPRESENTATION('',(#4628),#4632);
#4628 = LINE('',#4629,#4630);
#4629 = CARTESIAN_POINT('',(-0.,0.));
#4630 = VECTOR('',#4631,1.);
#4631 = DIRECTION('',(-0.,1.));
#4632 = ( GEOMETRIC_REPRESENTATION_CONTEXT(2) 
PARAMETRIC_REPRESENTATION_CONTEXT() REPRESENTATION_CONTEXT('2D SPACE',''
  ) );
#4633 = PCURVE('',#186,#4634);
#4634 = DEFINITIONAL_REPRESENTATION('',(#4635),#4639);
#4635 = LINE('',#4636,#4637);
#4636 = CARTESIAN_POINT('',(-4.440892098501E-16,-2.));
#4637 = VECTOR('',#4638,1.);
#4638 = DIRECTION('',(1.,2.22044604925E-16));
#4639 = ( GEOMETRIC_REPRESENTATION_CONTEXT(2) 
PARAMETRIC_REPRESENTATION_CONTEXT() REPRESENTATION_CONTEXT('2D SPACE',''
  ) );
#4640 = ORIENTED_EDGE('',*,*,#197,.F.);
#4641 = ORIENTED_EDGE('',*,*,#4570,.T.);
#4642 = ORIENTED_EDGE('',*,*,#4643,.F.);
#4643 = EDGE_CURVE('',#4619,#4571,#4644,.T.);
#4644 = SURFACE_CURVE('',#4645,(#4650,#4657),.PCURVE_S1.);
#4645 = CIRCLE('',#4646,0.6);
#4646 = AXIS2_PLACEMENT_3D('',#4647,#4648,#4649);
#4647 = CARTESIAN_POINT('',(-31.55,23.,7.1));
#4648 = DIRECTION('',(-1.,-2.22044604925E-16,-4.930380657631E-32));
#4649 = DIRECTION('',(0.,2.22044604925E-16,-1.));
#4650 = PCURVE('',#214,#4651);
#4651 = DEFINITIONAL_REPRESENTATION('',(#4652),#4656);
#4652 = LINE('',#4653,#4654);
#4653 = CARTESIAN_POINT('',(1.570796326795,0.5));
#4654 = VECTOR('',#4655,1.);
#4655 = DIRECTION('',(-1.,0.));
#4656 = ( GEOMETRIC_REPRESENTATION_CONTEXT(2) 
PARAMETRIC_REPRESENTATION_CONTEXT() REPRESENTATION_CONTEXT('2D SPACE',''
  ) );
#4657 = PCURVE('',#4352,#4658);
#4658 = DEFINITIONAL_REPRESENTATION('',(#4659),#4667);
#4659 = ( BOUNDED_CURVE() B_SPLINE_CURVE(2,(#4660,#4661,#4662,#4663,
#4664,#4665,#4666),.UNSPECIFIED.,.T.,.F.) B_SPLINE_CURVE_WITH_KNOTS((1,2
    ,2,2,2,1),(-2.094395102393,0.,2.094395102393,4.188790204786,
6.28318530718,8.377580409573),.UNSPECIFIED.) CURVE() 
GEOMETRIC_REPRESENTATION_ITEM() RATIONAL_B_SPLINE_CURVE((1.,0.5,1.,0.5,
1.,0.5,1.)) REPRESENTATION_ITEM('') );
#4660 = CARTESIAN_POINT('',(0.6,1.4));
#4661 = CARTESIAN_POINT('',(-0.439230484541,1.4));
#4662 = CARTESIAN_POINT('',(8.038475772934E-02,2.3));
#4663 = CARTESIAN_POINT('',(0.6,3.2));
#4664 = CARTESIAN_POINT('',(1.119615242271,2.3));
#4665 = CARTESIAN_POINT('',(1.639230484541,1.4));
#4666 = CARTESIAN_POINT('',(0.6,1.4));
#4667 = ( GEOMETRIC_REPRESENTATION_CONTEXT(2) 
PARAMETRIC_REPRESENTATION_CONTEXT() REPRESENTATION_CONTEXT('2D SPACE',''
  ) );
#4668 = ADVANCED_FACE('',(#4669),#186,.T.);
#4669 = FACE_BOUND('',#4670,.T.);
#4670 = EDGE_LOOP('',(#4671,#4692,#4693,#4694));
#4671 = ORIENTED_EDGE('',*,*,#4672,.F.);
#4672 = EDGE_CURVE('',#4291,#4619,#4673,.T.);
#4673 = SURFACE_CURVE('',#4674,(#4678,#4685),.PCURVE_S1.);
#4674 = LINE('',#4675,#4676);
#4675 = CARTESIAN_POINT('',(-31.55,22.4,5.1));
#4676 = VECTOR('',#4677,1.);
#4677 = DIRECTION('',(0.,-2.22044604925E-16,1.));
#4678 = PCURVE('',#186,#4679);
#4679 = DEFINITIONAL_REPRESENTATION('',(#4680),#4684);
#4680 = LINE('',#4681,#4682);
#4681 = CARTESIAN_POINT('',(0.5,0.));
#4682 = VECTOR('',#4683,1.);
#4683 = DIRECTION('',(-2.22044604925E-16,-1.));
#4684 = ( GEOMETRIC_REPRESENTATION_CONTEXT(2) 
PARAMETRIC_REPRESENTATION_CONTEXT() REPRESENTATION_CONTEXT('2D SPACE',''
  ) );
#4685 = PCURVE('',#4352,#4686);
#4686 = DEFINITIONAL_REPRESENTATION('',(#4687),#4691);
#4687 = LINE('',#4688,#4689);
#4688 = CARTESIAN_POINT('',(0.,0.));
#4689 = VECTOR('',#4690,1.);
#4690 = DIRECTION('',(-2.22044604925E-16,1.));
#4691 = ( GEOMETRIC_REPRESENTATION_CONTEXT(2) 
PARAMETRIC_REPRESENTATION_CONTEXT() REPRESENTATION_CONTEXT('2D SPACE',''
  ) );
#4692 = ORIENTED_EDGE('',*,*,#4290,.F.);
#4693 = ORIENTED_EDGE('',*,*,#171,.T.);
#4694 = ORIENTED_EDGE('',*,*,#4618,.T.);
#4695 = ADVANCED_FACE('',(#4696,#4722),#404,.F.);
#4696 = FACE_BOUND('',#4697,.F.);
#4697 = EDGE_LOOP('',(#4698,#4699,#4700,#4701));
#4698 = ORIENTED_EDGE('',*,*,#1846,.F.);
#4699 = ORIENTED_EDGE('',*,*,#1764,.T.);
#4700 = ORIENTED_EDGE('',*,*,#388,.T.);
#4701 = ORIENTED_EDGE('',*,*,#4702,.F.);
#4702 = EDGE_CURVE('',#1847,#389,#4703,.T.);
#4703 = SURFACE_CURVE('',#4704,(#4708,#4715),.PCURVE_S1.);
#4704 = LINE('',#4705,#4706);
#4705 = CARTESIAN_POINT('',(26.,-64.,0.55));
#4706 = VECTOR('',#4707,1.);
#4707 = DIRECTION('',(0.,0.,1.));
#4708 = PCURVE('',#404,#4709);
#4709 = DEFINITIONAL_REPRESENTATION('',(#4710),#4714);
#4710 = LINE('',#4711,#4712);
#4711 = CARTESIAN_POINT('',(0.,58.));
#4712 = VECTOR('',#4713,1.);
#4713 = DIRECTION('',(1.,0.));
#4714 = ( GEOMETRIC_REPRESENTATION_CONTEXT(2) 
PARAMETRIC_REPRESENTATION_CONTEXT() REPRESENTATION_CONTEXT('2D SPACE',''
  ) );
#4715 = PCURVE('',#437,#4716);
#4716 = DEFINITIONAL_REPRESENTATION('',(#4717),#4721);
#4717 = LINE('',#4718,#4719);
#4718 = CARTESIAN_POINT('',(-1.570796326795,0.));
#4719 = VECTOR('',#4720,1.);
#4720 = DIRECTION('',(-0.,1.));
#4721 = ( GEOMETRIC_REPRESENTATION_CONTEXT(2) 
PARAMETRIC_REPRESENTATION_CONTEXT() REPRESENTATION_CONTEXT('2D SPACE',''
  ) );
#4722 = FACE_BOUND('',#4723,.F.);
#4723 = EDGE_LOOP('',(#4724));
#4724 = ORIENTED_EDGE('',*,*,#4725,.F.);
#4725 = EDGE_CURVE('',#4726,#4726,#4728,.T.);
#4726 = VERTEX_POINT('',#4727);
#4727 = CARTESIAN_POINT('',(22.1091527,-64.,4.42248296));
#4728 = SURFACE_CURVE('',#4729,(#4734,#4741),.PCURVE_S1.);
#4729 = CIRCLE('',#4730,3.25);
#4730 = AXIS2_PLACEMENT_3D('',#4731,#4732,#4733);
#4731 = CARTESIAN_POINT('',(18.8591527,-64.,4.42248296));
#4732 = DIRECTION('',(0.,1.,-1.110223024625E-16));
#4733 = DIRECTION('',(1.,0.,0.));
#4734 = PCURVE('',#404,#4735);
#4735 = DEFINITIONAL_REPRESENTATION('',(#4736),#4740);
#4736 = CIRCLE('',#4737,3.25);
#4737 = AXIS2_PLACEMENT_2D('',#4738,#4739);
#4738 = CARTESIAN_POINT('',(3.87248296,50.8591527));
#4739 = DIRECTION('',(0.,1.));
#4740 = ( GEOMETRIC_REPRESENTATION_CONTEXT(2) 
PARAMETRIC_REPRESENTATION_CONTEXT() REPRESENTATION_CONTEXT('2D SPACE',''
  ) );
#4741 = PCURVE('',#4742,#4747);
#4742 = CYLINDRICAL_SURFACE('',#4743,3.25);
#4743 = AXIS2_PLACEMENT_3D('',#4744,#4745,#4746);
#4744 = CARTESIAN_POINT('',(18.8591527,-63.55,4.42248296));
#4745 = DIRECTION('',(-0.,1.,-1.110223024625E-16));
#4746 = DIRECTION('',(1.,0.,0.));
#4747 = DEFINITIONAL_REPRESENTATION('',(#4748),#4752);
#4748 = LINE('',#4749,#4750);
#4749 = CARTESIAN_POINT('',(-6.28318530718,-0.45));
#4750 = VECTOR('',#4751,1.);
#4751 = DIRECTION('',(1.,-0.));
#4752 = ( GEOMETRIC_REPRESENTATION_CONTEXT(2) 
PARAMETRIC_REPRESENTATION_CONTEXT() REPRESENTATION_CONTEXT('2D SPACE',''
  ) );
#4753 = ADVANCED_FACE('',(#4754),#522,.T.);
#4754 = FACE_BOUND('',#4755,.T.);
#4755 = EDGE_LOOP('',(#4756,#4757,#4758,#4759));
#4756 = ORIENTED_EDGE('',*,*,#1944,.F.);
#4757 = ORIENTED_EDGE('',*,*,#1818,.T.);
#4758 = ORIENTED_EDGE('',*,*,#506,.T.);
#4759 = ORIENTED_EDGE('',*,*,#4760,.F.);
#4760 = EDGE_CURVE('',#1921,#478,#4761,.T.);
#4761 = SURFACE_CURVE('',#4762,(#4766,#4773),.PCURVE_S1.);
#4762 = LINE('',#4763,#4764);
#4763 = CARTESIAN_POINT('',(26.,64.,0.55));
#4764 = VECTOR('',#4765,1.);
#4765 = DIRECTION('',(0.,0.,1.));
#4766 = PCURVE('',#522,#4767);
#4767 = DEFINITIONAL_REPRESENTATION('',(#4768),#4772);
#4768 = LINE('',#4769,#4770);
#4769 = CARTESIAN_POINT('',(0.,58.));
#4770 = VECTOR('',#4771,1.);
#4771 = DIRECTION('',(1.,0.));
#4772 = ( GEOMETRIC_REPRESENTATION_CONTEXT(2) 
PARAMETRIC_REPRESENTATION_CONTEXT() REPRESENTATION_CONTEXT('2D SPACE',''
  ) );
#4773 = PCURVE('',#494,#4774);
#4774 = DEFINITIONAL_REPRESENTATION('',(#4775),#4779);
#4775 = LINE('',#4776,#4777);
#4776 = CARTESIAN_POINT('',(1.570796326795,0.));
#4777 = VECTOR('',#4778,1.);
#4778 = DIRECTION('',(0.,1.));
#4779 = ( GEOMETRIC_REPRESENTATION_CONTEXT(2) 
PARAMETRIC_REPRESENTATION_CONTEXT() REPRESENTATION_CONTEXT('2D SPACE',''
  ) );
#4780 = ADVANCED_FACE('',(#4781),#437,.T.);
#4781 = FACE_BOUND('',#4782,.F.);
#4782 = EDGE_LOOP('',(#4783,#4784,#4785,#4786));
#4783 = ORIENTED_EDGE('',*,*,#1869,.T.);
#4784 = ORIENTED_EDGE('',*,*,#4702,.T.);
#4785 = ORIENTED_EDGE('',*,*,#416,.F.);
#4786 = ORIENTED_EDGE('',*,*,#4787,.F.);
#4787 = EDGE_CURVE('',#1870,#417,#4788,.T.);
#4788 = SURFACE_CURVE('',#4789,(#4793,#4800),.PCURVE_S1.);
#4789 = LINE('',#4790,#4791);
#4790 = CARTESIAN_POINT('',(32.,-58.,0.55));
#4791 = VECTOR('',#4792,1.);
#4792 = DIRECTION('',(0.,0.,1.));
#4793 = PCURVE('',#437,#4794);
#4794 = DEFINITIONAL_REPRESENTATION('',(#4795),#4799);
#4795 = LINE('',#4796,#4797);
#4796 = CARTESIAN_POINT('',(-0.,0.));
#4797 = VECTOR('',#4798,1.);
#4798 = DIRECTION('',(-0.,1.));
#4799 = ( GEOMETRIC_REPRESENTATION_CONTEXT(2) 
PARAMETRIC_REPRESENTATION_CONTEXT() REPRESENTATION_CONTEXT('2D SPACE',''
  ) );
#4800 = PCURVE('',#465,#4801);
#4801 = DEFINITIONAL_REPRESENTATION('',(#4802),#4806);
#4802 = LINE('',#4803,#4804);
#4803 = CARTESIAN_POINT('',(0.,-6.));
#4804 = VECTOR('',#4805,1.);
#4805 = DIRECTION('',(1.,0.));
#4806 = ( GEOMETRIC_REPRESENTATION_CONTEXT(2) 
PARAMETRIC_REPRESENTATION_CONTEXT() REPRESENTATION_CONTEXT('2D SPACE',''
  ) );
#4807 = ADVANCED_FACE('',(#4808),#494,.T.);
#4808 = FACE_BOUND('',#4809,.T.);
#4809 = EDGE_LOOP('',(#4810,#4811,#4812,#4813));
#4810 = ORIENTED_EDGE('',*,*,#1920,.T.);
#4811 = ORIENTED_EDGE('',*,*,#4760,.T.);
#4812 = ORIENTED_EDGE('',*,*,#477,.F.);
#4813 = ORIENTED_EDGE('',*,*,#4814,.F.);
#4814 = EDGE_CURVE('',#1898,#450,#4815,.T.);
#4815 = SURFACE_CURVE('',#4816,(#4820,#4827),.PCURVE_S1.);
#4816 = LINE('',#4817,#4818);
#4817 = CARTESIAN_POINT('',(32.,58.,0.55));
#4818 = VECTOR('',#4819,1.);
#4819 = DIRECTION('',(0.,0.,1.));
#4820 = PCURVE('',#494,#4821);
#4821 = DEFINITIONAL_REPRESENTATION('',(#4822),#4826);
#4822 = LINE('',#4823,#4824);
#4823 = CARTESIAN_POINT('',(0.,0.));
#4824 = VECTOR('',#4825,1.);
#4825 = DIRECTION('',(0.,1.));
#4826 = ( GEOMETRIC_REPRESENTATION_CONTEXT(2) 
PARAMETRIC_REPRESENTATION_CONTEXT() REPRESENTATION_CONTEXT('2D SPACE',''
  ) );
#4827 = PCURVE('',#465,#4828);
#4828 = DEFINITIONAL_REPRESENTATION('',(#4829),#4833);
#4829 = LINE('',#4830,#4831);
#4830 = CARTESIAN_POINT('',(0.,-122.));
#4831 = VECTOR('',#4832,1.);
#4832 = DIRECTION('',(1.,0.));
#4833 = ( GEOMETRIC_REPRESENTATION_CONTEXT(2) 
PARAMETRIC_REPRESENTATION_CONTEXT() REPRESENTATION_CONTEXT('2D SPACE',''
  ) );
#4834 = ADVANCED_FACE('',(#4835,#4841),#465,.T.);
#4835 = FACE_BOUND('',#4836,.T.);
#4836 = EDGE_LOOP('',(#4837,#4838,#4839,#4840));
#4837 = ORIENTED_EDGE('',*,*,#449,.F.);
#4838 = ORIENTED_EDGE('',*,*,#4787,.F.);
#4839 = ORIENTED_EDGE('',*,*,#1897,.T.);
#4840 = ORIENTED_EDGE('',*,*,#4814,.T.);
#4841 = FACE_BOUND('',#4842,.T.);
#4842 = EDGE_LOOP('',(#4843,#4874,#4900,#4929,#4955,#4984,#5010,#5039));
#4843 = ORIENTED_EDGE('',*,*,#4844,.F.);
#4844 = EDGE_CURVE('',#4845,#4847,#4849,.T.);
#4845 = VERTEX_POINT('',#4846);
#4846 = CARTESIAN_POINT('',(32.,-16.29267405292,2.005000014901));
#4847 = VERTEX_POINT('',#4848);
#4848 = CARTESIAN_POINT('',(32.,-14.89267405292,0.605000014901));
#4849 = SURFACE_CURVE('',#4850,(#4855,#4862),.PCURVE_S1.);
#4850 = CIRCLE('',#4851,1.4);
#4851 = AXIS2_PLACEMENT_3D('',#4852,#4853,#4854);
#4852 = CARTESIAN_POINT('',(32.,-14.89267405292,2.005000014901));
#4853 = DIRECTION('',(1.,-1.079521069387E-78,-2.22044604925E-16));
#4854 = DIRECTION('',(1.094764425254E-47,-1.,4.930380657631E-32));
#4855 = PCURVE('',#465,#4856);
#4856 = DEFINITIONAL_REPRESENTATION('',(#4857),#4861);
#4857 = CIRCLE('',#4858,1.4);
#4858 = AXIS2_PLACEMENT_2D('',#4859,#4860);
#4859 = CARTESIAN_POINT('',(1.455000014901,-49.10732594707));
#4860 = DIRECTION('',(4.930380657631E-32,1.));
#4861 = ( GEOMETRIC_REPRESENTATION_CONTEXT(2) 
PARAMETRIC_REPRESENTATION_CONTEXT() REPRESENTATION_CONTEXT('2D SPACE',''
  ) );
#4862 = PCURVE('',#4863,#4868);
#4863 = CYLINDRICAL_SURFACE('',#4864,1.4);
#4864 = AXIS2_PLACEMENT_3D('',#4865,#4866,#4867);
#4865 = CARTESIAN_POINT('',(31.55,-14.89267405292,2.005000014901));
#4866 = DIRECTION('',(1.,0.,-2.22044604925E-16));
#4867 = DIRECTION('',(2.22044604925E-16,-1.,-0.));
#4868 = DEFINITIONAL_REPRESENTATION('',(#4869),#4873);
#4869 = LINE('',#4870,#4871);
#4870 = CARTESIAN_POINT('',(0.,0.45));
#4871 = VECTOR('',#4872,1.);
#4872 = DIRECTION('',(1.,0.));
#4873 = ( GEOMETRIC_REPRESENTATION_CONTEXT(2) 
PARAMETRIC_REPRESENTATION_CONTEXT() REPRESENTATION_CONTEXT('2D SPACE',''
  ) );
#4874 = ORIENTED_EDGE('',*,*,#4875,.T.);
#4875 = EDGE_CURVE('',#4845,#4876,#4878,.T.);
#4876 = VERTEX_POINT('',#4877);
#4877 = CARTESIAN_POINT('',(32.,-16.29267405292,5.205000014901));
#4878 = SURFACE_CURVE('',#4879,(#4883,#4889),.PCURVE_S1.);
#4879 = LINE('',#4880,#4881);
#4880 = CARTESIAN_POINT('',(32.,-16.29267405292,0.577500007451));
#4881 = VECTOR('',#4882,1.);
#4882 = DIRECTION('',(0.,-0.,1.));
#4883 = PCURVE('',#465,#4884);
#4884 = DEFINITIONAL_REPRESENTATION('',(#4885),#4888);
#4885 = B_SPLINE_CURVE_WITH_KNOTS('',1,(#4886,#4887),.UNSPECIFIED.,.F.,
  .F.,(2,2),(1.427500007451,4.627500007451),.PIECEWISE_BEZIER_KNOTS.);
#4886 = CARTESIAN_POINT('',(1.455000014901,-47.70732594707));
#4887 = CARTESIAN_POINT('',(4.655000014901,-47.70732594707));
#4888 = ( GEOMETRIC_REPRESENTATION_CONTEXT(2) 
PARAMETRIC_REPRESENTATION_CONTEXT() REPRESENTATION_CONTEXT('2D SPACE',''
  ) );
#4889 = PCURVE('',#4890,#4895);
#4890 = PLANE('',#4891);
#4891 = AXIS2_PLACEMENT_3D('',#4892,#4893,#4894);
#4892 = CARTESIAN_POINT('',(31.55,-16.29267405292,0.605000014901));
#4893 = DIRECTION('',(-2.22044604925E-16,1.,0.));
#4894 = DIRECTION('',(1.,0.,-2.22044604925E-16));
#4895 = DEFINITIONAL_REPRESENTATION('',(#4896),#4899);
#4896 = B_SPLINE_CURVE_WITH_KNOTS('',1,(#4897,#4898),.UNSPECIFIED.,.F.,
  .F.,(2,2),(1.427500007451,4.627500007451),.PIECEWISE_BEZIER_KNOTS.);
#4897 = CARTESIAN_POINT('',(0.45,-1.4));
#4898 = CARTESIAN_POINT('',(0.45,-4.6));
#4899 = ( GEOMETRIC_REPRESENTATION_CONTEXT(2) 
PARAMETRIC_REPRESENTATION_CONTEXT() REPRESENTATION_CONTEXT('2D SPACE',''
  ) );
#4900 = ORIENTED_EDGE('',*,*,#4901,.F.);
#4901 = EDGE_CURVE('',#4902,#4876,#4904,.T.);
#4902 = VERTEX_POINT('',#4903);
#4903 = CARTESIAN_POINT('',(32.,-14.89267405292,6.605000014901));
#4904 = SURFACE_CURVE('',#4905,(#4910,#4917),.PCURVE_S1.);
#4905 = CIRCLE('',#4906,1.4);
#4906 = AXIS2_PLACEMENT_3D('',#4907,#4908,#4909);
#4907 = CARTESIAN_POINT('',(32.,-14.89267405292,5.205000014901));
#4908 = DIRECTION('',(1.,-1.079521069387E-78,-2.22044604925E-16));
#4909 = DIRECTION('',(1.094764425254E-47,-1.,4.930380657631E-32));
#4910 = PCURVE('',#465,#4911);
#4911 = DEFINITIONAL_REPRESENTATION('',(#4912),#4916);
#4912 = CIRCLE('',#4913,1.4);
#4913 = AXIS2_PLACEMENT_2D('',#4914,#4915);
#4914 = CARTESIAN_POINT('',(4.655000014901,-49.10732594707));
#4915 = DIRECTION('',(4.930380657631E-32,1.));
#4916 = ( GEOMETRIC_REPRESENTATION_CONTEXT(2) 
PARAMETRIC_REPRESENTATION_CONTEXT() REPRESENTATION_CONTEXT('2D SPACE',''
  ) );
#4917 = PCURVE('',#4918,#4923);
#4918 = CYLINDRICAL_SURFACE('',#4919,1.4);
#4919 = AXIS2_PLACEMENT_3D('',#4920,#4921,#4922);
#4920 = CARTESIAN_POINT('',(31.55,-14.89267405292,5.205000014901));
#4921 = DIRECTION('',(1.,0.,-2.22044604925E-16));
#4922 = DIRECTION('',(2.22044604925E-16,-1.,-0.));
#4923 = DEFINITIONAL_REPRESENTATION('',(#4924),#4928);
#4924 = LINE('',#4925,#4926);
#4925 = CARTESIAN_POINT('',(-6.28318530718,0.45));
#4926 = VECTOR('',#4927,1.);
#4927 = DIRECTION('',(1.,-0.));
#4928 = ( GEOMETRIC_REPRESENTATION_CONTEXT(2) 
PARAMETRIC_REPRESENTATION_CONTEXT() REPRESENTATION_CONTEXT('2D SPACE',''
  ) );
#4929 = ORIENTED_EDGE('',*,*,#4930,.F.);
#4930 = EDGE_CURVE('',#4931,#4902,#4933,.T.);
#4931 = VERTEX_POINT('',#4932);
#4932 = CARTESIAN_POINT('',(32.,-5.092674052927,6.605000014901));
#4933 = SURFACE_CURVE('',#4934,(#4938,#4944),.PCURVE_S1.);
#4934 = LINE('',#4935,#4936);
#4935 = CARTESIAN_POINT('',(32.,-40.14633702646,6.605000014901));
#4936 = VECTOR('',#4937,1.);
#4937 = DIRECTION('',(0.,-1.,-2.22044604925E-16));
#4938 = PCURVE('',#465,#4939);
#4939 = DEFINITIONAL_REPRESENTATION('',(#4940),#4943);
#4940 = B_SPLINE_CURVE_WITH_KNOTS('',1,(#4941,#4942),.UNSPECIFIED.,.F.,
  .F.,(2,2),(-35.05366297353,-25.25366297353),.PIECEWISE_BEZIER_KNOTS.);
#4941 = CARTESIAN_POINT('',(6.055000014901,-58.90732594707));
#4942 = CARTESIAN_POINT('',(6.055000014901,-49.10732594707));
#4943 = ( GEOMETRIC_REPRESENTATION_CONTEXT(2) 
PARAMETRIC_REPRESENTATION_CONTEXT() REPRESENTATION_CONTEXT('2D SPACE',''
  ) );
#4944 = PCURVE('',#4945,#4950);
#4945 = PLANE('',#4946);
#4946 = AXIS2_PLACEMENT_3D('',#4947,#4948,#4949);
#4947 = CARTESIAN_POINT('',(31.55,-16.29267405292,6.605000014901));
#4948 = DIRECTION('',(0.,-2.22044604925E-16,1.));
#4949 = DIRECTION('',(1.,0.,-2.22044604925E-16));
#4950 = DEFINITIONAL_REPRESENTATION('',(#4951),#4954);
#4951 = B_SPLINE_CURVE_WITH_KNOTS('',1,(#4952,#4953),.UNSPECIFIED.,.F.,
  .F.,(2,2),(-35.05366297353,-25.25366297353),.PIECEWISE_BEZIER_KNOTS.);
#4952 = CARTESIAN_POINT('',(0.45,11.2));
#4953 = CARTESIAN_POINT('',(0.45,1.4));
#4954 = ( GEOMETRIC_REPRESENTATION_CONTEXT(2) 
PARAMETRIC_REPRESENTATION_CONTEXT() REPRESENTATION_CONTEXT('2D SPACE',''
  ) );
#4955 = ORIENTED_EDGE('',*,*,#4956,.F.);
#4956 = EDGE_CURVE('',#4957,#4931,#4959,.T.);
#4957 = VERTEX_POINT('',#4958);
#4958 = CARTESIAN_POINT('',(32.,-3.692674052927,5.205000014901));
#4959 = SURFACE_CURVE('',#4960,(#4965,#4972),.PCURVE_S1.);
#4960 = CIRCLE('',#4961,1.4);
#4961 = AXIS2_PLACEMENT_3D('',#4962,#4963,#4964);
#4962 = CARTESIAN_POINT('',(32.,-5.092674052927,5.205000014901));
#4963 = DIRECTION('',(1.,-1.079521069387E-78,-2.22044604925E-16));
#4964 = DIRECTION('',(-1.094764425254E-47,1.,-4.930380657631E-32));
#4965 = PCURVE('',#465,#4966);
#4966 = DEFINITIONAL_REPRESENTATION('',(#4967),#4971);
#4967 = CIRCLE('',#4968,1.4);
#4968 = AXIS2_PLACEMENT_2D('',#4969,#4970);
#4969 = CARTESIAN_POINT('',(4.655000014901,-58.90732594707));
#4970 = DIRECTION('',(-4.930380657631E-32,-1.));
#4971 = ( GEOMETRIC_REPRESENTATION_CONTEXT(2) 
PARAMETRIC_REPRESENTATION_CONTEXT() REPRESENTATION_CONTEXT('2D SPACE',''
  ) );
#4972 = PCURVE('',#4973,#4978);
#4973 = CYLINDRICAL_SURFACE('',#4974,1.4);
#4974 = AXIS2_PLACEMENT_3D('',#4975,#4976,#4977);
#4975 = CARTESIAN_POINT('',(31.55,-5.092674052927,5.205000014901));
#4976 = DIRECTION('',(1.,0.,-2.22044604925E-16));
#4977 = DIRECTION('',(-2.22044604925E-16,1.,0.));
#4978 = DEFINITIONAL_REPRESENTATION('',(#4979),#4983);
#4979 = LINE('',#4980,#4981);
#4980 = CARTESIAN_POINT('',(0.,0.45));
#4981 = VECTOR('',#4982,1.);
#4982 = DIRECTION('',(1.,0.));
#4983 = ( GEOMETRIC_REPRESENTATION_CONTEXT(2) 
PARAMETRIC_REPRESENTATION_CONTEXT() REPRESENTATION_CONTEXT('2D SPACE',''
  ) );
#4984 = ORIENTED_EDGE('',*,*,#4985,.F.);
#4985 = EDGE_CURVE('',#4986,#4957,#4988,.T.);
#4986 = VERTEX_POINT('',#4987);
#4987 = CARTESIAN_POINT('',(32.,-3.692674052927,2.005000014901));
#4988 = SURFACE_CURVE('',#4989,(#4993,#4999),.PCURVE_S1.);
#4989 = LINE('',#4990,#4991);
#4990 = CARTESIAN_POINT('',(32.,-3.692674052927,0.577500007451));
#4991 = VECTOR('',#4992,1.);
#4992 = DIRECTION('',(0.,-0.,1.));
#4993 = PCURVE('',#465,#4994);
#4994 = DEFINITIONAL_REPRESENTATION('',(#4995),#4998);
#4995 = B_SPLINE_CURVE_WITH_KNOTS('',1,(#4996,#4997),.UNSPECIFIED.,.F.,
  .F.,(2,2),(1.427500007451,4.627500007451),.PIECEWISE_BEZIER_KNOTS.);
#4996 = CARTESIAN_POINT('',(1.455000014901,-60.30732594707));
#4997 = CARTESIAN_POINT('',(4.655000014901,-60.30732594707));
#4998 = ( GEOMETRIC_REPRESENTATION_CONTEXT(2) 
PARAMETRIC_REPRESENTATION_CONTEXT() REPRESENTATION_CONTEXT('2D SPACE',''
  ) );
#4999 = PCURVE('',#5000,#5005);
#5000 = PLANE('',#5001);
#5001 = AXIS2_PLACEMENT_3D('',#5002,#5003,#5004);
#5002 = CARTESIAN_POINT('',(31.55,-3.692674052927,0.605000014901));
#5003 = DIRECTION('',(-2.22044604925E-16,1.,0.));
#5004 = DIRECTION('',(1.,0.,-2.22044604925E-16));
#5005 = DEFINITIONAL_REPRESENTATION('',(#5006),#5009);
#5006 = B_SPLINE_CURVE_WITH_KNOTS('',1,(#5007,#5008),.UNSPECIFIED.,.F.,
  .F.,(2,2),(1.427500007451,4.627500007451),.PIECEWISE_BEZIER_KNOTS.);
#5007 = CARTESIAN_POINT('',(0.45,-1.4));
#5008 = CARTESIAN_POINT('',(0.45,-4.6));
#5009 = ( GEOMETRIC_REPRESENTATION_CONTEXT(2) 
PARAMETRIC_REPRESENTATION_CONTEXT() REPRESENTATION_CONTEXT('2D SPACE',''
  ) );
#5010 = ORIENTED_EDGE('',*,*,#5011,.F.);
#5011 = EDGE_CURVE('',#5012,#4986,#5014,.T.);
#5012 = VERTEX_POINT('',#5013);
#5013 = CARTESIAN_POINT('',(32.,-5.092674052927,0.605000014901));
#5014 = SURFACE_CURVE('',#5015,(#5020,#5027),.PCURVE_S1.);
#5015 = CIRCLE('',#5016,1.4);
#5016 = AXIS2_PLACEMENT_3D('',#5017,#5018,#5019);
#5017 = CARTESIAN_POINT('',(32.,-5.092674052927,2.005000014901));
#5018 = DIRECTION('',(1.,-1.079521069387E-78,-2.22044604925E-16));
#5019 = DIRECTION('',(-1.094764425254E-47,1.,-4.930380657631E-32));
#5020 = PCURVE('',#465,#5021);
#5021 = DEFINITIONAL_REPRESENTATION('',(#5022),#5026);
#5022 = CIRCLE('',#5023,1.4);
#5023 = AXIS2_PLACEMENT_2D('',#5024,#5025);
#5024 = CARTESIAN_POINT('',(1.455000014901,-58.90732594707));
#5025 = DIRECTION('',(-4.930380657631E-32,-1.));
#5026 = ( GEOMETRIC_REPRESENTATION_CONTEXT(2) 
PARAMETRIC_REPRESENTATION_CONTEXT() REPRESENTATION_CONTEXT('2D SPACE',''
  ) );
#5027 = PCURVE('',#5028,#5033);
#5028 = CYLINDRICAL_SURFACE('',#5029,1.4);
#5029 = AXIS2_PLACEMENT_3D('',#5030,#5031,#5032);
#5030 = CARTESIAN_POINT('',(31.55,-5.092674052927,2.005000014901));
#5031 = DIRECTION('',(1.,0.,-2.22044604925E-16));
#5032 = DIRECTION('',(-2.22044604925E-16,1.,0.));
#5033 = DEFINITIONAL_REPRESENTATION('',(#5034),#5038);
#5034 = LINE('',#5035,#5036);
#5035 = CARTESIAN_POINT('',(-6.28318530718,0.45));
#5036 = VECTOR('',#5037,1.);
#5037 = DIRECTION('',(1.,-0.));
#5038 = ( GEOMETRIC_REPRESENTATION_CONTEXT(2) 
PARAMETRIC_REPRESENTATION_CONTEXT() REPRESENTATION_CONTEXT('2D SPACE',''
  ) );
#5039 = ORIENTED_EDGE('',*,*,#5040,.T.);
#5040 = EDGE_CURVE('',#5012,#4847,#5041,.T.);
#5041 = SURFACE_CURVE('',#5042,(#5046,#5052),.PCURVE_S1.);
#5042 = LINE('',#5043,#5044);
#5043 = CARTESIAN_POINT('',(32.,-40.14633702646,0.605000014901));
#5044 = VECTOR('',#5045,1.);
#5045 = DIRECTION('',(0.,-1.,-2.22044604925E-16));
#5046 = PCURVE('',#465,#5047);
#5047 = DEFINITIONAL_REPRESENTATION('',(#5048),#5051);
#5048 = B_SPLINE_CURVE_WITH_KNOTS('',1,(#5049,#5050),.UNSPECIFIED.,.F.,
  .F.,(2,2),(-35.05366297353,-25.25366297353),.PIECEWISE_BEZIER_KNOTS.);
#5049 = CARTESIAN_POINT('',(5.500001490114E-02,-58.90732594707));
#5050 = CARTESIAN_POINT('',(5.500001490113E-02,-49.10732594707));
#5051 = ( GEOMETRIC_REPRESENTATION_CONTEXT(2) 
PARAMETRIC_REPRESENTATION_CONTEXT() REPRESENTATION_CONTEXT('2D SPACE',''
  ) );
#5052 = PCURVE('',#5053,#5058);
#5053 = PLANE('',#5054);
#5054 = AXIS2_PLACEMENT_3D('',#5055,#5056,#5057);
#5055 = CARTESIAN_POINT('',(31.55,-16.29267405292,0.605000014901));
#5056 = DIRECTION('',(0.,-2.22044604925E-16,1.));
#5057 = DIRECTION('',(1.,0.,-2.22044604925E-16));
#5058 = DEFINITIONAL_REPRESENTATION('',(#5059),#5062);
#5059 = B_SPLINE_CURVE_WITH_KNOTS('',1,(#5060,#5061),.UNSPECIFIED.,.F.,
  .F.,(2,2),(-35.05366297353,-25.25366297353),.PIECEWISE_BEZIER_KNOTS.);
#5060 = CARTESIAN_POINT('',(0.45,11.2));
#5061 = CARTESIAN_POINT('',(0.45,1.4));
#5062 = ( GEOMETRIC_REPRESENTATION_CONTEXT(2) 
PARAMETRIC_REPRESENTATION_CONTEXT() REPRESENTATION_CONTEXT('2D SPACE',''
  ) );
#5063 = ADVANCED_FACE('',(#5064),#579,.T.);
#5064 = FACE_BOUND('',#5065,.F.);
#5065 = EDGE_LOOP('',(#5066,#5089,#5116,#5117));
#5066 = ORIENTED_EDGE('',*,*,#5067,.T.);
#5067 = EDGE_CURVE('',#563,#5068,#5070,.T.);
#5068 = VERTEX_POINT('',#5069);
#5069 = CARTESIAN_POINT('',(-22.2,-61.4,7.9));
#5070 = SEAM_CURVE('',#5071,(#5075,#5082),.PCURVE_S1.);
#5071 = LINE('',#5072,#5073);
#5072 = CARTESIAN_POINT('',(-22.2,-61.4,7.75));
#5073 = VECTOR('',#5074,1.);
#5074 = DIRECTION('',(0.,0.,1.));
#5075 = PCURVE('',#579,#5076);
#5076 = DEFINITIONAL_REPRESENTATION('',(#5077),#5081);
#5077 = LINE('',#5078,#5079);
#5078 = CARTESIAN_POINT('',(-0.,0.));
#5079 = VECTOR('',#5080,1.);
#5080 = DIRECTION('',(-0.,-1.));
#5081 = ( GEOMETRIC_REPRESENTATION_CONTEXT(2) 
PARAMETRIC_REPRESENTATION_CONTEXT() REPRESENTATION_CONTEXT('2D SPACE',''
  ) );
#5082 = PCURVE('',#579,#5083);
#5083 = DEFINITIONAL_REPRESENTATION('',(#5084),#5088);
#5084 = LINE('',#5085,#5086);
#5085 = CARTESIAN_POINT('',(-6.28318530718,0.));
#5086 = VECTOR('',#5087,1.);
#5087 = DIRECTION('',(-0.,-1.));
#5088 = ( GEOMETRIC_REPRESENTATION_CONTEXT(2) 
PARAMETRIC_REPRESENTATION_CONTEXT() REPRESENTATION_CONTEXT('2D SPACE',''
  ) );
#5089 = ORIENTED_EDGE('',*,*,#5090,.T.);
#5090 = EDGE_CURVE('',#5068,#5068,#5091,.T.);
#5091 = SURFACE_CURVE('',#5092,(#5097,#5104),.PCURVE_S1.);
#5092 = CIRCLE('',#5093,1.8);
#5093 = AXIS2_PLACEMENT_3D('',#5094,#5095,#5096);
#5094 = CARTESIAN_POINT('',(-24.,-61.4,7.9));
#5095 = DIRECTION('',(0.,0.,1.));
#5096 = DIRECTION('',(1.,0.,0.));
#5097 = PCURVE('',#579,#5098);
#5098 = DEFINITIONAL_REPRESENTATION('',(#5099),#5103);
#5099 = LINE('',#5100,#5101);
#5100 = CARTESIAN_POINT('',(-0.,-0.15));
#5101 = VECTOR('',#5102,1.);
#5102 = DIRECTION('',(-1.,0.));
#5103 = ( GEOMETRIC_REPRESENTATION_CONTEXT(2) 
PARAMETRIC_REPRESENTATION_CONTEXT() REPRESENTATION_CONTEXT('2D SPACE',''
  ) );
#5104 = PCURVE('',#5105,#5110);
#5105 = PLANE('',#5106);
#5106 = AXIS2_PLACEMENT_3D('',#5107,#5108,#5109);
#5107 = CARTESIAN_POINT('',(-24.,-61.4,7.9));
#5108 = DIRECTION('',(0.,0.,1.));
#5109 = DIRECTION('',(1.,0.,-0.));
#5110 = DEFINITIONAL_REPRESENTATION('',(#5111),#5115);
#5111 = CIRCLE('',#5112,1.8);
#5112 = AXIS2_PLACEMENT_2D('',#5113,#5114);
#5113 = CARTESIAN_POINT('',(0.,0.));
#5114 = DIRECTION('',(1.,0.));
#5115 = ( GEOMETRIC_REPRESENTATION_CONTEXT(2) 
PARAMETRIC_REPRESENTATION_CONTEXT() REPRESENTATION_CONTEXT('2D SPACE',''
  ) );
#5116 = ORIENTED_EDGE('',*,*,#5067,.F.);
#5117 = ORIENTED_EDGE('',*,*,#562,.F.);
#5118 = ADVANCED_FACE('',(#5119),#612,.F.);
#5119 = FACE_BOUND('',#5120,.T.);
#5120 = EDGE_LOOP('',(#5121,#5142,#5143,#5164,#5193,#5212,#5213,#5234));
#5121 = ORIENTED_EDGE('',*,*,#5122,.F.);
#5122 = EDGE_CURVE('',#2603,#596,#5123,.T.);
#5123 = SURFACE_CURVE('',#5124,(#5128,#5135),.PCURVE_S1.);
#5124 = LINE('',#5125,#5126);
#5125 = CARTESIAN_POINT('',(30.4,-58.,0.4));
#5126 = VECTOR('',#5127,1.);
#5127 = DIRECTION('',(0.,0.,1.));
#5128 = PCURVE('',#612,#5129);
#5129 = DEFINITIONAL_REPRESENTATION('',(#5130),#5134);
#5130 = LINE('',#5131,#5132);
#5131 = CARTESIAN_POINT('',(-0.,0.));
#5132 = VECTOR('',#5133,1.);
#5133 = DIRECTION('',(-0.,1.));
#5134 = ( GEOMETRIC_REPRESENTATION_CONTEXT(2) 
PARAMETRIC_REPRESENTATION_CONTEXT() REPRESENTATION_CONTEXT('2D SPACE',''
  ) );
#5135 = PCURVE('',#1524,#5136);
#5136 = DEFINITIONAL_REPRESENTATION('',(#5137),#5141);
#5137 = LINE('',#5138,#5139);
#5138 = CARTESIAN_POINT('',(0.,-4.4));
#5139 = VECTOR('',#5140,1.);
#5140 = DIRECTION('',(1.,0.));
#5141 = ( GEOMETRIC_REPRESENTATION_CONTEXT(2) 
PARAMETRIC_REPRESENTATION_CONTEXT() REPRESENTATION_CONTEXT('2D SPACE',''
  ) );
#5142 = ORIENTED_EDGE('',*,*,#2624,.F.);
#5143 = ORIENTED_EDGE('',*,*,#5144,.T.);
#5144 = EDGE_CURVE('',#2625,#5145,#5147,.T.);
#5145 = VERTEX_POINT('',#5146);
#5146 = CARTESIAN_POINT('',(28.4,-61.68781778291,2.25));
#5147 = SURFACE_CURVE('',#5148,(#5152,#5158),.PCURVE_S1.);
#5148 = LINE('',#5149,#5150);
#5149 = CARTESIAN_POINT('',(28.4,-61.68781778291,0.4));
#5150 = VECTOR('',#5151,1.);
#5151 = DIRECTION('',(0.,0.,1.));
#5152 = PCURVE('',#612,#5153);
#5153 = DEFINITIONAL_REPRESENTATION('',(#5154),#5157);
#5154 = B_SPLINE_CURVE_WITH_KNOTS('',1,(#5155,#5156),.UNSPECIFIED.,.F.,
  .F.,(2,2),(0.1499994,2.02),.PIECEWISE_BEZIER_KNOTS.);
#5155 = CARTESIAN_POINT('',(-0.993864981558,0.1499994));
#5156 = CARTESIAN_POINT('',(-0.993864981558,2.02));
#5157 = ( GEOMETRIC_REPRESENTATION_CONTEXT(2) 
PARAMETRIC_REPRESENTATION_CONTEXT() REPRESENTATION_CONTEXT('2D SPACE',''
  ) );
#5158 = PCURVE('',#2664,#5159);
#5159 = DEFINITIONAL_REPRESENTATION('',(#5160),#5163);
#5160 = B_SPLINE_CURVE_WITH_KNOTS('',1,(#5161,#5162),.UNSPECIFIED.,.F.,
  .F.,(2,2),(0.1499994,2.02),.PIECEWISE_BEZIER_KNOTS.);
#5161 = CARTESIAN_POINT('',(-6.000000000173E-07,-1.462182217083));
#5162 = CARTESIAN_POINT('',(1.87,-1.462182217083));
#5163 = ( GEOMETRIC_REPRESENTATION_CONTEXT(2) 
PARAMETRIC_REPRESENTATION_CONTEXT() REPRESENTATION_CONTEXT('2D SPACE',''
  ) );
#5164 = ORIENTED_EDGE('',*,*,#5165,.F.);
#5165 = EDGE_CURVE('',#5166,#5145,#5168,.T.);
#5166 = VERTEX_POINT('',#5167);
#5167 = CARTESIAN_POINT('',(27.8,-62.01497197997,2.25));
#5168 = SURFACE_CURVE('',#5169,(#5174,#5181),.PCURVE_S1.);
#5169 = CIRCLE('',#5170,4.4);
#5170 = AXIS2_PLACEMENT_3D('',#5171,#5172,#5173);
#5171 = CARTESIAN_POINT('',(26.,-58.,2.25));
#5172 = DIRECTION('',(0.,0.,1.));
#5173 = DIRECTION('',(1.,0.,-0.));
#5174 = PCURVE('',#612,#5175);
#5175 = DEFINITIONAL_REPRESENTATION('',(#5176),#5180);
#5176 = LINE('',#5177,#5178);
#5177 = CARTESIAN_POINT('',(-6.28318530718,1.85));
#5178 = VECTOR('',#5179,1.);
#5179 = DIRECTION('',(1.,-0.));
#5180 = ( GEOMETRIC_REPRESENTATION_CONTEXT(2) 
PARAMETRIC_REPRESENTATION_CONTEXT() REPRESENTATION_CONTEXT('2D SPACE',''
  ) );
#5181 = PCURVE('',#5182,#5187);
#5182 = PLANE('',#5183);
#5183 = AXIS2_PLACEMENT_3D('',#5184,#5185,#5186);
#5184 = CARTESIAN_POINT('',(27.8,-63.15,2.25));
#5185 = DIRECTION('',(0.,0.,1.));
#5186 = DIRECTION('',(1.,0.,0.));
#5187 = DEFINITIONAL_REPRESENTATION('',(#5188),#5192);
#5188 = CIRCLE('',#5189,4.4);
#5189 = AXIS2_PLACEMENT_2D('',#5190,#5191);
#5190 = CARTESIAN_POINT('',(-1.8,5.15));
#5191 = DIRECTION('',(1.,0.));
#5192 = ( GEOMETRIC_REPRESENTATION_CONTEXT(2) 
PARAMETRIC_REPRESENTATION_CONTEXT() REPRESENTATION_CONTEXT('2D SPACE',''
  ) );
#5193 = ORIENTED_EDGE('',*,*,#5194,.F.);
#5194 = EDGE_CURVE('',#2705,#5166,#5195,.T.);
#5195 = SURFACE_CURVE('',#5196,(#5200,#5206),.PCURVE_S1.);
#5196 = LINE('',#5197,#5198);
#5197 = CARTESIAN_POINT('',(27.8,-62.01497197997,0.4));
#5198 = VECTOR('',#5199,1.);
#5199 = DIRECTION('',(0.,0.,1.));
#5200 = PCURVE('',#612,#5201);
#5201 = DEFINITIONAL_REPRESENTATION('',(#5202),#5205);
#5202 = B_SPLINE_CURVE_WITH_KNOTS('',1,(#5203,#5204),.UNSPECIFIED.,.F.,
  .F.,(2,2),(0.1499994,2.02),.PIECEWISE_BEZIER_KNOTS.);
#5203 = CARTESIAN_POINT('',(-1.149338758328,0.1499994));
#5204 = CARTESIAN_POINT('',(-1.149338758328,2.02));
#5205 = ( GEOMETRIC_REPRESENTATION_CONTEXT(2) 
PARAMETRIC_REPRESENTATION_CONTEXT() REPRESENTATION_CONTEXT('2D SPACE',''
  ) );
#5206 = PCURVE('',#2720,#5207);
#5207 = DEFINITIONAL_REPRESENTATION('',(#5208),#5211);
#5208 = B_SPLINE_CURVE_WITH_KNOTS('',1,(#5209,#5210),.UNSPECIFIED.,.F.,
  .F.,(2,2),(0.1499994,2.02),.PIECEWISE_BEZIER_KNOTS.);
#5209 = CARTESIAN_POINT('',(-6.000000000173E-07,-1.135028020023));
#5210 = CARTESIAN_POINT('',(1.87,-1.135028020023));
#5211 = ( GEOMETRIC_REPRESENTATION_CONTEXT(2) 
PARAMETRIC_REPRESENTATION_CONTEXT() REPRESENTATION_CONTEXT('2D SPACE',''
  ) );
#5212 = ORIENTED_EDGE('',*,*,#2732,.F.);
#5213 = ORIENTED_EDGE('',*,*,#5214,.T.);
#5214 = EDGE_CURVE('',#2733,#594,#5215,.T.);
#5215 = SURFACE_CURVE('',#5216,(#5220,#5227),.PCURVE_S1.);
#5216 = LINE('',#5217,#5218);
#5217 = CARTESIAN_POINT('',(26.,-62.4,0.4));
#5218 = VECTOR('',#5219,1.);
#5219 = DIRECTION('',(0.,0.,1.));
#5220 = PCURVE('',#612,#5221);
#5221 = DEFINITIONAL_REPRESENTATION('',(#5222),#5226);
#5222 = LINE('',#5223,#5224);
#5223 = CARTESIAN_POINT('',(-1.570796326795,0.));
#5224 = VECTOR('',#5225,1.);
#5225 = DIRECTION('',(-0.,1.));
#5226 = ( GEOMETRIC_REPRESENTATION_CONTEXT(2) 
PARAMETRIC_REPRESENTATION_CONTEXT() REPRESENTATION_CONTEXT('2D SPACE',''
  ) );
#5227 = PCURVE('',#640,#5228);
#5228 = DEFINITIONAL_REPRESENTATION('',(#5229),#5233);
#5229 = LINE('',#5230,#5231);
#5230 = CARTESIAN_POINT('',(0.,56.4));
#5231 = VECTOR('',#5232,1.);
#5232 = DIRECTION('',(1.,0.));
#5233 = ( GEOMETRIC_REPRESENTATION_CONTEXT(2) 
PARAMETRIC_REPRESENTATION_CONTEXT() REPRESENTATION_CONTEXT('2D SPACE',''
  ) );
#5234 = ORIENTED_EDGE('',*,*,#593,.T.);
#5235 = ADVANCED_FACE('',(#5236),#1524,.F.);
#5236 = FACE_BOUND('',#5237,.F.);
#5237 = EDGE_LOOP('',(#5238,#5239,#5240,#5241));
#5238 = ORIENTED_EDGE('',*,*,#1510,.F.);
#5239 = ORIENTED_EDGE('',*,*,#5122,.F.);
#5240 = ORIENTED_EDGE('',*,*,#2602,.T.);
#5241 = ORIENTED_EDGE('',*,*,#5242,.T.);
#5242 = EDGE_CURVE('',#2580,#1483,#5243,.T.);
#5243 = SURFACE_CURVE('',#5244,(#5248,#5254),.PCURVE_S1.);
#5244 = LINE('',#5245,#5246);
#5245 = CARTESIAN_POINT('',(30.4,-27.3,0.475));
#5246 = VECTOR('',#5247,1.);
#5247 = DIRECTION('',(0.,0.,1.));
#5248 = PCURVE('',#1524,#5249);
#5249 = DEFINITIONAL_REPRESENTATION('',(#5250),#5253);
#5250 = B_SPLINE_CURVE_WITH_KNOTS('',1,(#5251,#5252),.UNSPECIFIED.,.F.,
  .F.,(2,2),(7.5E-02,7.275),.PIECEWISE_BEZIER_KNOTS.);
#5251 = CARTESIAN_POINT('',(0.15,-35.1));
#5252 = CARTESIAN_POINT('',(7.35,-35.1));
#5253 = ( GEOMETRIC_REPRESENTATION_CONTEXT(2) 
PARAMETRIC_REPRESENTATION_CONTEXT() REPRESENTATION_CONTEXT('2D SPACE',''
  ) );
#5254 = PCURVE('',#1498,#5255);
#5255 = DEFINITIONAL_REPRESENTATION('',(#5256),#5259);
#5256 = B_SPLINE_CURVE_WITH_KNOTS('',1,(#5257,#5258),.UNSPECIFIED.,.F.,
  .F.,(2,2),(7.5E-02,7.275),.PIECEWISE_BEZIER_KNOTS.);
#5257 = CARTESIAN_POINT('',(0.,1.7));
#5258 = CARTESIAN_POINT('',(7.2,1.7));
#5259 = ( GEOMETRIC_REPRESENTATION_CONTEXT(2) 
PARAMETRIC_REPRESENTATION_CONTEXT() REPRESENTATION_CONTEXT('2D SPACE',''
  ) );
#5260 = ADVANCED_FACE('',(#5261),#1498,.F.);
#5261 = FACE_BOUND('',#5262,.F.);
#5262 = EDGE_LOOP('',(#5263,#5264,#5283,#5284));
#5263 = ORIENTED_EDGE('',*,*,#2579,.F.);
#5264 = ORIENTED_EDGE('',*,*,#5265,.F.);
#5265 = EDGE_CURVE('',#1454,#2556,#5266,.T.);
#5266 = SURFACE_CURVE('',#5267,(#5271,#5277),.PCURVE_S1.);
#5267 = LINE('',#5268,#5269);
#5268 = CARTESIAN_POINT('',(30.385640646055,-27.3,0.55));
#5269 = VECTOR('',#5270,1.);
#5270 = DIRECTION('',(-0.,-0.,-1.));
#5271 = PCURVE('',#1498,#5272);
#5272 = DEFINITIONAL_REPRESENTATION('',(#5273),#5276);
#5273 = B_SPLINE_CURVE_WITH_KNOTS('',1,(#5274,#5275),.UNSPECIFIED.,.F.,
  .F.,(2,2),(-7.2000006,6.000000000173E-07),.PIECEWISE_BEZIER_KNOTS.);
#5274 = CARTESIAN_POINT('',(7.2000006,1.685640646055));
#5275 = CARTESIAN_POINT('',(-6.000000000173E-07,1.685640646055));
#5276 = ( GEOMETRIC_REPRESENTATION_CONTEXT(2) 
PARAMETRIC_REPRESENTATION_CONTEXT() REPRESENTATION_CONTEXT('2D SPACE',''
  ) );
#5277 = PCURVE('',#1470,#5278);
#5278 = DEFINITIONAL_REPRESENTATION('',(#5279),#5282);
#5279 = B_SPLINE_CURVE_WITH_KNOTS('',1,(#5280,#5281),.UNSPECIFIED.,.F.,
  .F.,(2,2),(-7.2000006,6.000000000173E-07),.PIECEWISE_BEZIER_KNOTS.);
#5280 = CARTESIAN_POINT('',(-5.52966469058,-7.2000006));
#5281 = CARTESIAN_POINT('',(-5.52966469058,6.000000000173E-07));
#5282 = ( GEOMETRIC_REPRESENTATION_CONTEXT(2) 
PARAMETRIC_REPRESENTATION_CONTEXT() REPRESENTATION_CONTEXT('2D SPACE',''
  ) );
#5283 = ORIENTED_EDGE('',*,*,#1482,.T.);
#5284 = ORIENTED_EDGE('',*,*,#5242,.F.);
#5285 = ADVANCED_FACE('',(#5286),#1470,.T.);
#5286 = FACE_BOUND('',#5287,.F.);
#5287 = EDGE_LOOP('',(#5288,#5289,#5308,#5309));
#5288 = ORIENTED_EDGE('',*,*,#2555,.F.);
#5289 = ORIENTED_EDGE('',*,*,#5290,.F.);
#5290 = EDGE_CURVE('',#1426,#2533,#5291,.T.);
#5291 = SURFACE_CURVE('',#5292,(#5296,#5302),.PCURVE_S1.);
#5292 = LINE('',#5293,#5294);
#5293 = CARTESIAN_POINT('',(30.385640646055,-24.7,0.55));
#5294 = VECTOR('',#5295,1.);
#5295 = DIRECTION('',(-0.,-0.,-1.));
#5296 = PCURVE('',#1470,#5297);
#5297 = DEFINITIONAL_REPRESENTATION('',(#5298),#5301);
#5298 = B_SPLINE_CURVE_WITH_KNOTS('',1,(#5299,#5300),.UNSPECIFIED.,.F.,
  .F.,(2,2),(-7.2000006,6.000000000173E-07),.PIECEWISE_BEZIER_KNOTS.);
#5299 = CARTESIAN_POINT('',(-0.7535206166,-7.2000006));
#5300 = CARTESIAN_POINT('',(-0.7535206166,6.000000000173E-07));
#5301 = ( GEOMETRIC_REPRESENTATION_CONTEXT(2) 
PARAMETRIC_REPRESENTATION_CONTEXT() REPRESENTATION_CONTEXT('2D SPACE',''
  ) );
#5302 = PCURVE('',#1441,#5303);
#5303 = DEFINITIONAL_REPRESENTATION('',(#5304),#5307);
#5304 = B_SPLINE_CURVE_WITH_KNOTS('',1,(#5305,#5306),.UNSPECIFIED.,.F.,
  .F.,(2,2),(-7.2000006,6.000000000173E-07),.PIECEWISE_BEZIER_KNOTS.);
#5305 = CARTESIAN_POINT('',(7.2000006,1.685640646055));
#5306 = CARTESIAN_POINT('',(-6.000000000173E-07,1.685640646055));
#5307 = ( GEOMETRIC_REPRESENTATION_CONTEXT(2) 
PARAMETRIC_REPRESENTATION_CONTEXT() REPRESENTATION_CONTEXT('2D SPACE',''
  ) );
#5308 = ORIENTED_EDGE('',*,*,#1453,.T.);
#5309 = ORIENTED_EDGE('',*,*,#5265,.T.);
#5310 = ADVANCED_FACE('',(#5311),#1441,.T.);
#5311 = FACE_BOUND('',#5312,.T.);
#5312 = EDGE_LOOP('',(#5313,#5314,#5315,#5316));
#5313 = ORIENTED_EDGE('',*,*,#2532,.F.);
#5314 = ORIENTED_EDGE('',*,*,#5290,.F.);
#5315 = ORIENTED_EDGE('',*,*,#1425,.T.);
#5316 = ORIENTED_EDGE('',*,*,#5317,.F.);
#5317 = EDGE_CURVE('',#2511,#1399,#5318,.T.);
#5318 = SURFACE_CURVE('',#5319,(#5323,#5329),.PCURVE_S1.);
#5319 = LINE('',#5320,#5321);
#5320 = CARTESIAN_POINT('',(30.4,-24.7,0.475));
#5321 = VECTOR('',#5322,1.);
#5322 = DIRECTION('',(0.,0.,1.));
#5323 = PCURVE('',#1441,#5324);
#5324 = DEFINITIONAL_REPRESENTATION('',(#5325),#5328);
#5325 = B_SPLINE_CURVE_WITH_KNOTS('',1,(#5326,#5327),.UNSPECIFIED.,.F.,
  .F.,(2,2),(7.5E-02,7.275),.PIECEWISE_BEZIER_KNOTS.);
#5326 = CARTESIAN_POINT('',(0.,1.7));
#5327 = CARTESIAN_POINT('',(7.2,1.7));
#5328 = ( GEOMETRIC_REPRESENTATION_CONTEXT(2) 
PARAMETRIC_REPRESENTATION_CONTEXT() REPRESENTATION_CONTEXT('2D SPACE',''
  ) );
#5329 = PCURVE('',#1414,#5330);
#5330 = DEFINITIONAL_REPRESENTATION('',(#5331),#5334);
#5331 = B_SPLINE_CURVE_WITH_KNOTS('',1,(#5332,#5333),.UNSPECIFIED.,.F.,
  .F.,(2,2),(7.5E-02,7.275),.PIECEWISE_BEZIER_KNOTS.);
#5332 = CARTESIAN_POINT('',(0.15,-37.7));
#5333 = CARTESIAN_POINT('',(7.35,-37.7));
#5334 = ( GEOMETRIC_REPRESENTATION_CONTEXT(2) 
PARAMETRIC_REPRESENTATION_CONTEXT() REPRESENTATION_CONTEXT('2D SPACE',''
  ) );
#5335 = ADVANCED_FACE('',(#5336,#5496),#1414,.F.);
#5336 = FACE_BOUND('',#5337,.F.);
#5337 = EDGE_LOOP('',(#5338,#5339,#5340,#5341,#5363,#5389,#5409,#5410,
    #5431,#5457,#5476,#5477));
#5338 = ORIENTED_EDGE('',*,*,#1398,.F.);
#5339 = ORIENTED_EDGE('',*,*,#5317,.F.);
#5340 = ORIENTED_EDGE('',*,*,#2510,.T.);
#5341 = ORIENTED_EDGE('',*,*,#5342,.T.);
#5342 = EDGE_CURVE('',#2483,#5343,#5345,.T.);
#5343 = VERTEX_POINT('',#5344);
#5344 = CARTESIAN_POINT('',(30.4,-19.85,2.25));
#5345 = SURFACE_CURVE('',#5346,(#5350,#5356),.PCURVE_S1.);
#5346 = LINE('',#5347,#5348);
#5347 = CARTESIAN_POINT('',(30.4,-19.85,0.475));
#5348 = VECTOR('',#5349,1.);
#5349 = DIRECTION('',(0.,0.,1.));
#5350 = PCURVE('',#1414,#5351);
#5351 = DEFINITIONAL_REPRESENTATION('',(#5352),#5355);
#5352 = B_SPLINE_CURVE_WITH_KNOTS('',1,(#5353,#5354),.UNSPECIFIED.,.F.,
  .F.,(2,2),(7.5E-02,1.775),.PIECEWISE_BEZIER_KNOTS.);
#5353 = CARTESIAN_POINT('',(0.15,-42.55));
#5354 = CARTESIAN_POINT('',(1.85,-42.55));
#5355 = ( GEOMETRIC_REPRESENTATION_CONTEXT(2) 
PARAMETRIC_REPRESENTATION_CONTEXT() REPRESENTATION_CONTEXT('2D SPACE',''
  ) );
#5356 = PCURVE('',#2498,#5357);
#5357 = DEFINITIONAL_REPRESENTATION('',(#5358),#5362);
#5358 = LINE('',#5359,#5360);
#5359 = CARTESIAN_POINT('',(-7.5E-02,61.4));
#5360 = VECTOR('',#5361,1.);
#5361 = DIRECTION('',(1.,0.));
#5362 = ( GEOMETRIC_REPRESENTATION_CONTEXT(2) 
PARAMETRIC_REPRESENTATION_CONTEXT() REPRESENTATION_CONTEXT('2D SPACE',''
  ) );
#5363 = ORIENTED_EDGE('',*,*,#5364,.F.);
#5364 = EDGE_CURVE('',#5365,#5343,#5367,.T.);
#5365 = VERTEX_POINT('',#5366);
#5366 = CARTESIAN_POINT('',(30.4,-19.25,2.25));
#5367 = SURFACE_CURVE('',#5368,(#5372,#5378),.PCURVE_S1.);
#5368 = LINE('',#5369,#5370);
#5369 = CARTESIAN_POINT('',(30.4,-41.125,2.25));
#5370 = VECTOR('',#5371,1.);
#5371 = DIRECTION('',(0.,-1.,0.));
#5372 = PCURVE('',#1414,#5373);
#5373 = DEFINITIONAL_REPRESENTATION('',(#5374),#5377);
#5374 = B_SPLINE_CURVE_WITH_KNOTS('',1,(#5375,#5376),.UNSPECIFIED.,.F.,
  .F.,(2,2),(-21.875,-21.275),.PIECEWISE_BEZIER_KNOTS.);
#5375 = CARTESIAN_POINT('',(1.85,-43.15));
#5376 = CARTESIAN_POINT('',(1.85,-42.55));
#5377 = ( GEOMETRIC_REPRESENTATION_CONTEXT(2) 
PARAMETRIC_REPRESENTATION_CONTEXT() REPRESENTATION_CONTEXT('2D SPACE',''
  ) );
#5378 = PCURVE('',#5379,#5384);
#5379 = PLANE('',#5380);
#5380 = AXIS2_PLACEMENT_3D('',#5381,#5382,#5383);
#5381 = CARTESIAN_POINT('',(8.4,-19.85,2.25));
#5382 = DIRECTION('',(0.,0.,1.));
#5383 = DIRECTION('',(1.,0.,0.));
#5384 = DEFINITIONAL_REPRESENTATION('',(#5385),#5388);
#5385 = B_SPLINE_CURVE_WITH_KNOTS('',1,(#5386,#5387),.UNSPECIFIED.,.F.,
  .F.,(2,2),(-21.875,-21.275),.PIECEWISE_BEZIER_KNOTS.);
#5386 = CARTESIAN_POINT('',(22.,0.6));
#5387 = CARTESIAN_POINT('',(22.,0.));
#5388 = ( GEOMETRIC_REPRESENTATION_CONTEXT(2) 
PARAMETRIC_REPRESENTATION_CONTEXT() REPRESENTATION_CONTEXT('2D SPACE',''
  ) );
#5389 = ORIENTED_EDGE('',*,*,#5390,.F.);
#5390 = EDGE_CURVE('',#3312,#5365,#5391,.T.);
#5391 = SURFACE_CURVE('',#5392,(#5396,#5402),.PCURVE_S1.);
#5392 = LINE('',#5393,#5394);
#5393 = CARTESIAN_POINT('',(30.4,-19.25,0.475));
#5394 = VECTOR('',#5395,1.);
#5395 = DIRECTION('',(0.,0.,1.));
#5396 = PCURVE('',#1414,#5397);
#5397 = DEFINITIONAL_REPRESENTATION('',(#5398),#5401);
#5398 = B_SPLINE_CURVE_WITH_KNOTS('',1,(#5399,#5400),.UNSPECIFIED.,.F.,
  .F.,(2,2),(7.5E-02,1.775),.PIECEWISE_BEZIER_KNOTS.);
#5399 = CARTESIAN_POINT('',(0.15,-43.15));
#5400 = CARTESIAN_POINT('',(1.85,-43.15));
#5401 = ( GEOMETRIC_REPRESENTATION_CONTEXT(2) 
PARAMETRIC_REPRESENTATION_CONTEXT() REPRESENTATION_CONTEXT('2D SPACE',''
  ) );
#5402 = PCURVE('',#3351,#5403);
#5403 = DEFINITIONAL_REPRESENTATION('',(#5404),#5408);
#5404 = LINE('',#5405,#5406);
#5405 = CARTESIAN_POINT('',(-7.5E-02,61.4));
#5406 = VECTOR('',#5407,1.);
#5407 = DIRECTION('',(1.,0.));
#5408 = ( GEOMETRIC_REPRESENTATION_CONTEXT(2) 
PARAMETRIC_REPRESENTATION_CONTEXT() REPRESENTATION_CONTEXT('2D SPACE',''
  ) );
#5409 = ORIENTED_EDGE('',*,*,#3311,.T.);
#5410 = ORIENTED_EDGE('',*,*,#5411,.T.);
#5411 = EDGE_CURVE('',#3314,#5412,#5414,.T.);
#5412 = VERTEX_POINT('',#5413);
#5413 = CARTESIAN_POINT('',(30.4,-0.85,2.25));
#5414 = SURFACE_CURVE('',#5415,(#5419,#5425),.PCURVE_S1.);
#5415 = LINE('',#5416,#5417);
#5416 = CARTESIAN_POINT('',(30.4,-0.85,0.475));
#5417 = VECTOR('',#5418,1.);
#5418 = DIRECTION('',(0.,0.,1.));
#5419 = PCURVE('',#1414,#5420);
#5420 = DEFINITIONAL_REPRESENTATION('',(#5421),#5424);
#5421 = B_SPLINE_CURVE_WITH_KNOTS('',1,(#5422,#5423),.UNSPECIFIED.,.F.,
  .F.,(2,2),(7.5E-02,1.775),.PIECEWISE_BEZIER_KNOTS.);
#5422 = CARTESIAN_POINT('',(0.15,-61.55));
#5423 = CARTESIAN_POINT('',(1.85,-61.55));
#5424 = ( GEOMETRIC_REPRESENTATION_CONTEXT(2) 
PARAMETRIC_REPRESENTATION_CONTEXT() REPRESENTATION_CONTEXT('2D SPACE',''
  ) );
#5425 = PCURVE('',#4165,#5426);
#5426 = DEFINITIONAL_REPRESENTATION('',(#5427),#5430);
#5427 = B_SPLINE_CURVE_WITH_KNOTS('',1,(#5428,#5429),.UNSPECIFIED.,.F.,
  .F.,(2,2),(7.5E-02,1.775),.PIECEWISE_BEZIER_KNOTS.);
#5428 = CARTESIAN_POINT('',(0.,22.));
#5429 = CARTESIAN_POINT('',(1.7,22.));
#5430 = ( GEOMETRIC_REPRESENTATION_CONTEXT(2) 
PARAMETRIC_REPRESENTATION_CONTEXT() REPRESENTATION_CONTEXT('2D SPACE',''
  ) );
#5431 = ORIENTED_EDGE('',*,*,#5432,.F.);
#5432 = EDGE_CURVE('',#5433,#5412,#5435,.T.);
#5433 = VERTEX_POINT('',#5434);
#5434 = CARTESIAN_POINT('',(30.4,-0.25,2.25));
#5435 = SURFACE_CURVE('',#5436,(#5440,#5446),.PCURVE_S1.);
#5436 = LINE('',#5437,#5438);
#5437 = CARTESIAN_POINT('',(30.4,-31.625,2.25));
#5438 = VECTOR('',#5439,1.);
#5439 = DIRECTION('',(0.,-1.,0.));
#5440 = PCURVE('',#1414,#5441);
#5441 = DEFINITIONAL_REPRESENTATION('',(#5442),#5445);
#5442 = B_SPLINE_CURVE_WITH_KNOTS('',1,(#5443,#5444),.UNSPECIFIED.,.F.,
  .F.,(2,2),(-31.375,-30.775),.PIECEWISE_BEZIER_KNOTS.);
#5443 = CARTESIAN_POINT('',(1.85,-62.15));
#5444 = CARTESIAN_POINT('',(1.85,-61.55));
#5445 = ( GEOMETRIC_REPRESENTATION_CONTEXT(2) 
PARAMETRIC_REPRESENTATION_CONTEXT() REPRESENTATION_CONTEXT('2D SPACE',''
  ) );
#5446 = PCURVE('',#5447,#5452);
#5447 = PLANE('',#5448);
#5448 = AXIS2_PLACEMENT_3D('',#5449,#5450,#5451);
#5449 = CARTESIAN_POINT('',(8.4,-0.85,2.25));
#5450 = DIRECTION('',(0.,0.,1.));
#5451 = DIRECTION('',(1.,0.,0.));
#5452 = DEFINITIONAL_REPRESENTATION('',(#5453),#5456);
#5453 = B_SPLINE_CURVE_WITH_KNOTS('',1,(#5454,#5455),.UNSPECIFIED.,.F.,
  .F.,(2,2),(-31.375,-30.775),.PIECEWISE_BEZIER_KNOTS.);
#5454 = CARTESIAN_POINT('',(22.,0.6));
#5455 = CARTESIAN_POINT('',(22.,0.));
#5456 = ( GEOMETRIC_REPRESENTATION_CONTEXT(2) 
PARAMETRIC_REPRESENTATION_CONTEXT() REPRESENTATION_CONTEXT('2D SPACE',''
  ) );
#5457 = ORIENTED_EDGE('',*,*,#5458,.F.);
#5458 = EDGE_CURVE('',#4074,#5433,#5459,.T.);
#5459 = SURFACE_CURVE('',#5460,(#5464,#5470),.PCURVE_S1.);
#5460 = LINE('',#5461,#5462);
#5461 = CARTESIAN_POINT('',(30.4,-0.25,0.475));
#5462 = VECTOR('',#5463,1.);
#5463 = DIRECTION('',(0.,0.,1.));
#5464 = PCURVE('',#1414,#5465);
#5465 = DEFINITIONAL_REPRESENTATION('',(#5466),#5469);
#5466 = B_SPLINE_CURVE_WITH_KNOTS('',1,(#5467,#5468),.UNSPECIFIED.,.F.,
  .F.,(2,2),(7.5E-02,1.775),.PIECEWISE_BEZIER_KNOTS.);
#5467 = CARTESIAN_POINT('',(0.15,-62.15));
#5468 = CARTESIAN_POINT('',(1.85,-62.15));
#5469 = ( GEOMETRIC_REPRESENTATION_CONTEXT(2) 
PARAMETRIC_REPRESENTATION_CONTEXT() REPRESENTATION_CONTEXT('2D SPACE',''
  ) );
#5470 = PCURVE('',#4111,#5471);
#5471 = DEFINITIONAL_REPRESENTATION('',(#5472),#5475);
#5472 = B_SPLINE_CURVE_WITH_KNOTS('',1,(#5473,#5474),.UNSPECIFIED.,.F.,
  .F.,(2,2),(7.5E-02,1.775),.PIECEWISE_BEZIER_KNOTS.);
#5473 = CARTESIAN_POINT('',(0.,22.));
#5474 = CARTESIAN_POINT('',(1.7,22.));
#5475 = ( GEOMETRIC_REPRESENTATION_CONTEXT(2) 
PARAMETRIC_REPRESENTATION_CONTEXT() REPRESENTATION_CONTEXT('2D SPACE',''
  ) );
#5476 = ORIENTED_EDGE('',*,*,#4073,.T.);
#5477 = ORIENTED_EDGE('',*,*,#5478,.T.);
#5478 = EDGE_CURVE('',#4051,#1371,#5479,.T.);
#5479 = SURFACE_CURVE('',#5480,(#5484,#5490),.PCURVE_S1.);
#5480 = LINE('',#5481,#5482);
#5481 = CARTESIAN_POINT('',(30.4,2.7,0.475));
#5482 = VECTOR('',#5483,1.);
#5483 = DIRECTION('',(0.,0.,1.));
#5484 = PCURVE('',#1414,#5485);
#5485 = DEFINITIONAL_REPRESENTATION('',(#5486),#5489);
#5486 = B_SPLINE_CURVE_WITH_KNOTS('',1,(#5487,#5488),.UNSPECIFIED.,.F.,
  .F.,(2,2),(7.5E-02,7.275),.PIECEWISE_BEZIER_KNOTS.);
#5487 = CARTESIAN_POINT('',(0.15,-65.1));
#5488 = CARTESIAN_POINT('',(7.35,-65.1));
#5489 = ( GEOMETRIC_REPRESENTATION_CONTEXT(2) 
PARAMETRIC_REPRESENTATION_CONTEXT() REPRESENTATION_CONTEXT('2D SPACE',''
  ) );
#5490 = PCURVE('',#1386,#5491);
#5491 = DEFINITIONAL_REPRESENTATION('',(#5492),#5495);
#5492 = B_SPLINE_CURVE_WITH_KNOTS('',1,(#5493,#5494),.UNSPECIFIED.,.F.,
  .F.,(2,2),(7.5E-02,7.275),.PIECEWISE_BEZIER_KNOTS.);
#5493 = CARTESIAN_POINT('',(0.,1.7));
#5494 = CARTESIAN_POINT('',(7.2,1.7));
#5495 = ( GEOMETRIC_REPRESENTATION_CONTEXT(2) 
PARAMETRIC_REPRESENTATION_CONTEXT() REPRESENTATION_CONTEXT('2D SPACE',''
  ) );
#5496 = FACE_BOUND('',#5497,.F.);
#5497 = EDGE_LOOP('',(#5498,#5526,#5552,#5578));
#5498 = ORIENTED_EDGE('',*,*,#5499,.T.);
#5499 = EDGE_CURVE('',#5500,#5502,#5504,.T.);
#5500 = VERTEX_POINT('',#5501);
#5501 = CARTESIAN_POINT('',(30.4,-3.992674052927,1.205000014901));
#5502 = VERTEX_POINT('',#5503);
#5503 = CARTESIAN_POINT('',(30.4,-15.99267405292,1.205000014901));
#5504 = SURFACE_CURVE('',#5505,(#5509,#5515),.PCURVE_S1.);
#5505 = LINE('',#5506,#5507);
#5506 = CARTESIAN_POINT('',(30.4,-39.19633702646,1.205000014901));
#5507 = VECTOR('',#5508,1.);
#5508 = DIRECTION('',(0.,-1.,0.));
#5509 = PCURVE('',#1414,#5510);
#5510 = DEFINITIONAL_REPRESENTATION('',(#5511),#5514);
#5511 = B_SPLINE_CURVE_WITH_KNOTS('',1,(#5512,#5513),.UNSPECIFIED.,.F.,
  .F.,(2,2),(-35.20366297353,-23.20366297353),.PIECEWISE_BEZIER_KNOTS.);
#5512 = CARTESIAN_POINT('',(0.805000014901,-58.40732594707));
#5513 = CARTESIAN_POINT('',(0.805000014901,-46.40732594707));
#5514 = ( GEOMETRIC_REPRESENTATION_CONTEXT(2) 
PARAMETRIC_REPRESENTATION_CONTEXT() REPRESENTATION_CONTEXT('2D SPACE',''
  ) );
#5515 = PCURVE('',#5516,#5521);
#5516 = PLANE('',#5517);
#5517 = AXIS2_PLACEMENT_3D('',#5518,#5519,#5520);
#5518 = CARTESIAN_POINT('',(27.,-15.99267405292,1.205000014901));
#5519 = DIRECTION('',(0.,0.,1.));
#5520 = DIRECTION('',(1.,0.,0.));
#5521 = DEFINITIONAL_REPRESENTATION('',(#5522),#5525);
#5522 = B_SPLINE_CURVE_WITH_KNOTS('',1,(#5523,#5524),.UNSPECIFIED.,.F.,
  .F.,(2,2),(-35.20366297353,-23.20366297353),.PIECEWISE_BEZIER_KNOTS.);
#5523 = CARTESIAN_POINT('',(3.4,12.));
#5524 = CARTESIAN_POINT('',(3.4,0.));
#5525 = ( GEOMETRIC_REPRESENTATION_CONTEXT(2) 
PARAMETRIC_REPRESENTATION_CONTEXT() REPRESENTATION_CONTEXT('2D SPACE',''
  ) );
#5526 = ORIENTED_EDGE('',*,*,#5527,.T.);
#5527 = EDGE_CURVE('',#5502,#5528,#5530,.T.);
#5528 = VERTEX_POINT('',#5529);
#5529 = CARTESIAN_POINT('',(30.4,-15.99267405292,6.005000014901));
#5530 = SURFACE_CURVE('',#5531,(#5535,#5541),.PCURVE_S1.);
#5531 = LINE('',#5532,#5533);
#5532 = CARTESIAN_POINT('',(30.4,-15.99267405292,0.802500007451));
#5533 = VECTOR('',#5534,1.);
#5534 = DIRECTION('',(0.,0.,1.));
#5535 = PCURVE('',#1414,#5536);
#5536 = DEFINITIONAL_REPRESENTATION('',(#5537),#5540);
#5537 = B_SPLINE_CURVE_WITH_KNOTS('',1,(#5538,#5539),.UNSPECIFIED.,.F.,
  .F.,(2,2),(0.402500007451,5.202500007451),.PIECEWISE_BEZIER_KNOTS.);
#5538 = CARTESIAN_POINT('',(0.805000014901,-46.40732594707));
#5539 = CARTESIAN_POINT('',(5.605000014901,-46.40732594707));
#5540 = ( GEOMETRIC_REPRESENTATION_CONTEXT(2) 
PARAMETRIC_REPRESENTATION_CONTEXT() REPRESENTATION_CONTEXT('2D SPACE',''
  ) );
#5541 = PCURVE('',#5542,#5547);
#5542 = PLANE('',#5543);
#5543 = AXIS2_PLACEMENT_3D('',#5544,#5545,#5546);
#5544 = CARTESIAN_POINT('',(27.,-15.99267405292,1.205000014901));
#5545 = DIRECTION('',(0.,1.,0.));
#5546 = DIRECTION('',(0.,0.,1.));
#5547 = DEFINITIONAL_REPRESENTATION('',(#5548),#5551);
#5548 = B_SPLINE_CURVE_WITH_KNOTS('',1,(#5549,#5550),.UNSPECIFIED.,.F.,
  .F.,(2,2),(0.402500007451,5.202500007451),.PIECEWISE_BEZIER_KNOTS.);
#5549 = CARTESIAN_POINT('',(0.,3.4));
#5550 = CARTESIAN_POINT('',(4.8,3.4));
#5551 = ( GEOMETRIC_REPRESENTATION_CONTEXT(2) 
PARAMETRIC_REPRESENTATION_CONTEXT() REPRESENTATION_CONTEXT('2D SPACE',''
  ) );
#5552 = ORIENTED_EDGE('',*,*,#5553,.F.);
#5553 = EDGE_CURVE('',#5554,#5528,#5556,.T.);
#5554 = VERTEX_POINT('',#5555);
#5555 = CARTESIAN_POINT('',(30.4,-3.992674052927,6.005000014901));
#5556 = SURFACE_CURVE('',#5557,(#5561,#5567),.PCURVE_S1.);
#5557 = LINE('',#5558,#5559);
#5558 = CARTESIAN_POINT('',(30.4,-39.19633702646,6.005000014901));
#5559 = VECTOR('',#5560,1.);
#5560 = DIRECTION('',(0.,-1.,0.));
#5561 = PCURVE('',#1414,#5562);
#5562 = DEFINITIONAL_REPRESENTATION('',(#5563),#5566);
#5563 = B_SPLINE_CURVE_WITH_KNOTS('',1,(#5564,#5565),.UNSPECIFIED.,.F.,
  .F.,(2,2),(-35.20366297353,-23.20366297353),.PIECEWISE_BEZIER_KNOTS.);
#5564 = CARTESIAN_POINT('',(5.605000014901,-58.40732594707));
#5565 = CARTESIAN_POINT('',(5.605000014901,-46.40732594707));
#5566 = ( GEOMETRIC_REPRESENTATION_CONTEXT(2) 
PARAMETRIC_REPRESENTATION_CONTEXT() REPRESENTATION_CONTEXT('2D SPACE',''
  ) );
#5567 = PCURVE('',#5568,#5573);
#5568 = PLANE('',#5569);
#5569 = AXIS2_PLACEMENT_3D('',#5570,#5571,#5572);
#5570 = CARTESIAN_POINT('',(27.,-15.99267405292,6.005000014901));
#5571 = DIRECTION('',(0.,0.,1.));
#5572 = DIRECTION('',(1.,0.,0.));
#5573 = DEFINITIONAL_REPRESENTATION('',(#5574),#5577);
#5574 = B_SPLINE_CURVE_WITH_KNOTS('',1,(#5575,#5576),.UNSPECIFIED.,.F.,
  .F.,(2,2),(-35.20366297353,-23.20366297353),.PIECEWISE_BEZIER_KNOTS.);
#5575 = CARTESIAN_POINT('',(3.4,12.));
#5576 = CARTESIAN_POINT('',(3.4,0.));
#5577 = ( GEOMETRIC_REPRESENTATION_CONTEXT(2) 
PARAMETRIC_REPRESENTATION_CONTEXT() REPRESENTATION_CONTEXT('2D SPACE',''
  ) );
#5578 = ORIENTED_EDGE('',*,*,#5579,.F.);
#5579 = EDGE_CURVE('',#5500,#5554,#5580,.T.);
#5580 = SURFACE_CURVE('',#5581,(#5585,#5591),.PCURVE_S1.);
#5581 = LINE('',#5582,#5583);
#5582 = CARTESIAN_POINT('',(30.4,-3.992674052927,0.802500007451));
#5583 = VECTOR('',#5584,1.);
#5584 = DIRECTION('',(0.,0.,1.));
#5585 = PCURVE('',#1414,#5586);
#5586 = DEFINITIONAL_REPRESENTATION('',(#5587),#5590);
#5587 = B_SPLINE_CURVE_WITH_KNOTS('',1,(#5588,#5589),.UNSPECIFIED.,.F.,
  .F.,(2,2),(0.402500007451,5.202500007451),.PIECEWISE_BEZIER_KNOTS.);
#5588 = CARTESIAN_POINT('',(0.805000014901,-58.40732594707));
#5589 = CARTESIAN_POINT('',(5.605000014901,-58.40732594707));
#5590 = ( GEOMETRIC_REPRESENTATION_CONTEXT(2) 
PARAMETRIC_REPRESENTATION_CONTEXT() REPRESENTATION_CONTEXT('2D SPACE',''
  ) );
#5591 = PCURVE('',#5592,#5597);
#5592 = PLANE('',#5593);
#5593 = AXIS2_PLACEMENT_3D('',#5594,#5595,#5596);
#5594 = CARTESIAN_POINT('',(27.,-3.992674052927,1.205000014901));
#5595 = DIRECTION('',(0.,1.,0.));
#5596 = DIRECTION('',(0.,0.,1.));
#5597 = DEFINITIONAL_REPRESENTATION('',(#5598),#5601);
#5598 = B_SPLINE_CURVE_WITH_KNOTS('',1,(#5599,#5600),.UNSPECIFIED.,.F.,
  .F.,(2,2),(0.402500007451,5.202500007451),.PIECEWISE_BEZIER_KNOTS.);
#5599 = CARTESIAN_POINT('',(0.,3.4));
#5600 = CARTESIAN_POINT('',(4.8,3.4));
#5601 = ( GEOMETRIC_REPRESENTATION_CONTEXT(2) 
PARAMETRIC_REPRESENTATION_CONTEXT() REPRESENTATION_CONTEXT('2D SPACE',''
  ) );
#5602 = ADVANCED_FACE('',(#5603),#1386,.F.);
#5603 = FACE_BOUND('',#5604,.F.);
#5604 = EDGE_LOOP('',(#5605,#5606,#5625,#5626));
#5605 = ORIENTED_EDGE('',*,*,#4050,.F.);
#5606 = ORIENTED_EDGE('',*,*,#5607,.F.);
#5607 = EDGE_CURVE('',#1342,#4027,#5608,.T.);
#5608 = SURFACE_CURVE('',#5609,(#5613,#5619),.PCURVE_S1.);
#5609 = LINE('',#5610,#5611);
#5610 = CARTESIAN_POINT('',(30.385640646055,2.7,0.55));
#5611 = VECTOR('',#5612,1.);
#5612 = DIRECTION('',(-0.,-0.,-1.));
#5613 = PCURVE('',#1386,#5614);
#5614 = DEFINITIONAL_REPRESENTATION('',(#5615),#5618);
#5615 = B_SPLINE_CURVE_WITH_KNOTS('',1,(#5616,#5617),.UNSPECIFIED.,.F.,
  .F.,(2,2),(-7.2000006,6.000000000173E-07),.PIECEWISE_BEZIER_KNOTS.);
#5616 = CARTESIAN_POINT('',(7.2000006,1.685640646055));
#5617 = CARTESIAN_POINT('',(-6.000000000173E-07,1.685640646055));
#5618 = ( GEOMETRIC_REPRESENTATION_CONTEXT(2) 
PARAMETRIC_REPRESENTATION_CONTEXT() REPRESENTATION_CONTEXT('2D SPACE',''
  ) );
#5619 = PCURVE('',#1358,#5620);
#5620 = DEFINITIONAL_REPRESENTATION('',(#5621),#5624);
#5621 = B_SPLINE_CURVE_WITH_KNOTS('',1,(#5622,#5623),.UNSPECIFIED.,.F.,
  .F.,(2,2),(-7.2000006,6.000000000173E-07),.PIECEWISE_BEZIER_KNOTS.);
#5622 = CARTESIAN_POINT('',(-5.52966469058,-7.2000006));
#5623 = CARTESIAN_POINT('',(-5.52966469058,6.000000000173E-07));
#5624 = ( GEOMETRIC_REPRESENTATION_CONTEXT(2) 
PARAMETRIC_REPRESENTATION_CONTEXT() REPRESENTATION_CONTEXT('2D SPACE',''
  ) );
#5625 = ORIENTED_EDGE('',*,*,#1370,.T.);
#5626 = ORIENTED_EDGE('',*,*,#5478,.F.);
#5627 = ADVANCED_FACE('',(#5628),#1358,.T.);
#5628 = FACE_BOUND('',#5629,.F.);
#5629 = EDGE_LOOP('',(#5630,#5631,#5650,#5651));
#5630 = ORIENTED_EDGE('',*,*,#4026,.F.);
#5631 = ORIENTED_EDGE('',*,*,#5632,.F.);
#5632 = EDGE_CURVE('',#1314,#4004,#5633,.T.);
#5633 = SURFACE_CURVE('',#5634,(#5638,#5644),.PCURVE_S1.);
#5634 = LINE('',#5635,#5636);
#5635 = CARTESIAN_POINT('',(30.385640646055,5.3,0.55));
#5636 = VECTOR('',#5637,1.);
#5637 = DIRECTION('',(-0.,-0.,-1.));
#5638 = PCURVE('',#1358,#5639);
#5639 = DEFINITIONAL_REPRESENTATION('',(#5640),#5643);
#5640 = B_SPLINE_CURVE_WITH_KNOTS('',1,(#5641,#5642),.UNSPECIFIED.,.F.,
  .F.,(2,2),(-7.2000006,6.000000000173E-07),.PIECEWISE_BEZIER_KNOTS.);
#5641 = CARTESIAN_POINT('',(-0.7535206166,-7.2000006));
#5642 = CARTESIAN_POINT('',(-0.7535206166,6.000000000173E-07));
#5643 = ( GEOMETRIC_REPRESENTATION_CONTEXT(2) 
PARAMETRIC_REPRESENTATION_CONTEXT() REPRESENTATION_CONTEXT('2D SPACE',''
  ) );
#5644 = PCURVE('',#1329,#5645);
#5645 = DEFINITIONAL_REPRESENTATION('',(#5646),#5649);
#5646 = B_SPLINE_CURVE_WITH_KNOTS('',1,(#5647,#5648),.UNSPECIFIED.,.F.,
  .F.,(2,2),(-7.2000006,6.000000000173E-07),.PIECEWISE_BEZIER_KNOTS.);
#5647 = CARTESIAN_POINT('',(7.2000006,1.685640646055));
#5648 = CARTESIAN_POINT('',(-6.000000000173E-07,1.685640646055));
#5649 = ( GEOMETRIC_REPRESENTATION_CONTEXT(2) 
PARAMETRIC_REPRESENTATION_CONTEXT() REPRESENTATION_CONTEXT('2D SPACE',''
  ) );
#5650 = ORIENTED_EDGE('',*,*,#1341,.T.);
#5651 = ORIENTED_EDGE('',*,*,#5607,.T.);
#5652 = ADVANCED_FACE('',(#5653),#1329,.T.);
#5653 = FACE_BOUND('',#5654,.T.);
#5654 = EDGE_LOOP('',(#5655,#5656,#5657,#5658));
#5655 = ORIENTED_EDGE('',*,*,#4003,.F.);
#5656 = ORIENTED_EDGE('',*,*,#5632,.F.);
#5657 = ORIENTED_EDGE('',*,*,#1313,.T.);
#5658 = ORIENTED_EDGE('',*,*,#5659,.F.);
#5659 = EDGE_CURVE('',#3982,#1287,#5660,.T.);
#5660 = SURFACE_CURVE('',#5661,(#5665,#5671),.PCURVE_S1.);
#5661 = LINE('',#5662,#5663);
#5662 = CARTESIAN_POINT('',(30.4,5.3,0.475));
#5663 = VECTOR('',#5664,1.);
#5664 = DIRECTION('',(0.,0.,1.));
#5665 = PCURVE('',#1329,#5666);
#5666 = DEFINITIONAL_REPRESENTATION('',(#5667),#5670);
#5667 = B_SPLINE_CURVE_WITH_KNOTS('',1,(#5668,#5669),.UNSPECIFIED.,.F.,
  .F.,(2,2),(7.5E-02,7.275),.PIECEWISE_BEZIER_KNOTS.);
#5668 = CARTESIAN_POINT('',(0.,1.7));
#5669 = CARTESIAN_POINT('',(7.2,1.7));
#5670 = ( GEOMETRIC_REPRESENTATION_CONTEXT(2) 
PARAMETRIC_REPRESENTATION_CONTEXT() REPRESENTATION_CONTEXT('2D SPACE',''
  ) );
#5671 = PCURVE('',#1302,#5672);
#5672 = DEFINITIONAL_REPRESENTATION('',(#5673),#5676);
#5673 = B_SPLINE_CURVE_WITH_KNOTS('',1,(#5674,#5675),.UNSPECIFIED.,.F.,
  .F.,(2,2),(7.5E-02,7.275),.PIECEWISE_BEZIER_KNOTS.);
#5674 = CARTESIAN_POINT('',(0.15,-67.7));
#5675 = CARTESIAN_POINT('',(7.35,-67.7));
#5676 = ( GEOMETRIC_REPRESENTATION_CONTEXT(2) 
PARAMETRIC_REPRESENTATION_CONTEXT() REPRESENTATION_CONTEXT('2D SPACE',''
  ) );
#5677 = ADVANCED_FACE('',(#5678,#5818),#1302,.F.);
#5678 = FACE_BOUND('',#5679,.F.);
#5679 = EDGE_LOOP('',(#5680,#5681,#5682,#5683,#5704,#5730,#5749,#5750,
    #5771,#5797));
#5680 = ORIENTED_EDGE('',*,*,#1286,.F.);
#5681 = ORIENTED_EDGE('',*,*,#5659,.F.);
#5682 = ORIENTED_EDGE('',*,*,#3981,.T.);
#5683 = ORIENTED_EDGE('',*,*,#5684,.T.);
#5684 = EDGE_CURVE('',#3954,#5685,#5687,.T.);
#5685 = VERTEX_POINT('',#5686);
#5686 = CARTESIAN_POINT('',(30.4,10.85,2.55));
#5687 = SURFACE_CURVE('',#5688,(#5692,#5698),.PCURVE_S1.);
#5688 = LINE('',#5689,#5690);
#5689 = CARTESIAN_POINT('',(30.4,10.85,0.475));
#5690 = VECTOR('',#5691,1.);
#5691 = DIRECTION('',(0.,0.,1.));
#5692 = PCURVE('',#1302,#5693);
#5693 = DEFINITIONAL_REPRESENTATION('',(#5694),#5697);
#5694 = B_SPLINE_CURVE_WITH_KNOTS('',1,(#5695,#5696),.UNSPECIFIED.,.F.,
  .F.,(2,2),(7.5E-02,2.075),.PIECEWISE_BEZIER_KNOTS.);
#5695 = CARTESIAN_POINT('',(0.15,-73.25));
#5696 = CARTESIAN_POINT('',(2.15,-73.25));
#5697 = ( GEOMETRIC_REPRESENTATION_CONTEXT(2) 
PARAMETRIC_REPRESENTATION_CONTEXT() REPRESENTATION_CONTEXT('2D SPACE',''
  ) );
#5698 = PCURVE('',#3969,#5699);
#5699 = DEFINITIONAL_REPRESENTATION('',(#5700),#5703);
#5700 = B_SPLINE_CURVE_WITH_KNOTS('',1,(#5701,#5702),.UNSPECIFIED.,.F.,
  .F.,(2,2),(7.5E-02,2.075),.PIECEWISE_BEZIER_KNOTS.);
#5701 = CARTESIAN_POINT('',(0.,5.9));
#5702 = CARTESIAN_POINT('',(2.,5.9));
#5703 = ( GEOMETRIC_REPRESENTATION_CONTEXT(2) 
PARAMETRIC_REPRESENTATION_CONTEXT() REPRESENTATION_CONTEXT('2D SPACE',''
  ) );
#5704 = ORIENTED_EDGE('',*,*,#5705,.F.);
#5705 = EDGE_CURVE('',#5706,#5685,#5708,.T.);
#5706 = VERTEX_POINT('',#5707);
#5707 = CARTESIAN_POINT('',(30.4,12.15,2.55));
#5708 = SURFACE_CURVE('',#5709,(#5713,#5719),.PCURVE_S1.);
#5709 = LINE('',#5710,#5711);
#5710 = CARTESIAN_POINT('',(30.4,-25.775,2.55));
#5711 = VECTOR('',#5712,1.);
#5712 = DIRECTION('',(0.,-1.,0.));
#5713 = PCURVE('',#1302,#5714);
#5714 = DEFINITIONAL_REPRESENTATION('',(#5715),#5718);
#5715 = B_SPLINE_CURVE_WITH_KNOTS('',1,(#5716,#5717),.UNSPECIFIED.,.F.,
  .F.,(2,2),(-37.925,-36.625),.PIECEWISE_BEZIER_KNOTS.);
#5716 = CARTESIAN_POINT('',(2.15,-74.55));
#5717 = CARTESIAN_POINT('',(2.15,-73.25));
#5718 = ( GEOMETRIC_REPRESENTATION_CONTEXT(2) 
PARAMETRIC_REPRESENTATION_CONTEXT() REPRESENTATION_CONTEXT('2D SPACE',''
  ) );
#5719 = PCURVE('',#5720,#5725);
#5720 = PLANE('',#5721);
#5721 = AXIS2_PLACEMENT_3D('',#5722,#5723,#5724);
#5722 = CARTESIAN_POINT('',(24.5,10.85,2.55));
#5723 = DIRECTION('',(0.,0.,1.));
#5724 = DIRECTION('',(1.,0.,0.));
#5725 = DEFINITIONAL_REPRESENTATION('',(#5726),#5729);
#5726 = B_SPLINE_CURVE_WITH_KNOTS('',1,(#5727,#5728),.UNSPECIFIED.,.F.,
  .F.,(2,2),(-37.925,-36.625),.PIECEWISE_BEZIER_KNOTS.);
#5727 = CARTESIAN_POINT('',(5.9,1.3));
#5728 = CARTESIAN_POINT('',(5.9,0.));
#5729 = ( GEOMETRIC_REPRESENTATION_CONTEXT(2) 
PARAMETRIC_REPRESENTATION_CONTEXT() REPRESENTATION_CONTEXT('2D SPACE',''
  ) );
#5730 = ORIENTED_EDGE('',*,*,#5731,.F.);
#5731 = EDGE_CURVE('',#3875,#5706,#5732,.T.);
#5732 = SURFACE_CURVE('',#5733,(#5737,#5743),.PCURVE_S1.);
#5733 = LINE('',#5734,#5735);
#5734 = CARTESIAN_POINT('',(30.4,12.15,0.475));
#5735 = VECTOR('',#5736,1.);
#5736 = DIRECTION('',(0.,0.,1.));
#5737 = PCURVE('',#1302,#5738);
#5738 = DEFINITIONAL_REPRESENTATION('',(#5739),#5742);
#5739 = B_SPLINE_CURVE_WITH_KNOTS('',1,(#5740,#5741),.UNSPECIFIED.,.F.,
  .F.,(2,2),(7.5E-02,2.075),.PIECEWISE_BEZIER_KNOTS.);
#5740 = CARTESIAN_POINT('',(0.15,-74.55));
#5741 = CARTESIAN_POINT('',(2.15,-74.55));
#5742 = ( GEOMETRIC_REPRESENTATION_CONTEXT(2) 
PARAMETRIC_REPRESENTATION_CONTEXT() REPRESENTATION_CONTEXT('2D SPACE',''
  ) );
#5743 = PCURVE('',#3912,#5744);
#5744 = DEFINITIONAL_REPRESENTATION('',(#5745),#5748);
#5745 = B_SPLINE_CURVE_WITH_KNOTS('',1,(#5746,#5747),.UNSPECIFIED.,.F.,
  .F.,(2,2),(7.5E-02,2.075),.PIECEWISE_BEZIER_KNOTS.);
#5746 = CARTESIAN_POINT('',(0.,5.9));
#5747 = CARTESIAN_POINT('',(2.,5.9));
#5748 = ( GEOMETRIC_REPRESENTATION_CONTEXT(2) 
PARAMETRIC_REPRESENTATION_CONTEXT() REPRESENTATION_CONTEXT('2D SPACE',''
  ) );
#5749 = ORIENTED_EDGE('',*,*,#3874,.T.);
#5750 = ORIENTED_EDGE('',*,*,#5751,.T.);
#5751 = EDGE_CURVE('',#3847,#5752,#5754,.T.);
#5752 = VERTEX_POINT('',#5753);
#5753 = CARTESIAN_POINT('',(30.4,57.85,2.55));
#5754 = SURFACE_CURVE('',#5755,(#5759,#5765),.PCURVE_S1.);
#5755 = LINE('',#5756,#5757);
#5756 = CARTESIAN_POINT('',(30.4,57.85,0.475));
#5757 = VECTOR('',#5758,1.);
#5758 = DIRECTION('',(0.,0.,1.));
#5759 = PCURVE('',#1302,#5760);
#5760 = DEFINITIONAL_REPRESENTATION('',(#5761),#5764);
#5761 = B_SPLINE_CURVE_WITH_KNOTS('',1,(#5762,#5763),.UNSPECIFIED.,.F.,
  .F.,(2,2),(7.5E-02,2.075),.PIECEWISE_BEZIER_KNOTS.);
#5762 = CARTESIAN_POINT('',(0.15,-120.25));
#5763 = CARTESIAN_POINT('',(2.15,-120.25));
#5764 = ( GEOMETRIC_REPRESENTATION_CONTEXT(2) 
PARAMETRIC_REPRESENTATION_CONTEXT() REPRESENTATION_CONTEXT('2D SPACE',''
  ) );
#5765 = PCURVE('',#3862,#5766);
#5766 = DEFINITIONAL_REPRESENTATION('',(#5767),#5770);
#5767 = B_SPLINE_CURVE_WITH_KNOTS('',1,(#5768,#5769),.UNSPECIFIED.,.F.,
  .F.,(2,2),(7.5E-02,2.075),.PIECEWISE_BEZIER_KNOTS.);
#5768 = CARTESIAN_POINT('',(0.,5.9));
#5769 = CARTESIAN_POINT('',(2.,5.9));
#5770 = ( GEOMETRIC_REPRESENTATION_CONTEXT(2) 
PARAMETRIC_REPRESENTATION_CONTEXT() REPRESENTATION_CONTEXT('2D SPACE',''
  ) );
#5771 = ORIENTED_EDGE('',*,*,#5772,.F.);
#5772 = EDGE_CURVE('',#5773,#5752,#5775,.T.);
#5773 = VERTEX_POINT('',#5774);
#5774 = CARTESIAN_POINT('',(30.4,58.,2.55));
#5775 = SURFACE_CURVE('',#5776,(#5780,#5786),.PCURVE_S1.);
#5776 = LINE('',#5777,#5778);
#5777 = CARTESIAN_POINT('',(30.4,-2.275,2.55));
#5778 = VECTOR('',#5779,1.);
#5779 = DIRECTION('',(0.,-1.,0.));
#5780 = PCURVE('',#1302,#5781);
#5781 = DEFINITIONAL_REPRESENTATION('',(#5782),#5785);
#5782 = B_SPLINE_CURVE_WITH_KNOTS('',1,(#5783,#5784),.UNSPECIFIED.,.F.,
  .F.,(2,2),(-60.275,-60.125),.PIECEWISE_BEZIER_KNOTS.);
#5783 = CARTESIAN_POINT('',(2.15,-120.4));
#5784 = CARTESIAN_POINT('',(2.15,-120.25));
#5785 = ( GEOMETRIC_REPRESENTATION_CONTEXT(2) 
PARAMETRIC_REPRESENTATION_CONTEXT() REPRESENTATION_CONTEXT('2D SPACE',''
  ) );
#5786 = PCURVE('',#5787,#5792);
#5787 = PLANE('',#5788);
#5788 = AXIS2_PLACEMENT_3D('',#5789,#5790,#5791);
#5789 = CARTESIAN_POINT('',(24.5,57.85,2.55));
#5790 = DIRECTION('',(0.,0.,1.));
#5791 = DIRECTION('',(1.,0.,0.));
#5792 = DEFINITIONAL_REPRESENTATION('',(#5793),#5796);
#5793 = B_SPLINE_CURVE_WITH_KNOTS('',1,(#5794,#5795),.UNSPECIFIED.,.F.,
  .F.,(2,2),(-60.275,-60.125),.PIECEWISE_BEZIER_KNOTS.);
#5794 = CARTESIAN_POINT('',(5.9,0.15));
#5795 = CARTESIAN_POINT('',(5.9,0.));
#5796 = ( GEOMETRIC_REPRESENTATION_CONTEXT(2) 
PARAMETRIC_REPRESENTATION_CONTEXT() REPRESENTATION_CONTEXT('2D SPACE',''
  ) );
#5797 = ORIENTED_EDGE('',*,*,#5798,.T.);
#5798 = EDGE_CURVE('',#5773,#1258,#5799,.T.);
#5799 = SURFACE_CURVE('',#5800,(#5804,#5811),.PCURVE_S1.);
#5800 = LINE('',#5801,#5802);
#5801 = CARTESIAN_POINT('',(30.4,58.,0.4));
#5802 = VECTOR('',#5803,1.);
#5803 = DIRECTION('',(0.,0.,1.));
#5804 = PCURVE('',#1302,#5805);
#5805 = DEFINITIONAL_REPRESENTATION('',(#5806),#5810);
#5806 = LINE('',#5807,#5808);
#5807 = CARTESIAN_POINT('',(0.,-120.4));
#5808 = VECTOR('',#5809,1.);
#5809 = DIRECTION('',(1.,0.));
#5810 = ( GEOMETRIC_REPRESENTATION_CONTEXT(2) 
PARAMETRIC_REPRESENTATION_CONTEXT() REPRESENTATION_CONTEXT('2D SPACE',''
  ) );
#5811 = PCURVE('',#1274,#5812);
#5812 = DEFINITIONAL_REPRESENTATION('',(#5813),#5817);
#5813 = LINE('',#5814,#5815);
#5814 = CARTESIAN_POINT('',(0.,0.));
#5815 = VECTOR('',#5816,1.);
#5816 = DIRECTION('',(0.,1.));
#5817 = ( GEOMETRIC_REPRESENTATION_CONTEXT(2) 
PARAMETRIC_REPRESENTATION_CONTEXT() REPRESENTATION_CONTEXT('2D SPACE',''
  ) );
#5818 = FACE_BOUND('',#5819,.F.);
#5819 = EDGE_LOOP('',(#5820,#5848,#5874,#5900));
#5820 = ORIENTED_EDGE('',*,*,#5821,.T.);
#5821 = EDGE_CURVE('',#5822,#5824,#5826,.T.);
#5822 = VERTEX_POINT('',#5823);
#5823 = CARTESIAN_POINT('',(30.4,53.,2.3));
#5824 = VERTEX_POINT('',#5825);
#5825 = CARTESIAN_POINT('',(30.4,25.,2.3));
#5826 = SURFACE_CURVE('',#5827,(#5831,#5837),.PCURVE_S1.);
#5827 = LINE('',#5828,#5829);
#5828 = CARTESIAN_POINT('',(30.4,-18.7,2.3));
#5829 = VECTOR('',#5830,1.);
#5830 = DIRECTION('',(0.,-1.,0.));
#5831 = PCURVE('',#1302,#5832);
#5832 = DEFINITIONAL_REPRESENTATION('',(#5833),#5836);
#5833 = B_SPLINE_CURVE_WITH_KNOTS('',1,(#5834,#5835),.UNSPECIFIED.,.F.,
  .F.,(2,2),(-71.7,-43.7),.PIECEWISE_BEZIER_KNOTS.);
#5834 = CARTESIAN_POINT('',(1.9,-115.4));
#5835 = CARTESIAN_POINT('',(1.9,-87.4));
#5836 = ( GEOMETRIC_REPRESENTATION_CONTEXT(2) 
PARAMETRIC_REPRESENTATION_CONTEXT() REPRESENTATION_CONTEXT('2D SPACE',''
  ) );
#5837 = PCURVE('',#5838,#5843);
#5838 = PLANE('',#5839);
#5839 = AXIS2_PLACEMENT_3D('',#5840,#5841,#5842);
#5840 = CARTESIAN_POINT('',(30.,25.,2.3));
#5841 = DIRECTION('',(0.,0.,1.));
#5842 = DIRECTION('',(1.,0.,0.));
#5843 = DEFINITIONAL_REPRESENTATION('',(#5844),#5847);
#5844 = B_SPLINE_CURVE_WITH_KNOTS('',1,(#5845,#5846),.UNSPECIFIED.,.F.,
  .F.,(2,2),(-71.7,-43.7),.PIECEWISE_BEZIER_KNOTS.);
#5845 = CARTESIAN_POINT('',(0.4,28.));
#5846 = CARTESIAN_POINT('',(0.4,0.));
#5847 = ( GEOMETRIC_REPRESENTATION_CONTEXT(2) 
PARAMETRIC_REPRESENTATION_CONTEXT() REPRESENTATION_CONTEXT('2D SPACE',''
  ) );
#5848 = ORIENTED_EDGE('',*,*,#5849,.T.);
#5849 = EDGE_CURVE('',#5824,#5850,#5852,.T.);
#5850 = VERTEX_POINT('',#5851);
#5851 = CARTESIAN_POINT('',(30.4,25.,5.8));
#5852 = SURFACE_CURVE('',#5853,(#5857,#5863),.PCURVE_S1.);
#5853 = LINE('',#5854,#5855);
#5854 = CARTESIAN_POINT('',(30.4,25.,1.35));
#5855 = VECTOR('',#5856,1.);
#5856 = DIRECTION('',(0.,0.,1.));
#5857 = PCURVE('',#1302,#5858);
#5858 = DEFINITIONAL_REPRESENTATION('',(#5859),#5862);
#5859 = B_SPLINE_CURVE_WITH_KNOTS('',1,(#5860,#5861),.UNSPECIFIED.,.F.,
  .F.,(2,2),(0.95,4.45),.PIECEWISE_BEZIER_KNOTS.);
#5860 = CARTESIAN_POINT('',(1.9,-87.4));
#5861 = CARTESIAN_POINT('',(5.4,-87.4));
#5862 = ( GEOMETRIC_REPRESENTATION_CONTEXT(2) 
PARAMETRIC_REPRESENTATION_CONTEXT() REPRESENTATION_CONTEXT('2D SPACE',''
  ) );
#5863 = PCURVE('',#5864,#5869);
#5864 = PLANE('',#5865);
#5865 = AXIS2_PLACEMENT_3D('',#5866,#5867,#5868);
#5866 = CARTESIAN_POINT('',(30.,25.,2.3));
#5867 = DIRECTION('',(0.,1.,0.));
#5868 = DIRECTION('',(0.,0.,1.));
#5869 = DEFINITIONAL_REPRESENTATION('',(#5870),#5873);
#5870 = B_SPLINE_CURVE_WITH_KNOTS('',1,(#5871,#5872),.UNSPECIFIED.,.F.,
  .F.,(2,2),(0.95,4.45),.PIECEWISE_BEZIER_KNOTS.);
#5871 = CARTESIAN_POINT('',(0.,0.4));
#5872 = CARTESIAN_POINT('',(3.5,0.4));
#5873 = ( GEOMETRIC_REPRESENTATION_CONTEXT(2) 
PARAMETRIC_REPRESENTATION_CONTEXT() REPRESENTATION_CONTEXT('2D SPACE',''
  ) );
#5874 = ORIENTED_EDGE('',*,*,#5875,.F.);
#5875 = EDGE_CURVE('',#5876,#5850,#5878,.T.);
#5876 = VERTEX_POINT('',#5877);
#5877 = CARTESIAN_POINT('',(30.4,53.,5.8));
#5878 = SURFACE_CURVE('',#5879,(#5883,#5889),.PCURVE_S1.);
#5879 = LINE('',#5880,#5881);
#5880 = CARTESIAN_POINT('',(30.4,-18.7,5.8));
#5881 = VECTOR('',#5882,1.);
#5882 = DIRECTION('',(0.,-1.,0.));
#5883 = PCURVE('',#1302,#5884);
#5884 = DEFINITIONAL_REPRESENTATION('',(#5885),#5888);
#5885 = B_SPLINE_CURVE_WITH_KNOTS('',1,(#5886,#5887),.UNSPECIFIED.,.F.,
  .F.,(2,2),(-71.7,-43.7),.PIECEWISE_BEZIER_KNOTS.);
#5886 = CARTESIAN_POINT('',(5.4,-115.4));
#5887 = CARTESIAN_POINT('',(5.4,-87.4));
#5888 = ( GEOMETRIC_REPRESENTATION_CONTEXT(2) 
PARAMETRIC_REPRESENTATION_CONTEXT() REPRESENTATION_CONTEXT('2D SPACE',''
  ) );
#5889 = PCURVE('',#5890,#5895);
#5890 = PLANE('',#5891);
#5891 = AXIS2_PLACEMENT_3D('',#5892,#5893,#5894);
#5892 = CARTESIAN_POINT('',(30.,25.,5.8));
#5893 = DIRECTION('',(0.,0.,1.));
#5894 = DIRECTION('',(1.,0.,0.));
#5895 = DEFINITIONAL_REPRESENTATION('',(#5896),#5899);
#5896 = B_SPLINE_CURVE_WITH_KNOTS('',1,(#5897,#5898),.UNSPECIFIED.,.F.,
  .F.,(2,2),(-71.7,-43.7),.PIECEWISE_BEZIER_KNOTS.);
#5897 = CARTESIAN_POINT('',(0.4,28.));
#5898 = CARTESIAN_POINT('',(0.4,0.));
#5899 = ( GEOMETRIC_REPRESENTATION_CONTEXT(2) 
PARAMETRIC_REPRESENTATION_CONTEXT() REPRESENTATION_CONTEXT('2D SPACE',''
  ) );
#5900 = ORIENTED_EDGE('',*,*,#5901,.F.);
#5901 = EDGE_CURVE('',#5822,#5876,#5902,.T.);
#5902 = SURFACE_CURVE('',#5903,(#5907,#5913),.PCURVE_S1.);
#5903 = LINE('',#5904,#5905);
#5904 = CARTESIAN_POINT('',(30.4,53.,1.35));
#5905 = VECTOR('',#5906,1.);
#5906 = DIRECTION('',(0.,0.,1.));
#5907 = PCURVE('',#1302,#5908);
#5908 = DEFINITIONAL_REPRESENTATION('',(#5909),#5912);
#5909 = B_SPLINE_CURVE_WITH_KNOTS('',1,(#5910,#5911),.UNSPECIFIED.,.F.,
  .F.,(2,2),(0.95,4.45),.PIECEWISE_BEZIER_KNOTS.);
#5910 = CARTESIAN_POINT('',(1.9,-115.4));
#5911 = CARTESIAN_POINT('',(5.4,-115.4));
#5912 = ( GEOMETRIC_REPRESENTATION_CONTEXT(2) 
PARAMETRIC_REPRESENTATION_CONTEXT() REPRESENTATION_CONTEXT('2D SPACE',''
  ) );
#5913 = PCURVE('',#5914,#5919);
#5914 = PLANE('',#5915);
#5915 = AXIS2_PLACEMENT_3D('',#5916,#5917,#5918);
#5916 = CARTESIAN_POINT('',(30.,53.,2.3));
#5917 = DIRECTION('',(0.,1.,0.));
#5918 = DIRECTION('',(0.,0.,1.));
#5919 = DEFINITIONAL_REPRESENTATION('',(#5920),#5923);
#5920 = B_SPLINE_CURVE_WITH_KNOTS('',1,(#5921,#5922),.UNSPECIFIED.,.F.,
  .F.,(2,2),(0.95,4.45),.PIECEWISE_BEZIER_KNOTS.);
#5921 = CARTESIAN_POINT('',(0.,0.4));
#5922 = CARTESIAN_POINT('',(3.5,0.4));
#5923 = ( GEOMETRIC_REPRESENTATION_CONTEXT(2) 
PARAMETRIC_REPRESENTATION_CONTEXT() REPRESENTATION_CONTEXT('2D SPACE',''
  ) );
#5924 = ADVANCED_FACE('',(#5925),#1274,.F.);
#5925 = FACE_BOUND('',#5926,.F.);
#5926 = EDGE_LOOP('',(#5927,#5928,#5952,#5971,#5972,#5991));
#5927 = ORIENTED_EDGE('',*,*,#5798,.F.);
#5928 = ORIENTED_EDGE('',*,*,#5929,.T.);
#5929 = EDGE_CURVE('',#5773,#5930,#5932,.T.);
#5930 = VERTEX_POINT('',#5931);
#5931 = CARTESIAN_POINT('',(30.247057805116,59.15,2.55));
#5932 = SURFACE_CURVE('',#5933,(#5938,#5945),.PCURVE_S1.);
#5933 = CIRCLE('',#5934,4.4);
#5934 = AXIS2_PLACEMENT_3D('',#5935,#5936,#5937);
#5935 = CARTESIAN_POINT('',(26.,58.,2.55));
#5936 = DIRECTION('',(0.,0.,1.));
#5937 = DIRECTION('',(1.,0.,-0.));
#5938 = PCURVE('',#1274,#5939);
#5939 = DEFINITIONAL_REPRESENTATION('',(#5940),#5944);
#5940 = LINE('',#5941,#5942);
#5941 = CARTESIAN_POINT('',(0.,2.15));
#5942 = VECTOR('',#5943,1.);
#5943 = DIRECTION('',(1.,0.));
#5944 = ( GEOMETRIC_REPRESENTATION_CONTEXT(2) 
PARAMETRIC_REPRESENTATION_CONTEXT() REPRESENTATION_CONTEXT('2D SPACE',''
  ) );
#5945 = PCURVE('',#5787,#5946);
#5946 = DEFINITIONAL_REPRESENTATION('',(#5947),#5951);
#5947 = CIRCLE('',#5948,4.4);
#5948 = AXIS2_PLACEMENT_2D('',#5949,#5950);
#5949 = CARTESIAN_POINT('',(1.5,0.15));
#5950 = DIRECTION('',(1.,0.));
#5951 = ( GEOMETRIC_REPRESENTATION_CONTEXT(2) 
PARAMETRIC_REPRESENTATION_CONTEXT() REPRESENTATION_CONTEXT('2D SPACE',''
  ) );
#5952 = ORIENTED_EDGE('',*,*,#5953,.F.);
#5953 = EDGE_CURVE('',#4180,#5930,#5954,.T.);
#5954 = SURFACE_CURVE('',#5955,(#5959,#5965),.PCURVE_S1.);
#5955 = LINE('',#5956,#5957);
#5956 = CARTESIAN_POINT('',(30.247057805116,59.15,0.4));
#5957 = VECTOR('',#5958,1.);
#5958 = DIRECTION('',(0.,0.,1.));
#5959 = PCURVE('',#1274,#5960);
#5960 = DEFINITIONAL_REPRESENTATION('',(#5961),#5964);
#5961 = B_SPLINE_CURVE_WITH_KNOTS('',1,(#5962,#5963),.UNSPECIFIED.,.F.,
  .F.,(2,2),(0.1499994,2.35),.PIECEWISE_BEZIER_KNOTS.);
#5962 = CARTESIAN_POINT('',(0.26443467599,0.1499994));
#5963 = CARTESIAN_POINT('',(0.26443467599,2.35));
#5964 = ( GEOMETRIC_REPRESENTATION_CONTEXT(2) 
PARAMETRIC_REPRESENTATION_CONTEXT() REPRESENTATION_CONTEXT('2D SPACE',''
  ) );
#5965 = PCURVE('',#4221,#5966);
#5966 = DEFINITIONAL_REPRESENTATION('',(#5967),#5970);
#5967 = B_SPLINE_CURVE_WITH_KNOTS('',1,(#5968,#5969),.UNSPECIFIED.,.F.,
  .F.,(2,2),(0.1499994,2.35),.PIECEWISE_BEZIER_KNOTS.);
#5968 = CARTESIAN_POINT('',(-6.000000000173E-07,5.747057805116));
#5969 = CARTESIAN_POINT('',(2.2,5.747057805116));
#5970 = ( GEOMETRIC_REPRESENTATION_CONTEXT(2) 
PARAMETRIC_REPRESENTATION_CONTEXT() REPRESENTATION_CONTEXT('2D SPACE',''
  ) );
#5971 = ORIENTED_EDGE('',*,*,#4179,.T.);
#5972 = ORIENTED_EDGE('',*,*,#5973,.T.);
#5973 = EDGE_CURVE('',#4182,#1229,#5974,.T.);
#5974 = SURFACE_CURVE('',#5975,(#5979,#5985),.PCURVE_S1.);
#5975 = LINE('',#5976,#5977);
#5976 = CARTESIAN_POINT('',(26.793247259069,62.327904664613,0.4));
#5977 = VECTOR('',#5978,1.);
#5978 = DIRECTION('',(0.,0.,1.));
#5979 = PCURVE('',#1274,#5980);
#5980 = DEFINITIONAL_REPRESENTATION('',(#5981),#5984);
#5981 = B_SPLINE_CURVE_WITH_KNOTS('',1,(#5982,#5983),.UNSPECIFIED.,.F.,
  .F.,(2,2),(0.1499994,7.3500006),.PIECEWISE_BEZIER_KNOTS.);
#5982 = CARTESIAN_POINT('',(1.389521693104,0.1499994));
#5983 = CARTESIAN_POINT('',(1.389521693104,7.3500006));
#5984 = ( GEOMETRIC_REPRESENTATION_CONTEXT(2) 
PARAMETRIC_REPRESENTATION_CONTEXT() REPRESENTATION_CONTEXT('2D SPACE',''
  ) );
#5985 = PCURVE('',#1245,#5986);
#5986 = DEFINITIONAL_REPRESENTATION('',(#5987),#5990);
#5987 = B_SPLINE_CURVE_WITH_KNOTS('',1,(#5988,#5989),.UNSPECIFIED.,.F.,
  .F.,(2,2),(0.15,7.35),.PIECEWISE_BEZIER_KNOTS.);
#5988 = CARTESIAN_POINT('',(-6.619993321841,0.));
#5989 = CARTESIAN_POINT('',(-6.619993321841,-7.2));
#5990 = ( GEOMETRIC_REPRESENTATION_CONTEXT(2) 
PARAMETRIC_REPRESENTATION_CONTEXT() REPRESENTATION_CONTEXT('2D SPACE',''
  ) );
#5991 = ORIENTED_EDGE('',*,*,#1257,.F.);
#5992 = ADVANCED_FACE('',(#5993),#1245,.T.);
#5993 = FACE_BOUND('',#5994,.F.);
#5994 = EDGE_LOOP('',(#5995,#5996,#5997,#6018,#6051,#6070,#6071,#6090));
#5995 = ORIENTED_EDGE('',*,*,#5973,.F.);
#5996 = ORIENTED_EDGE('',*,*,#4261,.T.);
#5997 = ORIENTED_EDGE('',*,*,#5998,.F.);
#5998 = EDGE_CURVE('',#5999,#4234,#6001,.T.);
#5999 = VERTEX_POINT('',#6000);
#6000 = CARTESIAN_POINT('',(25.823008961069,59.9875,4.35));
#6001 = SURFACE_CURVE('',#6002,(#6006,#6012),.PCURVE_S1.);
#6002 = LINE('',#6003,#6004);
#6003 = CARTESIAN_POINT('',(25.823008961069,59.9875,0.55));
#6004 = VECTOR('',#6005,1.);
#6005 = DIRECTION('',(-0.,-0.,-1.));
#6006 = PCURVE('',#1245,#6007);
#6007 = DEFINITIONAL_REPRESENTATION('',(#6008),#6011);
#6008 = B_SPLINE_CURVE_WITH_KNOTS('',1,(#6009,#6010),.UNSPECIFIED.,.F.,
  .F.,(2,2),(-3.8000006,6.000000000173E-07),.PIECEWISE_BEZIER_KNOTS.);
#6009 = CARTESIAN_POINT('',(-5.16038769328,-3.8000006));
#6010 = CARTESIAN_POINT('',(-5.16038769328,6.000000000173E-07));
#6011 = ( GEOMETRIC_REPRESENTATION_CONTEXT(2) 
PARAMETRIC_REPRESENTATION_CONTEXT() REPRESENTATION_CONTEXT('2D SPACE',''
  ) );
#6012 = PCURVE('',#3834,#6013);
#6013 = DEFINITIONAL_REPRESENTATION('',(#6014),#6017);
#6014 = B_SPLINE_CURVE_WITH_KNOTS('',1,(#6015,#6016),.UNSPECIFIED.,.F.,
  .F.,(2,2),(-3.8,0.),.PIECEWISE_BEZIER_KNOTS.);
#6015 = CARTESIAN_POINT('',(-7.34862112369,-3.8));
#6016 = CARTESIAN_POINT('',(-7.34862112369,0.));
#6017 = ( GEOMETRIC_REPRESENTATION_CONTEXT(2) 
PARAMETRIC_REPRESENTATION_CONTEXT() REPRESENTATION_CONTEXT('2D SPACE',''
  ) );
#6018 = ORIENTED_EDGE('',*,*,#6019,.T.);
#6019 = EDGE_CURVE('',#5999,#6020,#6022,.T.);
#6020 = VERTEX_POINT('',#6021);
#6021 = CARTESIAN_POINT('',(24.176991038931,59.9875,4.35));
#6022 = SURFACE_CURVE('',#6023,(#6028,#6035),.PCURVE_S1.);
#6023 = CIRCLE('',#6024,1.9);
#6024 = AXIS2_PLACEMENT_3D('',#6025,#6026,#6027);
#6025 = CARTESIAN_POINT('',(25.,61.7,4.35));
#6026 = DIRECTION('',(0.,0.,-1.));
#6027 = DIRECTION('',(1.,0.,0.));
#6028 = PCURVE('',#1245,#6029);
#6029 = DEFINITIONAL_REPRESENTATION('',(#6030),#6034);
#6030 = LINE('',#6031,#6032);
#6031 = CARTESIAN_POINT('',(-6.28318530718,-3.8));
#6032 = VECTOR('',#6033,1.);
#6033 = DIRECTION('',(1.,-0.));
#6034 = ( GEOMETRIC_REPRESENTATION_CONTEXT(2) 
PARAMETRIC_REPRESENTATION_CONTEXT() REPRESENTATION_CONTEXT('2D SPACE',''
  ) );
#6035 = PCURVE('',#6036,#6041);
#6036 = PLANE('',#6037);
#6037 = AXIS2_PLACEMENT_3D('',#6038,#6039,#6040);
#6038 = CARTESIAN_POINT('',(25.,58.5,4.35));
#6039 = DIRECTION('',(0.,0.,1.));
#6040 = DIRECTION('',(1.,0.,-0.));
#6041 = DEFINITIONAL_REPRESENTATION('',(#6042),#6050);
#6042 = ( BOUNDED_CURVE() B_SPLINE_CURVE(2,(#6043,#6044,#6045,#6046,
#6047,#6048,#6049),.UNSPECIFIED.,.T.,.F.) B_SPLINE_CURVE_WITH_KNOTS((1,2
    ,2,2,2,1),(-2.094395102393,0.,2.094395102393,4.188790204786,
6.28318530718,8.377580409573),.UNSPECIFIED.) CURVE() 
GEOMETRIC_REPRESENTATION_ITEM() RATIONAL_B_SPLINE_CURVE((1.,0.5,1.,0.5,
1.,0.5,1.)) REPRESENTATION_ITEM('') );
#6043 = CARTESIAN_POINT('',(1.9,3.2));
#6044 = CARTESIAN_POINT('',(1.9,-9.089653438086E-02));
#6045 = CARTESIAN_POINT('',(-0.95,1.55455173281));
#6046 = CARTESIAN_POINT('',(-3.8,3.2));
#6047 = CARTESIAN_POINT('',(-0.95,4.84544826719));
#6048 = CARTESIAN_POINT('',(1.9,6.490896534381));
#6049 = CARTESIAN_POINT('',(1.9,3.2));
#6050 = ( GEOMETRIC_REPRESENTATION_CONTEXT(2) 
PARAMETRIC_REPRESENTATION_CONTEXT() REPRESENTATION_CONTEXT('2D SPACE',''
  ) );
#6051 = ORIENTED_EDGE('',*,*,#6052,.T.);
#6052 = EDGE_CURVE('',#6020,#3786,#6053,.T.);
#6053 = SURFACE_CURVE('',#6054,(#6058,#6064),.PCURVE_S1.);
#6054 = LINE('',#6055,#6056);
#6055 = CARTESIAN_POINT('',(24.176991038931,59.9875,0.55));
#6056 = VECTOR('',#6057,1.);
#6057 = DIRECTION('',(-0.,-0.,-1.));
#6058 = PCURVE('',#1245,#6059);
#6059 = DEFINITIONAL_REPRESENTATION('',(#6060),#6063);
#6060 = B_SPLINE_CURVE_WITH_KNOTS('',1,(#6061,#6062),.UNSPECIFIED.,.F.,
  .F.,(2,2),(-3.8000006,6.000000000173E-07),.PIECEWISE_BEZIER_KNOTS.);
#6061 = CARTESIAN_POINT('',(-4.264390267489,-3.8000006));
#6062 = CARTESIAN_POINT('',(-4.264390267489,6.000000000173E-07));
#6063 = ( GEOMETRIC_REPRESENTATION_CONTEXT(2) 
PARAMETRIC_REPRESENTATION_CONTEXT() REPRESENTATION_CONTEXT('2D SPACE',''
  ) );
#6064 = PCURVE('',#3834,#6065);
#6065 = DEFINITIONAL_REPRESENTATION('',(#6066),#6069);
#6066 = B_SPLINE_CURVE_WITH_KNOTS('',1,(#6067,#6068),.UNSPECIFIED.,.F.,
  .F.,(2,2),(-3.8,-0.),.PIECEWISE_BEZIER_KNOTS.);
#6067 = CARTESIAN_POINT('',(-2.076156837079,-3.8));
#6068 = CARTESIAN_POINT('',(-2.076156837079,0.));
#6069 = ( GEOMETRIC_REPRESENTATION_CONTEXT(2) 
PARAMETRIC_REPRESENTATION_CONTEXT() REPRESENTATION_CONTEXT('2D SPACE',''
  ) );
#6070 = ORIENTED_EDGE('',*,*,#3785,.T.);
#6071 = ORIENTED_EDGE('',*,*,#6072,.F.);
#6072 = EDGE_CURVE('',#1202,#3764,#6073,.T.);
#6073 = SURFACE_CURVE('',#6074,(#6078,#6084),.PCURVE_S1.);
#6074 = LINE('',#6075,#6076);
#6075 = CARTESIAN_POINT('',(23.233647826734,62.4,0.55));
#6076 = VECTOR('',#6077,1.);
#6077 = DIRECTION('',(-0.,-0.,-1.));
#6078 = PCURVE('',#1245,#6079);
#6079 = DEFINITIONAL_REPRESENTATION('',(#6080),#6083);
#6080 = B_SPLINE_CURVE_WITH_KNOTS('',1,(#6081,#6082),.UNSPECIFIED.,.F.,
  .F.,(2,2),(-7.2,0.),.PIECEWISE_BEZIER_KNOTS.);
#6081 = CARTESIAN_POINT('',(-2.76428262123,-7.2));
#6082 = CARTESIAN_POINT('',(-2.76428262123,0.));
#6083 = ( GEOMETRIC_REPRESENTATION_CONTEXT(2) 
PARAMETRIC_REPRESENTATION_CONTEXT() REPRESENTATION_CONTEXT('2D SPACE',''
  ) );
#6084 = PCURVE('',#1217,#6085);
#6085 = DEFINITIONAL_REPRESENTATION('',(#6086),#6089);
#6086 = B_SPLINE_CURVE_WITH_KNOTS('',1,(#6087,#6088),.UNSPECIFIED.,.F.,
  .F.,(2,2),(-7.2000006,6.000000000173E-07),.PIECEWISE_BEZIER_KNOTS.);
#6087 = CARTESIAN_POINT('',(7.3500006,53.633647826734));
#6088 = CARTESIAN_POINT('',(0.1499994,53.633647826734));
#6089 = ( GEOMETRIC_REPRESENTATION_CONTEXT(2) 
PARAMETRIC_REPRESENTATION_CONTEXT() REPRESENTATION_CONTEXT('2D SPACE',''
  ) );
#6090 = ORIENTED_EDGE('',*,*,#1228,.T.);
#6091 = ADVANCED_FACE('',(#6092),#1217,.F.);
#6092 = FACE_BOUND('',#6093,.F.);
#6093 = EDGE_LOOP('',(#6094,#6095,#6096,#6115));
#6094 = ORIENTED_EDGE('',*,*,#6072,.T.);
#6095 = ORIENTED_EDGE('',*,*,#3763,.T.);
#6096 = ORIENTED_EDGE('',*,*,#6097,.F.);
#6097 = EDGE_CURVE('',#1173,#3736,#6098,.T.);
#6098 = SURFACE_CURVE('',#6099,(#6103,#6109),.PCURVE_S1.);
#6099 = LINE('',#6100,#6101);
#6100 = CARTESIAN_POINT('',(-23.23364782673,62.4,0.55));
#6101 = VECTOR('',#6102,1.);
#6102 = DIRECTION('',(-0.,-0.,-1.));
#6103 = PCURVE('',#1217,#6104);
#6104 = DEFINITIONAL_REPRESENTATION('',(#6105),#6108);
#6105 = B_SPLINE_CURVE_WITH_KNOTS('',1,(#6106,#6107),.UNSPECIFIED.,.F.,
  .F.,(2,2),(-7.2000006,6.000000000173E-07),.PIECEWISE_BEZIER_KNOTS.);
#6106 = CARTESIAN_POINT('',(7.3500006,7.166352173266));
#6107 = CARTESIAN_POINT('',(0.1499994,7.166352173266));
#6108 = ( GEOMETRIC_REPRESENTATION_CONTEXT(2) 
PARAMETRIC_REPRESENTATION_CONTEXT() REPRESENTATION_CONTEXT('2D SPACE',''
  ) );
#6109 = PCURVE('',#1189,#6110);
#6110 = DEFINITIONAL_REPRESENTATION('',(#6111),#6114);
#6111 = B_SPLINE_CURVE_WITH_KNOTS('',1,(#6112,#6113),.UNSPECIFIED.,.F.,
  .F.,(2,2),(-7.2,0.),.PIECEWISE_BEZIER_KNOTS.);
#6112 = CARTESIAN_POINT('',(-6.660495339539,-7.2));
#6113 = CARTESIAN_POINT('',(-6.660495339539,0.));
#6114 = ( GEOMETRIC_REPRESENTATION_CONTEXT(2) 
PARAMETRIC_REPRESENTATION_CONTEXT() REPRESENTATION_CONTEXT('2D SPACE',''
  ) );
#6115 = ORIENTED_EDGE('',*,*,#1201,.F.);
#6116 = ADVANCED_FACE('',(#6117),#1189,.T.);
#6117 = FACE_BOUND('',#6118,.F.);
#6118 = EDGE_LOOP('',(#6119,#6120,#6121,#6142,#6175,#6194,#6195,#6214));
#6119 = ORIENTED_EDGE('',*,*,#6097,.T.);
#6120 = ORIENTED_EDGE('',*,*,#3735,.T.);
#6121 = ORIENTED_EDGE('',*,*,#6122,.F.);
#6122 = EDGE_CURVE('',#6123,#3708,#6125,.T.);
#6123 = VERTEX_POINT('',#6124);
#6124 = CARTESIAN_POINT('',(-24.17699103893,59.9875,4.35));
#6125 = SURFACE_CURVE('',#6126,(#6130,#6136),.PCURVE_S1.);
#6126 = LINE('',#6127,#6128);
#6127 = CARTESIAN_POINT('',(-24.17699103893,59.9875,0.55));
#6128 = VECTOR('',#6129,1.);
#6129 = DIRECTION('',(-0.,-0.,-1.));
#6130 = PCURVE('',#1189,#6131);
#6131 = DEFINITIONAL_REPRESENTATION('',(#6132),#6135);
#6132 = B_SPLINE_CURVE_WITH_KNOTS('',1,(#6133,#6134),.UNSPECIFIED.,.F.,
  .F.,(2,2),(-3.8000006,6.000000000173E-07),.PIECEWISE_BEZIER_KNOTS.);
#6133 = CARTESIAN_POINT('',(-5.16038769328,-3.8000006));
#6134 = CARTESIAN_POINT('',(-5.16038769328,6.000000000173E-07));
#6135 = ( GEOMETRIC_REPRESENTATION_CONTEXT(2) 
PARAMETRIC_REPRESENTATION_CONTEXT() REPRESENTATION_CONTEXT('2D SPACE',''
  ) );
#6136 = PCURVE('',#3219,#6137);
#6137 = DEFINITIONAL_REPRESENTATION('',(#6138),#6141);
#6138 = B_SPLINE_CURVE_WITH_KNOTS('',1,(#6139,#6140),.UNSPECIFIED.,.F.,
  .F.,(2,2),(-3.8,0.),.PIECEWISE_BEZIER_KNOTS.);
#6139 = CARTESIAN_POINT('',(-7.34862112369,-3.8));
#6140 = CARTESIAN_POINT('',(-7.34862112369,0.));
#6141 = ( GEOMETRIC_REPRESENTATION_CONTEXT(2) 
PARAMETRIC_REPRESENTATION_CONTEXT() REPRESENTATION_CONTEXT('2D SPACE',''
  ) );
#6142 = ORIENTED_EDGE('',*,*,#6143,.T.);
#6143 = EDGE_CURVE('',#6123,#6144,#6146,.T.);
#6144 = VERTEX_POINT('',#6145);
#6145 = CARTESIAN_POINT('',(-25.82300896106,59.9875,4.35));
#6146 = SURFACE_CURVE('',#6147,(#6152,#6159),.PCURVE_S1.);
#6147 = CIRCLE('',#6148,1.9);
#6148 = AXIS2_PLACEMENT_3D('',#6149,#6150,#6151);
#6149 = CARTESIAN_POINT('',(-25.,61.7,4.35));
#6150 = DIRECTION('',(0.,0.,-1.));
#6151 = DIRECTION('',(1.,0.,0.));
#6152 = PCURVE('',#1189,#6153);
#6153 = DEFINITIONAL_REPRESENTATION('',(#6154),#6158);
#6154 = LINE('',#6155,#6156);
#6155 = CARTESIAN_POINT('',(-6.28318530718,-3.8));
#6156 = VECTOR('',#6157,1.);
#6157 = DIRECTION('',(1.,-0.));
#6158 = ( GEOMETRIC_REPRESENTATION_CONTEXT(2) 
PARAMETRIC_REPRESENTATION_CONTEXT() REPRESENTATION_CONTEXT('2D SPACE',''
  ) );
#6159 = PCURVE('',#6160,#6165);
#6160 = PLANE('',#6161);
#6161 = AXIS2_PLACEMENT_3D('',#6162,#6163,#6164);
#6162 = CARTESIAN_POINT('',(-25.,58.5,4.35));
#6163 = DIRECTION('',(0.,0.,1.));
#6164 = DIRECTION('',(1.,0.,-0.));
#6165 = DEFINITIONAL_REPRESENTATION('',(#6166),#6174);
#6166 = ( BOUNDED_CURVE() B_SPLINE_CURVE(2,(#6167,#6168,#6169,#6170,
#6171,#6172,#6173),.UNSPECIFIED.,.T.,.F.) B_SPLINE_CURVE_WITH_KNOTS((1,2
    ,2,2,2,1),(-2.094395102393,0.,2.094395102393,4.188790204786,
6.28318530718,8.377580409573),.UNSPECIFIED.) CURVE() 
GEOMETRIC_REPRESENTATION_ITEM() RATIONAL_B_SPLINE_CURVE((1.,0.5,1.,0.5,
1.,0.5,1.)) REPRESENTATION_ITEM('') );
#6167 = CARTESIAN_POINT('',(1.9,3.2));
#6168 = CARTESIAN_POINT('',(1.9,-9.089653438086E-02));
#6169 = CARTESIAN_POINT('',(-0.95,1.55455173281));
#6170 = CARTESIAN_POINT('',(-3.8,3.2));
#6171 = CARTESIAN_POINT('',(-0.95,4.84544826719));
#6172 = CARTESIAN_POINT('',(1.9,6.490896534381));
#6173 = CARTESIAN_POINT('',(1.9,3.2));
#6174 = ( GEOMETRIC_REPRESENTATION_CONTEXT(2) 
PARAMETRIC_REPRESENTATION_CONTEXT() REPRESENTATION_CONTEXT('2D SPACE',''
  ) );
#6175 = ORIENTED_EDGE('',*,*,#6176,.T.);
#6176 = EDGE_CURVE('',#6144,#3199,#6177,.T.);
#6177 = SURFACE_CURVE('',#6178,(#6182,#6188),.PCURVE_S1.);
#6178 = LINE('',#6179,#6180);
#6179 = CARTESIAN_POINT('',(-25.82300896106,59.9875,0.55));
#6180 = VECTOR('',#6181,1.);
#6181 = DIRECTION('',(-0.,-0.,-1.));
#6182 = PCURVE('',#1189,#6183);
#6183 = DEFINITIONAL_REPRESENTATION('',(#6184),#6187);
#6184 = B_SPLINE_CURVE_WITH_KNOTS('',1,(#6185,#6186),.UNSPECIFIED.,.F.,
  .F.,(2,2),(-3.8000006,6.000000000173E-07),.PIECEWISE_BEZIER_KNOTS.);
#6185 = CARTESIAN_POINT('',(-4.264390267489,-3.8000006));
#6186 = CARTESIAN_POINT('',(-4.264390267489,6.000000000173E-07));
#6187 = ( GEOMETRIC_REPRESENTATION_CONTEXT(2) 
PARAMETRIC_REPRESENTATION_CONTEXT() REPRESENTATION_CONTEXT('2D SPACE',''
  ) );
#6188 = PCURVE('',#3219,#6189);
#6189 = DEFINITIONAL_REPRESENTATION('',(#6190),#6193);
#6190 = B_SPLINE_CURVE_WITH_KNOTS('',1,(#6191,#6192),.UNSPECIFIED.,.F.,
  .F.,(2,2),(-3.8,0.),.PIECEWISE_BEZIER_KNOTS.);
#6191 = CARTESIAN_POINT('',(-2.076156837079,-3.8));
#6192 = CARTESIAN_POINT('',(-2.076156837079,0.));
#6193 = ( GEOMETRIC_REPRESENTATION_CONTEXT(2) 
PARAMETRIC_REPRESENTATION_CONTEXT() REPRESENTATION_CONTEXT('2D SPACE',''
  ) );
#6194 = ORIENTED_EDGE('',*,*,#3283,.T.);
#6195 = ORIENTED_EDGE('',*,*,#6196,.T.);
#6196 = EDGE_CURVE('',#3260,#1144,#6197,.T.);
#6197 = SURFACE_CURVE('',#6198,(#6202,#6208),.PCURVE_S1.);
#6198 = LINE('',#6199,#6200);
#6199 = CARTESIAN_POINT('',(-26.79324725906,62.327904664613,0.4));
#6200 = VECTOR('',#6201,1.);
#6201 = DIRECTION('',(0.,0.,1.));
#6202 = PCURVE('',#1189,#6203);
#6203 = DEFINITIONAL_REPRESENTATION('',(#6204),#6207);
#6204 = B_SPLINE_CURVE_WITH_KNOTS('',1,(#6205,#6206),.UNSPECIFIED.,.F.,
  .F.,(2,2),(0.15,7.35),.PIECEWISE_BEZIER_KNOTS.);
#6205 = CARTESIAN_POINT('',(-2.804784638929,0.));
#6206 = CARTESIAN_POINT('',(-2.804784638929,-7.2));
#6207 = ( GEOMETRIC_REPRESENTATION_CONTEXT(2) 
PARAMETRIC_REPRESENTATION_CONTEXT() REPRESENTATION_CONTEXT('2D SPACE',''
  ) );
#6208 = PCURVE('',#1160,#6209);
#6209 = DEFINITIONAL_REPRESENTATION('',(#6210),#6213);
#6210 = B_SPLINE_CURVE_WITH_KNOTS('',1,(#6211,#6212),.UNSPECIFIED.,.F.,
  .F.,(2,2),(0.1499994,7.3500006),.PIECEWISE_BEZIER_KNOTS.);
#6211 = CARTESIAN_POINT('',(-1.389521693104,0.1499994));
#6212 = CARTESIAN_POINT('',(-1.389521693104,7.3500006));
#6213 = ( GEOMETRIC_REPRESENTATION_CONTEXT(2) 
PARAMETRIC_REPRESENTATION_CONTEXT() REPRESENTATION_CONTEXT('2D SPACE',''
  ) );
#6214 = ORIENTED_EDGE('',*,*,#1172,.T.);
#6215 = ADVANCED_FACE('',(#6216),#1160,.F.);
#6216 = FACE_BOUND('',#6217,.T.);
#6217 = EDGE_LOOP('',(#6218,#6241,#6270,#6289,#6290,#6291));
#6218 = ORIENTED_EDGE('',*,*,#6219,.F.);
#6219 = EDGE_CURVE('',#6220,#1122,#6222,.T.);
#6220 = VERTEX_POINT('',#6221);
#6221 = CARTESIAN_POINT('',(-30.4,58.,2.55));
#6222 = SURFACE_CURVE('',#6223,(#6227,#6234),.PCURVE_S1.);
#6223 = LINE('',#6224,#6225);
#6224 = CARTESIAN_POINT('',(-30.4,58.,0.4));
#6225 = VECTOR('',#6226,1.);
#6226 = DIRECTION('',(0.,0.,1.));
#6227 = PCURVE('',#1160,#6228);
#6228 = DEFINITIONAL_REPRESENTATION('',(#6229),#6233);
#6229 = LINE('',#6230,#6231);
#6230 = CARTESIAN_POINT('',(-0.,0.));
#6231 = VECTOR('',#6232,1.);
#6232 = DIRECTION('',(-0.,1.));
#6233 = ( GEOMETRIC_REPRESENTATION_CONTEXT(2) 
PARAMETRIC_REPRESENTATION_CONTEXT() REPRESENTATION_CONTEXT('2D SPACE',''
  ) );
#6234 = PCURVE('',#1032,#6235);
#6235 = DEFINITIONAL_REPRESENTATION('',(#6236),#6240);
#6236 = LINE('',#6237,#6238);
#6237 = CARTESIAN_POINT('',(0.,-120.4));
#6238 = VECTOR('',#6239,1.);
#6239 = DIRECTION('',(1.,0.));
#6240 = ( GEOMETRIC_REPRESENTATION_CONTEXT(2) 
PARAMETRIC_REPRESENTATION_CONTEXT() REPRESENTATION_CONTEXT('2D SPACE',''
  ) );
#6241 = ORIENTED_EDGE('',*,*,#6242,.F.);
#6242 = EDGE_CURVE('',#6243,#6220,#6245,.T.);
#6243 = VERTEX_POINT('',#6244);
#6244 = CARTESIAN_POINT('',(-30.24705780511,59.15,2.55));
#6245 = SURFACE_CURVE('',#6246,(#6251,#6258),.PCURVE_S1.);
#6246 = CIRCLE('',#6247,4.4);
#6247 = AXIS2_PLACEMENT_3D('',#6248,#6249,#6250);
#6248 = CARTESIAN_POINT('',(-26.,58.,2.55));
#6249 = DIRECTION('',(0.,0.,1.));
#6250 = DIRECTION('',(-1.,-0.,0.));
#6251 = PCURVE('',#1160,#6252);
#6252 = DEFINITIONAL_REPRESENTATION('',(#6253),#6257);
#6253 = LINE('',#6254,#6255);
#6254 = CARTESIAN_POINT('',(-6.28318530718,2.15));
#6255 = VECTOR('',#6256,1.);
#6256 = DIRECTION('',(1.,-0.));
#6257 = ( GEOMETRIC_REPRESENTATION_CONTEXT(2) 
PARAMETRIC_REPRESENTATION_CONTEXT() REPRESENTATION_CONTEXT('2D SPACE',''
  ) );
#6258 = PCURVE('',#6259,#6264);
#6259 = PLANE('',#6260);
#6260 = AXIS2_PLACEMENT_3D('',#6261,#6262,#6263);
#6261 = CARTESIAN_POINT('',(-31.1,57.85,2.55));
#6262 = DIRECTION('',(0.,0.,1.));
#6263 = DIRECTION('',(1.,0.,0.));
#6264 = DEFINITIONAL_REPRESENTATION('',(#6265),#6269);
#6265 = CIRCLE('',#6266,4.4);
#6266 = AXIS2_PLACEMENT_2D('',#6267,#6268);
#6267 = CARTESIAN_POINT('',(5.1,0.15));
#6268 = DIRECTION('',(-1.,0.));
#6269 = ( GEOMETRIC_REPRESENTATION_CONTEXT(2) 
PARAMETRIC_REPRESENTATION_CONTEXT() REPRESENTATION_CONTEXT('2D SPACE',''
  ) );
#6270 = ORIENTED_EDGE('',*,*,#6271,.F.);
#6271 = EDGE_CURVE('',#3232,#6243,#6272,.T.);
#6272 = SURFACE_CURVE('',#6273,(#6277,#6283),.PCURVE_S1.);
#6273 = LINE('',#6274,#6275);
#6274 = CARTESIAN_POINT('',(-30.24705780511,59.15,0.4));
#6275 = VECTOR('',#6276,1.);
#6276 = DIRECTION('',(0.,0.,1.));
#6277 = PCURVE('',#1160,#6278);
#6278 = DEFINITIONAL_REPRESENTATION('',(#6279),#6282);
#6279 = B_SPLINE_CURVE_WITH_KNOTS('',1,(#6280,#6281),.UNSPECIFIED.,.F.,
  .F.,(2,2),(0.1499994,2.35),.PIECEWISE_BEZIER_KNOTS.);
#6280 = CARTESIAN_POINT('',(-0.26443467599,0.1499994));
#6281 = CARTESIAN_POINT('',(-0.26443467599,2.35));
#6282 = ( GEOMETRIC_REPRESENTATION_CONTEXT(2) 
PARAMETRIC_REPRESENTATION_CONTEXT() REPRESENTATION_CONTEXT('2D SPACE',''
  ) );
#6283 = PCURVE('',#3247,#6284);
#6284 = DEFINITIONAL_REPRESENTATION('',(#6285),#6288);
#6285 = B_SPLINE_CURVE_WITH_KNOTS('',1,(#6286,#6287),.UNSPECIFIED.,.F.,
  .F.,(2,2),(0.1499994,2.35),.PIECEWISE_BEZIER_KNOTS.);
#6286 = CARTESIAN_POINT('',(-6.000000000173E-07,0.852942194884));
#6287 = CARTESIAN_POINT('',(2.2,0.852942194884));
#6288 = ( GEOMETRIC_REPRESENTATION_CONTEXT(2) 
PARAMETRIC_REPRESENTATION_CONTEXT() REPRESENTATION_CONTEXT('2D SPACE',''
  ) );
#6289 = ORIENTED_EDGE('',*,*,#3259,.F.);
#6290 = ORIENTED_EDGE('',*,*,#6196,.T.);
#6291 = ORIENTED_EDGE('',*,*,#1143,.T.);
#6292 = ADVANCED_FACE('',(#6293),#1032,.T.);
#6293 = FACE_BOUND('',#6294,.T.);
#6294 = EDGE_LOOP('',(#6295,#6296,#6317,#6343,#6362,#6363,#6384,#6403,
    #6404,#6405,#6426,#6452));
#6295 = ORIENTED_EDGE('',*,*,#1016,.F.);
#6296 = ORIENTED_EDGE('',*,*,#6297,.F.);
#6297 = EDGE_CURVE('',#6298,#989,#6300,.T.);
#6298 = VERTEX_POINT('',#6299);
#6299 = CARTESIAN_POINT('',(-30.4,11.3,2.55));
#6300 = SURFACE_CURVE('',#6301,(#6305,#6311),.PCURVE_S1.);
#6301 = LINE('',#6302,#6303);
#6302 = CARTESIAN_POINT('',(-30.4,11.3,0.475));
#6303 = VECTOR('',#6304,1.);
#6304 = DIRECTION('',(0.,0.,1.));
#6305 = PCURVE('',#1032,#6306);
#6306 = DEFINITIONAL_REPRESENTATION('',(#6307),#6310);
#6307 = B_SPLINE_CURVE_WITH_KNOTS('',1,(#6308,#6309),.UNSPECIFIED.,.F.,
  .F.,(2,2),(7.5E-02,7.275),.PIECEWISE_BEZIER_KNOTS.);
#6308 = CARTESIAN_POINT('',(0.15,-73.7));
#6309 = CARTESIAN_POINT('',(7.35,-73.7));
#6310 = ( GEOMETRIC_REPRESENTATION_CONTEXT(2) 
PARAMETRIC_REPRESENTATION_CONTEXT() REPRESENTATION_CONTEXT('2D SPACE',''
  ) );
#6311 = PCURVE('',#1004,#6312);
#6312 = DEFINITIONAL_REPRESENTATION('',(#6313),#6316);
#6313 = B_SPLINE_CURVE_WITH_KNOTS('',1,(#6314,#6315),.UNSPECIFIED.,.F.,
  .F.,(2,2),(7.5E-02,7.275),.PIECEWISE_BEZIER_KNOTS.);
#6314 = CARTESIAN_POINT('',(0.,1.3));
#6315 = CARTESIAN_POINT('',(7.2,1.3));
#6316 = ( GEOMETRIC_REPRESENTATION_CONTEXT(2) 
PARAMETRIC_REPRESENTATION_CONTEXT() REPRESENTATION_CONTEXT('2D SPACE',''
  ) );
#6317 = ORIENTED_EDGE('',*,*,#6318,.F.);
#6318 = EDGE_CURVE('',#6319,#6298,#6321,.T.);
#6319 = VERTEX_POINT('',#6320);
#6320 = CARTESIAN_POINT('',(-30.4,12.15,2.55));
#6321 = SURFACE_CURVE('',#6322,(#6326,#6332),.PCURVE_S1.);
#6322 = LINE('',#6323,#6324);
#6323 = CARTESIAN_POINT('',(-30.4,-25.775,2.55));
#6324 = VECTOR('',#6325,1.);
#6325 = DIRECTION('',(0.,-1.,0.));
#6326 = PCURVE('',#1032,#6327);
#6327 = DEFINITIONAL_REPRESENTATION('',(#6328),#6331);
#6328 = B_SPLINE_CURVE_WITH_KNOTS('',1,(#6329,#6330),.UNSPECIFIED.,.F.,
  .F.,(2,2),(-37.925,-37.075),.PIECEWISE_BEZIER_KNOTS.);
#6329 = CARTESIAN_POINT('',(2.15,-74.55));
#6330 = CARTESIAN_POINT('',(2.15,-73.7));
#6331 = ( GEOMETRIC_REPRESENTATION_CONTEXT(2) 
PARAMETRIC_REPRESENTATION_CONTEXT() REPRESENTATION_CONTEXT('2D SPACE',''
  ) );
#6332 = PCURVE('',#6333,#6338);
#6333 = PLANE('',#6334);
#6334 = AXIS2_PLACEMENT_3D('',#6335,#6336,#6337);
#6335 = CARTESIAN_POINT('',(-31.1,10.85,2.55));
#6336 = DIRECTION('',(0.,0.,1.));
#6337 = DIRECTION('',(1.,0.,0.));
#6338 = DEFINITIONAL_REPRESENTATION('',(#6339),#6342);
#6339 = B_SPLINE_CURVE_WITH_KNOTS('',1,(#6340,#6341),.UNSPECIFIED.,.F.,
  .F.,(2,2),(-37.925,-37.075),.PIECEWISE_BEZIER_KNOTS.);
#6340 = CARTESIAN_POINT('',(0.7,1.3));
#6341 = CARTESIAN_POINT('',(0.7,0.45));
#6342 = ( GEOMETRIC_REPRESENTATION_CONTEXT(2) 
PARAMETRIC_REPRESENTATION_CONTEXT() REPRESENTATION_CONTEXT('2D SPACE',''
  ) );
#6343 = ORIENTED_EDGE('',*,*,#6344,.F.);
#6344 = EDGE_CURVE('',#3630,#6319,#6345,.T.);
#6345 = SURFACE_CURVE('',#6346,(#6350,#6356),.PCURVE_S1.);
#6346 = LINE('',#6347,#6348);
#6347 = CARTESIAN_POINT('',(-30.4,12.15,0.475));
#6348 = VECTOR('',#6349,1.);
#6349 = DIRECTION('',(0.,0.,1.));
#6350 = PCURVE('',#1032,#6351);
#6351 = DEFINITIONAL_REPRESENTATION('',(#6352),#6355);
#6352 = B_SPLINE_CURVE_WITH_KNOTS('',1,(#6353,#6354),.UNSPECIFIED.,.F.,
  .F.,(2,2),(7.5E-02,2.075),.PIECEWISE_BEZIER_KNOTS.);
#6353 = CARTESIAN_POINT('',(0.15,-74.55));
#6354 = CARTESIAN_POINT('',(2.15,-74.55));
#6355 = ( GEOMETRIC_REPRESENTATION_CONTEXT(2) 
PARAMETRIC_REPRESENTATION_CONTEXT() REPRESENTATION_CONTEXT('2D SPACE',''
  ) );
#6356 = PCURVE('',#3645,#6357);
#6357 = DEFINITIONAL_REPRESENTATION('',(#6358),#6361);
#6358 = B_SPLINE_CURVE_WITH_KNOTS('',1,(#6359,#6360),.UNSPECIFIED.,.F.,
  .F.,(2,2),(7.5E-02,2.075),.PIECEWISE_BEZIER_KNOTS.);
#6359 = CARTESIAN_POINT('',(0.,0.7));
#6360 = CARTESIAN_POINT('',(2.,0.7));
#6361 = ( GEOMETRIC_REPRESENTATION_CONTEXT(2) 
PARAMETRIC_REPRESENTATION_CONTEXT() REPRESENTATION_CONTEXT('2D SPACE',''
  ) );
#6362 = ORIENTED_EDGE('',*,*,#3657,.T.);
#6363 = ORIENTED_EDGE('',*,*,#6364,.T.);
#6364 = EDGE_CURVE('',#3658,#6365,#6367,.T.);
#6365 = VERTEX_POINT('',#6366);
#6366 = CARTESIAN_POINT('',(-30.4,57.85,2.55));
#6367 = SURFACE_CURVE('',#6368,(#6372,#6378),.PCURVE_S1.);
#6368 = LINE('',#6369,#6370);
#6369 = CARTESIAN_POINT('',(-30.4,57.85,0.475));
#6370 = VECTOR('',#6371,1.);
#6371 = DIRECTION('',(0.,0.,1.));
#6372 = PCURVE('',#1032,#6373);
#6373 = DEFINITIONAL_REPRESENTATION('',(#6374),#6377);
#6374 = B_SPLINE_CURVE_WITH_KNOTS('',1,(#6375,#6376),.UNSPECIFIED.,.F.,
  .F.,(2,2),(7.5E-02,2.075),.PIECEWISE_BEZIER_KNOTS.);
#6375 = CARTESIAN_POINT('',(0.15,-120.25));
#6376 = CARTESIAN_POINT('',(2.15,-120.25));
#6377 = ( GEOMETRIC_REPRESENTATION_CONTEXT(2) 
PARAMETRIC_REPRESENTATION_CONTEXT() REPRESENTATION_CONTEXT('2D SPACE',''
  ) );
#6378 = PCURVE('',#3695,#6379);
#6379 = DEFINITIONAL_REPRESENTATION('',(#6380),#6383);
#6380 = B_SPLINE_CURVE_WITH_KNOTS('',1,(#6381,#6382),.UNSPECIFIED.,.F.,
  .F.,(2,2),(7.5E-02,2.075),.PIECEWISE_BEZIER_KNOTS.);
#6381 = CARTESIAN_POINT('',(0.,0.7));
#6382 = CARTESIAN_POINT('',(2.,0.7));
#6383 = ( GEOMETRIC_REPRESENTATION_CONTEXT(2) 
PARAMETRIC_REPRESENTATION_CONTEXT() REPRESENTATION_CONTEXT('2D SPACE',''
  ) );
#6384 = ORIENTED_EDGE('',*,*,#6385,.F.);
#6385 = EDGE_CURVE('',#6220,#6365,#6386,.T.);
#6386 = SURFACE_CURVE('',#6387,(#6391,#6397),.PCURVE_S1.);
#6387 = LINE('',#6388,#6389);
#6388 = CARTESIAN_POINT('',(-30.4,-2.275,2.55));
#6389 = VECTOR('',#6390,1.);
#6390 = DIRECTION('',(0.,-1.,0.));
#6391 = PCURVE('',#1032,#6392);
#6392 = DEFINITIONAL_REPRESENTATION('',(#6393),#6396);
#6393 = B_SPLINE_CURVE_WITH_KNOTS('',1,(#6394,#6395),.UNSPECIFIED.,.F.,
  .F.,(2,2),(-60.275,-60.125),.PIECEWISE_BEZIER_KNOTS.);
#6394 = CARTESIAN_POINT('',(2.15,-120.4));
#6395 = CARTESIAN_POINT('',(2.15,-120.25));
#6396 = ( GEOMETRIC_REPRESENTATION_CONTEXT(2) 
PARAMETRIC_REPRESENTATION_CONTEXT() REPRESENTATION_CONTEXT('2D SPACE',''
  ) );
#6397 = PCURVE('',#6259,#6398);
#6398 = DEFINITIONAL_REPRESENTATION('',(#6399),#6402);
#6399 = B_SPLINE_CURVE_WITH_KNOTS('',1,(#6400,#6401),.UNSPECIFIED.,.F.,
  .F.,(2,2),(-60.275,-60.125),.PIECEWISE_BEZIER_KNOTS.);
#6400 = CARTESIAN_POINT('',(0.7,0.15));
#6401 = CARTESIAN_POINT('',(0.7,0.));
#6402 = ( GEOMETRIC_REPRESENTATION_CONTEXT(2) 
PARAMETRIC_REPRESENTATION_CONTEXT() REPRESENTATION_CONTEXT('2D SPACE',''
  ) );
#6403 = ORIENTED_EDGE('',*,*,#6219,.T.);
#6404 = ORIENTED_EDGE('',*,*,#1121,.F.);
#6405 = ORIENTED_EDGE('',*,*,#6406,.F.);
#6406 = EDGE_CURVE('',#6407,#1096,#6409,.T.);
#6407 = VERTEX_POINT('',#6408);
#6408 = CARTESIAN_POINT('',(-30.4,36.5,4.9));
#6409 = SURFACE_CURVE('',#6410,(#6414,#6420),.PCURVE_S1.);
#6410 = LINE('',#6411,#6412);
#6411 = CARTESIAN_POINT('',(-30.4,36.5,2.65));
#6412 = VECTOR('',#6413,1.);
#6413 = DIRECTION('',(0.,0.,1.));
#6414 = PCURVE('',#1032,#6415);
#6415 = DEFINITIONAL_REPRESENTATION('',(#6416),#6419);
#6416 = B_SPLINE_CURVE_WITH_KNOTS('',1,(#6417,#6418),.UNSPECIFIED.,.F.,
  .F.,(2,2),(2.25,5.1),.PIECEWISE_BEZIER_KNOTS.);
#6417 = CARTESIAN_POINT('',(4.5,-98.9));
#6418 = CARTESIAN_POINT('',(7.35,-98.9));
#6419 = ( GEOMETRIC_REPRESENTATION_CONTEXT(2) 
PARAMETRIC_REPRESENTATION_CONTEXT() REPRESENTATION_CONTEXT('2D SPACE',''
  ) );
#6420 = PCURVE('',#1110,#6421);
#6421 = DEFINITIONAL_REPRESENTATION('',(#6422),#6425);
#6422 = B_SPLINE_CURVE_WITH_KNOTS('',1,(#6423,#6424),.UNSPECIFIED.,.F.,
  .F.,(2,2),(2.25,5.1),.PIECEWISE_BEZIER_KNOTS.);
#6423 = CARTESIAN_POINT('',(0.,0.6));
#6424 = CARTESIAN_POINT('',(2.85,0.6));
#6425 = ( GEOMETRIC_REPRESENTATION_CONTEXT(2) 
PARAMETRIC_REPRESENTATION_CONTEXT() REPRESENTATION_CONTEXT('2D SPACE',''
  ) );
#6426 = ORIENTED_EDGE('',*,*,#6427,.T.);
#6427 = EDGE_CURVE('',#6407,#6428,#6430,.T.);
#6428 = VERTEX_POINT('',#6429);
#6429 = CARTESIAN_POINT('',(-30.4,21.5,4.9));
#6430 = SURFACE_CURVE('',#6431,(#6435,#6441),.PCURVE_S1.);
#6431 = LINE('',#6432,#6433);
#6432 = CARTESIAN_POINT('',(-30.4,-20.45,4.9));
#6433 = VECTOR('',#6434,1.);
#6434 = DIRECTION('',(0.,-1.,0.));
#6435 = PCURVE('',#1032,#6436);
#6436 = DEFINITIONAL_REPRESENTATION('',(#6437),#6440);
#6437 = B_SPLINE_CURVE_WITH_KNOTS('',1,(#6438,#6439),.UNSPECIFIED.,.F.,
  .F.,(2,2),(-56.95,-41.95),.PIECEWISE_BEZIER_KNOTS.);
#6438 = CARTESIAN_POINT('',(4.5,-98.9));
#6439 = CARTESIAN_POINT('',(4.5,-83.9));
#6440 = ( GEOMETRIC_REPRESENTATION_CONTEXT(2) 
PARAMETRIC_REPRESENTATION_CONTEXT() REPRESENTATION_CONTEXT('2D SPACE',''
  ) );
#6441 = PCURVE('',#6442,#6447);
#6442 = PLANE('',#6443);
#6443 = AXIS2_PLACEMENT_3D('',#6444,#6445,#6446);
#6444 = CARTESIAN_POINT('',(-31.,21.5,4.9));
#6445 = DIRECTION('',(0.,0.,1.));
#6446 = DIRECTION('',(1.,0.,0.));
#6447 = DEFINITIONAL_REPRESENTATION('',(#6448),#6451);
#6448 = B_SPLINE_CURVE_WITH_KNOTS('',1,(#6449,#6450),.UNSPECIFIED.,.F.,
  .F.,(2,2),(-56.95,-41.95),.PIECEWISE_BEZIER_KNOTS.);
#6449 = CARTESIAN_POINT('',(0.6,15.));
#6450 = CARTESIAN_POINT('',(0.6,0.));
#6451 = ( GEOMETRIC_REPRESENTATION_CONTEXT(2) 
PARAMETRIC_REPRESENTATION_CONTEXT() REPRESENTATION_CONTEXT('2D SPACE',''
  ) );
#6452 = ORIENTED_EDGE('',*,*,#6453,.T.);
#6453 = EDGE_CURVE('',#6428,#1017,#6454,.T.);
#6454 = SURFACE_CURVE('',#6455,(#6459,#6465),.PCURVE_S1.);
#6455 = LINE('',#6456,#6457);
#6456 = CARTESIAN_POINT('',(-30.4,21.5,2.65));
#6457 = VECTOR('',#6458,1.);
#6458 = DIRECTION('',(0.,0.,1.));
#6459 = PCURVE('',#1032,#6460);
#6460 = DEFINITIONAL_REPRESENTATION('',(#6461),#6464);
#6461 = B_SPLINE_CURVE_WITH_KNOTS('',1,(#6462,#6463),.UNSPECIFIED.,.F.,
  .F.,(2,2),(2.25,5.1),.PIECEWISE_BEZIER_KNOTS.);
#6462 = CARTESIAN_POINT('',(4.5,-83.9));
#6463 = CARTESIAN_POINT('',(7.35,-83.9));
#6464 = ( GEOMETRIC_REPRESENTATION_CONTEXT(2) 
PARAMETRIC_REPRESENTATION_CONTEXT() REPRESENTATION_CONTEXT('2D SPACE',''
  ) );
#6465 = PCURVE('',#1058,#6466);
#6466 = DEFINITIONAL_REPRESENTATION('',(#6467),#6470);
#6467 = B_SPLINE_CURVE_WITH_KNOTS('',1,(#6468,#6469),.UNSPECIFIED.,.F.,
  .F.,(2,2),(2.25,5.1),.PIECEWISE_BEZIER_KNOTS.);
#6468 = CARTESIAN_POINT('',(0.,0.6));
#6469 = CARTESIAN_POINT('',(2.85,0.6));
#6470 = ( GEOMETRIC_REPRESENTATION_CONTEXT(2) 
PARAMETRIC_REPRESENTATION_CONTEXT() REPRESENTATION_CONTEXT('2D SPACE',''
  ) );
#6471 = ADVANCED_FACE('',(#6472),#1110,.F.);
#6472 = FACE_BOUND('',#6473,.F.);
#6473 = EDGE_LOOP('',(#6474,#6497,#6518,#6519));
#6474 = ORIENTED_EDGE('',*,*,#6475,.F.);
#6475 = EDGE_CURVE('',#6476,#6407,#6478,.T.);
#6476 = VERTEX_POINT('',#6477);
#6477 = CARTESIAN_POINT('',(-31.,36.5,4.9));
#6478 = SURFACE_CURVE('',#6479,(#6483,#6490),.PCURVE_S1.);
#6479 = LINE('',#6480,#6481);
#6480 = CARTESIAN_POINT('',(-31.,36.5,4.9));
#6481 = VECTOR('',#6482,1.);
#6482 = DIRECTION('',(1.,0.,0.));
#6483 = PCURVE('',#1110,#6484);
#6484 = DEFINITIONAL_REPRESENTATION('',(#6485),#6489);
#6485 = LINE('',#6486,#6487);
#6486 = CARTESIAN_POINT('',(0.,0.));
#6487 = VECTOR('',#6488,1.);
#6488 = DIRECTION('',(0.,1.));
#6489 = ( GEOMETRIC_REPRESENTATION_CONTEXT(2) 
PARAMETRIC_REPRESENTATION_CONTEXT() REPRESENTATION_CONTEXT('2D SPACE',''
  ) );
#6490 = PCURVE('',#6442,#6491);
#6491 = DEFINITIONAL_REPRESENTATION('',(#6492),#6496);
#6492 = LINE('',#6493,#6494);
#6493 = CARTESIAN_POINT('',(0.,15.));
#6494 = VECTOR('',#6495,1.);
#6495 = DIRECTION('',(1.,0.));
#6496 = ( GEOMETRIC_REPRESENTATION_CONTEXT(2) 
PARAMETRIC_REPRESENTATION_CONTEXT() REPRESENTATION_CONTEXT('2D SPACE',''
  ) );
#6497 = ORIENTED_EDGE('',*,*,#6498,.T.);
#6498 = EDGE_CURVE('',#6476,#1070,#6499,.T.);
#6499 = SURFACE_CURVE('',#6500,(#6504,#6511),.PCURVE_S1.);
#6500 = LINE('',#6501,#6502);
#6501 = CARTESIAN_POINT('',(-31.,36.5,4.9));
#6502 = VECTOR('',#6503,1.);
#6503 = DIRECTION('',(0.,0.,1.));
#6504 = PCURVE('',#1110,#6505);
#6505 = DEFINITIONAL_REPRESENTATION('',(#6506),#6510);
#6506 = LINE('',#6507,#6508);
#6507 = CARTESIAN_POINT('',(0.,0.));
#6508 = VECTOR('',#6509,1.);
#6509 = DIRECTION('',(1.,0.));
#6510 = ( GEOMETRIC_REPRESENTATION_CONTEXT(2) 
PARAMETRIC_REPRESENTATION_CONTEXT() REPRESENTATION_CONTEXT('2D SPACE',''
  ) );
#6511 = PCURVE('',#1084,#6512);
#6512 = DEFINITIONAL_REPRESENTATION('',(#6513),#6517);
#6513 = LINE('',#6514,#6515);
#6514 = CARTESIAN_POINT('',(0.,-15.));
#6515 = VECTOR('',#6516,1.);
#6516 = DIRECTION('',(1.,0.));
#6517 = ( GEOMETRIC_REPRESENTATION_CONTEXT(2) 
PARAMETRIC_REPRESENTATION_CONTEXT() REPRESENTATION_CONTEXT('2D SPACE',''
  ) );
#6518 = ORIENTED_EDGE('',*,*,#1095,.F.);
#6519 = ORIENTED_EDGE('',*,*,#6406,.F.);
#6520 = ADVANCED_FACE('',(#6521,#6569),#1084,.T.);
#6521 = FACE_BOUND('',#6522,.T.);
#6522 = EDGE_LOOP('',(#6523,#6546,#6567,#6568));
#6523 = ORIENTED_EDGE('',*,*,#6524,.F.);
#6524 = EDGE_CURVE('',#6525,#1044,#6527,.T.);
#6525 = VERTEX_POINT('',#6526);
#6526 = CARTESIAN_POINT('',(-31.,21.5,4.9));
#6527 = SURFACE_CURVE('',#6528,(#6532,#6539),.PCURVE_S1.);
#6528 = LINE('',#6529,#6530);
#6529 = CARTESIAN_POINT('',(-31.,21.5,4.9));
#6530 = VECTOR('',#6531,1.);
#6531 = DIRECTION('',(0.,0.,1.));
#6532 = PCURVE('',#1084,#6533);
#6533 = DEFINITIONAL_REPRESENTATION('',(#6534),#6538);
#6534 = LINE('',#6535,#6536);
#6535 = CARTESIAN_POINT('',(0.,0.));
#6536 = VECTOR('',#6537,1.);
#6537 = DIRECTION('',(1.,0.));
#6538 = ( GEOMETRIC_REPRESENTATION_CONTEXT(2) 
PARAMETRIC_REPRESENTATION_CONTEXT() REPRESENTATION_CONTEXT('2D SPACE',''
  ) );
#6539 = PCURVE('',#1058,#6540);
#6540 = DEFINITIONAL_REPRESENTATION('',(#6541),#6545);
#6541 = LINE('',#6542,#6543);
#6542 = CARTESIAN_POINT('',(0.,0.));
#6543 = VECTOR('',#6544,1.);
#6544 = DIRECTION('',(1.,0.));
#6545 = ( GEOMETRIC_REPRESENTATION_CONTEXT(2) 
PARAMETRIC_REPRESENTATION_CONTEXT() REPRESENTATION_CONTEXT('2D SPACE',''
  ) );
#6546 = ORIENTED_EDGE('',*,*,#6547,.T.);
#6547 = EDGE_CURVE('',#6525,#6476,#6548,.T.);
#6548 = SURFACE_CURVE('',#6549,(#6553,#6560),.PCURVE_S1.);
#6549 = LINE('',#6550,#6551);
#6550 = CARTESIAN_POINT('',(-31.,21.5,4.9));
#6551 = VECTOR('',#6552,1.);
#6552 = DIRECTION('',(0.,1.,0.));
#6553 = PCURVE('',#1084,#6554);
#6554 = DEFINITIONAL_REPRESENTATION('',(#6555),#6559);
#6555 = LINE('',#6556,#6557);
#6556 = CARTESIAN_POINT('',(0.,0.));
#6557 = VECTOR('',#6558,1.);
#6558 = DIRECTION('',(0.,-1.));
#6559 = ( GEOMETRIC_REPRESENTATION_CONTEXT(2) 
PARAMETRIC_REPRESENTATION_CONTEXT() REPRESENTATION_CONTEXT('2D SPACE',''
  ) );
#6560 = PCURVE('',#6442,#6561);
#6561 = DEFINITIONAL_REPRESENTATION('',(#6562),#6566);
#6562 = LINE('',#6563,#6564);
#6563 = CARTESIAN_POINT('',(0.,0.));
#6564 = VECTOR('',#6565,1.);
#6565 = DIRECTION('',(0.,1.));
#6566 = ( GEOMETRIC_REPRESENTATION_CONTEXT(2) 
PARAMETRIC_REPRESENTATION_CONTEXT() REPRESENTATION_CONTEXT('2D SPACE',''
  ) );
#6567 = ORIENTED_EDGE('',*,*,#6498,.T.);
#6568 = ORIENTED_EDGE('',*,*,#1069,.F.);
#6569 = FACE_BOUND('',#6570,.T.);
#6570 = EDGE_LOOP('',(#6571,#6602,#6628,#6657,#6683,#6712,#6738,#6767));
#6571 = ORIENTED_EDGE('',*,*,#6572,.F.);
#6572 = EDGE_CURVE('',#6573,#6575,#6577,.T.);
#6573 = VERTEX_POINT('',#6574);
#6574 = CARTESIAN_POINT('',(-31.,23.25,6.05));
#6575 = VERTEX_POINT('',#6576);
#6576 = CARTESIAN_POINT('',(-31.,23.65,5.65));
#6577 = SURFACE_CURVE('',#6578,(#6583,#6590),.PCURVE_S1.);
#6578 = CIRCLE('',#6579,0.4);
#6579 = AXIS2_PLACEMENT_3D('',#6580,#6581,#6582);
#6580 = CARTESIAN_POINT('',(-31.,23.65,6.05));
#6581 = DIRECTION('',(1.,-1.079521069387E-78,-2.22044604925E-16));
#6582 = DIRECTION('',(1.094764425254E-47,-1.,4.930380657631E-32));
#6583 = PCURVE('',#1084,#6584);
#6584 = DEFINITIONAL_REPRESENTATION('',(#6585),#6589);
#6585 = CIRCLE('',#6586,0.4);
#6586 = AXIS2_PLACEMENT_2D('',#6587,#6588);
#6587 = CARTESIAN_POINT('',(1.15,-2.15));
#6588 = DIRECTION('',(4.930380657631E-32,1.));
#6589 = ( GEOMETRIC_REPRESENTATION_CONTEXT(2) 
PARAMETRIC_REPRESENTATION_CONTEXT() REPRESENTATION_CONTEXT('2D SPACE',''
  ) );
#6590 = PCURVE('',#6591,#6596);
#6591 = CYLINDRICAL_SURFACE('',#6592,0.4);
#6592 = AXIS2_PLACEMENT_3D('',#6593,#6594,#6595);
#6593 = CARTESIAN_POINT('',(-36.,23.65,6.05));
#6594 = DIRECTION('',(1.,0.,-2.22044604925E-16));
#6595 = DIRECTION('',(2.22044604925E-16,-1.,-0.));
#6596 = DEFINITIONAL_REPRESENTATION('',(#6597),#6601);
#6597 = LINE('',#6598,#6599);
#6598 = CARTESIAN_POINT('',(0.,5.));
#6599 = VECTOR('',#6600,1.);
#6600 = DIRECTION('',(1.,0.));
#6601 = ( GEOMETRIC_REPRESENTATION_CONTEXT(2) 
PARAMETRIC_REPRESENTATION_CONTEXT() REPRESENTATION_CONTEXT('2D SPACE',''
  ) );
#6602 = ORIENTED_EDGE('',*,*,#6603,.T.);
#6603 = EDGE_CURVE('',#6573,#6604,#6606,.T.);
#6604 = VERTEX_POINT('',#6605);
#6605 = CARTESIAN_POINT('',(-31.,23.25,6.75));
#6606 = SURFACE_CURVE('',#6607,(#6611,#6617),.PCURVE_S1.);
#6607 = LINE('',#6608,#6609);
#6608 = CARTESIAN_POINT('',(-31.,23.25,5.275));
#6609 = VECTOR('',#6610,1.);
#6610 = DIRECTION('',(0.,-0.,1.));
#6611 = PCURVE('',#1084,#6612);
#6612 = DEFINITIONAL_REPRESENTATION('',(#6613),#6616);
#6613 = B_SPLINE_CURVE_WITH_KNOTS('',1,(#6614,#6615),.UNSPECIFIED.,.F.,
  .F.,(2,2),(0.775,1.475),.PIECEWISE_BEZIER_KNOTS.);
#6614 = CARTESIAN_POINT('',(1.15,-1.75));
#6615 = CARTESIAN_POINT('',(1.85,-1.75));
#6616 = ( GEOMETRIC_REPRESENTATION_CONTEXT(2) 
PARAMETRIC_REPRESENTATION_CONTEXT() REPRESENTATION_CONTEXT('2D SPACE',''
  ) );
#6617 = PCURVE('',#6618,#6623);
#6618 = PLANE('',#6619);
#6619 = AXIS2_PLACEMENT_3D('',#6620,#6621,#6622);
#6620 = CARTESIAN_POINT('',(-36.,23.25,5.65));
#6621 = DIRECTION('',(-2.22044604925E-16,1.,0.));
#6622 = DIRECTION('',(1.,0.,-2.22044604925E-16));
#6623 = DEFINITIONAL_REPRESENTATION('',(#6624),#6627);
#6624 = B_SPLINE_CURVE_WITH_KNOTS('',1,(#6625,#6626),.UNSPECIFIED.,.F.,
  .F.,(2,2),(0.775,1.475),.PIECEWISE_BEZIER_KNOTS.);
#6625 = CARTESIAN_POINT('',(5.,-0.4));
#6626 = CARTESIAN_POINT('',(5.,-1.1));
#6627 = ( GEOMETRIC_REPRESENTATION_CONTEXT(2) 
PARAMETRIC_REPRESENTATION_CONTEXT() REPRESENTATION_CONTEXT('2D SPACE',''
  ) );
#6628 = ORIENTED_EDGE('',*,*,#6629,.F.);
#6629 = EDGE_CURVE('',#6630,#6604,#6632,.T.);
#6630 = VERTEX_POINT('',#6631);
#6631 = CARTESIAN_POINT('',(-31.,23.65,7.15));
#6632 = SURFACE_CURVE('',#6633,(#6638,#6645),.PCURVE_S1.);
#6633 = CIRCLE('',#6634,0.4);
#6634 = AXIS2_PLACEMENT_3D('',#6635,#6636,#6637);
#6635 = CARTESIAN_POINT('',(-31.,23.65,6.75));
#6636 = DIRECTION('',(1.,-1.079521069387E-78,-2.22044604925E-16));
#6637 = DIRECTION('',(1.094764425254E-47,-1.,4.930380657631E-32));
#6638 = PCURVE('',#1084,#6639);
#6639 = DEFINITIONAL_REPRESENTATION('',(#6640),#6644);
#6640 = CIRCLE('',#6641,0.4);
#6641 = AXIS2_PLACEMENT_2D('',#6642,#6643);
#6642 = CARTESIAN_POINT('',(1.85,-2.15));
#6643 = DIRECTION('',(4.930380657631E-32,1.));
#6644 = ( GEOMETRIC_REPRESENTATION_CONTEXT(2) 
PARAMETRIC_REPRESENTATION_CONTEXT() REPRESENTATION_CONTEXT('2D SPACE',''
  ) );
#6645 = PCURVE('',#6646,#6651);
#6646 = CYLINDRICAL_SURFACE('',#6647,0.4);
#6647 = AXIS2_PLACEMENT_3D('',#6648,#6649,#6650);
#6648 = CARTESIAN_POINT('',(-36.,23.65,6.75));
#6649 = DIRECTION('',(1.,0.,-2.22044604925E-16));
#6650 = DIRECTION('',(2.22044604925E-16,-1.,-0.));
#6651 = DEFINITIONAL_REPRESENTATION('',(#6652),#6656);
#6652 = LINE('',#6653,#6654);
#6653 = CARTESIAN_POINT('',(-6.28318530718,5.));
#6654 = VECTOR('',#6655,1.);
#6655 = DIRECTION('',(1.,-0.));
#6656 = ( GEOMETRIC_REPRESENTATION_CONTEXT(2) 
PARAMETRIC_REPRESENTATION_CONTEXT() REPRESENTATION_CONTEXT('2D SPACE',''
  ) );
#6657 = ORIENTED_EDGE('',*,*,#6658,.F.);
#6658 = EDGE_CURVE('',#6659,#6630,#6661,.T.);
#6659 = VERTEX_POINT('',#6660);
#6660 = CARTESIAN_POINT('',(-31.,34.35,7.15));
#6661 = SURFACE_CURVE('',#6662,(#6666,#6672),.PCURVE_S1.);
#6662 = LINE('',#6663,#6664);
#6663 = CARTESIAN_POINT('',(-31.,22.375,7.15));
#6664 = VECTOR('',#6665,1.);
#6665 = DIRECTION('',(0.,-1.,-2.22044604925E-16));
#6666 = PCURVE('',#1084,#6667);
#6667 = DEFINITIONAL_REPRESENTATION('',(#6668),#6671);
#6668 = B_SPLINE_CURVE_WITH_KNOTS('',1,(#6669,#6670),.UNSPECIFIED.,.F.,
  .F.,(2,2),(-11.975,-1.275),.PIECEWISE_BEZIER_KNOTS.);
#6669 = CARTESIAN_POINT('',(2.25,-12.85));
#6670 = CARTESIAN_POINT('',(2.25,-2.15));
#6671 = ( GEOMETRIC_REPRESENTATION_CONTEXT(2) 
PARAMETRIC_REPRESENTATION_CONTEXT() REPRESENTATION_CONTEXT('2D SPACE',''
  ) );
#6672 = PCURVE('',#6673,#6678);
#6673 = PLANE('',#6674);
#6674 = AXIS2_PLACEMENT_3D('',#6675,#6676,#6677);
#6675 = CARTESIAN_POINT('',(-36.,23.25,7.15));
#6676 = DIRECTION('',(0.,-2.22044604925E-16,1.));
#6677 = DIRECTION('',(1.,0.,-2.22044604925E-16));
#6678 = DEFINITIONAL_REPRESENTATION('',(#6679),#6682);
#6679 = B_SPLINE_CURVE_WITH_KNOTS('',1,(#6680,#6681),.UNSPECIFIED.,.F.,
  .F.,(2,2),(-11.975,-1.275),.PIECEWISE_BEZIER_KNOTS.);
#6680 = CARTESIAN_POINT('',(5.,11.1));
#6681 = CARTESIAN_POINT('',(5.,0.4));
#6682 = ( GEOMETRIC_REPRESENTATION_CONTEXT(2) 
PARAMETRIC_REPRESENTATION_CONTEXT() REPRESENTATION_CONTEXT('2D SPACE',''
  ) );
#6683 = ORIENTED_EDGE('',*,*,#6684,.F.);
#6684 = EDGE_CURVE('',#6685,#6659,#6687,.T.);
#6685 = VERTEX_POINT('',#6686);
#6686 = CARTESIAN_POINT('',(-31.,34.75,6.75));
#6687 = SURFACE_CURVE('',#6688,(#6693,#6700),.PCURVE_S1.);
#6688 = CIRCLE('',#6689,0.4);
#6689 = AXIS2_PLACEMENT_3D('',#6690,#6691,#6692);
#6690 = CARTESIAN_POINT('',(-31.,34.35,6.75));
#6691 = DIRECTION('',(1.,-1.079521069387E-78,-2.22044604925E-16));
#6692 = DIRECTION('',(-1.094764425254E-47,1.,-4.930380657631E-32));
#6693 = PCURVE('',#1084,#6694);
#6694 = DEFINITIONAL_REPRESENTATION('',(#6695),#6699);
#6695 = CIRCLE('',#6696,0.4);
#6696 = AXIS2_PLACEMENT_2D('',#6697,#6698);
#6697 = CARTESIAN_POINT('',(1.85,-12.85));
#6698 = DIRECTION('',(-4.930380657631E-32,-1.));
#6699 = ( GEOMETRIC_REPRESENTATION_CONTEXT(2) 
PARAMETRIC_REPRESENTATION_CONTEXT() REPRESENTATION_CONTEXT('2D SPACE',''
  ) );
#6700 = PCURVE('',#6701,#6706);
#6701 = CYLINDRICAL_SURFACE('',#6702,0.4);
#6702 = AXIS2_PLACEMENT_3D('',#6703,#6704,#6705);
#6703 = CARTESIAN_POINT('',(-36.,34.35,6.75));
#6704 = DIRECTION('',(1.,0.,-2.22044604925E-16));
#6705 = DIRECTION('',(-2.22044604925E-16,1.,0.));
#6706 = DEFINITIONAL_REPRESENTATION('',(#6707),#6711);
#6707 = LINE('',#6708,#6709);
#6708 = CARTESIAN_POINT('',(0.,5.));
#6709 = VECTOR('',#6710,1.);
#6710 = DIRECTION('',(1.,0.));
#6711 = ( GEOMETRIC_REPRESENTATION_CONTEXT(2) 
PARAMETRIC_REPRESENTATION_CONTEXT() REPRESENTATION_CONTEXT('2D SPACE',''
  ) );
#6712 = ORIENTED_EDGE('',*,*,#6713,.F.);
#6713 = EDGE_CURVE('',#6714,#6685,#6716,.T.);
#6714 = VERTEX_POINT('',#6715);
#6715 = CARTESIAN_POINT('',(-31.,34.75,6.05));
#6716 = SURFACE_CURVE('',#6717,(#6721,#6727),.PCURVE_S1.);
#6717 = LINE('',#6718,#6719);
#6718 = CARTESIAN_POINT('',(-31.,34.75,5.275));
#6719 = VECTOR('',#6720,1.);
#6720 = DIRECTION('',(0.,-0.,1.));
#6721 = PCURVE('',#1084,#6722);
#6722 = DEFINITIONAL_REPRESENTATION('',(#6723),#6726);
#6723 = B_SPLINE_CURVE_WITH_KNOTS('',1,(#6724,#6725),.UNSPECIFIED.,.F.,
  .F.,(2,2),(0.775,1.475),.PIECEWISE_BEZIER_KNOTS.);
#6724 = CARTESIAN_POINT('',(1.15,-13.25));
#6725 = CARTESIAN_POINT('',(1.85,-13.25));
#6726 = ( GEOMETRIC_REPRESENTATION_CONTEXT(2) 
PARAMETRIC_REPRESENTATION_CONTEXT() REPRESENTATION_CONTEXT('2D SPACE',''
  ) );
#6727 = PCURVE('',#6728,#6733);
#6728 = PLANE('',#6729);
#6729 = AXIS2_PLACEMENT_3D('',#6730,#6731,#6732);
#6730 = CARTESIAN_POINT('',(-36.,34.75,5.65));
#6731 = DIRECTION('',(-2.22044604925E-16,1.,0.));
#6732 = DIRECTION('',(1.,0.,-2.22044604925E-16));
#6733 = DEFINITIONAL_REPRESENTATION('',(#6734),#6737);
#6734 = B_SPLINE_CURVE_WITH_KNOTS('',1,(#6735,#6736),.UNSPECIFIED.,.F.,
  .F.,(2,2),(0.775,1.475),.PIECEWISE_BEZIER_KNOTS.);
#6735 = CARTESIAN_POINT('',(5.,-0.4));
#6736 = CARTESIAN_POINT('',(5.,-1.1));
#6737 = ( GEOMETRIC_REPRESENTATION_CONTEXT(2) 
PARAMETRIC_REPRESENTATION_CONTEXT() REPRESENTATION_CONTEXT('2D SPACE',''
  ) );
#6738 = ORIENTED_EDGE('',*,*,#6739,.F.);
#6739 = EDGE_CURVE('',#6740,#6714,#6742,.T.);
#6740 = VERTEX_POINT('',#6741);
#6741 = CARTESIAN_POINT('',(-31.,34.35,5.65));
#6742 = SURFACE_CURVE('',#6743,(#6748,#6755),.PCURVE_S1.);
#6743 = CIRCLE('',#6744,0.4);
#6744 = AXIS2_PLACEMENT_3D('',#6745,#6746,#6747);
#6745 = CARTESIAN_POINT('',(-31.,34.35,6.05));
#6746 = DIRECTION('',(1.,-1.079521069387E-78,-2.22044604925E-16));
#6747 = DIRECTION('',(-1.094764425254E-47,1.,-4.930380657631E-32));
#6748 = PCURVE('',#1084,#6749);
#6749 = DEFINITIONAL_REPRESENTATION('',(#6750),#6754);
#6750 = CIRCLE('',#6751,0.4);
#6751 = AXIS2_PLACEMENT_2D('',#6752,#6753);
#6752 = CARTESIAN_POINT('',(1.15,-12.85));
#6753 = DIRECTION('',(-4.930380657631E-32,-1.));
#6754 = ( GEOMETRIC_REPRESENTATION_CONTEXT(2) 
PARAMETRIC_REPRESENTATION_CONTEXT() REPRESENTATION_CONTEXT('2D SPACE',''
  ) );
#6755 = PCURVE('',#6756,#6761);
#6756 = CYLINDRICAL_SURFACE('',#6757,0.4);
#6757 = AXIS2_PLACEMENT_3D('',#6758,#6759,#6760);
#6758 = CARTESIAN_POINT('',(-36.,34.35,6.05));
#6759 = DIRECTION('',(1.,0.,-2.22044604925E-16));
#6760 = DIRECTION('',(-2.22044604925E-16,1.,0.));
#6761 = DEFINITIONAL_REPRESENTATION('',(#6762),#6766);
#6762 = LINE('',#6763,#6764);
#6763 = CARTESIAN_POINT('',(-6.28318530718,5.));
#6764 = VECTOR('',#6765,1.);
#6765 = DIRECTION('',(1.,-0.));
#6766 = ( GEOMETRIC_REPRESENTATION_CONTEXT(2) 
PARAMETRIC_REPRESENTATION_CONTEXT() REPRESENTATION_CONTEXT('2D SPACE',''
  ) );
#6767 = ORIENTED_EDGE('',*,*,#6768,.T.);
#6768 = EDGE_CURVE('',#6740,#6575,#6769,.T.);
#6769 = SURFACE_CURVE('',#6770,(#6774,#6780),.PCURVE_S1.);
#6770 = LINE('',#6771,#6772);
#6771 = CARTESIAN_POINT('',(-31.,22.375,5.65));
#6772 = VECTOR('',#6773,1.);
#6773 = DIRECTION('',(0.,-1.,-2.22044604925E-16));
#6774 = PCURVE('',#1084,#6775);
#6775 = DEFINITIONAL_REPRESENTATION('',(#6776),#6779);
#6776 = B_SPLINE_CURVE_WITH_KNOTS('',1,(#6777,#6778),.UNSPECIFIED.,.F.,
  .F.,(2,2),(-11.975,-1.275),.PIECEWISE_BEZIER_KNOTS.);
#6777 = CARTESIAN_POINT('',(0.75,-12.85));
#6778 = CARTESIAN_POINT('',(0.75,-2.15));
#6779 = ( GEOMETRIC_REPRESENTATION_CONTEXT(2) 
PARAMETRIC_REPRESENTATION_CONTEXT() REPRESENTATION_CONTEXT('2D SPACE',''
  ) );
#6780 = PCURVE('',#6781,#6786);
#6781 = PLANE('',#6782);
#6782 = AXIS2_PLACEMENT_3D('',#6783,#6784,#6785);
#6783 = CARTESIAN_POINT('',(-36.,23.25,5.65));
#6784 = DIRECTION('',(0.,-2.22044604925E-16,1.));
#6785 = DIRECTION('',(1.,0.,-2.22044604925E-16));
#6786 = DEFINITIONAL_REPRESENTATION('',(#6787),#6790);
#6787 = B_SPLINE_CURVE_WITH_KNOTS('',1,(#6788,#6789),.UNSPECIFIED.,.F.,
  .F.,(2,2),(-11.975,-1.275),.PIECEWISE_BEZIER_KNOTS.);
#6788 = CARTESIAN_POINT('',(5.,11.1));
#6789 = CARTESIAN_POINT('',(5.,0.4));
#6790 = ( GEOMETRIC_REPRESENTATION_CONTEXT(2) 
PARAMETRIC_REPRESENTATION_CONTEXT() REPRESENTATION_CONTEXT('2D SPACE',''
  ) );
#6791 = ADVANCED_FACE('',(#6792),#1058,.T.);
#6792 = FACE_BOUND('',#6793,.T.);
#6793 = EDGE_LOOP('',(#6794,#6815,#6816,#6817));
#6794 = ORIENTED_EDGE('',*,*,#6795,.F.);
#6795 = EDGE_CURVE('',#6525,#6428,#6796,.T.);
#6796 = SURFACE_CURVE('',#6797,(#6801,#6808),.PCURVE_S1.);
#6797 = LINE('',#6798,#6799);
#6798 = CARTESIAN_POINT('',(-31.,21.5,4.9));
#6799 = VECTOR('',#6800,1.);
#6800 = DIRECTION('',(1.,0.,0.));
#6801 = PCURVE('',#1058,#6802);
#6802 = DEFINITIONAL_REPRESENTATION('',(#6803),#6807);
#6803 = LINE('',#6804,#6805);
#6804 = CARTESIAN_POINT('',(0.,0.));
#6805 = VECTOR('',#6806,1.);
#6806 = DIRECTION('',(0.,1.));
#6807 = ( GEOMETRIC_REPRESENTATION_CONTEXT(2) 
PARAMETRIC_REPRESENTATION_CONTEXT() REPRESENTATION_CONTEXT('2D SPACE',''
  ) );
#6808 = PCURVE('',#6442,#6809);
#6809 = DEFINITIONAL_REPRESENTATION('',(#6810),#6814);
#6810 = LINE('',#6811,#6812);
#6811 = CARTESIAN_POINT('',(0.,0.));
#6812 = VECTOR('',#6813,1.);
#6813 = DIRECTION('',(1.,0.));
#6814 = ( GEOMETRIC_REPRESENTATION_CONTEXT(2) 
PARAMETRIC_REPRESENTATION_CONTEXT() REPRESENTATION_CONTEXT('2D SPACE',''
  ) );
#6815 = ORIENTED_EDGE('',*,*,#6524,.T.);
#6816 = ORIENTED_EDGE('',*,*,#1043,.F.);
#6817 = ORIENTED_EDGE('',*,*,#6453,.F.);
#6818 = ADVANCED_FACE('',(#6819),#1004,.T.);
#6819 = FACE_BOUND('',#6820,.T.);
#6820 = EDGE_LOOP('',(#6821,#6842,#6843,#6844));
#6821 = ORIENTED_EDGE('',*,*,#6822,.F.);
#6822 = EDGE_CURVE('',#6298,#6823,#6825,.T.);
#6823 = VERTEX_POINT('',#6824);
#6824 = CARTESIAN_POINT('',(-30.38564064605,11.3,2.55));
#6825 = SURFACE_CURVE('',#6826,(#6830,#6836),.PCURVE_S1.);
#6826 = LINE('',#6827,#6828);
#6827 = CARTESIAN_POINT('',(-31.4,11.3,2.55));
#6828 = VECTOR('',#6829,1.);
#6829 = DIRECTION('',(1.,0.,0.));
#6830 = PCURVE('',#1004,#6831);
#6831 = DEFINITIONAL_REPRESENTATION('',(#6832),#6835);
#6832 = B_SPLINE_CURVE_WITH_KNOTS('',1,(#6833,#6834),.UNSPECIFIED.,.F.,
  .F.,(2,2),(1.,1.014359353945),.PIECEWISE_BEZIER_KNOTS.);
#6833 = CARTESIAN_POINT('',(2.,1.3));
#6834 = CARTESIAN_POINT('',(2.,1.314359353945));
#6835 = ( GEOMETRIC_REPRESENTATION_CONTEXT(2) 
PARAMETRIC_REPRESENTATION_CONTEXT() REPRESENTATION_CONTEXT('2D SPACE',''
  ) );
#6836 = PCURVE('',#6333,#6837);
#6837 = DEFINITIONAL_REPRESENTATION('',(#6838),#6841);
#6838 = B_SPLINE_CURVE_WITH_KNOTS('',1,(#6839,#6840),.UNSPECIFIED.,.F.,
  .F.,(2,2),(1.,1.014359353945),.PIECEWISE_BEZIER_KNOTS.);
#6839 = CARTESIAN_POINT('',(0.7,0.45));
#6840 = CARTESIAN_POINT('',(0.714359353945,0.45));
#6841 = ( GEOMETRIC_REPRESENTATION_CONTEXT(2) 
PARAMETRIC_REPRESENTATION_CONTEXT() REPRESENTATION_CONTEXT('2D SPACE',''
  ) );
#6842 = ORIENTED_EDGE('',*,*,#6297,.T.);
#6843 = ORIENTED_EDGE('',*,*,#988,.T.);
#6844 = ORIENTED_EDGE('',*,*,#6845,.T.);
#6845 = EDGE_CURVE('',#960,#6823,#6846,.T.);
#6846 = SURFACE_CURVE('',#6847,(#6851,#6857),.PCURVE_S1.);
#6847 = LINE('',#6848,#6849);
#6848 = CARTESIAN_POINT('',(-30.38564064605,11.3,0.55));
#6849 = VECTOR('',#6850,1.);
#6850 = DIRECTION('',(-0.,-0.,-1.));
#6851 = PCURVE('',#1004,#6852);
#6852 = DEFINITIONAL_REPRESENTATION('',(#6853),#6856);
#6853 = B_SPLINE_CURVE_WITH_KNOTS('',1,(#6854,#6855),.UNSPECIFIED.,.F.,
  .F.,(2,2),(-7.2000006,6.000000000173E-07),.PIECEWISE_BEZIER_KNOTS.);
#6854 = CARTESIAN_POINT('',(7.2000006,1.314359353945));
#6855 = CARTESIAN_POINT('',(-6.000000000173E-07,1.314359353945));
#6856 = ( GEOMETRIC_REPRESENTATION_CONTEXT(2) 
PARAMETRIC_REPRESENTATION_CONTEXT() REPRESENTATION_CONTEXT('2D SPACE',''
  ) );
#6857 = PCURVE('',#976,#6858);
#6858 = DEFINITIONAL_REPRESENTATION('',(#6859),#6862);
#6859 = B_SPLINE_CURVE_WITH_KNOTS('',1,(#6860,#6861),.UNSPECIFIED.,.F.,
  .F.,(2,2),(-7.2000006,6.000000000173E-07),.PIECEWISE_BEZIER_KNOTS.);
#6860 = CARTESIAN_POINT('',(-8.67125734417,-7.2000006));
#6861 = CARTESIAN_POINT('',(-8.67125734417,6.000000000173E-07));
#6862 = ( GEOMETRIC_REPRESENTATION_CONTEXT(2) 
PARAMETRIC_REPRESENTATION_CONTEXT() REPRESENTATION_CONTEXT('2D SPACE',''
  ) );
#6863 = ADVANCED_FACE('',(#6864),#976,.T.);
#6864 = FACE_BOUND('',#6865,.F.);
#6865 = EDGE_LOOP('',(#6866,#6867,#6868,#6896,#6915,#6916));
#6866 = ORIENTED_EDGE('',*,*,#959,.T.);
#6867 = ORIENTED_EDGE('',*,*,#6845,.T.);
#6868 = ORIENTED_EDGE('',*,*,#6869,.T.);
#6869 = EDGE_CURVE('',#6823,#6870,#6872,.T.);
#6870 = VERTEX_POINT('',#6871);
#6871 = CARTESIAN_POINT('',(-27.3007354532,10.85,2.55));
#6872 = SURFACE_CURVE('',#6873,(#6878,#6885),.PCURVE_S1.);
#6873 = CIRCLE('',#6874,1.9);
#6874 = AXIS2_PLACEMENT_3D('',#6875,#6876,#6877);
#6875 = CARTESIAN_POINT('',(-29.,10.,2.55));
#6876 = DIRECTION('',(0.,0.,-1.));
#6877 = DIRECTION('',(1.,0.,0.));
#6878 = PCURVE('',#976,#6879);
#6879 = DEFINITIONAL_REPRESENTATION('',(#6880),#6884);
#6880 = LINE('',#6881,#6882);
#6881 = CARTESIAN_POINT('',(-12.56637061435,-2.));
#6882 = VECTOR('',#6883,1.);
#6883 = DIRECTION('',(1.,-0.));
#6884 = ( GEOMETRIC_REPRESENTATION_CONTEXT(2) 
PARAMETRIC_REPRESENTATION_CONTEXT() REPRESENTATION_CONTEXT('2D SPACE',''
  ) );
#6885 = PCURVE('',#6333,#6886);
#6886 = DEFINITIONAL_REPRESENTATION('',(#6887),#6895);
#6887 = ( BOUNDED_CURVE() B_SPLINE_CURVE(2,(#6888,#6889,#6890,#6891,
#6892,#6893,#6894),.UNSPECIFIED.,.T.,.F.) B_SPLINE_CURVE_WITH_KNOTS((1,2
    ,2,2,2,1),(-2.094395102393,0.,2.094395102393,4.188790204786,
6.28318530718,8.377580409573),.UNSPECIFIED.) CURVE() 
GEOMETRIC_REPRESENTATION_ITEM() RATIONAL_B_SPLINE_CURVE((1.,0.5,1.,0.5,
1.,0.5,1.)) REPRESENTATION_ITEM('') );
#6888 = CARTESIAN_POINT('',(4.,-0.85));
#6889 = CARTESIAN_POINT('',(4.,-4.140896534381));
#6890 = CARTESIAN_POINT('',(1.15,-2.49544826719));
#6891 = CARTESIAN_POINT('',(-1.7,-0.85));
#6892 = CARTESIAN_POINT('',(1.15,0.79544826719));
#6893 = CARTESIAN_POINT('',(4.,2.440896534381));
#6894 = CARTESIAN_POINT('',(4.,-0.85));
#6895 = ( GEOMETRIC_REPRESENTATION_CONTEXT(2) 
PARAMETRIC_REPRESENTATION_CONTEXT() REPRESENTATION_CONTEXT('2D SPACE',''
  ) );
#6896 = ORIENTED_EDGE('',*,*,#6897,.T.);
#6897 = EDGE_CURVE('',#6870,#3521,#6898,.T.);
#6898 = SURFACE_CURVE('',#6899,(#6903,#6909),.PCURVE_S1.);
#6899 = LINE('',#6900,#6901);
#6900 = CARTESIAN_POINT('',(-27.3007354532,10.85,0.55));
#6901 = VECTOR('',#6902,1.);
#6902 = DIRECTION('',(-0.,-0.,-1.));
#6903 = PCURVE('',#976,#6904);
#6904 = DEFINITIONAL_REPRESENTATION('',(#6905),#6908);
#6905 = B_SPLINE_CURVE_WITH_KNOTS('',1,(#6906,#6907),.UNSPECIFIED.,.F.,
  .F.,(2,2),(-2.2,6.000000000173E-07),.PIECEWISE_BEZIER_KNOTS.);
#6906 = CARTESIAN_POINT('',(-6.747006023903,-2.2));
#6907 = CARTESIAN_POINT('',(-6.747006023903,6.000000000173E-07));
#6908 = ( GEOMETRIC_REPRESENTATION_CONTEXT(2) 
PARAMETRIC_REPRESENTATION_CONTEXT() REPRESENTATION_CONTEXT('2D SPACE',''
  ) );
#6909 = PCURVE('',#3564,#6910);
#6910 = DEFINITIONAL_REPRESENTATION('',(#6911),#6914);
#6911 = B_SPLINE_CURVE_WITH_KNOTS('',1,(#6912,#6913),.UNSPECIFIED.,.F.,
  .F.,(2,2),(-2.2,6.000000000173E-07),.PIECEWISE_BEZIER_KNOTS.);
#6912 = CARTESIAN_POINT('',(2.2,3.799264546797));
#6913 = CARTESIAN_POINT('',(-6.000000000173E-07,3.799264546797));
#6914 = ( GEOMETRIC_REPRESENTATION_CONTEXT(2) 
PARAMETRIC_REPRESENTATION_CONTEXT() REPRESENTATION_CONTEXT('2D SPACE',''
  ) );
#6915 = ORIENTED_EDGE('',*,*,#3520,.T.);
#6916 = ORIENTED_EDGE('',*,*,#6917,.F.);
#6917 = EDGE_CURVE('',#932,#3498,#6918,.T.);
#6918 = SURFACE_CURVE('',#6919,(#6923,#6929),.PCURVE_S1.);
#6919 = LINE('',#6920,#6921);
#6920 = CARTESIAN_POINT('',(-30.38564064605,8.7,0.55));
#6921 = VECTOR('',#6922,1.);
#6922 = DIRECTION('',(-0.,-0.,-1.));
#6923 = PCURVE('',#976,#6924);
#6924 = DEFINITIONAL_REPRESENTATION('',(#6925),#6928);
#6925 = B_SPLINE_CURVE_WITH_KNOTS('',1,(#6926,#6927),.UNSPECIFIED.,.F.,
  .F.,(2,2),(-7.2000006,6.000000000173E-07),.PIECEWISE_BEZIER_KNOTS.);
#6926 = CARTESIAN_POINT('',(-3.89511327019,-7.2000006));
#6927 = CARTESIAN_POINT('',(-3.89511327019,6.000000000173E-07));
#6928 = ( GEOMETRIC_REPRESENTATION_CONTEXT(2) 
PARAMETRIC_REPRESENTATION_CONTEXT() REPRESENTATION_CONTEXT('2D SPACE',''
  ) );
#6929 = PCURVE('',#947,#6930);
#6930 = DEFINITIONAL_REPRESENTATION('',(#6931),#6934);
#6931 = B_SPLINE_CURVE_WITH_KNOTS('',1,(#6932,#6933),.UNSPECIFIED.,.F.,
  .F.,(2,2),(-7.2000006,6.000000000173E-07),.PIECEWISE_BEZIER_KNOTS.);
#6932 = CARTESIAN_POINT('',(7.2000006,1.314359353945));
#6933 = CARTESIAN_POINT('',(-6.000000000173E-07,1.314359353945));
#6934 = ( GEOMETRIC_REPRESENTATION_CONTEXT(2) 
PARAMETRIC_REPRESENTATION_CONTEXT() REPRESENTATION_CONTEXT('2D SPACE',''
  ) );
#6935 = ADVANCED_FACE('',(#6936),#947,.F.);
#6936 = FACE_BOUND('',#6937,.F.);
#6937 = EDGE_LOOP('',(#6938,#6939,#6958,#6959));
#6938 = ORIENTED_EDGE('',*,*,#3497,.F.);
#6939 = ORIENTED_EDGE('',*,*,#6940,.T.);
#6940 = EDGE_CURVE('',#3476,#905,#6941,.T.);
#6941 = SURFACE_CURVE('',#6942,(#6946,#6952),.PCURVE_S1.);
#6942 = LINE('',#6943,#6944);
#6943 = CARTESIAN_POINT('',(-30.4,8.7,0.475));
#6944 = VECTOR('',#6945,1.);
#6945 = DIRECTION('',(0.,0.,1.));
#6946 = PCURVE('',#947,#6947);
#6947 = DEFINITIONAL_REPRESENTATION('',(#6948),#6951);
#6948 = B_SPLINE_CURVE_WITH_KNOTS('',1,(#6949,#6950),.UNSPECIFIED.,.F.,
  .F.,(2,2),(7.5E-02,7.275),.PIECEWISE_BEZIER_KNOTS.);
#6949 = CARTESIAN_POINT('',(0.,1.3));
#6950 = CARTESIAN_POINT('',(7.2,1.3));
#6951 = ( GEOMETRIC_REPRESENTATION_CONTEXT(2) 
PARAMETRIC_REPRESENTATION_CONTEXT() REPRESENTATION_CONTEXT('2D SPACE',''
  ) );
#6952 = PCURVE('',#920,#6953);
#6953 = DEFINITIONAL_REPRESENTATION('',(#6954),#6957);
#6954 = B_SPLINE_CURVE_WITH_KNOTS('',1,(#6955,#6956),.UNSPECIFIED.,.F.,
  .F.,(2,2),(7.5E-02,7.275),.PIECEWISE_BEZIER_KNOTS.);
#6955 = CARTESIAN_POINT('',(0.15,-71.1));
#6956 = CARTESIAN_POINT('',(7.35,-71.1));
#6957 = ( GEOMETRIC_REPRESENTATION_CONTEXT(2) 
PARAMETRIC_REPRESENTATION_CONTEXT() REPRESENTATION_CONTEXT('2D SPACE',''
  ) );
#6958 = ORIENTED_EDGE('',*,*,#931,.T.);
#6959 = ORIENTED_EDGE('',*,*,#6917,.T.);
#6960 = ADVANCED_FACE('',(#6961),#920,.T.);
#6961 = FACE_BOUND('',#6962,.T.);
#6962 = EDGE_LOOP('',(#6963,#6964,#6985,#6986,#7007,#7034,#7053,#7054,
    #7076,#7103,#7122,#7123,#7144,#7166,#7186,#7187));
#6963 = ORIENTED_EDGE('',*,*,#904,.F.);
#6964 = ORIENTED_EDGE('',*,*,#6965,.F.);
#6965 = EDGE_CURVE('',#2073,#876,#6966,.T.);
#6966 = SURFACE_CURVE('',#6967,(#6971,#6978),.PCURVE_S1.);
#6967 = LINE('',#6968,#6969);
#6968 = CARTESIAN_POINT('',(-30.4,-58.,0.4));
#6969 = VECTOR('',#6970,1.);
#6970 = DIRECTION('',(0.,0.,1.));
#6971 = PCURVE('',#920,#6972);
#6972 = DEFINITIONAL_REPRESENTATION('',(#6973),#6977);
#6973 = LINE('',#6974,#6975);
#6974 = CARTESIAN_POINT('',(0.,-4.4));
#6975 = VECTOR('',#6976,1.);
#6976 = DIRECTION('',(1.,0.));
#6977 = ( GEOMETRIC_REPRESENTATION_CONTEXT(2) 
PARAMETRIC_REPRESENTATION_CONTEXT() REPRESENTATION_CONTEXT('2D SPACE',''
  ) );
#6978 = PCURVE('',#892,#6979);
#6979 = DEFINITIONAL_REPRESENTATION('',(#6980),#6984);
#6980 = LINE('',#6981,#6982);
#6981 = CARTESIAN_POINT('',(0.,0.));
#6982 = VECTOR('',#6983,1.);
#6983 = DIRECTION('',(0.,1.));
#6984 = ( GEOMETRIC_REPRESENTATION_CONTEXT(2) 
PARAMETRIC_REPRESENTATION_CONTEXT() REPRESENTATION_CONTEXT('2D SPACE',''
  ) );
#6985 = ORIENTED_EDGE('',*,*,#2098,.T.);
#6986 = ORIENTED_EDGE('',*,*,#6987,.T.);
#6987 = EDGE_CURVE('',#2099,#6988,#6990,.T.);
#6988 = VERTEX_POINT('',#6989);
#6989 = CARTESIAN_POINT('',(-30.4,-21.7,1.75));
#6990 = SURFACE_CURVE('',#6991,(#6995,#7001),.PCURVE_S1.);
#6991 = LINE('',#6992,#6993);
#6992 = CARTESIAN_POINT('',(-30.4,-21.7,0.475));
#6993 = VECTOR('',#6994,1.);
#6994 = DIRECTION('',(0.,0.,1.));
#6995 = PCURVE('',#920,#6996);
#6996 = DEFINITIONAL_REPRESENTATION('',(#6997),#7000);
#6997 = B_SPLINE_CURVE_WITH_KNOTS('',1,(#6998,#6999),.UNSPECIFIED.,.F.,
  .F.,(2,2),(7.5E-02,1.275),.PIECEWISE_BEZIER_KNOTS.);
#6998 = CARTESIAN_POINT('',(0.15,-40.7));
#6999 = CARTESIAN_POINT('',(1.35,-40.7));
#7000 = ( GEOMETRIC_REPRESENTATION_CONTEXT(2) 
PARAMETRIC_REPRESENTATION_CONTEXT() REPRESENTATION_CONTEXT('2D SPACE',''
  ) );
#7001 = PCURVE('',#2136,#7002);
#7002 = DEFINITIONAL_REPRESENTATION('',(#7003),#7006);
#7003 = B_SPLINE_CURVE_WITH_KNOTS('',1,(#7004,#7005),.UNSPECIFIED.,.F.,
  .F.,(2,2),(7.5E-02,1.275),.PIECEWISE_BEZIER_KNOTS.);
#7004 = CARTESIAN_POINT('',(0.,0.9));
#7005 = CARTESIAN_POINT('',(1.2,0.9));
#7006 = ( GEOMETRIC_REPRESENTATION_CONTEXT(2) 
PARAMETRIC_REPRESENTATION_CONTEXT() REPRESENTATION_CONTEXT('2D SPACE',''
  ) );
#7007 = ORIENTED_EDGE('',*,*,#7008,.F.);
#7008 = EDGE_CURVE('',#7009,#6988,#7011,.T.);
#7009 = VERTEX_POINT('',#7010);
#7010 = CARTESIAN_POINT('',(-30.4,-21.1,1.75));
#7011 = SURFACE_CURVE('',#7012,(#7016,#7022),.PCURVE_S1.);
#7012 = LINE('',#7013,#7014);
#7013 = CARTESIAN_POINT('',(-30.4,-42.05,1.75));
#7014 = VECTOR('',#7015,1.);
#7015 = DIRECTION('',(0.,-1.,0.));
#7016 = PCURVE('',#920,#7017);
#7017 = DEFINITIONAL_REPRESENTATION('',(#7018),#7021);
#7018 = B_SPLINE_CURVE_WITH_KNOTS('',1,(#7019,#7020),.UNSPECIFIED.,.F.,
  .F.,(2,2),(-20.95,-20.35),.PIECEWISE_BEZIER_KNOTS.);
#7019 = CARTESIAN_POINT('',(1.35,-41.3));
#7020 = CARTESIAN_POINT('',(1.35,-40.7));
#7021 = ( GEOMETRIC_REPRESENTATION_CONTEXT(2) 
PARAMETRIC_REPRESENTATION_CONTEXT() REPRESENTATION_CONTEXT('2D SPACE',''
  ) );
#7022 = PCURVE('',#7023,#7028);
#7023 = PLANE('',#7024);
#7024 = AXIS2_PLACEMENT_3D('',#7025,#7026,#7027);
#7025 = CARTESIAN_POINT('',(-31.3,-59.9,1.75));
#7026 = DIRECTION('',(0.,0.,1.));
#7027 = DIRECTION('',(1.,0.,0.));
#7028 = DEFINITIONAL_REPRESENTATION('',(#7029),#7033);
#7029 = LINE('',#7030,#7031);
#7030 = CARTESIAN_POINT('',(0.9,17.85));
#7031 = VECTOR('',#7032,1.);
#7032 = DIRECTION('',(0.,-1.));
#7033 = ( GEOMETRIC_REPRESENTATION_CONTEXT(2) 
PARAMETRIC_REPRESENTATION_CONTEXT() REPRESENTATION_CONTEXT('2D SPACE',''
  ) );
#7034 = ORIENTED_EDGE('',*,*,#7035,.F.);
#7035 = EDGE_CURVE('',#2433,#7009,#7036,.T.);
#7036 = SURFACE_CURVE('',#7037,(#7041,#7047),.PCURVE_S1.);
#7037 = LINE('',#7038,#7039);
#7038 = CARTESIAN_POINT('',(-30.4,-21.1,0.475));
#7039 = VECTOR('',#7040,1.);
#7040 = DIRECTION('',(0.,0.,1.));
#7041 = PCURVE('',#920,#7042);
#7042 = DEFINITIONAL_REPRESENTATION('',(#7043),#7046);
#7043 = B_SPLINE_CURVE_WITH_KNOTS('',1,(#7044,#7045),.UNSPECIFIED.,.F.,
  .F.,(2,2),(7.5E-02,1.275),.PIECEWISE_BEZIER_KNOTS.);
#7044 = CARTESIAN_POINT('',(0.15,-41.3));
#7045 = CARTESIAN_POINT('',(1.35,-41.3));
#7046 = ( GEOMETRIC_REPRESENTATION_CONTEXT(2) 
PARAMETRIC_REPRESENTATION_CONTEXT() REPRESENTATION_CONTEXT('2D SPACE',''
  ) );
#7047 = PCURVE('',#2448,#7048);
#7048 = DEFINITIONAL_REPRESENTATION('',(#7049),#7052);
#7049 = B_SPLINE_CURVE_WITH_KNOTS('',1,(#7050,#7051),.UNSPECIFIED.,.F.,
  .F.,(2,2),(7.5E-02,1.275),.PIECEWISE_BEZIER_KNOTS.);
#7050 = CARTESIAN_POINT('',(0.,0.9));
#7051 = CARTESIAN_POINT('',(1.2,0.9));
#7052 = ( GEOMETRIC_REPRESENTATION_CONTEXT(2) 
PARAMETRIC_REPRESENTATION_CONTEXT() REPRESENTATION_CONTEXT('2D SPACE',''
  ) );
#7053 = ORIENTED_EDGE('',*,*,#2460,.T.);
#7054 = ORIENTED_EDGE('',*,*,#7055,.T.);
#7055 = EDGE_CURVE('',#2461,#7056,#7058,.T.);
#7056 = VERTEX_POINT('',#7057);
#7057 = CARTESIAN_POINT('',(-30.4,-19.85,1.75));
#7058 = SURFACE_CURVE('',#7059,(#7063,#7069),.PCURVE_S1.);
#7059 = LINE('',#7060,#7061);
#7060 = CARTESIAN_POINT('',(-30.4,-19.85,0.475));
#7061 = VECTOR('',#7062,1.);
#7062 = DIRECTION('',(0.,0.,1.));
#7063 = PCURVE('',#920,#7064);
#7064 = DEFINITIONAL_REPRESENTATION('',(#7065),#7068);
#7065 = B_SPLINE_CURVE_WITH_KNOTS('',1,(#7066,#7067),.UNSPECIFIED.,.F.,
  .F.,(2,2),(7.5E-02,1.275),.PIECEWISE_BEZIER_KNOTS.);
#7066 = CARTESIAN_POINT('',(0.15,-42.55));
#7067 = CARTESIAN_POINT('',(1.35,-42.55));
#7068 = ( GEOMETRIC_REPRESENTATION_CONTEXT(2) 
PARAMETRIC_REPRESENTATION_CONTEXT() REPRESENTATION_CONTEXT('2D SPACE',''
  ) );
#7069 = PCURVE('',#2498,#7070);
#7070 = DEFINITIONAL_REPRESENTATION('',(#7071),#7075);
#7071 = LINE('',#7072,#7073);
#7072 = CARTESIAN_POINT('',(-7.5E-02,0.6));
#7073 = VECTOR('',#7074,1.);
#7074 = DIRECTION('',(1.,0.));
#7075 = ( GEOMETRIC_REPRESENTATION_CONTEXT(2) 
PARAMETRIC_REPRESENTATION_CONTEXT() REPRESENTATION_CONTEXT('2D SPACE',''
  ) );
#7076 = ORIENTED_EDGE('',*,*,#7077,.F.);
#7077 = EDGE_CURVE('',#7078,#7056,#7080,.T.);
#7078 = VERTEX_POINT('',#7079);
#7079 = CARTESIAN_POINT('',(-30.4,-19.25,1.75));
#7080 = SURFACE_CURVE('',#7081,(#7085,#7091),.PCURVE_S1.);
#7081 = LINE('',#7082,#7083);
#7082 = CARTESIAN_POINT('',(-30.4,-41.125,1.75));
#7083 = VECTOR('',#7084,1.);
#7084 = DIRECTION('',(0.,-1.,0.));
#7085 = PCURVE('',#920,#7086);
#7086 = DEFINITIONAL_REPRESENTATION('',(#7087),#7090);
#7087 = B_SPLINE_CURVE_WITH_KNOTS('',1,(#7088,#7089),.UNSPECIFIED.,.F.,
  .F.,(2,2),(-21.875,-21.275),.PIECEWISE_BEZIER_KNOTS.);
#7088 = CARTESIAN_POINT('',(1.35,-43.15));
#7089 = CARTESIAN_POINT('',(1.35,-42.55));
#7090 = ( GEOMETRIC_REPRESENTATION_CONTEXT(2) 
PARAMETRIC_REPRESENTATION_CONTEXT() REPRESENTATION_CONTEXT('2D SPACE',''
  ) );
#7091 = PCURVE('',#7092,#7097);
#7092 = PLANE('',#7093);
#7093 = AXIS2_PLACEMENT_3D('',#7094,#7095,#7096);
#7094 = CARTESIAN_POINT('',(-31.,6.95,1.75));
#7095 = DIRECTION('',(0.,0.,1.));
#7096 = DIRECTION('',(1.,0.,0.));
#7097 = DEFINITIONAL_REPRESENTATION('',(#7098),#7102);
#7098 = LINE('',#7099,#7100);
#7099 = CARTESIAN_POINT('',(0.6,-48.075));
#7100 = VECTOR('',#7101,1.);
#7101 = DIRECTION('',(0.,-1.));
#7102 = ( GEOMETRIC_REPRESENTATION_CONTEXT(2) 
PARAMETRIC_REPRESENTATION_CONTEXT() REPRESENTATION_CONTEXT('2D SPACE',''
  ) );
#7103 = ORIENTED_EDGE('',*,*,#7104,.F.);
#7104 = EDGE_CURVE('',#3147,#7078,#7105,.T.);
#7105 = SURFACE_CURVE('',#7106,(#7110,#7116),.PCURVE_S1.);
#7106 = LINE('',#7107,#7108);
#7107 = CARTESIAN_POINT('',(-30.4,-19.25,0.475));
#7108 = VECTOR('',#7109,1.);
#7109 = DIRECTION('',(0.,0.,1.));
#7110 = PCURVE('',#920,#7111);
#7111 = DEFINITIONAL_REPRESENTATION('',(#7112),#7115);
#7112 = B_SPLINE_CURVE_WITH_KNOTS('',1,(#7113,#7114),.UNSPECIFIED.,.F.,
  .F.,(2,2),(7.5E-02,1.275),.PIECEWISE_BEZIER_KNOTS.);
#7113 = CARTESIAN_POINT('',(0.15,-43.15));
#7114 = CARTESIAN_POINT('',(1.35,-43.15));
#7115 = ( GEOMETRIC_REPRESENTATION_CONTEXT(2) 
PARAMETRIC_REPRESENTATION_CONTEXT() REPRESENTATION_CONTEXT('2D SPACE',''
  ) );
#7116 = PCURVE('',#3162,#7117);
#7117 = DEFINITIONAL_REPRESENTATION('',(#7118),#7121);
#7118 = B_SPLINE_CURVE_WITH_KNOTS('',1,(#7119,#7120),.UNSPECIFIED.,.F.,
  .F.,(2,2),(7.5E-02,1.275),.PIECEWISE_BEZIER_KNOTS.);
#7119 = CARTESIAN_POINT('',(0.,0.6));
#7120 = CARTESIAN_POINT('',(1.2,0.6));
#7121 = ( GEOMETRIC_REPRESENTATION_CONTEXT(2) 
PARAMETRIC_REPRESENTATION_CONTEXT() REPRESENTATION_CONTEXT('2D SPACE',''
  ) );
#7122 = ORIENTED_EDGE('',*,*,#3174,.T.);
#7123 = ORIENTED_EDGE('',*,*,#7124,.T.);
#7124 = EDGE_CURVE('',#3089,#7125,#7127,.T.);
#7125 = VERTEX_POINT('',#7126);
#7126 = CARTESIAN_POINT('',(-30.4,6.95,1.75));
#7127 = SURFACE_CURVE('',#7128,(#7132,#7138),.PCURVE_S1.);
#7128 = LINE('',#7129,#7130);
#7129 = CARTESIAN_POINT('',(-30.4,6.95,0.475));
#7130 = VECTOR('',#7131,1.);
#7131 = DIRECTION('',(0.,0.,1.));
#7132 = PCURVE('',#920,#7133);
#7133 = DEFINITIONAL_REPRESENTATION('',(#7134),#7137);
#7134 = B_SPLINE_CURVE_WITH_KNOTS('',1,(#7135,#7136),.UNSPECIFIED.,.F.,
  .F.,(2,2),(7.5E-02,1.275),.PIECEWISE_BEZIER_KNOTS.);
#7135 = CARTESIAN_POINT('',(0.15,-69.35));
#7136 = CARTESIAN_POINT('',(1.35,-69.35));
#7137 = ( GEOMETRIC_REPRESENTATION_CONTEXT(2) 
PARAMETRIC_REPRESENTATION_CONTEXT() REPRESENTATION_CONTEXT('2D SPACE',''
  ) );
#7138 = PCURVE('',#3106,#7139);
#7139 = DEFINITIONAL_REPRESENTATION('',(#7140),#7143);
#7140 = B_SPLINE_CURVE_WITH_KNOTS('',1,(#7141,#7142),.UNSPECIFIED.,.F.,
  .F.,(2,2),(7.5E-02,1.275),.PIECEWISE_BEZIER_KNOTS.);
#7141 = CARTESIAN_POINT('',(0.,0.6));
#7142 = CARTESIAN_POINT('',(1.2,0.6));
#7143 = ( GEOMETRIC_REPRESENTATION_CONTEXT(2) 
PARAMETRIC_REPRESENTATION_CONTEXT() REPRESENTATION_CONTEXT('2D SPACE',''
  ) );
#7144 = ORIENTED_EDGE('',*,*,#7145,.F.);
#7145 = EDGE_CURVE('',#7146,#7125,#7148,.T.);
#7146 = VERTEX_POINT('',#7147);
#7147 = CARTESIAN_POINT('',(-30.4,7.55,1.75));
#7148 = SURFACE_CURVE('',#7149,(#7153,#7159),.PCURVE_S1.);
#7149 = LINE('',#7150,#7151);
#7150 = CARTESIAN_POINT('',(-30.4,-27.725,1.75));
#7151 = VECTOR('',#7152,1.);
#7152 = DIRECTION('',(0.,-1.,0.));
#7153 = PCURVE('',#920,#7154);
#7154 = DEFINITIONAL_REPRESENTATION('',(#7155),#7158);
#7155 = B_SPLINE_CURVE_WITH_KNOTS('',1,(#7156,#7157),.UNSPECIFIED.,.F.,
  .F.,(2,2),(-35.275,-34.675),.PIECEWISE_BEZIER_KNOTS.);
#7156 = CARTESIAN_POINT('',(1.35,-69.95));
#7157 = CARTESIAN_POINT('',(1.35,-69.35));
#7158 = ( GEOMETRIC_REPRESENTATION_CONTEXT(2) 
PARAMETRIC_REPRESENTATION_CONTEXT() REPRESENTATION_CONTEXT('2D SPACE',''
  ) );
#7159 = PCURVE('',#7092,#7160);
#7160 = DEFINITIONAL_REPRESENTATION('',(#7161),#7165);
#7161 = LINE('',#7162,#7163);
#7162 = CARTESIAN_POINT('',(0.6,-34.675));
#7163 = VECTOR('',#7164,1.);
#7164 = DIRECTION('',(0.,-1.));
#7165 = ( GEOMETRIC_REPRESENTATION_CONTEXT(2) 
PARAMETRIC_REPRESENTATION_CONTEXT() REPRESENTATION_CONTEXT('2D SPACE',''
  ) );
#7166 = ORIENTED_EDGE('',*,*,#7167,.F.);
#7167 = EDGE_CURVE('',#3448,#7146,#7168,.T.);
#7168 = SURFACE_CURVE('',#7169,(#7173,#7179),.PCURVE_S1.);
#7169 = LINE('',#7170,#7171);
#7170 = CARTESIAN_POINT('',(-30.4,7.55,0.475));
#7171 = VECTOR('',#7172,1.);
#7172 = DIRECTION('',(0.,0.,1.));
#7173 = PCURVE('',#920,#7174);
#7174 = DEFINITIONAL_REPRESENTATION('',(#7175),#7178);
#7175 = B_SPLINE_CURVE_WITH_KNOTS('',1,(#7176,#7177),.UNSPECIFIED.,.F.,
  .F.,(2,2),(7.5E-02,1.275),.PIECEWISE_BEZIER_KNOTS.);
#7176 = CARTESIAN_POINT('',(0.15,-69.95));
#7177 = CARTESIAN_POINT('',(1.35,-69.95));
#7178 = ( GEOMETRIC_REPRESENTATION_CONTEXT(2) 
PARAMETRIC_REPRESENTATION_CONTEXT() REPRESENTATION_CONTEXT('2D SPACE',''
  ) );
#7179 = PCURVE('',#3463,#7180);
#7180 = DEFINITIONAL_REPRESENTATION('',(#7181),#7185);
#7181 = LINE('',#7182,#7183);
#7182 = CARTESIAN_POINT('',(-7.5E-02,0.6));
#7183 = VECTOR('',#7184,1.);
#7184 = DIRECTION('',(1.,0.));
#7185 = ( GEOMETRIC_REPRESENTATION_CONTEXT(2) 
PARAMETRIC_REPRESENTATION_CONTEXT() REPRESENTATION_CONTEXT('2D SPACE',''
  ) );
#7186 = ORIENTED_EDGE('',*,*,#3475,.T.);
#7187 = ORIENTED_EDGE('',*,*,#6940,.T.);
#7188 = ADVANCED_FACE('',(#7189),#892,.F.);
#7189 = FACE_BOUND('',#7190,.F.);
#7190 = EDGE_LOOP('',(#7191,#7192,#7193,#7214,#7238,#7257,#7258,#7279));
#7191 = ORIENTED_EDGE('',*,*,#6965,.F.);
#7192 = ORIENTED_EDGE('',*,*,#2072,.T.);
#7193 = ORIENTED_EDGE('',*,*,#7194,.T.);
#7194 = EDGE_CURVE('',#2075,#7195,#7197,.T.);
#7195 = VERTEX_POINT('',#7196);
#7196 = CARTESIAN_POINT('',(-30.20356991139,-59.3,1.75));
#7197 = SURFACE_CURVE('',#7198,(#7202,#7208),.PCURVE_S1.);
#7198 = LINE('',#7199,#7200);
#7199 = CARTESIAN_POINT('',(-30.20356991139,-59.3,0.4));
#7200 = VECTOR('',#7201,1.);
#7201 = DIRECTION('',(0.,0.,1.));
#7202 = PCURVE('',#892,#7203);
#7203 = DEFINITIONAL_REPRESENTATION('',(#7204),#7207);
#7204 = B_SPLINE_CURVE_WITH_KNOTS('',1,(#7205,#7206),.UNSPECIFIED.,.F.,
  .F.,(2,2),(0.1499994,1.47),.PIECEWISE_BEZIER_KNOTS.);
#7205 = CARTESIAN_POINT('',(0.299931269757,0.1499994));
#7206 = CARTESIAN_POINT('',(0.299931269757,1.47));
#7207 = ( GEOMETRIC_REPRESENTATION_CONTEXT(2) 
PARAMETRIC_REPRESENTATION_CONTEXT() REPRESENTATION_CONTEXT('2D SPACE',''
  ) );
#7208 = PCURVE('',#2190,#7209);
#7209 = DEFINITIONAL_REPRESENTATION('',(#7210),#7213);
#7210 = B_SPLINE_CURVE_WITH_KNOTS('',1,(#7211,#7212),.UNSPECIFIED.,.F.,
  .F.,(2,2),(0.1499994,1.47),.PIECEWISE_BEZIER_KNOTS.);
#7211 = CARTESIAN_POINT('',(-6.000000000173E-07,1.096430088603));
#7212 = CARTESIAN_POINT('',(1.32,1.096430088603));
#7213 = ( GEOMETRIC_REPRESENTATION_CONTEXT(2) 
PARAMETRIC_REPRESENTATION_CONTEXT() REPRESENTATION_CONTEXT('2D SPACE',''
  ) );
#7214 = ORIENTED_EDGE('',*,*,#7215,.T.);
#7215 = EDGE_CURVE('',#7195,#7216,#7218,.T.);
#7216 = VERTEX_POINT('',#7217);
#7217 = CARTESIAN_POINT('',(-29.96862696659,-59.9,1.75));
#7218 = SURFACE_CURVE('',#7219,(#7224,#7231),.PCURVE_S1.);
#7219 = CIRCLE('',#7220,4.4);
#7220 = AXIS2_PLACEMENT_3D('',#7221,#7222,#7223);
#7221 = CARTESIAN_POINT('',(-26.,-58.,1.75));
#7222 = DIRECTION('',(0.,0.,1.));
#7223 = DIRECTION('',(-1.,-0.,0.));
#7224 = PCURVE('',#892,#7225);
#7225 = DEFINITIONAL_REPRESENTATION('',(#7226),#7230);
#7226 = LINE('',#7227,#7228);
#7227 = CARTESIAN_POINT('',(0.,1.35));
#7228 = VECTOR('',#7229,1.);
#7229 = DIRECTION('',(1.,0.));
#7230 = ( GEOMETRIC_REPRESENTATION_CONTEXT(2) 
PARAMETRIC_REPRESENTATION_CONTEXT() REPRESENTATION_CONTEXT('2D SPACE',''
  ) );
#7231 = PCURVE('',#7023,#7232);
#7232 = DEFINITIONAL_REPRESENTATION('',(#7233),#7237);
#7233 = CIRCLE('',#7234,4.4);
#7234 = AXIS2_PLACEMENT_2D('',#7235,#7236);
#7235 = CARTESIAN_POINT('',(5.3,1.9));
#7236 = DIRECTION('',(-1.,0.));
#7237 = ( GEOMETRIC_REPRESENTATION_CONTEXT(2) 
PARAMETRIC_REPRESENTATION_CONTEXT() REPRESENTATION_CONTEXT('2D SPACE',''
  ) );
#7238 = ORIENTED_EDGE('',*,*,#7239,.F.);
#7239 = EDGE_CURVE('',#1969,#7216,#7240,.T.);
#7240 = SURFACE_CURVE('',#7241,(#7245,#7251),.PCURVE_S1.);
#7241 = LINE('',#7242,#7243);
#7242 = CARTESIAN_POINT('',(-29.96862696659,-59.9,0.4));
#7243 = VECTOR('',#7244,1.);
#7244 = DIRECTION('',(0.,0.,1.));
#7245 = PCURVE('',#892,#7246);
#7246 = DEFINITIONAL_REPRESENTATION('',(#7247),#7250);
#7247 = B_SPLINE_CURVE_WITH_KNOTS('',1,(#7248,#7249),.UNSPECIFIED.,.F.,
  .F.,(2,2),(0.1499994,1.47),.PIECEWISE_BEZIER_KNOTS.);
#7248 = CARTESIAN_POINT('',(0.44650761705,0.1499994));
#7249 = CARTESIAN_POINT('',(0.44650761705,1.47));
#7250 = ( GEOMETRIC_REPRESENTATION_CONTEXT(2) 
PARAMETRIC_REPRESENTATION_CONTEXT() REPRESENTATION_CONTEXT('2D SPACE',''
  ) );
#7251 = PCURVE('',#2010,#7252);
#7252 = DEFINITIONAL_REPRESENTATION('',(#7253),#7256);
#7253 = B_SPLINE_CURVE_WITH_KNOTS('',1,(#7254,#7255),.UNSPECIFIED.,.F.,
  .F.,(2,2),(0.1499994,1.47),.PIECEWISE_BEZIER_KNOTS.);
#7254 = CARTESIAN_POINT('',(-6.000000000173E-07,1.331373033403));
#7255 = CARTESIAN_POINT('',(1.32,1.331373033403));
#7256 = ( GEOMETRIC_REPRESENTATION_CONTEXT(2) 
PARAMETRIC_REPRESENTATION_CONTEXT() REPRESENTATION_CONTEXT('2D SPACE',''
  ) );
#7257 = ORIENTED_EDGE('',*,*,#1968,.T.);
#7258 = ORIENTED_EDGE('',*,*,#7259,.T.);
#7259 = EDGE_CURVE('',#1971,#849,#7260,.T.);
#7260 = SURFACE_CURVE('',#7261,(#7265,#7272),.PCURVE_S1.);
#7261 = LINE('',#7262,#7263);
#7262 = CARTESIAN_POINT('',(-26.,-62.4,0.4));
#7263 = VECTOR('',#7264,1.);
#7264 = DIRECTION('',(0.,0.,1.));
#7265 = PCURVE('',#892,#7266);
#7266 = DEFINITIONAL_REPRESENTATION('',(#7267),#7271);
#7267 = LINE('',#7268,#7269);
#7268 = CARTESIAN_POINT('',(1.570796326795,0.));
#7269 = VECTOR('',#7270,1.);
#7270 = DIRECTION('',(0.,1.));
#7271 = ( GEOMETRIC_REPRESENTATION_CONTEXT(2) 
PARAMETRIC_REPRESENTATION_CONTEXT() REPRESENTATION_CONTEXT('2D SPACE',''
  ) );
#7272 = PCURVE('',#864,#7273);
#7273 = DEFINITIONAL_REPRESENTATION('',(#7274),#7278);
#7274 = LINE('',#7275,#7276);
#7275 = CARTESIAN_POINT('',(0.,4.4));
#7276 = VECTOR('',#7277,1.);
#7277 = DIRECTION('',(1.,0.));
#7278 = ( GEOMETRIC_REPRESENTATION_CONTEXT(2) 
PARAMETRIC_REPRESENTATION_CONTEXT() REPRESENTATION_CONTEXT('2D SPACE',''
  ) );
#7279 = ORIENTED_EDGE('',*,*,#875,.F.);
#7280 = ADVANCED_FACE('',(#7281),#864,.T.);
#7281 = FACE_BOUND('',#7282,.T.);
#7282 = EDGE_LOOP('',(#7283,#7284,#7303,#7304));
#7283 = ORIENTED_EDGE('',*,*,#848,.F.);
#7284 = ORIENTED_EDGE('',*,*,#7285,.T.);
#7285 = EDGE_CURVE('',#820,#2023,#7286,.T.);
#7286 = SURFACE_CURVE('',#7287,(#7291,#7297),.PCURVE_S1.);
#7287 = LINE('',#7288,#7289);
#7288 = CARTESIAN_POINT('',(-25.61554944214,-62.4,0.55));
#7289 = VECTOR('',#7290,1.);
#7290 = DIRECTION('',(-0.,-0.,-1.));
#7291 = PCURVE('',#864,#7292);
#7292 = DEFINITIONAL_REPRESENTATION('',(#7293),#7296);
#7293 = B_SPLINE_CURVE_WITH_KNOTS('',1,(#7294,#7295),.UNSPECIFIED.,.F.,
  .F.,(2,2),(-7.2000006,6.000000000173E-07),.PIECEWISE_BEZIER_KNOTS.);
#7294 = CARTESIAN_POINT('',(7.3500006,4.78445055786));
#7295 = CARTESIAN_POINT('',(0.1499994,4.78445055786));
#7296 = ( GEOMETRIC_REPRESENTATION_CONTEXT(2) 
PARAMETRIC_REPRESENTATION_CONTEXT() REPRESENTATION_CONTEXT('2D SPACE',''
  ) );
#7297 = PCURVE('',#836,#7298);
#7298 = DEFINITIONAL_REPRESENTATION('',(#7299),#7302);
#7299 = B_SPLINE_CURVE_WITH_KNOTS('',1,(#7300,#7301),.UNSPECIFIED.,.F.,
  .F.,(2,2),(-7.2,0.),.PIECEWISE_BEZIER_KNOTS.);
#7300 = CARTESIAN_POINT('',(-9.979039795222,-7.2));
#7301 = CARTESIAN_POINT('',(-9.979039795222,0.));
#7302 = ( GEOMETRIC_REPRESENTATION_CONTEXT(2) 
PARAMETRIC_REPRESENTATION_CONTEXT() REPRESENTATION_CONTEXT('2D SPACE',''
  ) );
#7303 = ORIENTED_EDGE('',*,*,#2050,.T.);
#7304 = ORIENTED_EDGE('',*,*,#7259,.T.);
#7305 = ADVANCED_FACE('',(#7306),#836,.T.);
#7306 = FACE_BOUND('',#7307,.F.);
#7307 = EDGE_LOOP('',(#7308,#7309,#7310,#7331,#7359,#7378,#7379,#7398));
#7308 = ORIENTED_EDGE('',*,*,#7285,.T.);
#7309 = ORIENTED_EDGE('',*,*,#2022,.T.);
#7310 = ORIENTED_EDGE('',*,*,#7311,.F.);
#7311 = EDGE_CURVE('',#7312,#1995,#7314,.T.);
#7312 = VERTEX_POINT('',#7313);
#7313 = CARTESIAN_POINT('',(-25.16619037896,-59.9,1.75));
#7314 = SURFACE_CURVE('',#7315,(#7319,#7325),.PCURVE_S1.);
#7315 = LINE('',#7316,#7317);
#7316 = CARTESIAN_POINT('',(-25.16619037896,-59.9,0.55));
#7317 = VECTOR('',#7318,1.);
#7318 = DIRECTION('',(-0.,-0.,-1.));
#7319 = PCURVE('',#836,#7320);
#7320 = DEFINITIONAL_REPRESENTATION('',(#7321),#7324);
#7321 = B_SPLINE_CURVE_WITH_KNOTS('',1,(#7322,#7323),.UNSPECIFIED.,.F.,
  .F.,(2,2),(-1.32,6.000000000173E-07),.PIECEWISE_BEZIER_KNOTS.);
#7322 = CARTESIAN_POINT('',(-8.514826929797,-1.32));
#7323 = CARTESIAN_POINT('',(-8.514826929797,6.000000000173E-07));
#7324 = ( GEOMETRIC_REPRESENTATION_CONTEXT(2) 
PARAMETRIC_REPRESENTATION_CONTEXT() REPRESENTATION_CONTEXT('2D SPACE',''
  ) );
#7325 = PCURVE('',#2010,#7326);
#7326 = DEFINITIONAL_REPRESENTATION('',(#7327),#7330);
#7327 = B_SPLINE_CURVE_WITH_KNOTS('',1,(#7328,#7329),.UNSPECIFIED.,.F.,
  .F.,(2,2),(-1.32,6.000000000173E-07),.PIECEWISE_BEZIER_KNOTS.);
#7328 = CARTESIAN_POINT('',(1.32,6.133809621031));
#7329 = CARTESIAN_POINT('',(-6.000000000173E-07,6.133809621031));
#7330 = ( GEOMETRIC_REPRESENTATION_CONTEXT(2) 
PARAMETRIC_REPRESENTATION_CONTEXT() REPRESENTATION_CONTEXT('2D SPACE',''
  ) );
#7331 = ORIENTED_EDGE('',*,*,#7332,.T.);
#7332 = EDGE_CURVE('',#7312,#7333,#7335,.T.);
#7333 = VERTEX_POINT('',#7334);
#7334 = CARTESIAN_POINT('',(-22.83380962103,-59.9,1.75));
#7335 = SURFACE_CURVE('',#7336,(#7341,#7348),.PCURVE_S1.);
#7336 = CIRCLE('',#7337,1.9);
#7337 = AXIS2_PLACEMENT_3D('',#7338,#7339,#7340);
#7338 = CARTESIAN_POINT('',(-24.,-61.4,1.75));
#7339 = DIRECTION('',(0.,0.,-1.));
#7340 = DIRECTION('',(1.,0.,0.));
#7341 = PCURVE('',#836,#7342);
#7342 = DEFINITIONAL_REPRESENTATION('',(#7343),#7347);
#7343 = LINE('',#7344,#7345);
#7344 = CARTESIAN_POINT('',(-12.56637061435,-1.2));
#7345 = VECTOR('',#7346,1.);
#7346 = DIRECTION('',(1.,-0.));
#7347 = ( GEOMETRIC_REPRESENTATION_CONTEXT(2) 
PARAMETRIC_REPRESENTATION_CONTEXT() REPRESENTATION_CONTEXT('2D SPACE',''
  ) );
#7348 = PCURVE('',#7023,#7349);
#7349 = DEFINITIONAL_REPRESENTATION('',(#7350),#7358);
#7350 = ( BOUNDED_CURVE() B_SPLINE_CURVE(2,(#7351,#7352,#7353,#7354,
#7355,#7356,#7357),.UNSPECIFIED.,.T.,.F.) B_SPLINE_CURVE_WITH_KNOTS((1,2
    ,2,2,2,1),(-2.094395102393,0.,2.094395102393,4.188790204786,
6.28318530718,8.377580409573),.UNSPECIFIED.) CURVE() 
GEOMETRIC_REPRESENTATION_ITEM() RATIONAL_B_SPLINE_CURVE((1.,0.5,1.,0.5,
1.,0.5,1.)) REPRESENTATION_ITEM('') );
#7351 = CARTESIAN_POINT('',(9.2,-1.5));
#7352 = CARTESIAN_POINT('',(9.2,-4.790896534381));
#7353 = CARTESIAN_POINT('',(6.35,-3.14544826719));
#7354 = CARTESIAN_POINT('',(3.5,-1.5));
#7355 = CARTESIAN_POINT('',(6.35,0.14544826719));
#7356 = CARTESIAN_POINT('',(9.2,1.790896534381));
#7357 = CARTESIAN_POINT('',(9.2,-1.5));
#7358 = ( GEOMETRIC_REPRESENTATION_CONTEXT(2) 
PARAMETRIC_REPRESENTATION_CONTEXT() REPRESENTATION_CONTEXT('2D SPACE',''
  ) );
#7359 = ORIENTED_EDGE('',*,*,#7360,.T.);
#7360 = EDGE_CURVE('',#7333,#3005,#7361,.T.);
#7361 = SURFACE_CURVE('',#7362,(#7366,#7372),.PCURVE_S1.);
#7362 = LINE('',#7363,#7364);
#7363 = CARTESIAN_POINT('',(-22.83380962103,-59.9,0.55));
#7364 = VECTOR('',#7365,1.);
#7365 = DIRECTION('',(-0.,-0.,-1.));
#7366 = PCURVE('',#836,#7367);
#7367 = DEFINITIONAL_REPRESENTATION('',(#7368),#7371);
#7368 = B_SPLINE_CURVE_WITH_KNOTS('',1,(#7369,#7370),.UNSPECIFIED.,.F.,
  .F.,(2,2),(-1.32,6.000000000173E-07),.PIECEWISE_BEZIER_KNOTS.);
#7369 = CARTESIAN_POINT('',(-7.193136338152,-1.32));
#7370 = CARTESIAN_POINT('',(-7.193136338152,6.000000000173E-07));
#7371 = ( GEOMETRIC_REPRESENTATION_CONTEXT(2) 
PARAMETRIC_REPRESENTATION_CONTEXT() REPRESENTATION_CONTEXT('2D SPACE',''
  ) );
#7372 = PCURVE('',#3048,#7373);
#7373 = DEFINITIONAL_REPRESENTATION('',(#7374),#7377);
#7374 = B_SPLINE_CURVE_WITH_KNOTS('',1,(#7375,#7376),.UNSPECIFIED.,.F.,
  .F.,(2,2),(-1.32,6.000000000173E-07),.PIECEWISE_BEZIER_KNOTS.);
#7375 = CARTESIAN_POINT('',(1.32,8.466190378969));
#7376 = CARTESIAN_POINT('',(-6.000000000173E-07,8.466190378969));
#7377 = ( GEOMETRIC_REPRESENTATION_CONTEXT(2) 
PARAMETRIC_REPRESENTATION_CONTEXT() REPRESENTATION_CONTEXT('2D SPACE',''
  ) );
#7378 = ORIENTED_EDGE('',*,*,#3004,.T.);
#7379 = ORIENTED_EDGE('',*,*,#7380,.F.);
#7380 = EDGE_CURVE('',#793,#2983,#7381,.T.);
#7381 = SURFACE_CURVE('',#7382,(#7386,#7392),.PCURVE_S1.);
#7382 = LINE('',#7383,#7384);
#7383 = CARTESIAN_POINT('',(-22.38445055786,-62.4,0.55));
#7384 = VECTOR('',#7385,1.);
#7385 = DIRECTION('',(-0.,-0.,-1.));
#7386 = PCURVE('',#836,#7387);
#7387 = DEFINITIONAL_REPRESENTATION('',(#7388),#7391);
#7388 = B_SPLINE_CURVE_WITH_KNOTS('',1,(#7389,#7390),.UNSPECIFIED.,.F.,
  .F.,(2,2),(-7.2,-0.),.PIECEWISE_BEZIER_KNOTS.);
#7389 = CARTESIAN_POINT('',(-5.728923472727,-7.2));
#7390 = CARTESIAN_POINT('',(-5.728923472727,0.));
#7391 = ( GEOMETRIC_REPRESENTATION_CONTEXT(2) 
PARAMETRIC_REPRESENTATION_CONTEXT() REPRESENTATION_CONTEXT('2D SPACE',''
  ) );
#7392 = PCURVE('',#808,#7393);
#7393 = DEFINITIONAL_REPRESENTATION('',(#7394),#7397);
#7394 = B_SPLINE_CURVE_WITH_KNOTS('',1,(#7395,#7396),.UNSPECIFIED.,.F.,
  .F.,(2,2),(-7.2000006,6.000000000173E-07),.PIECEWISE_BEZIER_KNOTS.);
#7395 = CARTESIAN_POINT('',(7.3500006,8.01554944214));
#7396 = CARTESIAN_POINT('',(0.1499994,8.01554944214));
#7397 = ( GEOMETRIC_REPRESENTATION_CONTEXT(2) 
PARAMETRIC_REPRESENTATION_CONTEXT() REPRESENTATION_CONTEXT('2D SPACE',''
  ) );
#7398 = ORIENTED_EDGE('',*,*,#819,.T.);
#7399 = ADVANCED_FACE('',(#7400),#808,.T.);
#7400 = FACE_BOUND('',#7401,.T.);
#7401 = EDGE_LOOP('',(#7402,#7403,#7423,#7424));
#7402 = ORIENTED_EDGE('',*,*,#792,.F.);
#7403 = ORIENTED_EDGE('',*,*,#7404,.T.);
#7404 = EDGE_CURVE('',#765,#2960,#7405,.T.);
#7405 = SURFACE_CURVE('',#7406,(#7410,#7416),.PCURVE_S1.);
#7406 = LINE('',#7407,#7408);
#7407 = CARTESIAN_POINT('',(-1.9,-62.4,0.475));
#7408 = VECTOR('',#7409,1.);
#7409 = DIRECTION('',(0.,0.,-1.));
#7410 = PCURVE('',#808,#7411);
#7411 = DEFINITIONAL_REPRESENTATION('',(#7412),#7415);
#7412 = B_SPLINE_CURVE_WITH_KNOTS('',1,(#7413,#7414),.UNSPECIFIED.,.F.,
  .F.,(2,2),(-7.275,-7.5E-02),.PIECEWISE_BEZIER_KNOTS.);
#7413 = CARTESIAN_POINT('',(7.35,28.5));
#7414 = CARTESIAN_POINT('',(0.15,28.5));
#7415 = ( GEOMETRIC_REPRESENTATION_CONTEXT(2) 
PARAMETRIC_REPRESENTATION_CONTEXT() REPRESENTATION_CONTEXT('2D SPACE',''
  ) );
#7416 = PCURVE('',#780,#7417);
#7417 = DEFINITIONAL_REPRESENTATION('',(#7418),#7422);
#7418 = LINE('',#7419,#7420);
#7419 = CARTESIAN_POINT('',(-7.5E-02,-1.4));
#7420 = VECTOR('',#7421,1.);
#7421 = DIRECTION('',(-1.,0.));
#7422 = ( GEOMETRIC_REPRESENTATION_CONTEXT(2) 
PARAMETRIC_REPRESENTATION_CONTEXT() REPRESENTATION_CONTEXT('2D SPACE',''
  ) );
#7423 = ORIENTED_EDGE('',*,*,#2982,.T.);
#7424 = ORIENTED_EDGE('',*,*,#7380,.F.);
#7425 = ADVANCED_FACE('',(#7426),#780,.F.);
#7426 = FACE_BOUND('',#7427,.F.);
#7427 = EDGE_LOOP('',(#7428,#7429,#7430,#7451));
#7428 = ORIENTED_EDGE('',*,*,#7404,.T.);
#7429 = ORIENTED_EDGE('',*,*,#2959,.T.);
#7430 = ORIENTED_EDGE('',*,*,#7431,.T.);
#7431 = EDGE_CURVE('',#2937,#737,#7432,.T.);
#7432 = SURFACE_CURVE('',#7433,(#7437,#7444),.PCURVE_S1.);
#7433 = LINE('',#7434,#7435);
#7434 = CARTESIAN_POINT('',(-1.9,-60.2,0.55));
#7435 = VECTOR('',#7436,1.);
#7436 = DIRECTION('',(0.,0.,1.));
#7437 = PCURVE('',#780,#7438);
#7438 = DEFINITIONAL_REPRESENTATION('',(#7439),#7443);
#7439 = LINE('',#7440,#7441);
#7440 = CARTESIAN_POINT('',(0.,-3.6));
#7441 = VECTOR('',#7442,1.);
#7442 = DIRECTION('',(1.,0.));
#7443 = ( GEOMETRIC_REPRESENTATION_CONTEXT(2) 
PARAMETRIC_REPRESENTATION_CONTEXT() REPRESENTATION_CONTEXT('2D SPACE',''
  ) );
#7444 = PCURVE('',#752,#7445);
#7445 = DEFINITIONAL_REPRESENTATION('',(#7446),#7450);
#7446 = LINE('',#7447,#7448);
#7447 = CARTESIAN_POINT('',(0.,0.));
#7448 = VECTOR('',#7449,1.);
#7449 = DIRECTION('',(1.,0.));
#7450 = ( GEOMETRIC_REPRESENTATION_CONTEXT(2) 
PARAMETRIC_REPRESENTATION_CONTEXT() REPRESENTATION_CONTEXT('2D SPACE',''
  ) );
#7451 = ORIENTED_EDGE('',*,*,#764,.T.);
#7452 = ADVANCED_FACE('',(#7453),#752,.T.);
#7453 = FACE_BOUND('',#7454,.T.);
#7454 = EDGE_LOOP('',(#7455,#7456,#7457,#7458));
#7455 = ORIENTED_EDGE('',*,*,#2936,.F.);
#7456 = ORIENTED_EDGE('',*,*,#7431,.T.);
#7457 = ORIENTED_EDGE('',*,*,#736,.T.);
#7458 = ORIENTED_EDGE('',*,*,#7459,.T.);
#7459 = EDGE_CURVE('',#708,#2909,#7460,.T.);
#7460 = SURFACE_CURVE('',#7461,(#7465,#7471),.PCURVE_S1.);
#7461 = LINE('',#7462,#7463);
#7462 = CARTESIAN_POINT('',(-1.723368793961,-60.2,0.55));
#7463 = VECTOR('',#7464,1.);
#7464 = DIRECTION('',(-0.,-0.,-1.));
#7465 = PCURVE('',#752,#7466);
#7466 = DEFINITIONAL_REPRESENTATION('',(#7467),#7470);
#7467 = B_SPLINE_CURVE_WITH_KNOTS('',1,(#7468,#7469),.UNSPECIFIED.,.F.,
  .F.,(2,2),(-7.2000006,6.000000000173E-07),.PIECEWISE_BEZIER_KNOTS.);
#7468 = CARTESIAN_POINT('',(7.2000006,0.176631206039));
#7469 = CARTESIAN_POINT('',(-6.000000000173E-07,0.176631206039));
#7470 = ( GEOMETRIC_REPRESENTATION_CONTEXT(2) 
PARAMETRIC_REPRESENTATION_CONTEXT() REPRESENTATION_CONTEXT('2D SPACE',''
  ) );
#7471 = PCURVE('',#724,#7472);
#7472 = DEFINITIONAL_REPRESENTATION('',(#7473),#7476);
#7473 = B_SPLINE_CURVE_WITH_KNOTS('',1,(#7474,#7475),.UNSPECIFIED.,.F.,
  .F.,(2,2),(-7.2000006,6.000000000173E-07),.PIECEWISE_BEZIER_KNOTS.);
#7474 = CARTESIAN_POINT('',(-8.990172435162,-7.2000006));
#7475 = CARTESIAN_POINT('',(-8.990172435162,6.000000000173E-07));
#7476 = ( GEOMETRIC_REPRESENTATION_CONTEXT(2) 
PARAMETRIC_REPRESENTATION_CONTEXT() REPRESENTATION_CONTEXT('2D SPACE',''
  ) );
#7477 = ADVANCED_FACE('',(#7478),#724,.T.);
#7478 = FACE_BOUND('',#7479,.F.);
#7479 = EDGE_LOOP('',(#7480,#7481,#7482,#7483,#7504,#7537));
#7480 = ORIENTED_EDGE('',*,*,#707,.T.);
#7481 = ORIENTED_EDGE('',*,*,#7459,.T.);
#7482 = ORIENTED_EDGE('',*,*,#2908,.T.);
#7483 = ORIENTED_EDGE('',*,*,#7484,.F.);
#7484 = EDGE_CURVE('',#7485,#2881,#7487,.T.);
#7485 = VERTEX_POINT('',#7486);
#7486 = CARTESIAN_POINT('',(1.2,-59.52690801373,2.25));
#7487 = SURFACE_CURVE('',#7488,(#7492,#7498),.PCURVE_S1.);
#7488 = LINE('',#7489,#7490);
#7489 = CARTESIAN_POINT('',(1.2,-59.52690801373,0.55));
#7490 = VECTOR('',#7491,1.);
#7491 = DIRECTION('',(-0.,-0.,-1.));
#7492 = PCURVE('',#724,#7493);
#7493 = DEFINITIONAL_REPRESENTATION('',(#7494),#7497);
#7494 = B_SPLINE_CURVE_WITH_KNOTS('',1,(#7495,#7496),.UNSPECIFIED.,.F.,
  .F.,(2,2),(-1.87,6.000000000173E-07),.PIECEWISE_BEZIER_KNOTS.);
#7495 = CARTESIAN_POINT('',(-7.170393574802,-1.87));
#7496 = CARTESIAN_POINT('',(-7.170393574802,6.000000000173E-07));
#7497 = ( GEOMETRIC_REPRESENTATION_CONTEXT(2) 
PARAMETRIC_REPRESENTATION_CONTEXT() REPRESENTATION_CONTEXT('2D SPACE',''
  ) );
#7498 = PCURVE('',#2896,#7499);
#7499 = DEFINITIONAL_REPRESENTATION('',(#7500),#7503);
#7500 = B_SPLINE_CURVE_WITH_KNOTS('',1,(#7501,#7502),.UNSPECIFIED.,.F.,
  .F.,(2,2),(-1.87,6.000000000173E-07),.PIECEWISE_BEZIER_KNOTS.);
#7501 = CARTESIAN_POINT('',(1.87,-3.623091986266));
#7502 = CARTESIAN_POINT('',(-6.000000000173E-07,-3.623091986266));
#7503 = ( GEOMETRIC_REPRESENTATION_CONTEXT(2) 
PARAMETRIC_REPRESENTATION_CONTEXT() REPRESENTATION_CONTEXT('2D SPACE',''
  ) );
#7504 = ORIENTED_EDGE('',*,*,#7505,.T.);
#7505 = EDGE_CURVE('',#7485,#7506,#7508,.T.);
#7506 = VERTEX_POINT('',#7507);
#7507 = CARTESIAN_POINT('',(1.723368793961,-60.2,2.25));
#7508 = SURFACE_CURVE('',#7509,(#7514,#7521),.PCURVE_S1.);
#7509 = CIRCLE('',#7510,1.9);
#7510 = AXIS2_PLACEMENT_3D('',#7511,#7512,#7513);
#7511 = CARTESIAN_POINT('',(0.,-61.,2.25));
#7512 = DIRECTION('',(0.,0.,-1.));
#7513 = DIRECTION('',(1.,0.,0.));
#7514 = PCURVE('',#724,#7515);
#7515 = DEFINITIONAL_REPRESENTATION('',(#7516),#7520);
#7516 = LINE('',#7517,#7518);
#7517 = CARTESIAN_POINT('',(-12.56637061435,-1.7));
#7518 = VECTOR('',#7519,1.);
#7519 = DIRECTION('',(1.,-0.));
#7520 = ( GEOMETRIC_REPRESENTATION_CONTEXT(2) 
PARAMETRIC_REPRESENTATION_CONTEXT() REPRESENTATION_CONTEXT('2D SPACE',''
  ) );
#7521 = PCURVE('',#7522,#7527);
#7522 = PLANE('',#7523);
#7523 = AXIS2_PLACEMENT_3D('',#7524,#7525,#7526);
#7524 = CARTESIAN_POINT('',(1.2,-63.15,2.25));
#7525 = DIRECTION('',(0.,0.,1.));
#7526 = DIRECTION('',(1.,0.,0.));
#7527 = DEFINITIONAL_REPRESENTATION('',(#7528),#7536);
#7528 = ( BOUNDED_CURVE() B_SPLINE_CURVE(2,(#7529,#7530,#7531,#7532,
#7533,#7534,#7535),.UNSPECIFIED.,.T.,.F.) B_SPLINE_CURVE_WITH_KNOTS((1,2
    ,2,2,2,1),(-2.094395102393,0.,2.094395102393,4.188790204786,
6.28318530718,8.377580409573),.UNSPECIFIED.) CURVE() 
GEOMETRIC_REPRESENTATION_ITEM() RATIONAL_B_SPLINE_CURVE((1.,0.5,1.,0.5,
1.,0.5,1.)) REPRESENTATION_ITEM('') );
#7529 = CARTESIAN_POINT('',(0.7,2.15));
#7530 = CARTESIAN_POINT('',(0.7,-1.140896534381));
#7531 = CARTESIAN_POINT('',(-2.15,0.50455173281));
#7532 = CARTESIAN_POINT('',(-5.,2.15));
#7533 = CARTESIAN_POINT('',(-2.15,3.79544826719));
#7534 = CARTESIAN_POINT('',(0.7,5.440896534381));
#7535 = CARTESIAN_POINT('',(0.7,2.15));
#7536 = ( GEOMETRIC_REPRESENTATION_CONTEXT(2) 
PARAMETRIC_REPRESENTATION_CONTEXT() REPRESENTATION_CONTEXT('2D SPACE',''
  ) );
#7537 = ORIENTED_EDGE('',*,*,#7538,.F.);
#7538 = EDGE_CURVE('',#680,#7506,#7539,.T.);
#7539 = SURFACE_CURVE('',#7540,(#7544,#7550),.PCURVE_S1.);
#7540 = LINE('',#7541,#7542);
#7541 = CARTESIAN_POINT('',(1.723368793961,-60.2,0.55));
#7542 = VECTOR('',#7543,1.);
#7543 = DIRECTION('',(-0.,-0.,-1.));
#7544 = PCURVE('',#724,#7545);
#7545 = DEFINITIONAL_REPRESENTATION('',(#7546),#7549);
#7546 = B_SPLINE_CURVE_WITH_KNOTS('',1,(#7547,#7548),.UNSPECIFIED.,.F.,
  .F.,(2,2),(-7.2000006,6.000000000173E-07),.PIECEWISE_BEZIER_KNOTS.);
#7547 = CARTESIAN_POINT('',(-6.717790832787,-7.2000006));
#7548 = CARTESIAN_POINT('',(-6.717790832787,6.000000000173E-07));
#7549 = ( GEOMETRIC_REPRESENTATION_CONTEXT(2) 
PARAMETRIC_REPRESENTATION_CONTEXT() REPRESENTATION_CONTEXT('2D SPACE',''
  ) );
#7550 = PCURVE('',#695,#7551);
#7551 = DEFINITIONAL_REPRESENTATION('',(#7552),#7555);
#7552 = B_SPLINE_CURVE_WITH_KNOTS('',1,(#7553,#7554),.UNSPECIFIED.,.F.,
  .F.,(2,2),(-7.2000006,6.000000000173E-07),.PIECEWISE_BEZIER_KNOTS.);
#7553 = CARTESIAN_POINT('',(7.2000006,3.623368793961));
#7554 = CARTESIAN_POINT('',(-6.000000000173E-07,3.623368793961));
#7555 = ( GEOMETRIC_REPRESENTATION_CONTEXT(2) 
PARAMETRIC_REPRESENTATION_CONTEXT() REPRESENTATION_CONTEXT('2D SPACE',''
  ) );
#7556 = ADVANCED_FACE('',(#7557),#695,.T.);
#7557 = FACE_BOUND('',#7558,.T.);
#7558 = EDGE_LOOP('',(#7559,#7560,#7581,#7600,#7601,#7602));
#7559 = ORIENTED_EDGE('',*,*,#2801,.F.);
#7560 = ORIENTED_EDGE('',*,*,#7561,.F.);
#7561 = EDGE_CURVE('',#7562,#2802,#7564,.T.);
#7562 = VERTEX_POINT('',#7563);
#7563 = CARTESIAN_POINT('',(1.8,-60.2,2.25));
#7564 = SURFACE_CURVE('',#7565,(#7569,#7575),.PCURVE_S1.);
#7565 = LINE('',#7566,#7567);
#7566 = CARTESIAN_POINT('',(1.8,-60.2,0.55));
#7567 = VECTOR('',#7568,1.);
#7568 = DIRECTION('',(0.,0.,-1.));
#7569 = PCURVE('',#695,#7570);
#7570 = DEFINITIONAL_REPRESENTATION('',(#7571),#7574);
#7571 = B_SPLINE_CURVE_WITH_KNOTS('',1,(#7572,#7573),.UNSPECIFIED.,.F.,
  .F.,(2,2),(-1.7,0.),.PIECEWISE_BEZIER_KNOTS.);
#7572 = CARTESIAN_POINT('',(1.7,3.7));
#7573 = CARTESIAN_POINT('',(0.,3.7));
#7574 = ( GEOMETRIC_REPRESENTATION_CONTEXT(2) 
PARAMETRIC_REPRESENTATION_CONTEXT() REPRESENTATION_CONTEXT('2D SPACE',''
  ) );
#7575 = PCURVE('',#2840,#7576);
#7576 = DEFINITIONAL_REPRESENTATION('',(#7577),#7580);
#7577 = B_SPLINE_CURVE_WITH_KNOTS('',1,(#7578,#7579),.UNSPECIFIED.,.F.,
  .F.,(2,2),(-1.7,0.),.PIECEWISE_BEZIER_KNOTS.);
#7578 = CARTESIAN_POINT('',(1.7,-2.95));
#7579 = CARTESIAN_POINT('',(0.,-2.95));
#7580 = ( GEOMETRIC_REPRESENTATION_CONTEXT(2) 
PARAMETRIC_REPRESENTATION_CONTEXT() REPRESENTATION_CONTEXT('2D SPACE',''
  ) );
#7581 = ORIENTED_EDGE('',*,*,#7582,.F.);
#7582 = EDGE_CURVE('',#7506,#7562,#7583,.T.);
#7583 = SURFACE_CURVE('',#7584,(#7588,#7594),.PCURVE_S1.);
#7584 = LINE('',#7585,#7586);
#7585 = CARTESIAN_POINT('',(-0.35,-60.2,2.25));
#7586 = VECTOR('',#7587,1.);
#7587 = DIRECTION('',(1.,0.,0.));
#7588 = PCURVE('',#695,#7589);
#7589 = DEFINITIONAL_REPRESENTATION('',(#7590),#7593);
#7590 = B_SPLINE_CURVE_WITH_KNOTS('',1,(#7591,#7592),.UNSPECIFIED.,.F.,
  .F.,(2,2),(2.073368793961,2.15),.PIECEWISE_BEZIER_KNOTS.);
#7591 = CARTESIAN_POINT('',(1.7,3.623368793961));
#7592 = CARTESIAN_POINT('',(1.7,3.7));
#7593 = ( GEOMETRIC_REPRESENTATION_CONTEXT(2) 
PARAMETRIC_REPRESENTATION_CONTEXT() REPRESENTATION_CONTEXT('2D SPACE',''
  ) );
#7594 = PCURVE('',#7522,#7595);
#7595 = DEFINITIONAL_REPRESENTATION('',(#7596),#7599);
#7596 = B_SPLINE_CURVE_WITH_KNOTS('',1,(#7597,#7598),.UNSPECIFIED.,.F.,
  .F.,(2,2),(2.073368793961,2.15),.PIECEWISE_BEZIER_KNOTS.);
#7597 = CARTESIAN_POINT('',(0.523368793961,2.95));
#7598 = CARTESIAN_POINT('',(0.6,2.95));
#7599 = ( GEOMETRIC_REPRESENTATION_CONTEXT(2) 
PARAMETRIC_REPRESENTATION_CONTEXT() REPRESENTATION_CONTEXT('2D SPACE',''
  ) );
#7600 = ORIENTED_EDGE('',*,*,#7538,.F.);
#7601 = ORIENTED_EDGE('',*,*,#679,.T.);
#7602 = ORIENTED_EDGE('',*,*,#7603,.F.);
#7603 = EDGE_CURVE('',#2779,#652,#7604,.T.);
#7604 = SURFACE_CURVE('',#7605,(#7609,#7616),.PCURVE_S1.);
#7605 = LINE('',#7606,#7607);
#7606 = CARTESIAN_POINT('',(1.9,-60.2,0.55));
#7607 = VECTOR('',#7608,1.);
#7608 = DIRECTION('',(0.,0.,1.));
#7609 = PCURVE('',#695,#7610);
#7610 = DEFINITIONAL_REPRESENTATION('',(#7611),#7615);
#7611 = LINE('',#7612,#7613);
#7612 = CARTESIAN_POINT('',(0.,3.8));
#7613 = VECTOR('',#7614,1.);
#7614 = DIRECTION('',(1.,0.));
#7615 = ( GEOMETRIC_REPRESENTATION_CONTEXT(2) 
PARAMETRIC_REPRESENTATION_CONTEXT() REPRESENTATION_CONTEXT('2D SPACE',''
  ) );
#7616 = PCURVE('',#667,#7617);
#7617 = DEFINITIONAL_REPRESENTATION('',(#7618),#7622);
#7618 = LINE('',#7619,#7620);
#7619 = CARTESIAN_POINT('',(0.,-3.6));
#7620 = VECTOR('',#7621,1.);
#7621 = DIRECTION('',(1.,0.));
#7622 = ( GEOMETRIC_REPRESENTATION_CONTEXT(2) 
PARAMETRIC_REPRESENTATION_CONTEXT() REPRESENTATION_CONTEXT('2D SPACE',''
  ) );
#7623 = ADVANCED_FACE('',(#7624),#667,.T.);
#7624 = FACE_BOUND('',#7625,.T.);
#7625 = EDGE_LOOP('',(#7626,#7627,#7647,#7648));
#7626 = ORIENTED_EDGE('',*,*,#651,.F.);
#7627 = ORIENTED_EDGE('',*,*,#7628,.T.);
#7628 = EDGE_CURVE('',#625,#2757,#7629,.T.);
#7629 = SURFACE_CURVE('',#7630,(#7634,#7641),.PCURVE_S1.);
#7630 = LINE('',#7631,#7632);
#7631 = CARTESIAN_POINT('',(1.9,-62.4,0.475));
#7632 = VECTOR('',#7633,1.);
#7633 = DIRECTION('',(0.,0.,-1.));
#7634 = PCURVE('',#667,#7635);
#7635 = DEFINITIONAL_REPRESENTATION('',(#7636),#7640);
#7636 = LINE('',#7637,#7638);
#7637 = CARTESIAN_POINT('',(-7.5E-02,-1.4));
#7638 = VECTOR('',#7639,1.);
#7639 = DIRECTION('',(-1.,0.));
#7640 = ( GEOMETRIC_REPRESENTATION_CONTEXT(2) 
PARAMETRIC_REPRESENTATION_CONTEXT() REPRESENTATION_CONTEXT('2D SPACE',''
  ) );
#7641 = PCURVE('',#640,#7642);
#7642 = DEFINITIONAL_REPRESENTATION('',(#7643),#7646);
#7643 = B_SPLINE_CURVE_WITH_KNOTS('',1,(#7644,#7645),.UNSPECIFIED.,.F.,
  .F.,(2,2),(-7.275,-7.5E-02),.PIECEWISE_BEZIER_KNOTS.);
#7644 = CARTESIAN_POINT('',(7.35,32.3));
#7645 = CARTESIAN_POINT('',(0.15,32.3));
#7646 = ( GEOMETRIC_REPRESENTATION_CONTEXT(2) 
PARAMETRIC_REPRESENTATION_CONTEXT() REPRESENTATION_CONTEXT('2D SPACE',''
  ) );
#7647 = ORIENTED_EDGE('',*,*,#2778,.F.);
#7648 = ORIENTED_EDGE('',*,*,#7603,.T.);
#7649 = ADVANCED_FACE('',(#7650,#7656),#640,.T.);
#7650 = FACE_BOUND('',#7651,.T.);
#7651 = EDGE_LOOP('',(#7652,#7653,#7654,#7655));
#7652 = ORIENTED_EDGE('',*,*,#5214,.F.);
#7653 = ORIENTED_EDGE('',*,*,#2756,.T.);
#7654 = ORIENTED_EDGE('',*,*,#7628,.F.);
#7655 = ORIENTED_EDGE('',*,*,#624,.F.);
#7656 = FACE_BOUND('',#7657,.T.);
#7657 = EDGE_LOOP('',(#7658,#7686,#7712,#7738));
#7658 = ORIENTED_EDGE('',*,*,#7659,.F.);
#7659 = EDGE_CURVE('',#7660,#7662,#7664,.T.);
#7660 = VERTEX_POINT('',#7661);
#7661 = CARTESIAN_POINT('',(14.8591527,-62.4,7.52248296));
#7662 = VERTEX_POINT('',#7663);
#7663 = CARTESIAN_POINT('',(22.8591527,-62.4,7.52248296));
#7664 = SURFACE_CURVE('',#7665,(#7669,#7675),.PCURVE_S1.);
#7665 = LINE('',#7666,#7667);
#7666 = CARTESIAN_POINT('',(-7.77042365,-62.4,7.52248296));
#7667 = VECTOR('',#7668,1.);
#7668 = DIRECTION('',(1.,0.,0.));
#7669 = PCURVE('',#640,#7670);
#7670 = DEFINITIONAL_REPRESENTATION('',(#7671),#7674);
#7671 = B_SPLINE_CURVE_WITH_KNOTS('',1,(#7672,#7673),.UNSPECIFIED.,.F.,
  .F.,(2,2),(22.62957635,30.62957635),.PIECEWISE_BEZIER_KNOTS.);
#7672 = CARTESIAN_POINT('',(7.12248296,45.2591527));
#7673 = CARTESIAN_POINT('',(7.12248296,53.2591527));
#7674 = ( GEOMETRIC_REPRESENTATION_CONTEXT(2) 
PARAMETRIC_REPRESENTATION_CONTEXT() REPRESENTATION_CONTEXT('2D SPACE',''
  ) );
#7675 = PCURVE('',#7676,#7681);
#7676 = PLANE('',#7677);
#7677 = AXIS2_PLACEMENT_3D('',#7678,#7679,#7680);
#7678 = CARTESIAN_POINT('',(14.8591527,-63.,7.52248296));
#7679 = DIRECTION('',(0.,0.,1.));
#7680 = DIRECTION('',(1.,0.,0.));
#7681 = DEFINITIONAL_REPRESENTATION('',(#7682),#7685);
#7682 = B_SPLINE_CURVE_WITH_KNOTS('',1,(#7683,#7684),.UNSPECIFIED.,.F.,
  .F.,(2,2),(22.62957635,30.62957635),.PIECEWISE_BEZIER_KNOTS.);
#7683 = CARTESIAN_POINT('',(0.,0.6));
#7684 = CARTESIAN_POINT('',(8.,0.6));
#7685 = ( GEOMETRIC_REPRESENTATION_CONTEXT(2) 
PARAMETRIC_REPRESENTATION_CONTEXT() REPRESENTATION_CONTEXT('2D SPACE',''
  ) );
#7686 = ORIENTED_EDGE('',*,*,#7687,.T.);
#7687 = EDGE_CURVE('',#7660,#7688,#7690,.T.);
#7688 = VERTEX_POINT('',#7689);
#7689 = CARTESIAN_POINT('',(14.8591527,-62.4,1.32248296));
#7690 = SURFACE_CURVE('',#7691,(#7695,#7701),.PCURVE_S1.);
#7691 = LINE('',#7692,#7693);
#7692 = CARTESIAN_POINT('',(14.8591527,-62.4,0.86124148));
#7693 = VECTOR('',#7694,1.);
#7694 = DIRECTION('',(0.,0.,-1.));
#7695 = PCURVE('',#640,#7696);
#7696 = DEFINITIONAL_REPRESENTATION('',(#7697),#7700);
#7697 = B_SPLINE_CURVE_WITH_KNOTS('',1,(#7698,#7699),.UNSPECIFIED.,.F.,
  .F.,(2,2),(-6.66124148,-0.46124148),.PIECEWISE_BEZIER_KNOTS.);
#7698 = CARTESIAN_POINT('',(7.12248296,45.2591527));
#7699 = CARTESIAN_POINT('',(0.92248296,45.2591527));
#7700 = ( GEOMETRIC_REPRESENTATION_CONTEXT(2) 
PARAMETRIC_REPRESENTATION_CONTEXT() REPRESENTATION_CONTEXT('2D SPACE',''
  ) );
#7701 = PCURVE('',#7702,#7707);
#7702 = PLANE('',#7703);
#7703 = AXIS2_PLACEMENT_3D('',#7704,#7705,#7706);
#7704 = CARTESIAN_POINT('',(14.8591527,-63.,1.32248296));
#7705 = DIRECTION('',(1.,0.,0.));
#7706 = DIRECTION('',(0.,0.,1.));
#7707 = DEFINITIONAL_REPRESENTATION('',(#7708),#7711);
#7708 = B_SPLINE_CURVE_WITH_KNOTS('',1,(#7709,#7710),.UNSPECIFIED.,.F.,
  .F.,(2,2),(-6.66124148,-0.46124148),.PIECEWISE_BEZIER_KNOTS.);
#7709 = CARTESIAN_POINT('',(6.2,-0.6));
#7710 = CARTESIAN_POINT('',(0.,-0.6));
#7711 = ( GEOMETRIC_REPRESENTATION_CONTEXT(2) 
PARAMETRIC_REPRESENTATION_CONTEXT() REPRESENTATION_CONTEXT('2D SPACE',''
  ) );
#7712 = ORIENTED_EDGE('',*,*,#7713,.T.);
#7713 = EDGE_CURVE('',#7688,#7714,#7716,.T.);
#7714 = VERTEX_POINT('',#7715);
#7715 = CARTESIAN_POINT('',(22.8591527,-62.4,1.32248296));
#7716 = SURFACE_CURVE('',#7717,(#7721,#7727),.PCURVE_S1.);
#7717 = LINE('',#7718,#7719);
#7718 = CARTESIAN_POINT('',(-7.77042365,-62.4,1.32248296));
#7719 = VECTOR('',#7720,1.);
#7720 = DIRECTION('',(1.,0.,0.));
#7721 = PCURVE('',#640,#7722);
#7722 = DEFINITIONAL_REPRESENTATION('',(#7723),#7726);
#7723 = B_SPLINE_CURVE_WITH_KNOTS('',1,(#7724,#7725),.UNSPECIFIED.,.F.,
  .F.,(2,2),(22.62957635,30.62957635),.PIECEWISE_BEZIER_KNOTS.);
#7724 = CARTESIAN_POINT('',(0.92248296,45.2591527));
#7725 = CARTESIAN_POINT('',(0.92248296,53.2591527));
#7726 = ( GEOMETRIC_REPRESENTATION_CONTEXT(2) 
PARAMETRIC_REPRESENTATION_CONTEXT() REPRESENTATION_CONTEXT('2D SPACE',''
  ) );
#7727 = PCURVE('',#7728,#7733);
#7728 = PLANE('',#7729);
#7729 = AXIS2_PLACEMENT_3D('',#7730,#7731,#7732);
#7730 = CARTESIAN_POINT('',(14.8591527,-63.,1.32248296));
#7731 = DIRECTION('',(0.,0.,1.));
#7732 = DIRECTION('',(1.,0.,0.));
#7733 = DEFINITIONAL_REPRESENTATION('',(#7734),#7737);
#7734 = B_SPLINE_CURVE_WITH_KNOTS('',1,(#7735,#7736),.UNSPECIFIED.,.F.,
  .F.,(2,2),(22.62957635,30.62957635),.PIECEWISE_BEZIER_KNOTS.);
#7735 = CARTESIAN_POINT('',(0.,0.6));
#7736 = CARTESIAN_POINT('',(8.,0.6));
#7737 = ( GEOMETRIC_REPRESENTATION_CONTEXT(2) 
PARAMETRIC_REPRESENTATION_CONTEXT() REPRESENTATION_CONTEXT('2D SPACE',''
  ) );
#7738 = ORIENTED_EDGE('',*,*,#7739,.F.);
#7739 = EDGE_CURVE('',#7662,#7714,#7740,.T.);
#7740 = SURFACE_CURVE('',#7741,(#7745,#7751),.PCURVE_S1.);
#7741 = LINE('',#7742,#7743);
#7742 = CARTESIAN_POINT('',(22.8591527,-62.4,0.86124148));
#7743 = VECTOR('',#7744,1.);
#7744 = DIRECTION('',(0.,0.,-1.));
#7745 = PCURVE('',#640,#7746);
#7746 = DEFINITIONAL_REPRESENTATION('',(#7747),#7750);
#7747 = B_SPLINE_CURVE_WITH_KNOTS('',1,(#7748,#7749),.UNSPECIFIED.,.F.,
  .F.,(2,2),(-6.66124148,-0.46124148),.PIECEWISE_BEZIER_KNOTS.);
#7748 = CARTESIAN_POINT('',(7.12248296,53.2591527));
#7749 = CARTESIAN_POINT('',(0.92248296,53.2591527));
#7750 = ( GEOMETRIC_REPRESENTATION_CONTEXT(2) 
PARAMETRIC_REPRESENTATION_CONTEXT() REPRESENTATION_CONTEXT('2D SPACE',''
  ) );
#7751 = PCURVE('',#7752,#7757);
#7752 = PLANE('',#7753);
#7753 = AXIS2_PLACEMENT_3D('',#7754,#7755,#7756);
#7754 = CARTESIAN_POINT('',(22.8591527,-63.,1.32248296));
#7755 = DIRECTION('',(1.,0.,0.));
#7756 = DIRECTION('',(0.,0.,1.));
#7757 = DEFINITIONAL_REPRESENTATION('',(#7758),#7761);
#7758 = B_SPLINE_CURVE_WITH_KNOTS('',1,(#7759,#7760),.UNSPECIFIED.,.F.,
  .F.,(2,2),(-6.66124148,-0.46124148),.PIECEWISE_BEZIER_KNOTS.);
#7759 = CARTESIAN_POINT('',(6.2,-0.6));
#7760 = CARTESIAN_POINT('',(0.,-0.6));
#7761 = ( GEOMETRIC_REPRESENTATION_CONTEXT(2) 
PARAMETRIC_REPRESENTATION_CONTEXT() REPRESENTATION_CONTEXT('2D SPACE',''
  ) );
#7762 = ADVANCED_FACE('',(#7763),#1558,.T.);
#7763 = FACE_BOUND('',#7764,.F.);
#7764 = EDGE_LOOP('',(#7765,#7766,#7789,#7816));
#7765 = ORIENTED_EDGE('',*,*,#1537,.T.);
#7766 = ORIENTED_EDGE('',*,*,#7767,.T.);
#7767 = EDGE_CURVE('',#1538,#7768,#7770,.T.);
#7768 = VERTEX_POINT('',#7769);
#7769 = CARTESIAN_POINT('',(1.8,-61.,7.9));
#7770 = SEAM_CURVE('',#7771,(#7775,#7782),.PCURVE_S1.);
#7771 = LINE('',#7772,#7773);
#7772 = CARTESIAN_POINT('',(1.8,-61.,7.75));
#7773 = VECTOR('',#7774,1.);
#7774 = DIRECTION('',(0.,0.,1.));
#7775 = PCURVE('',#1558,#7776);
#7776 = DEFINITIONAL_REPRESENTATION('',(#7777),#7781);
#7777 = LINE('',#7778,#7779);
#7778 = CARTESIAN_POINT('',(-0.,0.));
#7779 = VECTOR('',#7780,1.);
#7780 = DIRECTION('',(-0.,-1.));
#7781 = ( GEOMETRIC_REPRESENTATION_CONTEXT(2) 
PARAMETRIC_REPRESENTATION_CONTEXT() REPRESENTATION_CONTEXT('2D SPACE',''
  ) );
#7782 = PCURVE('',#1558,#7783);
#7783 = DEFINITIONAL_REPRESENTATION('',(#7784),#7788);
#7784 = LINE('',#7785,#7786);
#7785 = CARTESIAN_POINT('',(-6.28318530718,0.));
#7786 = VECTOR('',#7787,1.);
#7787 = DIRECTION('',(-0.,-1.));
#7788 = ( GEOMETRIC_REPRESENTATION_CONTEXT(2) 
PARAMETRIC_REPRESENTATION_CONTEXT() REPRESENTATION_CONTEXT('2D SPACE',''
  ) );
#7789 = ORIENTED_EDGE('',*,*,#7790,.T.);
#7790 = EDGE_CURVE('',#7768,#7768,#7791,.T.);
#7791 = SURFACE_CURVE('',#7792,(#7797,#7804),.PCURVE_S1.);
#7792 = CIRCLE('',#7793,1.8);
#7793 = AXIS2_PLACEMENT_3D('',#7794,#7795,#7796);
#7794 = CARTESIAN_POINT('',(0.,-61.,7.9));
#7795 = DIRECTION('',(0.,0.,1.));
#7796 = DIRECTION('',(1.,0.,0.));
#7797 = PCURVE('',#1558,#7798);
#7798 = DEFINITIONAL_REPRESENTATION('',(#7799),#7803);
#7799 = LINE('',#7800,#7801);
#7800 = CARTESIAN_POINT('',(-0.,-0.15));
#7801 = VECTOR('',#7802,1.);
#7802 = DIRECTION('',(-1.,0.));
#7803 = ( GEOMETRIC_REPRESENTATION_CONTEXT(2) 
PARAMETRIC_REPRESENTATION_CONTEXT() REPRESENTATION_CONTEXT('2D SPACE',''
  ) );
#7804 = PCURVE('',#7805,#7810);
#7805 = PLANE('',#7806);
#7806 = AXIS2_PLACEMENT_3D('',#7807,#7808,#7809);
#7807 = CARTESIAN_POINT('',(-9.496112031524E-17,-61.,7.9));
#7808 = DIRECTION('',(0.,0.,1.));
#7809 = DIRECTION('',(1.,0.,-0.));
#7810 = DEFINITIONAL_REPRESENTATION('',(#7811),#7815);
#7811 = CIRCLE('',#7812,1.8);
#7812 = AXIS2_PLACEMENT_2D('',#7813,#7814);
#7813 = CARTESIAN_POINT('',(9.496112031524E-17,0.));
#7814 = DIRECTION('',(1.,0.));
#7815 = ( GEOMETRIC_REPRESENTATION_CONTEXT(2) 
PARAMETRIC_REPRESENTATION_CONTEXT() REPRESENTATION_CONTEXT('2D SPACE',''
  ) );
#7816 = ORIENTED_EDGE('',*,*,#7767,.F.);
#7817 = ADVANCED_FACE('',(#7818),#1593,.T.);
#7818 = FACE_BOUND('',#7819,.F.);
#7819 = EDGE_LOOP('',(#7820,#7821,#7844,#7871));
#7820 = ORIENTED_EDGE('',*,*,#1572,.T.);
#7821 = ORIENTED_EDGE('',*,*,#7822,.T.);
#7822 = EDGE_CURVE('',#1573,#7823,#7825,.T.);
#7823 = VERTEX_POINT('',#7824);
#7824 = CARTESIAN_POINT('',(30.8,-26.,7.9));
#7825 = SEAM_CURVE('',#7826,(#7830,#7837),.PCURVE_S1.);
#7826 = LINE('',#7827,#7828);
#7827 = CARTESIAN_POINT('',(30.8,-26.,7.75));
#7828 = VECTOR('',#7829,1.);
#7829 = DIRECTION('',(0.,0.,1.));
#7830 = PCURVE('',#1593,#7831);
#7831 = DEFINITIONAL_REPRESENTATION('',(#7832),#7836);
#7832 = LINE('',#7833,#7834);
#7833 = CARTESIAN_POINT('',(-0.,0.));
#7834 = VECTOR('',#7835,1.);
#7835 = DIRECTION('',(-0.,-1.));
#7836 = ( GEOMETRIC_REPRESENTATION_CONTEXT(2) 
PARAMETRIC_REPRESENTATION_CONTEXT() REPRESENTATION_CONTEXT('2D SPACE',''
  ) );
#7837 = PCURVE('',#1593,#7838);
#7838 = DEFINITIONAL_REPRESENTATION('',(#7839),#7843);
#7839 = LINE('',#7840,#7841);
#7840 = CARTESIAN_POINT('',(-6.28318530718,0.));
#7841 = VECTOR('',#7842,1.);
#7842 = DIRECTION('',(-0.,-1.));
#7843 = ( GEOMETRIC_REPRESENTATION_CONTEXT(2) 
PARAMETRIC_REPRESENTATION_CONTEXT() REPRESENTATION_CONTEXT('2D SPACE',''
  ) );
#7844 = ORIENTED_EDGE('',*,*,#7845,.T.);
#7845 = EDGE_CURVE('',#7823,#7823,#7846,.T.);
#7846 = SURFACE_CURVE('',#7847,(#7852,#7859),.PCURVE_S1.);
#7847 = CIRCLE('',#7848,1.8);
#7848 = AXIS2_PLACEMENT_3D('',#7849,#7850,#7851);
#7849 = CARTESIAN_POINT('',(29.,-26.,7.9));
#7850 = DIRECTION('',(0.,0.,1.));
#7851 = DIRECTION('',(1.,0.,0.));
#7852 = PCURVE('',#1593,#7853);
#7853 = DEFINITIONAL_REPRESENTATION('',(#7854),#7858);
#7854 = LINE('',#7855,#7856);
#7855 = CARTESIAN_POINT('',(-0.,-0.15));
#7856 = VECTOR('',#7857,1.);
#7857 = DIRECTION('',(-1.,0.));
#7858 = ( GEOMETRIC_REPRESENTATION_CONTEXT(2) 
PARAMETRIC_REPRESENTATION_CONTEXT() REPRESENTATION_CONTEXT('2D SPACE',''
  ) );
#7859 = PCURVE('',#7860,#7865);
#7860 = PLANE('',#7861);
#7861 = AXIS2_PLACEMENT_3D('',#7862,#7863,#7864);
#7862 = CARTESIAN_POINT('',(29.,-26.,7.9));
#7863 = DIRECTION('',(0.,0.,1.));
#7864 = DIRECTION('',(1.,0.,-0.));
#7865 = DEFINITIONAL_REPRESENTATION('',(#7866),#7870);
#7866 = CIRCLE('',#7867,1.8);
#7867 = AXIS2_PLACEMENT_2D('',#7868,#7869);
#7868 = CARTESIAN_POINT('',(0.,0.));
#7869 = DIRECTION('',(1.,0.));
#7870 = ( GEOMETRIC_REPRESENTATION_CONTEXT(2) 
PARAMETRIC_REPRESENTATION_CONTEXT() REPRESENTATION_CONTEXT('2D SPACE',''
  ) );
#7871 = ORIENTED_EDGE('',*,*,#7822,.F.);
#7872 = ADVANCED_FACE('',(#7873),#1628,.T.);
#7873 = FACE_BOUND('',#7874,.F.);
#7874 = EDGE_LOOP('',(#7875,#7876,#7899,#7926));
#7875 = ORIENTED_EDGE('',*,*,#1607,.T.);
#7876 = ORIENTED_EDGE('',*,*,#7877,.T.);
#7877 = EDGE_CURVE('',#1608,#7878,#7880,.T.);
#7878 = VERTEX_POINT('',#7879);
#7879 = CARTESIAN_POINT('',(-27.2,10.,7.9));
#7880 = SEAM_CURVE('',#7881,(#7885,#7892),.PCURVE_S1.);
#7881 = LINE('',#7882,#7883);
#7882 = CARTESIAN_POINT('',(-27.2,10.,7.75));
#7883 = VECTOR('',#7884,1.);
#7884 = DIRECTION('',(0.,0.,1.));
#7885 = PCURVE('',#1628,#7886);
#7886 = DEFINITIONAL_REPRESENTATION('',(#7887),#7891);
#7887 = LINE('',#7888,#7889);
#7888 = CARTESIAN_POINT('',(-0.,0.));
#7889 = VECTOR('',#7890,1.);
#7890 = DIRECTION('',(-0.,-1.));
#7891 = ( GEOMETRIC_REPRESENTATION_CONTEXT(2) 
PARAMETRIC_REPRESENTATION_CONTEXT() REPRESENTATION_CONTEXT('2D SPACE',''
  ) );
#7892 = PCURVE('',#1628,#7893);
#7893 = DEFINITIONAL_REPRESENTATION('',(#7894),#7898);
#7894 = LINE('',#7895,#7896);
#7895 = CARTESIAN_POINT('',(-6.28318530718,0.));
#7896 = VECTOR('',#7897,1.);
#7897 = DIRECTION('',(-0.,-1.));
#7898 = ( GEOMETRIC_REPRESENTATION_CONTEXT(2) 
PARAMETRIC_REPRESENTATION_CONTEXT() REPRESENTATION_CONTEXT('2D SPACE',''
  ) );
#7899 = ORIENTED_EDGE('',*,*,#7900,.T.);
#7900 = EDGE_CURVE('',#7878,#7878,#7901,.T.);
#7901 = SURFACE_CURVE('',#7902,(#7907,#7914),.PCURVE_S1.);
#7902 = CIRCLE('',#7903,1.8);
#7903 = AXIS2_PLACEMENT_3D('',#7904,#7905,#7906);
#7904 = CARTESIAN_POINT('',(-29.,10.,7.9));
#7905 = DIRECTION('',(0.,0.,1.));
#7906 = DIRECTION('',(1.,0.,0.));
#7907 = PCURVE('',#1628,#7908);
#7908 = DEFINITIONAL_REPRESENTATION('',(#7909),#7913);
#7909 = LINE('',#7910,#7911);
#7910 = CARTESIAN_POINT('',(-0.,-0.15));
#7911 = VECTOR('',#7912,1.);
#7912 = DIRECTION('',(-1.,0.));
#7913 = ( GEOMETRIC_REPRESENTATION_CONTEXT(2) 
PARAMETRIC_REPRESENTATION_CONTEXT() REPRESENTATION_CONTEXT('2D SPACE',''
  ) );
#7914 = PCURVE('',#7915,#7920);
#7915 = PLANE('',#7916);
#7916 = AXIS2_PLACEMENT_3D('',#7917,#7918,#7919);
#7917 = CARTESIAN_POINT('',(-29.,10.,7.9));
#7918 = DIRECTION('',(0.,0.,1.));
#7919 = DIRECTION('',(1.,0.,-0.));
#7920 = DEFINITIONAL_REPRESENTATION('',(#7921),#7925);
#7921 = CIRCLE('',#7922,1.8);
#7922 = AXIS2_PLACEMENT_2D('',#7923,#7924);
#7923 = CARTESIAN_POINT('',(0.,0.));
#7924 = DIRECTION('',(1.,0.));
#7925 = ( GEOMETRIC_REPRESENTATION_CONTEXT(2) 
PARAMETRIC_REPRESENTATION_CONTEXT() REPRESENTATION_CONTEXT('2D SPACE',''
  ) );
#7926 = ORIENTED_EDGE('',*,*,#7877,.F.);
#7927 = ADVANCED_FACE('',(#7928),#1659,.T.);
#7928 = FACE_BOUND('',#7929,.F.);
#7929 = EDGE_LOOP('',(#7930,#7953,#7980,#7981));
#7930 = ORIENTED_EDGE('',*,*,#7931,.T.);
#7931 = EDGE_CURVE('',#1643,#7932,#7934,.T.);
#7932 = VERTEX_POINT('',#7933);
#7933 = CARTESIAN_POINT('',(-23.2,61.7,7.9));
#7934 = SEAM_CURVE('',#7935,(#7939,#7946),.PCURVE_S1.);
#7935 = LINE('',#7936,#7937);
#7936 = CARTESIAN_POINT('',(-23.2,61.7,7.75));
#7937 = VECTOR('',#7938,1.);
#7938 = DIRECTION('',(0.,0.,1.));
#7939 = PCURVE('',#1659,#7940);
#7940 = DEFINITIONAL_REPRESENTATION('',(#7941),#7945);
#7941 = LINE('',#7942,#7943);
#7942 = CARTESIAN_POINT('',(-0.,0.));
#7943 = VECTOR('',#7944,1.);
#7944 = DIRECTION('',(-0.,-1.));
#7945 = ( GEOMETRIC_REPRESENTATION_CONTEXT(2) 
PARAMETRIC_REPRESENTATION_CONTEXT() REPRESENTATION_CONTEXT('2D SPACE',''
  ) );
#7946 = PCURVE('',#1659,#7947);
#7947 = DEFINITIONAL_REPRESENTATION('',(#7948),#7952);
#7948 = LINE('',#7949,#7950);
#7949 = CARTESIAN_POINT('',(-6.28318530718,0.));
#7950 = VECTOR('',#7951,1.);
#7951 = DIRECTION('',(-0.,-1.));
#7952 = ( GEOMETRIC_REPRESENTATION_CONTEXT(2) 
PARAMETRIC_REPRESENTATION_CONTEXT() REPRESENTATION_CONTEXT('2D SPACE',''
  ) );
#7953 = ORIENTED_EDGE('',*,*,#7954,.T.);
#7954 = EDGE_CURVE('',#7932,#7932,#7955,.T.);
#7955 = SURFACE_CURVE('',#7956,(#7961,#7968),.PCURVE_S1.);
#7956 = CIRCLE('',#7957,1.8);
#7957 = AXIS2_PLACEMENT_3D('',#7958,#7959,#7960);
#7958 = CARTESIAN_POINT('',(-25.,61.7,7.9));
#7959 = DIRECTION('',(0.,0.,1.));
#7960 = DIRECTION('',(1.,0.,0.));
#7961 = PCURVE('',#1659,#7962);
#7962 = DEFINITIONAL_REPRESENTATION('',(#7963),#7967);
#7963 = LINE('',#7964,#7965);
#7964 = CARTESIAN_POINT('',(-0.,-0.15));
#7965 = VECTOR('',#7966,1.);
#7966 = DIRECTION('',(-1.,0.));
#7967 = ( GEOMETRIC_REPRESENTATION_CONTEXT(2) 
PARAMETRIC_REPRESENTATION_CONTEXT() REPRESENTATION_CONTEXT('2D SPACE',''
  ) );
#7968 = PCURVE('',#7969,#7974);
#7969 = PLANE('',#7970);
#7970 = AXIS2_PLACEMENT_3D('',#7971,#7972,#7973);
#7971 = CARTESIAN_POINT('',(-25.,61.7,7.9));
#7972 = DIRECTION('',(0.,0.,1.));
#7973 = DIRECTION('',(1.,0.,-0.));
#7974 = DEFINITIONAL_REPRESENTATION('',(#7975),#7979);
#7975 = CIRCLE('',#7976,1.8);
#7976 = AXIS2_PLACEMENT_2D('',#7977,#7978);
#7977 = CARTESIAN_POINT('',(0.,0.));
#7978 = DIRECTION('',(1.,0.));
#7979 = ( GEOMETRIC_REPRESENTATION_CONTEXT(2) 
PARAMETRIC_REPRESENTATION_CONTEXT() REPRESENTATION_CONTEXT('2D SPACE',''
  ) );
#7980 = ORIENTED_EDGE('',*,*,#7931,.F.);
#7981 = ORIENTED_EDGE('',*,*,#1642,.F.);
#7982 = ADVANCED_FACE('',(#7983),#1694,.T.);
#7983 = FACE_BOUND('',#7984,.F.);
#7984 = EDGE_LOOP('',(#7985,#7986,#8009,#8036));
#7985 = ORIENTED_EDGE('',*,*,#1673,.T.);
#7986 = ORIENTED_EDGE('',*,*,#7987,.T.);
#7987 = EDGE_CURVE('',#1674,#7988,#7990,.T.);
#7988 = VERTEX_POINT('',#7989);
#7989 = CARTESIAN_POINT('',(30.8,4.,7.9));
#7990 = SEAM_CURVE('',#7991,(#7995,#8002),.PCURVE_S1.);
#7991 = LINE('',#7992,#7993);
#7992 = CARTESIAN_POINT('',(30.8,4.,7.75));
#7993 = VECTOR('',#7994,1.);
#7994 = DIRECTION('',(0.,0.,1.));
#7995 = PCURVE('',#1694,#7996);
#7996 = DEFINITIONAL_REPRESENTATION('',(#7997),#8001);
#7997 = LINE('',#7998,#7999);
#7998 = CARTESIAN_POINT('',(-0.,0.));
#7999 = VECTOR('',#8000,1.);
#8000 = DIRECTION('',(-0.,-1.));
#8001 = ( GEOMETRIC_REPRESENTATION_CONTEXT(2) 
PARAMETRIC_REPRESENTATION_CONTEXT() REPRESENTATION_CONTEXT('2D SPACE',''
  ) );
#8002 = PCURVE('',#1694,#8003);
#8003 = DEFINITIONAL_REPRESENTATION('',(#8004),#8008);
#8004 = LINE('',#8005,#8006);
#8005 = CARTESIAN_POINT('',(-6.28318530718,0.));
#8006 = VECTOR('',#8007,1.);
#8007 = DIRECTION('',(-0.,-1.));
#8008 = ( GEOMETRIC_REPRESENTATION_CONTEXT(2) 
PARAMETRIC_REPRESENTATION_CONTEXT() REPRESENTATION_CONTEXT('2D SPACE',''
  ) );
#8009 = ORIENTED_EDGE('',*,*,#8010,.T.);
#8010 = EDGE_CURVE('',#7988,#7988,#8011,.T.);
#8011 = SURFACE_CURVE('',#8012,(#8017,#8024),.PCURVE_S1.);
#8012 = CIRCLE('',#8013,1.8);
#8013 = AXIS2_PLACEMENT_3D('',#8014,#8015,#8016);
#8014 = CARTESIAN_POINT('',(29.,4.,7.9));
#8015 = DIRECTION('',(0.,0.,1.));
#8016 = DIRECTION('',(1.,0.,0.));
#8017 = PCURVE('',#1694,#8018);
#8018 = DEFINITIONAL_REPRESENTATION('',(#8019),#8023);
#8019 = LINE('',#8020,#8021);
#8020 = CARTESIAN_POINT('',(-0.,-0.15));
#8021 = VECTOR('',#8022,1.);
#8022 = DIRECTION('',(-1.,0.));
#8023 = ( GEOMETRIC_REPRESENTATION_CONTEXT(2) 
PARAMETRIC_REPRESENTATION_CONTEXT() REPRESENTATION_CONTEXT('2D SPACE',''
  ) );
#8024 = PCURVE('',#8025,#8030);
#8025 = PLANE('',#8026);
#8026 = AXIS2_PLACEMENT_3D('',#8027,#8028,#8029);
#8027 = CARTESIAN_POINT('',(29.,4.,7.9));
#8028 = DIRECTION('',(0.,0.,1.));
#8029 = DIRECTION('',(1.,0.,-0.));
#8030 = DEFINITIONAL_REPRESENTATION('',(#8031),#8035);
#8031 = CIRCLE('',#8032,1.8);
#8032 = AXIS2_PLACEMENT_2D('',#8033,#8034);
#8033 = CARTESIAN_POINT('',(0.,0.));
#8034 = DIRECTION('',(1.,0.));
#8035 = ( GEOMETRIC_REPRESENTATION_CONTEXT(2) 
PARAMETRIC_REPRESENTATION_CONTEXT() REPRESENTATION_CONTEXT('2D SPACE',''
  ) );
#8036 = ORIENTED_EDGE('',*,*,#7987,.F.);
#8037 = ADVANCED_FACE('',(#8038),#1725,.T.);
#8038 = FACE_BOUND('',#8039,.F.);
#8039 = EDGE_LOOP('',(#8040,#8063,#8090,#8091));
#8040 = ORIENTED_EDGE('',*,*,#8041,.T.);
#8041 = EDGE_CURVE('',#1709,#8042,#8044,.T.);
#8042 = VERTEX_POINT('',#8043);
#8043 = CARTESIAN_POINT('',(26.8,61.7,7.9));
#8044 = SEAM_CURVE('',#8045,(#8049,#8056),.PCURVE_S1.);
#8045 = LINE('',#8046,#8047);
#8046 = CARTESIAN_POINT('',(26.8,61.7,7.75));
#8047 = VECTOR('',#8048,1.);
#8048 = DIRECTION('',(0.,0.,1.));
#8049 = PCURVE('',#1725,#8050);
#8050 = DEFINITIONAL_REPRESENTATION('',(#8051),#8055);
#8051 = LINE('',#8052,#8053);
#8052 = CARTESIAN_POINT('',(-0.,0.));
#8053 = VECTOR('',#8054,1.);
#8054 = DIRECTION('',(-0.,-1.));
#8055 = ( GEOMETRIC_REPRESENTATION_CONTEXT(2) 
PARAMETRIC_REPRESENTATION_CONTEXT() REPRESENTATION_CONTEXT('2D SPACE',''
  ) );
#8056 = PCURVE('',#1725,#8057);
#8057 = DEFINITIONAL_REPRESENTATION('',(#8058),#8062);
#8058 = LINE('',#8059,#8060);
#8059 = CARTESIAN_POINT('',(-6.28318530718,0.));
#8060 = VECTOR('',#8061,1.);
#8061 = DIRECTION('',(-0.,-1.));
#8062 = ( GEOMETRIC_REPRESENTATION_CONTEXT(2) 
PARAMETRIC_REPRESENTATION_CONTEXT() REPRESENTATION_CONTEXT('2D SPACE',''
  ) );
#8063 = ORIENTED_EDGE('',*,*,#8064,.T.);
#8064 = EDGE_CURVE('',#8042,#8042,#8065,.T.);
#8065 = SURFACE_CURVE('',#8066,(#8071,#8078),.PCURVE_S1.);
#8066 = CIRCLE('',#8067,1.8);
#8067 = AXIS2_PLACEMENT_3D('',#8068,#8069,#8070);
#8068 = CARTESIAN_POINT('',(25.,61.7,7.9));
#8069 = DIRECTION('',(0.,0.,1.));
#8070 = DIRECTION('',(1.,0.,0.));
#8071 = PCURVE('',#1725,#8072);
#8072 = DEFINITIONAL_REPRESENTATION('',(#8073),#8077);
#8073 = LINE('',#8074,#8075);
#8074 = CARTESIAN_POINT('',(-0.,-0.15));
#8075 = VECTOR('',#8076,1.);
#8076 = DIRECTION('',(-1.,0.));
#8077 = ( GEOMETRIC_REPRESENTATION_CONTEXT(2) 
PARAMETRIC_REPRESENTATION_CONTEXT() REPRESENTATION_CONTEXT('2D SPACE',''
  ) );
#8078 = PCURVE('',#8079,#8084);
#8079 = PLANE('',#8080);
#8080 = AXIS2_PLACEMENT_3D('',#8081,#8082,#8083);
#8081 = CARTESIAN_POINT('',(25.,61.7,7.9));
#8082 = DIRECTION('',(0.,0.,1.));
#8083 = DIRECTION('',(1.,0.,-0.));
#8084 = DEFINITIONAL_REPRESENTATION('',(#8085),#8089);
#8085 = CIRCLE('',#8086,1.8);
#8086 = AXIS2_PLACEMENT_2D('',#8087,#8088);
#8087 = CARTESIAN_POINT('',(0.,0.));
#8088 = DIRECTION('',(1.,0.));
#8089 = ( GEOMETRIC_REPRESENTATION_CONTEXT(2) 
PARAMETRIC_REPRESENTATION_CONTEXT() REPRESENTATION_CONTEXT('2D SPACE',''
  ) );
#8090 = ORIENTED_EDGE('',*,*,#8041,.F.);
#8091 = ORIENTED_EDGE('',*,*,#1708,.F.);
#8092 = ADVANCED_FACE('',(#8093),#2010,.F.);
#8093 = FACE_BOUND('',#8094,.F.);
#8094 = EDGE_LOOP('',(#8095,#8096,#8097,#8118));
#8095 = ORIENTED_EDGE('',*,*,#1994,.F.);
#8096 = ORIENTED_EDGE('',*,*,#7239,.T.);
#8097 = ORIENTED_EDGE('',*,*,#8098,.T.);
#8098 = EDGE_CURVE('',#7216,#7312,#8099,.T.);
#8099 = SURFACE_CURVE('',#8100,(#8104,#8111),.PCURVE_S1.);
#8100 = LINE('',#8101,#8102);
#8101 = CARTESIAN_POINT('',(-31.3,-59.9,1.75));
#8102 = VECTOR('',#8103,1.);
#8103 = DIRECTION('',(1.,0.,0.));
#8104 = PCURVE('',#2010,#8105);
#8105 = DEFINITIONAL_REPRESENTATION('',(#8106),#8110);
#8106 = LINE('',#8107,#8108);
#8107 = CARTESIAN_POINT('',(1.2,0.));
#8108 = VECTOR('',#8109,1.);
#8109 = DIRECTION('',(0.,1.));
#8110 = ( GEOMETRIC_REPRESENTATION_CONTEXT(2) 
PARAMETRIC_REPRESENTATION_CONTEXT() REPRESENTATION_CONTEXT('2D SPACE',''
  ) );
#8111 = PCURVE('',#7023,#8112);
#8112 = DEFINITIONAL_REPRESENTATION('',(#8113),#8117);
#8113 = LINE('',#8114,#8115);
#8114 = CARTESIAN_POINT('',(0.,0.));
#8115 = VECTOR('',#8116,1.);
#8116 = DIRECTION('',(1.,0.));
#8117 = ( GEOMETRIC_REPRESENTATION_CONTEXT(2) 
PARAMETRIC_REPRESENTATION_CONTEXT() REPRESENTATION_CONTEXT('2D SPACE',''
  ) );
#8118 = ORIENTED_EDGE('',*,*,#7311,.T.);
#8119 = ADVANCED_FACE('',(#8120),#2136,.F.);
#8120 = FACE_BOUND('',#8121,.F.);
#8121 = EDGE_LOOP('',(#8122,#8123,#8124,#8147));
#8122 = ORIENTED_EDGE('',*,*,#2120,.F.);
#8123 = ORIENTED_EDGE('',*,*,#6987,.T.);
#8124 = ORIENTED_EDGE('',*,*,#8125,.T.);
#8125 = EDGE_CURVE('',#6988,#8126,#8128,.T.);
#8126 = VERTEX_POINT('',#8127);
#8127 = CARTESIAN_POINT('',(-29.4,-21.7,1.75));
#8128 = SURFACE_CURVE('',#8129,(#8133,#8140),.PCURVE_S1.);
#8129 = LINE('',#8130,#8131);
#8130 = CARTESIAN_POINT('',(-31.3,-21.7,1.75));
#8131 = VECTOR('',#8132,1.);
#8132 = DIRECTION('',(1.,0.,0.));
#8133 = PCURVE('',#2136,#8134);
#8134 = DEFINITIONAL_REPRESENTATION('',(#8135),#8139);
#8135 = LINE('',#8136,#8137);
#8136 = CARTESIAN_POINT('',(1.2,0.));
#8137 = VECTOR('',#8138,1.);
#8138 = DIRECTION('',(0.,1.));
#8139 = ( GEOMETRIC_REPRESENTATION_CONTEXT(2) 
PARAMETRIC_REPRESENTATION_CONTEXT() REPRESENTATION_CONTEXT('2D SPACE',''
  ) );
#8140 = PCURVE('',#7023,#8141);
#8141 = DEFINITIONAL_REPRESENTATION('',(#8142),#8146);
#8142 = LINE('',#8143,#8144);
#8143 = CARTESIAN_POINT('',(0.,38.2));
#8144 = VECTOR('',#8145,1.);
#8145 = DIRECTION('',(1.,0.));
#8146 = ( GEOMETRIC_REPRESENTATION_CONTEXT(2) 
PARAMETRIC_REPRESENTATION_CONTEXT() REPRESENTATION_CONTEXT('2D SPACE',''
  ) );
#8147 = ORIENTED_EDGE('',*,*,#8148,.F.);
#8148 = EDGE_CURVE('',#2121,#8126,#8149,.T.);
#8149 = SURFACE_CURVE('',#8150,(#8154,#8160),.PCURVE_S1.);
#8150 = LINE('',#8151,#8152);
#8151 = CARTESIAN_POINT('',(-29.4,-21.7,0.55));
#8152 = VECTOR('',#8153,1.);
#8153 = DIRECTION('',(0.,0.,1.));
#8154 = PCURVE('',#2136,#8155);
#8155 = DEFINITIONAL_REPRESENTATION('',(#8156),#8159);
#8156 = B_SPLINE_CURVE_WITH_KNOTS('',1,(#8157,#8158),.UNSPECIFIED.,.F.,
  .F.,(2,2),(0.,1.2),.PIECEWISE_BEZIER_KNOTS.);
#8157 = CARTESIAN_POINT('',(0.,1.9));
#8158 = CARTESIAN_POINT('',(1.2,1.9));
#8159 = ( GEOMETRIC_REPRESENTATION_CONTEXT(2) 
PARAMETRIC_REPRESENTATION_CONTEXT() REPRESENTATION_CONTEXT('2D SPACE',''
  ) );
#8160 = PCURVE('',#2164,#8161);
#8161 = DEFINITIONAL_REPRESENTATION('',(#8162),#8165);
#8162 = B_SPLINE_CURVE_WITH_KNOTS('',1,(#8163,#8164),.UNSPECIFIED.,.F.,
  .F.,(2,2),(0.,1.2),.PIECEWISE_BEZIER_KNOTS.);
#8163 = CARTESIAN_POINT('',(0.,-38.1));
#8164 = CARTESIAN_POINT('',(1.2,-38.1));
#8165 = ( GEOMETRIC_REPRESENTATION_CONTEXT(2) 
PARAMETRIC_REPRESENTATION_CONTEXT() REPRESENTATION_CONTEXT('2D SPACE',''
  ) );
#8166 = ADVANCED_FACE('',(#8167),#2164,.F.);
#8167 = FACE_BOUND('',#8168,.F.);
#8168 = EDGE_LOOP('',(#8169,#8192,#8211,#8212));
#8169 = ORIENTED_EDGE('',*,*,#8170,.F.);
#8170 = EDGE_CURVE('',#8171,#8126,#8173,.T.);
#8171 = VERTEX_POINT('',#8172);
#8172 = CARTESIAN_POINT('',(-29.4,-59.3,1.75));
#8173 = SURFACE_CURVE('',#8174,(#8178,#8185),.PCURVE_S1.);
#8174 = LINE('',#8175,#8176);
#8175 = CARTESIAN_POINT('',(-29.4,-59.8,1.75));
#8176 = VECTOR('',#8177,1.);
#8177 = DIRECTION('',(0.,1.,0.));
#8178 = PCURVE('',#2164,#8179);
#8179 = DEFINITIONAL_REPRESENTATION('',(#8180),#8184);
#8180 = LINE('',#8181,#8182);
#8181 = CARTESIAN_POINT('',(1.2,0.));
#8182 = VECTOR('',#8183,1.);
#8183 = DIRECTION('',(0.,-1.));
#8184 = ( GEOMETRIC_REPRESENTATION_CONTEXT(2) 
PARAMETRIC_REPRESENTATION_CONTEXT() REPRESENTATION_CONTEXT('2D SPACE',''
  ) );
#8185 = PCURVE('',#7023,#8186);
#8186 = DEFINITIONAL_REPRESENTATION('',(#8187),#8191);
#8187 = LINE('',#8188,#8189);
#8188 = CARTESIAN_POINT('',(1.9,0.1));
#8189 = VECTOR('',#8190,1.);
#8190 = DIRECTION('',(0.,1.));
#8191 = ( GEOMETRIC_REPRESENTATION_CONTEXT(2) 
PARAMETRIC_REPRESENTATION_CONTEXT() REPRESENTATION_CONTEXT('2D SPACE',''
  ) );
#8192 = ORIENTED_EDGE('',*,*,#8193,.F.);
#8193 = EDGE_CURVE('',#2149,#8171,#8194,.T.);
#8194 = SURFACE_CURVE('',#8195,(#8199,#8205),.PCURVE_S1.);
#8195 = LINE('',#8196,#8197);
#8196 = CARTESIAN_POINT('',(-29.4,-59.3,0.55));
#8197 = VECTOR('',#8198,1.);
#8198 = DIRECTION('',(0.,0.,1.));
#8199 = PCURVE('',#2164,#8200);
#8200 = DEFINITIONAL_REPRESENTATION('',(#8201),#8204);
#8201 = B_SPLINE_CURVE_WITH_KNOTS('',1,(#8202,#8203),.UNSPECIFIED.,.F.,
  .F.,(2,2),(0.,1.2),.PIECEWISE_BEZIER_KNOTS.);
#8202 = CARTESIAN_POINT('',(0.,-0.5));
#8203 = CARTESIAN_POINT('',(1.2,-0.5));
#8204 = ( GEOMETRIC_REPRESENTATION_CONTEXT(2) 
PARAMETRIC_REPRESENTATION_CONTEXT() REPRESENTATION_CONTEXT('2D SPACE',''
  ) );
#8205 = PCURVE('',#2190,#8206);
#8206 = DEFINITIONAL_REPRESENTATION('',(#8207),#8210);
#8207 = B_SPLINE_CURVE_WITH_KNOTS('',1,(#8208,#8209),.UNSPECIFIED.,.F.,
  .F.,(2,2),(0.,1.2),.PIECEWISE_BEZIER_KNOTS.);
#8208 = CARTESIAN_POINT('',(0.,1.9));
#8209 = CARTESIAN_POINT('',(1.2,1.9));
#8210 = ( GEOMETRIC_REPRESENTATION_CONTEXT(2) 
PARAMETRIC_REPRESENTATION_CONTEXT() REPRESENTATION_CONTEXT('2D SPACE',''
  ) );
#8211 = ORIENTED_EDGE('',*,*,#2148,.T.);
#8212 = ORIENTED_EDGE('',*,*,#8148,.T.);
#8213 = ADVANCED_FACE('',(#8214),#2190,.T.);
#8214 = FACE_BOUND('',#8215,.T.);
#8215 = EDGE_LOOP('',(#8216,#8217,#8218,#8239));
#8216 = ORIENTED_EDGE('',*,*,#2176,.F.);
#8217 = ORIENTED_EDGE('',*,*,#7194,.T.);
#8218 = ORIENTED_EDGE('',*,*,#8219,.T.);
#8219 = EDGE_CURVE('',#7195,#8171,#8220,.T.);
#8220 = SURFACE_CURVE('',#8221,(#8225,#8232),.PCURVE_S1.);
#8221 = LINE('',#8222,#8223);
#8222 = CARTESIAN_POINT('',(-31.3,-59.3,1.75));
#8223 = VECTOR('',#8224,1.);
#8224 = DIRECTION('',(1.,0.,0.));
#8225 = PCURVE('',#2190,#8226);
#8226 = DEFINITIONAL_REPRESENTATION('',(#8227),#8231);
#8227 = LINE('',#8228,#8229);
#8228 = CARTESIAN_POINT('',(1.2,0.));
#8229 = VECTOR('',#8230,1.);
#8230 = DIRECTION('',(0.,1.));
#8231 = ( GEOMETRIC_REPRESENTATION_CONTEXT(2) 
PARAMETRIC_REPRESENTATION_CONTEXT() REPRESENTATION_CONTEXT('2D SPACE',''
  ) );
#8232 = PCURVE('',#7023,#8233);
#8233 = DEFINITIONAL_REPRESENTATION('',(#8234),#8238);
#8234 = LINE('',#8235,#8236);
#8235 = CARTESIAN_POINT('',(0.,0.6));
#8236 = VECTOR('',#8237,1.);
#8237 = DIRECTION('',(1.,0.));
#8238 = ( GEOMETRIC_REPRESENTATION_CONTEXT(2) 
PARAMETRIC_REPRESENTATION_CONTEXT() REPRESENTATION_CONTEXT('2D SPACE',''
  ) );
#8239 = ORIENTED_EDGE('',*,*,#8193,.F.);
#8240 = ADVANCED_FACE('',(#8241),#2222,.T.);
#8241 = FACE_BOUND('',#8242,.T.);
#8242 = EDGE_LOOP('',(#8243,#8268,#8287,#8288));
#8243 = ORIENTED_EDGE('',*,*,#8244,.F.);
#8244 = EDGE_CURVE('',#8245,#8247,#8249,.T.);
#8245 = VERTEX_POINT('',#8246);
#8246 = CARTESIAN_POINT('',(-28.8,-59.3,1.75));
#8247 = VERTEX_POINT('',#8248);
#8248 = CARTESIAN_POINT('',(-28.8,-21.7,1.75));
#8249 = SURFACE_CURVE('',#8250,(#8254,#8261),.PCURVE_S1.);
#8250 = LINE('',#8251,#8252);
#8251 = CARTESIAN_POINT('',(-28.8,-59.8,1.75));
#8252 = VECTOR('',#8253,1.);
#8253 = DIRECTION('',(0.,1.,0.));
#8254 = PCURVE('',#2222,#8255);
#8255 = DEFINITIONAL_REPRESENTATION('',(#8256),#8260);
#8256 = LINE('',#8257,#8258);
#8257 = CARTESIAN_POINT('',(1.2,0.));
#8258 = VECTOR('',#8259,1.);
#8259 = DIRECTION('',(0.,-1.));
#8260 = ( GEOMETRIC_REPRESENTATION_CONTEXT(2) 
PARAMETRIC_REPRESENTATION_CONTEXT() REPRESENTATION_CONTEXT('2D SPACE',''
  ) );
#8261 = PCURVE('',#7023,#8262);
#8262 = DEFINITIONAL_REPRESENTATION('',(#8263),#8267);
#8263 = LINE('',#8264,#8265);
#8264 = CARTESIAN_POINT('',(2.5,0.1));
#8265 = VECTOR('',#8266,1.);
#8266 = DIRECTION('',(0.,1.));
#8267 = ( GEOMETRIC_REPRESENTATION_CONTEXT(2) 
PARAMETRIC_REPRESENTATION_CONTEXT() REPRESENTATION_CONTEXT('2D SPACE',''
  ) );
#8268 = ORIENTED_EDGE('',*,*,#8269,.F.);
#8269 = EDGE_CURVE('',#2205,#8245,#8270,.T.);
#8270 = SURFACE_CURVE('',#8271,(#8275,#8281),.PCURVE_S1.);
#8271 = LINE('',#8272,#8273);
#8272 = CARTESIAN_POINT('',(-28.8,-59.3,0.55));
#8273 = VECTOR('',#8274,1.);
#8274 = DIRECTION('',(0.,0.,1.));
#8275 = PCURVE('',#2222,#8276);
#8276 = DEFINITIONAL_REPRESENTATION('',(#8277),#8280);
#8277 = B_SPLINE_CURVE_WITH_KNOTS('',1,(#8278,#8279),.UNSPECIFIED.,.F.,
  .F.,(2,2),(0.,1.2),.PIECEWISE_BEZIER_KNOTS.);
#8278 = CARTESIAN_POINT('',(0.,-0.5));
#8279 = CARTESIAN_POINT('',(1.2,-0.5));
#8280 = ( GEOMETRIC_REPRESENTATION_CONTEXT(2) 
PARAMETRIC_REPRESENTATION_CONTEXT() REPRESENTATION_CONTEXT('2D SPACE',''
  ) );
#8281 = PCURVE('',#2304,#8282);
#8282 = DEFINITIONAL_REPRESENTATION('',(#8283),#8286);
#8283 = B_SPLINE_CURVE_WITH_KNOTS('',1,(#8284,#8285),.UNSPECIFIED.,.F.,
  .F.,(2,2),(0.,1.2),.PIECEWISE_BEZIER_KNOTS.);
#8284 = CARTESIAN_POINT('',(0.,2.5));
#8285 = CARTESIAN_POINT('',(1.2,2.5));
#8286 = ( GEOMETRIC_REPRESENTATION_CONTEXT(2) 
PARAMETRIC_REPRESENTATION_CONTEXT() REPRESENTATION_CONTEXT('2D SPACE',''
  ) );
#8287 = ORIENTED_EDGE('',*,*,#2204,.T.);
#8288 = ORIENTED_EDGE('',*,*,#8289,.T.);
#8289 = EDGE_CURVE('',#2207,#8247,#8290,.T.);
#8290 = SURFACE_CURVE('',#8291,(#8295,#8301),.PCURVE_S1.);
#8291 = LINE('',#8292,#8293);
#8292 = CARTESIAN_POINT('',(-28.8,-21.7,0.55));
#8293 = VECTOR('',#8294,1.);
#8294 = DIRECTION('',(0.,0.,1.));
#8295 = PCURVE('',#2222,#8296);
#8296 = DEFINITIONAL_REPRESENTATION('',(#8297),#8300);
#8297 = B_SPLINE_CURVE_WITH_KNOTS('',1,(#8298,#8299),.UNSPECIFIED.,.F.,
  .F.,(2,2),(0.,1.2),.PIECEWISE_BEZIER_KNOTS.);
#8298 = CARTESIAN_POINT('',(0.,-38.1));
#8299 = CARTESIAN_POINT('',(1.2,-38.1));
#8300 = ( GEOMETRIC_REPRESENTATION_CONTEXT(2) 
PARAMETRIC_REPRESENTATION_CONTEXT() REPRESENTATION_CONTEXT('2D SPACE',''
  ) );
#8301 = PCURVE('',#2250,#8302);
#8302 = DEFINITIONAL_REPRESENTATION('',(#8303),#8306);
#8303 = B_SPLINE_CURVE_WITH_KNOTS('',1,(#8304,#8305),.UNSPECIFIED.,.F.,
  .F.,(2,2),(0.,1.2),.PIECEWISE_BEZIER_KNOTS.);
#8304 = CARTESIAN_POINT('',(0.,2.5));
#8305 = CARTESIAN_POINT('',(1.2,2.5));
#8306 = ( GEOMETRIC_REPRESENTATION_CONTEXT(2) 
PARAMETRIC_REPRESENTATION_CONTEXT() REPRESENTATION_CONTEXT('2D SPACE',''
  ) );
#8307 = ADVANCED_FACE('',(#8308),#2250,.F.);
#8308 = FACE_BOUND('',#8309,.F.);
#8309 = EDGE_LOOP('',(#8310,#8311,#8312,#8335,#8361,#8387));
#8310 = ORIENTED_EDGE('',*,*,#2234,.F.);
#8311 = ORIENTED_EDGE('',*,*,#8289,.T.);
#8312 = ORIENTED_EDGE('',*,*,#8313,.T.);
#8313 = EDGE_CURVE('',#8247,#8314,#8316,.T.);
#8314 = VERTEX_POINT('',#8315);
#8315 = CARTESIAN_POINT('',(-3.,-21.7,1.75));
#8316 = SURFACE_CURVE('',#8317,(#8321,#8328),.PCURVE_S1.);
#8317 = LINE('',#8318,#8319);
#8318 = CARTESIAN_POINT('',(-31.3,-21.7,1.75));
#8319 = VECTOR('',#8320,1.);
#8320 = DIRECTION('',(1.,0.,0.));
#8321 = PCURVE('',#2250,#8322);
#8322 = DEFINITIONAL_REPRESENTATION('',(#8323),#8327);
#8323 = LINE('',#8324,#8325);
#8324 = CARTESIAN_POINT('',(1.2,0.));
#8325 = VECTOR('',#8326,1.);
#8326 = DIRECTION('',(0.,1.));
#8327 = ( GEOMETRIC_REPRESENTATION_CONTEXT(2) 
PARAMETRIC_REPRESENTATION_CONTEXT() REPRESENTATION_CONTEXT('2D SPACE',''
  ) );
#8328 = PCURVE('',#7023,#8329);
#8329 = DEFINITIONAL_REPRESENTATION('',(#8330),#8334);
#8330 = LINE('',#8331,#8332);
#8331 = CARTESIAN_POINT('',(0.,38.2));
#8332 = VECTOR('',#8333,1.);
#8333 = DIRECTION('',(1.,0.));
#8334 = ( GEOMETRIC_REPRESENTATION_CONTEXT(2) 
PARAMETRIC_REPRESENTATION_CONTEXT() REPRESENTATION_CONTEXT('2D SPACE',''
  ) );
#8335 = ORIENTED_EDGE('',*,*,#8336,.T.);
#8336 = EDGE_CURVE('',#8314,#8337,#8339,.T.);
#8337 = VERTEX_POINT('',#8338);
#8338 = CARTESIAN_POINT('',(-3.,-21.7,0.8));
#8339 = SURFACE_CURVE('',#8340,(#8344,#8350),.PCURVE_S1.);
#8340 = LINE('',#8341,#8342);
#8341 = CARTESIAN_POINT('',(-3.,-21.7,0.675));
#8342 = VECTOR('',#8343,1.);
#8343 = DIRECTION('',(0.,0.,-1.));
#8344 = PCURVE('',#2250,#8345);
#8345 = DEFINITIONAL_REPRESENTATION('',(#8346),#8349);
#8346 = B_SPLINE_CURVE_WITH_KNOTS('',1,(#8347,#8348),.UNSPECIFIED.,.F.,
  .F.,(2,2),(-1.075,-0.125),.PIECEWISE_BEZIER_KNOTS.);
#8347 = CARTESIAN_POINT('',(1.2,28.3));
#8348 = CARTESIAN_POINT('',(0.25,28.3));
#8349 = ( GEOMETRIC_REPRESENTATION_CONTEXT(2) 
PARAMETRIC_REPRESENTATION_CONTEXT() REPRESENTATION_CONTEXT('2D SPACE',''
  ) );
#8350 = PCURVE('',#8351,#8356);
#8351 = PLANE('',#8352);
#8352 = AXIS2_PLACEMENT_3D('',#8353,#8354,#8355);
#8353 = CARTESIAN_POINT('',(-3.,-22.,0.8));
#8354 = DIRECTION('',(1.,0.,0.));
#8355 = DIRECTION('',(0.,0.,1.));
#8356 = DEFINITIONAL_REPRESENTATION('',(#8357),#8360);
#8357 = B_SPLINE_CURVE_WITH_KNOTS('',1,(#8358,#8359),.UNSPECIFIED.,.F.,
  .F.,(2,2),(-1.075,-0.125),.PIECEWISE_BEZIER_KNOTS.);
#8358 = CARTESIAN_POINT('',(0.95,-0.3));
#8359 = CARTESIAN_POINT('',(0.,-0.3));
#8360 = ( GEOMETRIC_REPRESENTATION_CONTEXT(2) 
PARAMETRIC_REPRESENTATION_CONTEXT() REPRESENTATION_CONTEXT('2D SPACE',''
  ) );
#8361 = ORIENTED_EDGE('',*,*,#8362,.T.);
#8362 = EDGE_CURVE('',#8337,#8363,#8365,.T.);
#8363 = VERTEX_POINT('',#8364);
#8364 = CARTESIAN_POINT('',(-2.7,-21.7,0.8));
#8365 = SURFACE_CURVE('',#8366,(#8370,#8376),.PCURVE_S1.);
#8366 = LINE('',#8367,#8368);
#8367 = CARTESIAN_POINT('',(-17.15,-21.7,0.8));
#8368 = VECTOR('',#8369,1.);
#8369 = DIRECTION('',(1.,0.,0.));
#8370 = PCURVE('',#2250,#8371);
#8371 = DEFINITIONAL_REPRESENTATION('',(#8372),#8375);
#8372 = B_SPLINE_CURVE_WITH_KNOTS('',1,(#8373,#8374),.UNSPECIFIED.,.F.,
  .F.,(2,2),(14.15,14.45),.PIECEWISE_BEZIER_KNOTS.);
#8373 = CARTESIAN_POINT('',(0.25,28.3));
#8374 = CARTESIAN_POINT('',(0.25,28.6));
#8375 = ( GEOMETRIC_REPRESENTATION_CONTEXT(2) 
PARAMETRIC_REPRESENTATION_CONTEXT() REPRESENTATION_CONTEXT('2D SPACE',''
  ) );
#8376 = PCURVE('',#8377,#8382);
#8377 = PLANE('',#8378);
#8378 = AXIS2_PLACEMENT_3D('',#8379,#8380,#8381);
#8379 = CARTESIAN_POINT('',(-3.,-22.,0.8));
#8380 = DIRECTION('',(0.,0.,1.));
#8381 = DIRECTION('',(1.,0.,0.));
#8382 = DEFINITIONAL_REPRESENTATION('',(#8383),#8386);
#8383 = B_SPLINE_CURVE_WITH_KNOTS('',1,(#8384,#8385),.UNSPECIFIED.,.F.,
  .F.,(2,2),(14.15,14.45),.PIECEWISE_BEZIER_KNOTS.);
#8384 = CARTESIAN_POINT('',(0.,0.3));
#8385 = CARTESIAN_POINT('',(0.3,0.3));
#8386 = ( GEOMETRIC_REPRESENTATION_CONTEXT(2) 
PARAMETRIC_REPRESENTATION_CONTEXT() REPRESENTATION_CONTEXT('2D SPACE',''
  ) );
#8387 = ORIENTED_EDGE('',*,*,#8388,.F.);
#8388 = EDGE_CURVE('',#2235,#8363,#8389,.T.);
#8389 = SURFACE_CURVE('',#8390,(#8394,#8400),.PCURVE_S1.);
#8390 = LINE('',#8391,#8392);
#8391 = CARTESIAN_POINT('',(-2.7,-21.7,0.55));
#8392 = VECTOR('',#8393,1.);
#8393 = DIRECTION('',(0.,0.,1.));
#8394 = PCURVE('',#2250,#8395);
#8395 = DEFINITIONAL_REPRESENTATION('',(#8396),#8399);
#8396 = B_SPLINE_CURVE_WITH_KNOTS('',1,(#8397,#8398),.UNSPECIFIED.,.F.,
  .F.,(2,2),(0.,1.2),.PIECEWISE_BEZIER_KNOTS.);
#8397 = CARTESIAN_POINT('',(0.,28.6));
#8398 = CARTESIAN_POINT('',(1.2,28.6));
#8399 = ( GEOMETRIC_REPRESENTATION_CONTEXT(2) 
PARAMETRIC_REPRESENTATION_CONTEXT() REPRESENTATION_CONTEXT('2D SPACE',''
  ) );
#8400 = PCURVE('',#2278,#8401);
#8401 = DEFINITIONAL_REPRESENTATION('',(#8402),#8405);
#8402 = B_SPLINE_CURVE_WITH_KNOTS('',1,(#8403,#8404),.UNSPECIFIED.,.F.,
  .F.,(2,2),(0.,1.2),.PIECEWISE_BEZIER_KNOTS.);
#8403 = CARTESIAN_POINT('',(0.,-38.1));
#8404 = CARTESIAN_POINT('',(1.2,-38.1));
#8405 = ( GEOMETRIC_REPRESENTATION_CONTEXT(2) 
PARAMETRIC_REPRESENTATION_CONTEXT() REPRESENTATION_CONTEXT('2D SPACE',''
  ) );
#8406 = ADVANCED_FACE('',(#8407),#2278,.F.);
#8407 = FACE_BOUND('',#8408,.F.);
#8408 = EDGE_LOOP('',(#8409,#8434,#8453,#8454,#8455,#8476));
#8409 = ORIENTED_EDGE('',*,*,#8410,.F.);
#8410 = EDGE_CURVE('',#8411,#8413,#8415,.T.);
#8411 = VERTEX_POINT('',#8412);
#8412 = CARTESIAN_POINT('',(-2.7,-59.3,1.75));
#8413 = VERTEX_POINT('',#8414);
#8414 = CARTESIAN_POINT('',(-2.7,-22.,1.75));
#8415 = SURFACE_CURVE('',#8416,(#8420,#8427),.PCURVE_S1.);
#8416 = LINE('',#8417,#8418);
#8417 = CARTESIAN_POINT('',(-2.7,-59.8,1.75));
#8418 = VECTOR('',#8419,1.);
#8419 = DIRECTION('',(0.,1.,0.));
#8420 = PCURVE('',#2278,#8421);
#8421 = DEFINITIONAL_REPRESENTATION('',(#8422),#8426);
#8422 = LINE('',#8423,#8424);
#8423 = CARTESIAN_POINT('',(1.2,0.));
#8424 = VECTOR('',#8425,1.);
#8425 = DIRECTION('',(0.,-1.));
#8426 = ( GEOMETRIC_REPRESENTATION_CONTEXT(2) 
PARAMETRIC_REPRESENTATION_CONTEXT() REPRESENTATION_CONTEXT('2D SPACE',''
  ) );
#8427 = PCURVE('',#7023,#8428);
#8428 = DEFINITIONAL_REPRESENTATION('',(#8429),#8433);
#8429 = LINE('',#8430,#8431);
#8430 = CARTESIAN_POINT('',(28.6,0.1));
#8431 = VECTOR('',#8432,1.);
#8432 = DIRECTION('',(0.,1.));
#8433 = ( GEOMETRIC_REPRESENTATION_CONTEXT(2) 
PARAMETRIC_REPRESENTATION_CONTEXT() REPRESENTATION_CONTEXT('2D SPACE',''
  ) );
#8434 = ORIENTED_EDGE('',*,*,#8435,.F.);
#8435 = EDGE_CURVE('',#2263,#8411,#8436,.T.);
#8436 = SURFACE_CURVE('',#8437,(#8441,#8447),.PCURVE_S1.);
#8437 = LINE('',#8438,#8439);
#8438 = CARTESIAN_POINT('',(-2.7,-59.3,0.55));
#8439 = VECTOR('',#8440,1.);
#8440 = DIRECTION('',(0.,0.,1.));
#8441 = PCURVE('',#2278,#8442);
#8442 = DEFINITIONAL_REPRESENTATION('',(#8443),#8446);
#8443 = B_SPLINE_CURVE_WITH_KNOTS('',1,(#8444,#8445),.UNSPECIFIED.,.F.,
  .F.,(2,2),(0.,1.2),.PIECEWISE_BEZIER_KNOTS.);
#8444 = CARTESIAN_POINT('',(0.,-0.5));
#8445 = CARTESIAN_POINT('',(1.2,-0.5));
#8446 = ( GEOMETRIC_REPRESENTATION_CONTEXT(2) 
PARAMETRIC_REPRESENTATION_CONTEXT() REPRESENTATION_CONTEXT('2D SPACE',''
  ) );
#8447 = PCURVE('',#2304,#8448);
#8448 = DEFINITIONAL_REPRESENTATION('',(#8449),#8452);
#8449 = B_SPLINE_CURVE_WITH_KNOTS('',1,(#8450,#8451),.UNSPECIFIED.,.F.,
  .F.,(2,2),(0.,1.2),.PIECEWISE_BEZIER_KNOTS.);
#8450 = CARTESIAN_POINT('',(0.,28.6));
#8451 = CARTESIAN_POINT('',(1.2,28.6));
#8452 = ( GEOMETRIC_REPRESENTATION_CONTEXT(2) 
PARAMETRIC_REPRESENTATION_CONTEXT() REPRESENTATION_CONTEXT('2D SPACE',''
  ) );
#8453 = ORIENTED_EDGE('',*,*,#2262,.T.);
#8454 = ORIENTED_EDGE('',*,*,#8388,.T.);
#8455 = ORIENTED_EDGE('',*,*,#8456,.T.);
#8456 = EDGE_CURVE('',#8363,#8457,#8459,.T.);
#8457 = VERTEX_POINT('',#8458);
#8458 = CARTESIAN_POINT('',(-2.7,-22.,0.8));
#8459 = SURFACE_CURVE('',#8460,(#8464,#8470),.PCURVE_S1.);
#8460 = LINE('',#8461,#8462);
#8461 = CARTESIAN_POINT('',(-2.7,-40.9,0.8));
#8462 = VECTOR('',#8463,1.);
#8463 = DIRECTION('',(0.,-1.,0.));
#8464 = PCURVE('',#2278,#8465);
#8465 = DEFINITIONAL_REPRESENTATION('',(#8466),#8469);
#8466 = B_SPLINE_CURVE_WITH_KNOTS('',1,(#8467,#8468),.UNSPECIFIED.,.F.,
  .F.,(2,2),(-19.2,-18.9),.PIECEWISE_BEZIER_KNOTS.);
#8467 = CARTESIAN_POINT('',(0.25,-38.1));
#8468 = CARTESIAN_POINT('',(0.25,-37.8));
#8469 = ( GEOMETRIC_REPRESENTATION_CONTEXT(2) 
PARAMETRIC_REPRESENTATION_CONTEXT() REPRESENTATION_CONTEXT('2D SPACE',''
  ) );
#8470 = PCURVE('',#8377,#8471);
#8471 = DEFINITIONAL_REPRESENTATION('',(#8472),#8475);
#8472 = B_SPLINE_CURVE_WITH_KNOTS('',1,(#8473,#8474),.UNSPECIFIED.,.F.,
  .F.,(2,2),(-19.2,-18.9),.PIECEWISE_BEZIER_KNOTS.);
#8473 = CARTESIAN_POINT('',(0.3,0.3));
#8474 = CARTESIAN_POINT('',(0.3,0.));
#8475 = ( GEOMETRIC_REPRESENTATION_CONTEXT(2) 
PARAMETRIC_REPRESENTATION_CONTEXT() REPRESENTATION_CONTEXT('2D SPACE',''
  ) );
#8476 = ORIENTED_EDGE('',*,*,#8477,.T.);
#8477 = EDGE_CURVE('',#8457,#8413,#8478,.T.);
#8478 = SURFACE_CURVE('',#8479,(#8483,#8489),.PCURVE_S1.);
#8479 = LINE('',#8480,#8481);
#8480 = CARTESIAN_POINT('',(-2.7,-22.,0.675));
#8481 = VECTOR('',#8482,1.);
#8482 = DIRECTION('',(0.,0.,1.));
#8483 = PCURVE('',#2278,#8484);
#8484 = DEFINITIONAL_REPRESENTATION('',(#8485),#8488);
#8485 = B_SPLINE_CURVE_WITH_KNOTS('',1,(#8486,#8487),.UNSPECIFIED.,.F.,
  .F.,(2,2),(0.125,1.075),.PIECEWISE_BEZIER_KNOTS.);
#8486 = CARTESIAN_POINT('',(0.25,-37.8));
#8487 = CARTESIAN_POINT('',(1.2,-37.8));
#8488 = ( GEOMETRIC_REPRESENTATION_CONTEXT(2) 
PARAMETRIC_REPRESENTATION_CONTEXT() REPRESENTATION_CONTEXT('2D SPACE',''
  ) );
#8489 = PCURVE('',#8490,#8495);
#8490 = PLANE('',#8491);
#8491 = AXIS2_PLACEMENT_3D('',#8492,#8493,#8494);
#8492 = CARTESIAN_POINT('',(-3.,-22.,0.8));
#8493 = DIRECTION('',(0.,1.,0.));
#8494 = DIRECTION('',(0.,0.,1.));
#8495 = DEFINITIONAL_REPRESENTATION('',(#8496),#8499);
#8496 = B_SPLINE_CURVE_WITH_KNOTS('',1,(#8497,#8498),.UNSPECIFIED.,.F.,
  .F.,(2,2),(0.125,1.075),.PIECEWISE_BEZIER_KNOTS.);
#8497 = CARTESIAN_POINT('',(0.,0.3));
#8498 = CARTESIAN_POINT('',(0.95,0.3));
#8499 = ( GEOMETRIC_REPRESENTATION_CONTEXT(2) 
PARAMETRIC_REPRESENTATION_CONTEXT() REPRESENTATION_CONTEXT('2D SPACE',''
  ) );
#8500 = ADVANCED_FACE('',(#8501),#2304,.T.);
#8501 = FACE_BOUND('',#8502,.T.);
#8502 = EDGE_LOOP('',(#8503,#8504,#8505,#8526));
#8503 = ORIENTED_EDGE('',*,*,#2290,.F.);
#8504 = ORIENTED_EDGE('',*,*,#8269,.T.);
#8505 = ORIENTED_EDGE('',*,*,#8506,.T.);
#8506 = EDGE_CURVE('',#8245,#8411,#8507,.T.);
#8507 = SURFACE_CURVE('',#8508,(#8512,#8519),.PCURVE_S1.);
#8508 = LINE('',#8509,#8510);
#8509 = CARTESIAN_POINT('',(-31.3,-59.3,1.75));
#8510 = VECTOR('',#8511,1.);
#8511 = DIRECTION('',(1.,0.,0.));
#8512 = PCURVE('',#2304,#8513);
#8513 = DEFINITIONAL_REPRESENTATION('',(#8514),#8518);
#8514 = LINE('',#8515,#8516);
#8515 = CARTESIAN_POINT('',(1.2,0.));
#8516 = VECTOR('',#8517,1.);
#8517 = DIRECTION('',(0.,1.));
#8518 = ( GEOMETRIC_REPRESENTATION_CONTEXT(2) 
PARAMETRIC_REPRESENTATION_CONTEXT() REPRESENTATION_CONTEXT('2D SPACE',''
  ) );
#8519 = PCURVE('',#7023,#8520);
#8520 = DEFINITIONAL_REPRESENTATION('',(#8521),#8525);
#8521 = LINE('',#8522,#8523);
#8522 = CARTESIAN_POINT('',(0.,0.6));
#8523 = VECTOR('',#8524,1.);
#8524 = DIRECTION('',(1.,0.));
#8525 = ( GEOMETRIC_REPRESENTATION_CONTEXT(2) 
PARAMETRIC_REPRESENTATION_CONTEXT() REPRESENTATION_CONTEXT('2D SPACE',''
  ) );
#8526 = ORIENTED_EDGE('',*,*,#8435,.F.);
#8527 = ADVANCED_FACE('',(#8528),#2336,.T.);
#8528 = FACE_BOUND('',#8529,.T.);
#8529 = EDGE_LOOP('',(#8530,#8531,#8552,#8575));
#8530 = ORIENTED_EDGE('',*,*,#2318,.F.);
#8531 = ORIENTED_EDGE('',*,*,#8532,.T.);
#8532 = EDGE_CURVE('',#2319,#8533,#8535,.T.);
#8533 = VERTEX_POINT('',#8534);
#8534 = CARTESIAN_POINT('',(-2.1,-59.3,1.75));
#8535 = SURFACE_CURVE('',#8536,(#8540,#8546),.PCURVE_S1.);
#8536 = LINE('',#8537,#8538);
#8537 = CARTESIAN_POINT('',(-2.1,-59.3,0.55));
#8538 = VECTOR('',#8539,1.);
#8539 = DIRECTION('',(0.,0.,1.));
#8540 = PCURVE('',#2336,#8541);
#8541 = DEFINITIONAL_REPRESENTATION('',(#8542),#8545);
#8542 = B_SPLINE_CURVE_WITH_KNOTS('',1,(#8543,#8544),.UNSPECIFIED.,.F.,
  .F.,(2,2),(0.,1.2),.PIECEWISE_BEZIER_KNOTS.);
#8543 = CARTESIAN_POINT('',(0.,29.2));
#8544 = CARTESIAN_POINT('',(1.2,29.2));
#8545 = ( GEOMETRIC_REPRESENTATION_CONTEXT(2) 
PARAMETRIC_REPRESENTATION_CONTEXT() REPRESENTATION_CONTEXT('2D SPACE',''
  ) );
#8546 = PCURVE('',#2364,#8547);
#8547 = DEFINITIONAL_REPRESENTATION('',(#8548),#8551);
#8548 = B_SPLINE_CURVE_WITH_KNOTS('',1,(#8549,#8550),.UNSPECIFIED.,.F.,
  .F.,(2,2),(0.,1.2),.PIECEWISE_BEZIER_KNOTS.);
#8549 = CARTESIAN_POINT('',(0.,-0.5));
#8550 = CARTESIAN_POINT('',(1.2,-0.5));
#8551 = ( GEOMETRIC_REPRESENTATION_CONTEXT(2) 
PARAMETRIC_REPRESENTATION_CONTEXT() REPRESENTATION_CONTEXT('2D SPACE',''
  ) );
#8552 = ORIENTED_EDGE('',*,*,#8553,.T.);
#8553 = EDGE_CURVE('',#8533,#8554,#8556,.T.);
#8554 = VERTEX_POINT('',#8555);
#8555 = CARTESIAN_POINT('',(-1.9,-59.3,1.75));
#8556 = SURFACE_CURVE('',#8557,(#8561,#8568),.PCURVE_S1.);
#8557 = LINE('',#8558,#8559);
#8558 = CARTESIAN_POINT('',(-31.3,-59.3,1.75));
#8559 = VECTOR('',#8560,1.);
#8560 = DIRECTION('',(1.,0.,0.));
#8561 = PCURVE('',#2336,#8562);
#8562 = DEFINITIONAL_REPRESENTATION('',(#8563),#8567);
#8563 = LINE('',#8564,#8565);
#8564 = CARTESIAN_POINT('',(1.2,0.));
#8565 = VECTOR('',#8566,1.);
#8566 = DIRECTION('',(0.,1.));
#8567 = ( GEOMETRIC_REPRESENTATION_CONTEXT(2) 
PARAMETRIC_REPRESENTATION_CONTEXT() REPRESENTATION_CONTEXT('2D SPACE',''
  ) );
#8568 = PCURVE('',#7023,#8569);
#8569 = DEFINITIONAL_REPRESENTATION('',(#8570),#8574);
#8570 = LINE('',#8571,#8572);
#8571 = CARTESIAN_POINT('',(0.,0.6));
#8572 = VECTOR('',#8573,1.);
#8573 = DIRECTION('',(1.,0.));
#8574 = ( GEOMETRIC_REPRESENTATION_CONTEXT(2) 
PARAMETRIC_REPRESENTATION_CONTEXT() REPRESENTATION_CONTEXT('2D SPACE',''
  ) );
#8575 = ORIENTED_EDGE('',*,*,#8576,.F.);
#8576 = EDGE_CURVE('',#2321,#8554,#8577,.T.);
#8577 = SURFACE_CURVE('',#8578,(#8582,#8589),.PCURVE_S1.);
#8578 = LINE('',#8579,#8580);
#8579 = CARTESIAN_POINT('',(-1.9,-59.3,0.55));
#8580 = VECTOR('',#8581,1.);
#8581 = DIRECTION('',(0.,0.,1.));
#8582 = PCURVE('',#2336,#8583);
#8583 = DEFINITIONAL_REPRESENTATION('',(#8584),#8588);
#8584 = LINE('',#8585,#8586);
#8585 = CARTESIAN_POINT('',(0.,29.4));
#8586 = VECTOR('',#8587,1.);
#8587 = DIRECTION('',(1.,0.));
#8588 = ( GEOMETRIC_REPRESENTATION_CONTEXT(2) 
PARAMETRIC_REPRESENTATION_CONTEXT() REPRESENTATION_CONTEXT('2D SPACE',''
  ) );
#8589 = PCURVE('',#3074,#8590);
#8590 = DEFINITIONAL_REPRESENTATION('',(#8591),#8595);
#8591 = LINE('',#8592,#8593);
#8592 = CARTESIAN_POINT('',(0.,-0.6));
#8593 = VECTOR('',#8594,1.);
#8594 = DIRECTION('',(1.,0.));
#8595 = ( GEOMETRIC_REPRESENTATION_CONTEXT(2) 
PARAMETRIC_REPRESENTATION_CONTEXT() REPRESENTATION_CONTEXT('2D SPACE',''
  ) );
#8596 = ADVANCED_FACE('',(#8597),#2364,.T.);
#8597 = FACE_BOUND('',#8598,.T.);
#8598 = EDGE_LOOP('',(#8599,#8622,#8623,#8624,#8645,#8666));
#8599 = ORIENTED_EDGE('',*,*,#8600,.F.);
#8600 = EDGE_CURVE('',#8533,#8601,#8603,.T.);
#8601 = VERTEX_POINT('',#8602);
#8602 = CARTESIAN_POINT('',(-2.1,-22.,1.75));
#8603 = SURFACE_CURVE('',#8604,(#8608,#8615),.PCURVE_S1.);
#8604 = LINE('',#8605,#8606);
#8605 = CARTESIAN_POINT('',(-2.1,-59.8,1.75));
#8606 = VECTOR('',#8607,1.);
#8607 = DIRECTION('',(0.,1.,0.));
#8608 = PCURVE('',#2364,#8609);
#8609 = DEFINITIONAL_REPRESENTATION('',(#8610),#8614);
#8610 = LINE('',#8611,#8612);
#8611 = CARTESIAN_POINT('',(1.2,0.));
#8612 = VECTOR('',#8613,1.);
#8613 = DIRECTION('',(0.,-1.));
#8614 = ( GEOMETRIC_REPRESENTATION_CONTEXT(2) 
PARAMETRIC_REPRESENTATION_CONTEXT() REPRESENTATION_CONTEXT('2D SPACE',''
  ) );
#8615 = PCURVE('',#7023,#8616);
#8616 = DEFINITIONAL_REPRESENTATION('',(#8617),#8621);
#8617 = LINE('',#8618,#8619);
#8618 = CARTESIAN_POINT('',(29.2,0.1));
#8619 = VECTOR('',#8620,1.);
#8620 = DIRECTION('',(0.,1.));
#8621 = ( GEOMETRIC_REPRESENTATION_CONTEXT(2) 
PARAMETRIC_REPRESENTATION_CONTEXT() REPRESENTATION_CONTEXT('2D SPACE',''
  ) );
#8622 = ORIENTED_EDGE('',*,*,#8532,.F.);
#8623 = ORIENTED_EDGE('',*,*,#2348,.T.);
#8624 = ORIENTED_EDGE('',*,*,#8625,.T.);
#8625 = EDGE_CURVE('',#2349,#8626,#8628,.T.);
#8626 = VERTEX_POINT('',#8627);
#8627 = CARTESIAN_POINT('',(-2.1,-21.7,0.8));
#8628 = SURFACE_CURVE('',#8629,(#8633,#8639),.PCURVE_S1.);
#8629 = LINE('',#8630,#8631);
#8630 = CARTESIAN_POINT('',(-2.1,-21.7,0.55));
#8631 = VECTOR('',#8632,1.);
#8632 = DIRECTION('',(0.,0.,1.));
#8633 = PCURVE('',#2364,#8634);
#8634 = DEFINITIONAL_REPRESENTATION('',(#8635),#8638);
#8635 = B_SPLINE_CURVE_WITH_KNOTS('',1,(#8636,#8637),.UNSPECIFIED.,.F.,
  .F.,(2,2),(0.,1.2),.PIECEWISE_BEZIER_KNOTS.);
#8636 = CARTESIAN_POINT('',(0.,-38.1));
#8637 = CARTESIAN_POINT('',(1.2,-38.1));
#8638 = ( GEOMETRIC_REPRESENTATION_CONTEXT(2) 
PARAMETRIC_REPRESENTATION_CONTEXT() REPRESENTATION_CONTEXT('2D SPACE',''
  ) );
#8639 = PCURVE('',#2392,#8640);
#8640 = DEFINITIONAL_REPRESENTATION('',(#8641),#8644);
#8641 = B_SPLINE_CURVE_WITH_KNOTS('',1,(#8642,#8643),.UNSPECIFIED.,.F.,
  .F.,(2,2),(0.,1.2),.PIECEWISE_BEZIER_KNOTS.);
#8642 = CARTESIAN_POINT('',(0.,29.2));
#8643 = CARTESIAN_POINT('',(1.2,29.2));
#8644 = ( GEOMETRIC_REPRESENTATION_CONTEXT(2) 
PARAMETRIC_REPRESENTATION_CONTEXT() REPRESENTATION_CONTEXT('2D SPACE',''
  ) );
#8645 = ORIENTED_EDGE('',*,*,#8646,.T.);
#8646 = EDGE_CURVE('',#8626,#8647,#8649,.T.);
#8647 = VERTEX_POINT('',#8648);
#8648 = CARTESIAN_POINT('',(-2.1,-22.,0.8));
#8649 = SURFACE_CURVE('',#8650,(#8654,#8660),.PCURVE_S1.);
#8650 = LINE('',#8651,#8652);
#8651 = CARTESIAN_POINT('',(-2.1,-40.9,0.8));
#8652 = VECTOR('',#8653,1.);
#8653 = DIRECTION('',(0.,-1.,0.));
#8654 = PCURVE('',#2364,#8655);
#8655 = DEFINITIONAL_REPRESENTATION('',(#8656),#8659);
#8656 = B_SPLINE_CURVE_WITH_KNOTS('',1,(#8657,#8658),.UNSPECIFIED.,.F.,
  .F.,(2,2),(-19.2,-18.9),.PIECEWISE_BEZIER_KNOTS.);
#8657 = CARTESIAN_POINT('',(0.25,-38.1));
#8658 = CARTESIAN_POINT('',(0.25,-37.8));
#8659 = ( GEOMETRIC_REPRESENTATION_CONTEXT(2) 
PARAMETRIC_REPRESENTATION_CONTEXT() REPRESENTATION_CONTEXT('2D SPACE',''
  ) );
#8660 = PCURVE('',#8377,#8661);
#8661 = DEFINITIONAL_REPRESENTATION('',(#8662),#8665);
#8662 = B_SPLINE_CURVE_WITH_KNOTS('',1,(#8663,#8664),.UNSPECIFIED.,.F.,
  .F.,(2,2),(-19.2,-18.9),.PIECEWISE_BEZIER_KNOTS.);
#8663 = CARTESIAN_POINT('',(0.9,0.3));
#8664 = CARTESIAN_POINT('',(0.9,0.));
#8665 = ( GEOMETRIC_REPRESENTATION_CONTEXT(2) 
PARAMETRIC_REPRESENTATION_CONTEXT() REPRESENTATION_CONTEXT('2D SPACE',''
  ) );
#8666 = ORIENTED_EDGE('',*,*,#8667,.T.);
#8667 = EDGE_CURVE('',#8647,#8601,#8668,.T.);
#8668 = SURFACE_CURVE('',#8669,(#8673,#8679),.PCURVE_S1.);
#8669 = LINE('',#8670,#8671);
#8670 = CARTESIAN_POINT('',(-2.1,-22.,0.675));
#8671 = VECTOR('',#8672,1.);
#8672 = DIRECTION('',(0.,0.,1.));
#8673 = PCURVE('',#2364,#8674);
#8674 = DEFINITIONAL_REPRESENTATION('',(#8675),#8678);
#8675 = B_SPLINE_CURVE_WITH_KNOTS('',1,(#8676,#8677),.UNSPECIFIED.,.F.,
  .F.,(2,2),(0.125,1.075),.PIECEWISE_BEZIER_KNOTS.);
#8676 = CARTESIAN_POINT('',(0.25,-37.8));
#8677 = CARTESIAN_POINT('',(1.2,-37.8));
#8678 = ( GEOMETRIC_REPRESENTATION_CONTEXT(2) 
PARAMETRIC_REPRESENTATION_CONTEXT() REPRESENTATION_CONTEXT('2D SPACE',''
  ) );
#8679 = PCURVE('',#8490,#8680);
#8680 = DEFINITIONAL_REPRESENTATION('',(#8681),#8684);
#8681 = B_SPLINE_CURVE_WITH_KNOTS('',1,(#8682,#8683),.UNSPECIFIED.,.F.,
  .F.,(2,2),(0.125,1.075),.PIECEWISE_BEZIER_KNOTS.);
#8682 = CARTESIAN_POINT('',(0.,0.9));
#8683 = CARTESIAN_POINT('',(0.95,0.9));
#8684 = ( GEOMETRIC_REPRESENTATION_CONTEXT(2) 
PARAMETRIC_REPRESENTATION_CONTEXT() REPRESENTATION_CONTEXT('2D SPACE',''
  ) );
#8685 = ADVANCED_FACE('',(#8686),#2392,.F.);
#8686 = FACE_BOUND('',#8687,.F.);
#8687 = EDGE_LOOP('',(#8688,#8689,#8690,#8711));
#8688 = ORIENTED_EDGE('',*,*,#2376,.F.);
#8689 = ORIENTED_EDGE('',*,*,#8625,.T.);
#8690 = ORIENTED_EDGE('',*,*,#8691,.T.);
#8691 = EDGE_CURVE('',#8626,#8692,#8694,.T.);
#8692 = VERTEX_POINT('',#8693);
#8693 = CARTESIAN_POINT('',(-1.9,-21.7,0.8));
#8694 = SURFACE_CURVE('',#8695,(#8699,#8705),.PCURVE_S1.);
#8695 = LINE('',#8696,#8697);
#8696 = CARTESIAN_POINT('',(-17.15,-21.7,0.8));
#8697 = VECTOR('',#8698,1.);
#8698 = DIRECTION('',(1.,0.,0.));
#8699 = PCURVE('',#2392,#8700);
#8700 = DEFINITIONAL_REPRESENTATION('',(#8701),#8704);
#8701 = B_SPLINE_CURVE_WITH_KNOTS('',1,(#8702,#8703),.UNSPECIFIED.,.F.,
  .F.,(2,2),(15.05,15.25),.PIECEWISE_BEZIER_KNOTS.);
#8702 = CARTESIAN_POINT('',(0.25,29.2));
#8703 = CARTESIAN_POINT('',(0.25,29.4));
#8704 = ( GEOMETRIC_REPRESENTATION_CONTEXT(2) 
PARAMETRIC_REPRESENTATION_CONTEXT() REPRESENTATION_CONTEXT('2D SPACE',''
  ) );
#8705 = PCURVE('',#8377,#8706);
#8706 = DEFINITIONAL_REPRESENTATION('',(#8707),#8710);
#8707 = B_SPLINE_CURVE_WITH_KNOTS('',1,(#8708,#8709),.UNSPECIFIED.,.F.,
  .F.,(2,2),(15.05,15.25),.PIECEWISE_BEZIER_KNOTS.);
#8708 = CARTESIAN_POINT('',(0.9,0.3));
#8709 = CARTESIAN_POINT('',(1.1,0.3));
#8710 = ( GEOMETRIC_REPRESENTATION_CONTEXT(2) 
PARAMETRIC_REPRESENTATION_CONTEXT() REPRESENTATION_CONTEXT('2D SPACE',''
  ) );
#8711 = ORIENTED_EDGE('',*,*,#8712,.F.);
#8712 = EDGE_CURVE('',#2377,#8692,#8713,.T.);
#8713 = SURFACE_CURVE('',#8714,(#8718,#8725),.PCURVE_S1.);
#8714 = LINE('',#8715,#8716);
#8715 = CARTESIAN_POINT('',(-1.9,-21.7,0.55));
#8716 = VECTOR('',#8717,1.);
#8717 = DIRECTION('',(0.,0.,1.));
#8718 = PCURVE('',#2392,#8719);
#8719 = DEFINITIONAL_REPRESENTATION('',(#8720),#8724);
#8720 = LINE('',#8721,#8722);
#8721 = CARTESIAN_POINT('',(0.,29.4));
#8722 = VECTOR('',#8723,1.);
#8723 = DIRECTION('',(1.,0.));
#8724 = ( GEOMETRIC_REPRESENTATION_CONTEXT(2) 
PARAMETRIC_REPRESENTATION_CONTEXT() REPRESENTATION_CONTEXT('2D SPACE',''
  ) );
#8725 = PCURVE('',#2420,#8726);
#8726 = DEFINITIONAL_REPRESENTATION('',(#8727),#8731);
#8727 = LINE('',#8728,#8729);
#8728 = CARTESIAN_POINT('',(0.,0.));
#8729 = VECTOR('',#8730,1.);
#8730 = DIRECTION('',(1.,0.));
#8731 = ( GEOMETRIC_REPRESENTATION_CONTEXT(2) 
PARAMETRIC_REPRESENTATION_CONTEXT() REPRESENTATION_CONTEXT('2D SPACE',''
  ) );
#8732 = ADVANCED_FACE('',(#8733),#2420,.T.);
#8733 = FACE_BOUND('',#8734,.T.);
#8734 = EDGE_LOOP('',(#8735,#8736,#8737,#8760));
#8735 = ORIENTED_EDGE('',*,*,#8712,.F.);
#8736 = ORIENTED_EDGE('',*,*,#2404,.T.);
#8737 = ORIENTED_EDGE('',*,*,#8738,.T.);
#8738 = EDGE_CURVE('',#2405,#8739,#8741,.T.);
#8739 = VERTEX_POINT('',#8740);
#8740 = CARTESIAN_POINT('',(-1.9,-21.1,0.8));
#8741 = SURFACE_CURVE('',#8742,(#8746,#8753),.PCURVE_S1.);
#8742 = LINE('',#8743,#8744);
#8743 = CARTESIAN_POINT('',(-1.9,-21.1,0.55));
#8744 = VECTOR('',#8745,1.);
#8745 = DIRECTION('',(0.,0.,1.));
#8746 = PCURVE('',#2420,#8747);
#8747 = DEFINITIONAL_REPRESENTATION('',(#8748),#8752);
#8748 = LINE('',#8749,#8750);
#8749 = CARTESIAN_POINT('',(0.,-0.6));
#8750 = VECTOR('',#8751,1.);
#8751 = DIRECTION('',(1.,0.));
#8752 = ( GEOMETRIC_REPRESENTATION_CONTEXT(2) 
PARAMETRIC_REPRESENTATION_CONTEXT() REPRESENTATION_CONTEXT('2D SPACE',''
  ) );
#8753 = PCURVE('',#2448,#8754);
#8754 = DEFINITIONAL_REPRESENTATION('',(#8755),#8759);
#8755 = LINE('',#8756,#8757);
#8756 = CARTESIAN_POINT('',(0.,29.4));
#8757 = VECTOR('',#8758,1.);
#8758 = DIRECTION('',(1.,0.));
#8759 = ( GEOMETRIC_REPRESENTATION_CONTEXT(2) 
PARAMETRIC_REPRESENTATION_CONTEXT() REPRESENTATION_CONTEXT('2D SPACE',''
  ) );
#8760 = ORIENTED_EDGE('',*,*,#8761,.T.);
#8761 = EDGE_CURVE('',#8739,#8692,#8762,.T.);
#8762 = SURFACE_CURVE('',#8763,(#8767,#8773),.PCURVE_S1.);
#8763 = LINE('',#8764,#8765);
#8764 = CARTESIAN_POINT('',(-1.9,-21.85,0.8));
#8765 = VECTOR('',#8766,1.);
#8766 = DIRECTION('',(0.,-1.,0.));
#8767 = PCURVE('',#2420,#8768);
#8768 = DEFINITIONAL_REPRESENTATION('',(#8769),#8772);
#8769 = B_SPLINE_CURVE_WITH_KNOTS('',1,(#8770,#8771),.UNSPECIFIED.,.F.,
  .F.,(2,2),(-0.75,-0.15),.PIECEWISE_BEZIER_KNOTS.);
#8770 = CARTESIAN_POINT('',(0.25,-0.6));
#8771 = CARTESIAN_POINT('',(0.25,0.));
#8772 = ( GEOMETRIC_REPRESENTATION_CONTEXT(2) 
PARAMETRIC_REPRESENTATION_CONTEXT() REPRESENTATION_CONTEXT('2D SPACE',''
  ) );
#8773 = PCURVE('',#8377,#8774);
#8774 = DEFINITIONAL_REPRESENTATION('',(#8775),#8778);
#8775 = B_SPLINE_CURVE_WITH_KNOTS('',1,(#8776,#8777),.UNSPECIFIED.,.F.,
  .F.,(2,2),(-0.75,-0.15),.PIECEWISE_BEZIER_KNOTS.);
#8776 = CARTESIAN_POINT('',(1.1,0.9));
#8777 = CARTESIAN_POINT('',(1.1,0.3));
#8778 = ( GEOMETRIC_REPRESENTATION_CONTEXT(2) 
PARAMETRIC_REPRESENTATION_CONTEXT() REPRESENTATION_CONTEXT('2D SPACE',''
  ) );
#8779 = ADVANCED_FACE('',(#8780),#2448,.T.);
#8780 = FACE_BOUND('',#8781,.T.);
#8781 = EDGE_LOOP('',(#8782,#8783,#8784,#8807,#8828,#8847));
#8782 = ORIENTED_EDGE('',*,*,#2432,.F.);
#8783 = ORIENTED_EDGE('',*,*,#7035,.T.);
#8784 = ORIENTED_EDGE('',*,*,#8785,.T.);
#8785 = EDGE_CURVE('',#7009,#8786,#8788,.T.);
#8786 = VERTEX_POINT('',#8787);
#8787 = CARTESIAN_POINT('',(-3.,-21.1,1.75));
#8788 = SURFACE_CURVE('',#8789,(#8793,#8800),.PCURVE_S1.);
#8789 = LINE('',#8790,#8791);
#8790 = CARTESIAN_POINT('',(-31.3,-21.1,1.75));
#8791 = VECTOR('',#8792,1.);
#8792 = DIRECTION('',(1.,0.,0.));
#8793 = PCURVE('',#2448,#8794);
#8794 = DEFINITIONAL_REPRESENTATION('',(#8795),#8799);
#8795 = LINE('',#8796,#8797);
#8796 = CARTESIAN_POINT('',(1.2,0.));
#8797 = VECTOR('',#8798,1.);
#8798 = DIRECTION('',(0.,1.));
#8799 = ( GEOMETRIC_REPRESENTATION_CONTEXT(2) 
PARAMETRIC_REPRESENTATION_CONTEXT() REPRESENTATION_CONTEXT('2D SPACE',''
  ) );
#8800 = PCURVE('',#7023,#8801);
#8801 = DEFINITIONAL_REPRESENTATION('',(#8802),#8806);
#8802 = LINE('',#8803,#8804);
#8803 = CARTESIAN_POINT('',(0.,38.8));
#8804 = VECTOR('',#8805,1.);
#8805 = DIRECTION('',(1.,0.));
#8806 = ( GEOMETRIC_REPRESENTATION_CONTEXT(2) 
PARAMETRIC_REPRESENTATION_CONTEXT() REPRESENTATION_CONTEXT('2D SPACE',''
  ) );
#8807 = ORIENTED_EDGE('',*,*,#8808,.T.);
#8808 = EDGE_CURVE('',#8786,#8809,#8811,.T.);
#8809 = VERTEX_POINT('',#8810);
#8810 = CARTESIAN_POINT('',(-3.,-21.1,0.8));
#8811 = SURFACE_CURVE('',#8812,(#8816,#8822),.PCURVE_S1.);
#8812 = LINE('',#8813,#8814);
#8813 = CARTESIAN_POINT('',(-3.,-21.1,0.675));
#8814 = VECTOR('',#8815,1.);
#8815 = DIRECTION('',(0.,0.,-1.));
#8816 = PCURVE('',#2448,#8817);
#8817 = DEFINITIONAL_REPRESENTATION('',(#8818),#8821);
#8818 = B_SPLINE_CURVE_WITH_KNOTS('',1,(#8819,#8820),.UNSPECIFIED.,.F.,
  .F.,(2,2),(-1.075,-0.125),.PIECEWISE_BEZIER_KNOTS.);
#8819 = CARTESIAN_POINT('',(1.2,28.3));
#8820 = CARTESIAN_POINT('',(0.25,28.3));
#8821 = ( GEOMETRIC_REPRESENTATION_CONTEXT(2) 
PARAMETRIC_REPRESENTATION_CONTEXT() REPRESENTATION_CONTEXT('2D SPACE',''
  ) );
#8822 = PCURVE('',#8351,#8823);
#8823 = DEFINITIONAL_REPRESENTATION('',(#8824),#8827);
#8824 = B_SPLINE_CURVE_WITH_KNOTS('',1,(#8825,#8826),.UNSPECIFIED.,.F.,
  .F.,(2,2),(-1.075,-0.125),.PIECEWISE_BEZIER_KNOTS.);
#8825 = CARTESIAN_POINT('',(0.95,-0.9));
#8826 = CARTESIAN_POINT('',(0.,-0.9));
#8827 = ( GEOMETRIC_REPRESENTATION_CONTEXT(2) 
PARAMETRIC_REPRESENTATION_CONTEXT() REPRESENTATION_CONTEXT('2D SPACE',''
  ) );
#8828 = ORIENTED_EDGE('',*,*,#8829,.T.);
#8829 = EDGE_CURVE('',#8809,#8739,#8830,.T.);
#8830 = SURFACE_CURVE('',#8831,(#8835,#8841),.PCURVE_S1.);
#8831 = LINE('',#8832,#8833);
#8832 = CARTESIAN_POINT('',(-17.15,-21.1,0.8));
#8833 = VECTOR('',#8834,1.);
#8834 = DIRECTION('',(1.,0.,0.));
#8835 = PCURVE('',#2448,#8836);
#8836 = DEFINITIONAL_REPRESENTATION('',(#8837),#8840);
#8837 = B_SPLINE_CURVE_WITH_KNOTS('',1,(#8838,#8839),.UNSPECIFIED.,.F.,
  .F.,(2,2),(14.15,15.25),.PIECEWISE_BEZIER_KNOTS.);
#8838 = CARTESIAN_POINT('',(0.25,28.3));
#8839 = CARTESIAN_POINT('',(0.25,29.4));
#8840 = ( GEOMETRIC_REPRESENTATION_CONTEXT(2) 
PARAMETRIC_REPRESENTATION_CONTEXT() REPRESENTATION_CONTEXT('2D SPACE',''
  ) );
#8841 = PCURVE('',#8377,#8842);
#8842 = DEFINITIONAL_REPRESENTATION('',(#8843),#8846);
#8843 = B_SPLINE_CURVE_WITH_KNOTS('',1,(#8844,#8845),.UNSPECIFIED.,.F.,
  .F.,(2,2),(14.15,15.25),.PIECEWISE_BEZIER_KNOTS.);
#8844 = CARTESIAN_POINT('',(0.,0.9));
#8845 = CARTESIAN_POINT('',(1.1,0.9));
#8846 = ( GEOMETRIC_REPRESENTATION_CONTEXT(2) 
PARAMETRIC_REPRESENTATION_CONTEXT() REPRESENTATION_CONTEXT('2D SPACE',''
  ) );
#8847 = ORIENTED_EDGE('',*,*,#8738,.F.);
#8848 = ADVANCED_FACE('',(#8849),#2498,.F.);
#8849 = FACE_BOUND('',#8850,.F.);
#8850 = EDGE_LOOP('',(#8851,#8852,#8853,#8876,#8902,#8928,#8954,#8975));
#8851 = ORIENTED_EDGE('',*,*,#2482,.T.);
#8852 = ORIENTED_EDGE('',*,*,#7055,.T.);
#8853 = ORIENTED_EDGE('',*,*,#8854,.F.);
#8854 = EDGE_CURVE('',#8855,#7056,#8857,.T.);
#8855 = VERTEX_POINT('',#8856);
#8856 = CARTESIAN_POINT('',(8.1,-19.85,1.75));
#8857 = SURFACE_CURVE('',#8858,(#8862,#8869),.PCURVE_S1.);
#8858 = LINE('',#8859,#8860);
#8859 = CARTESIAN_POINT('',(9.5,-19.85,1.75));
#8860 = VECTOR('',#8861,1.);
#8861 = DIRECTION('',(-1.,0.,0.));
#8862 = PCURVE('',#2498,#8863);
#8863 = DEFINITIONAL_REPRESENTATION('',(#8864),#8868);
#8864 = LINE('',#8865,#8866);
#8865 = CARTESIAN_POINT('',(1.2,40.5));
#8866 = VECTOR('',#8867,1.);
#8867 = DIRECTION('',(0.,-1.));
#8868 = ( GEOMETRIC_REPRESENTATION_CONTEXT(2) 
PARAMETRIC_REPRESENTATION_CONTEXT() REPRESENTATION_CONTEXT('2D SPACE',''
  ) );
#8869 = PCURVE('',#7092,#8870);
#8870 = DEFINITIONAL_REPRESENTATION('',(#8871),#8875);
#8871 = LINE('',#8872,#8873);
#8872 = CARTESIAN_POINT('',(40.5,-26.8));
#8873 = VECTOR('',#8874,1.);
#8874 = DIRECTION('',(-1.,0.));
#8875 = ( GEOMETRIC_REPRESENTATION_CONTEXT(2) 
PARAMETRIC_REPRESENTATION_CONTEXT() REPRESENTATION_CONTEXT('2D SPACE',''
  ) );
#8876 = ORIENTED_EDGE('',*,*,#8877,.T.);
#8877 = EDGE_CURVE('',#8855,#8878,#8880,.T.);
#8878 = VERTEX_POINT('',#8879);
#8879 = CARTESIAN_POINT('',(8.1,-19.85,0.8));
#8880 = SURFACE_CURVE('',#8881,(#8885,#8891),.PCURVE_S1.);
#8881 = LINE('',#8882,#8883);
#8882 = CARTESIAN_POINT('',(8.1,-19.85,0.675));
#8883 = VECTOR('',#8884,1.);
#8884 = DIRECTION('',(0.,0.,-1.));
#8885 = PCURVE('',#2498,#8886);
#8886 = DEFINITIONAL_REPRESENTATION('',(#8887),#8890);
#8887 = B_SPLINE_CURVE_WITH_KNOTS('',1,(#8888,#8889),.UNSPECIFIED.,.F.,
  .F.,(2,2),(-1.575,-0.125),.PIECEWISE_BEZIER_KNOTS.);
#8888 = CARTESIAN_POINT('',(1.7,39.1));
#8889 = CARTESIAN_POINT('',(0.25,39.1));
#8890 = ( GEOMETRIC_REPRESENTATION_CONTEXT(2) 
PARAMETRIC_REPRESENTATION_CONTEXT() REPRESENTATION_CONTEXT('2D SPACE',''
  ) );
#8891 = PCURVE('',#8892,#8897);
#8892 = PLANE('',#8893);
#8893 = AXIS2_PLACEMENT_3D('',#8894,#8895,#8896);
#8894 = CARTESIAN_POINT('',(8.1,-20.,0.8));
#8895 = DIRECTION('',(1.,0.,0.));
#8896 = DIRECTION('',(0.,0.,1.));
#8897 = DEFINITIONAL_REPRESENTATION('',(#8898),#8901);
#8898 = B_SPLINE_CURVE_WITH_KNOTS('',1,(#8899,#8900),.UNSPECIFIED.,.F.,
  .F.,(2,2),(-1.575,-0.125),.PIECEWISE_BEZIER_KNOTS.);
#8899 = CARTESIAN_POINT('',(1.45,-0.15));
#8900 = CARTESIAN_POINT('',(0.,-0.15));
#8901 = ( GEOMETRIC_REPRESENTATION_CONTEXT(2) 
PARAMETRIC_REPRESENTATION_CONTEXT() REPRESENTATION_CONTEXT('2D SPACE',''
  ) );
#8902 = ORIENTED_EDGE('',*,*,#8903,.T.);
#8903 = EDGE_CURVE('',#8878,#8904,#8906,.T.);
#8904 = VERTEX_POINT('',#8905);
#8905 = CARTESIAN_POINT('',(8.9,-19.85,0.8));
#8906 = SURFACE_CURVE('',#8907,(#8911,#8917),.PCURVE_S1.);
#8907 = LINE('',#8908,#8909);
#8908 = CARTESIAN_POINT('',(-11.45,-19.85,0.8));
#8909 = VECTOR('',#8910,1.);
#8910 = DIRECTION('',(1.,0.,0.));
#8911 = PCURVE('',#2498,#8912);
#8912 = DEFINITIONAL_REPRESENTATION('',(#8913),#8916);
#8913 = B_SPLINE_CURVE_WITH_KNOTS('',1,(#8914,#8915),.UNSPECIFIED.,.F.,
  .F.,(2,2),(19.55,20.35),.PIECEWISE_BEZIER_KNOTS.);
#8914 = CARTESIAN_POINT('',(0.25,39.1));
#8915 = CARTESIAN_POINT('',(0.25,39.9));
#8916 = ( GEOMETRIC_REPRESENTATION_CONTEXT(2) 
PARAMETRIC_REPRESENTATION_CONTEXT() REPRESENTATION_CONTEXT('2D SPACE',''
  ) );
#8917 = PCURVE('',#8918,#8923);
#8918 = PLANE('',#8919);
#8919 = AXIS2_PLACEMENT_3D('',#8920,#8921,#8922);
#8920 = CARTESIAN_POINT('',(8.1,-20.,0.8));
#8921 = DIRECTION('',(0.,0.,1.));
#8922 = DIRECTION('',(1.,0.,0.));
#8923 = DEFINITIONAL_REPRESENTATION('',(#8924),#8927);
#8924 = B_SPLINE_CURVE_WITH_KNOTS('',1,(#8925,#8926),.UNSPECIFIED.,.F.,
  .F.,(2,2),(19.55,20.35),.PIECEWISE_BEZIER_KNOTS.);
#8925 = CARTESIAN_POINT('',(0.,0.15));
#8926 = CARTESIAN_POINT('',(0.8,0.15));
#8927 = ( GEOMETRIC_REPRESENTATION_CONTEXT(2) 
PARAMETRIC_REPRESENTATION_CONTEXT() REPRESENTATION_CONTEXT('2D SPACE',''
  ) );
#8928 = ORIENTED_EDGE('',*,*,#8929,.F.);
#8929 = EDGE_CURVE('',#8930,#8904,#8932,.T.);
#8930 = VERTEX_POINT('',#8931);
#8931 = CARTESIAN_POINT('',(8.9,-19.85,2.25));
#8932 = SURFACE_CURVE('',#8933,(#8937,#8943),.PCURVE_S1.);
#8933 = LINE('',#8934,#8935);
#8934 = CARTESIAN_POINT('',(8.9,-19.85,0.675));
#8935 = VECTOR('',#8936,1.);
#8936 = DIRECTION('',(0.,0.,-1.));
#8937 = PCURVE('',#2498,#8938);
#8938 = DEFINITIONAL_REPRESENTATION('',(#8939),#8942);
#8939 = B_SPLINE_CURVE_WITH_KNOTS('',1,(#8940,#8941),.UNSPECIFIED.,.F.,
  .F.,(2,2),(-1.575,-0.125),.PIECEWISE_BEZIER_KNOTS.);
#8940 = CARTESIAN_POINT('',(1.7,39.9));
#8941 = CARTESIAN_POINT('',(0.25,39.9));
#8942 = ( GEOMETRIC_REPRESENTATION_CONTEXT(2) 
PARAMETRIC_REPRESENTATION_CONTEXT() REPRESENTATION_CONTEXT('2D SPACE',''
  ) );
#8943 = PCURVE('',#8944,#8949);
#8944 = PLANE('',#8945);
#8945 = AXIS2_PLACEMENT_3D('',#8946,#8947,#8948);
#8946 = CARTESIAN_POINT('',(8.9,-20.,0.8));
#8947 = DIRECTION('',(1.,0.,0.));
#8948 = DIRECTION('',(0.,0.,1.));
#8949 = DEFINITIONAL_REPRESENTATION('',(#8950),#8953);
#8950 = B_SPLINE_CURVE_WITH_KNOTS('',1,(#8951,#8952),.UNSPECIFIED.,.F.,
  .F.,(2,2),(-1.575,-0.125),.PIECEWISE_BEZIER_KNOTS.);
#8951 = CARTESIAN_POINT('',(1.45,-0.15));
#8952 = CARTESIAN_POINT('',(0.,-0.15));
#8953 = ( GEOMETRIC_REPRESENTATION_CONTEXT(2) 
PARAMETRIC_REPRESENTATION_CONTEXT() REPRESENTATION_CONTEXT('2D SPACE',''
  ) );
#8954 = ORIENTED_EDGE('',*,*,#8955,.T.);
#8955 = EDGE_CURVE('',#8930,#5343,#8956,.T.);
#8956 = SURFACE_CURVE('',#8957,(#8961,#8968),.PCURVE_S1.);
#8957 = LINE('',#8958,#8959);
#8958 = CARTESIAN_POINT('',(8.4,-19.85,2.25));
#8959 = VECTOR('',#8960,1.);
#8960 = DIRECTION('',(1.,0.,0.));
#8961 = PCURVE('',#2498,#8962);
#8962 = DEFINITIONAL_REPRESENTATION('',(#8963),#8967);
#8963 = LINE('',#8964,#8965);
#8964 = CARTESIAN_POINT('',(1.7,39.4));
#8965 = VECTOR('',#8966,1.);
#8966 = DIRECTION('',(0.,1.));
#8967 = ( GEOMETRIC_REPRESENTATION_CONTEXT(2) 
PARAMETRIC_REPRESENTATION_CONTEXT() REPRESENTATION_CONTEXT('2D SPACE',''
  ) );
#8968 = PCURVE('',#5379,#8969);
#8969 = DEFINITIONAL_REPRESENTATION('',(#8970),#8974);
#8970 = LINE('',#8971,#8972);
#8971 = CARTESIAN_POINT('',(0.,0.));
#8972 = VECTOR('',#8973,1.);
#8973 = DIRECTION('',(1.,0.));
#8974 = ( GEOMETRIC_REPRESENTATION_CONTEXT(2) 
PARAMETRIC_REPRESENTATION_CONTEXT() REPRESENTATION_CONTEXT('2D SPACE',''
  ) );
#8975 = ORIENTED_EDGE('',*,*,#5342,.F.);
#8976 = ADVANCED_FACE('',(#8977),#2664,.T.);
#8977 = FACE_BOUND('',#8978,.T.);
#8978 = EDGE_LOOP('',(#8979,#9002,#9003,#9004));
#8979 = ORIENTED_EDGE('',*,*,#8980,.F.);
#8980 = EDGE_CURVE('',#5145,#8981,#8983,.T.);
#8981 = VERTEX_POINT('',#8982);
#8982 = CARTESIAN_POINT('',(28.4,-29.45,2.25));
#8983 = SURFACE_CURVE('',#8984,(#8988,#8995),.PCURVE_S1.);
#8984 = LINE('',#8985,#8986);
#8985 = CARTESIAN_POINT('',(28.4,-63.15,2.25));
#8986 = VECTOR('',#8987,1.);
#8987 = DIRECTION('',(0.,1.,0.));
#8988 = PCURVE('',#2664,#8989);
#8989 = DEFINITIONAL_REPRESENTATION('',(#8990),#8994);
#8990 = LINE('',#8991,#8992);
#8991 = CARTESIAN_POINT('',(1.7,0.));
#8992 = VECTOR('',#8993,1.);
#8993 = DIRECTION('',(0.,-1.));
#8994 = ( GEOMETRIC_REPRESENTATION_CONTEXT(2) 
PARAMETRIC_REPRESENTATION_CONTEXT() REPRESENTATION_CONTEXT('2D SPACE',''
  ) );
#8995 = PCURVE('',#5182,#8996);
#8996 = DEFINITIONAL_REPRESENTATION('',(#8997),#9001);
#8997 = LINE('',#8998,#8999);
#8998 = CARTESIAN_POINT('',(0.6,0.));
#8999 = VECTOR('',#9000,1.);
#9000 = DIRECTION('',(0.,1.));
#9001 = ( GEOMETRIC_REPRESENTATION_CONTEXT(2) 
PARAMETRIC_REPRESENTATION_CONTEXT() REPRESENTATION_CONTEXT('2D SPACE',''
  ) );
#9002 = ORIENTED_EDGE('',*,*,#5144,.F.);
#9003 = ORIENTED_EDGE('',*,*,#2648,.T.);
#9004 = ORIENTED_EDGE('',*,*,#9005,.T.);
#9005 = EDGE_CURVE('',#2649,#8981,#9006,.T.);
#9006 = SURFACE_CURVE('',#9007,(#9011,#9018),.PCURVE_S1.);
#9007 = LINE('',#9008,#9009);
#9008 = CARTESIAN_POINT('',(28.4,-29.45,0.55));
#9009 = VECTOR('',#9010,1.);
#9010 = DIRECTION('',(0.,0.,1.));
#9011 = PCURVE('',#2664,#9012);
#9012 = DEFINITIONAL_REPRESENTATION('',(#9013),#9017);
#9013 = LINE('',#9014,#9015);
#9014 = CARTESIAN_POINT('',(0.,-33.7));
#9015 = VECTOR('',#9016,1.);
#9016 = DIRECTION('',(1.,0.));
#9017 = ( GEOMETRIC_REPRESENTATION_CONTEXT(2) 
PARAMETRIC_REPRESENTATION_CONTEXT() REPRESENTATION_CONTEXT('2D SPACE',''
  ) );
#9018 = PCURVE('',#2692,#9019);
#9019 = DEFINITIONAL_REPRESENTATION('',(#9020),#9024);
#9020 = LINE('',#9021,#9022);
#9021 = CARTESIAN_POINT('',(0.,0.6));
#9022 = VECTOR('',#9023,1.);
#9023 = DIRECTION('',(1.,0.));
#9024 = ( GEOMETRIC_REPRESENTATION_CONTEXT(2) 
PARAMETRIC_REPRESENTATION_CONTEXT() REPRESENTATION_CONTEXT('2D SPACE',''
  ) );
#9025 = ADVANCED_FACE('',(#9026),#2692,.T.);
#9026 = FACE_BOUND('',#9027,.T.);
#9027 = EDGE_LOOP('',(#9028,#9029,#9052,#9073));
#9028 = ORIENTED_EDGE('',*,*,#2676,.F.);
#9029 = ORIENTED_EDGE('',*,*,#9030,.T.);
#9030 = EDGE_CURVE('',#2677,#9031,#9033,.T.);
#9031 = VERTEX_POINT('',#9032);
#9032 = CARTESIAN_POINT('',(27.8,-29.45,2.25));
#9033 = SURFACE_CURVE('',#9034,(#9038,#9045),.PCURVE_S1.);
#9034 = LINE('',#9035,#9036);
#9035 = CARTESIAN_POINT('',(27.8,-29.45,0.55));
#9036 = VECTOR('',#9037,1.);
#9037 = DIRECTION('',(0.,0.,1.));
#9038 = PCURVE('',#2692,#9039);
#9039 = DEFINITIONAL_REPRESENTATION('',(#9040),#9044);
#9040 = LINE('',#9041,#9042);
#9041 = CARTESIAN_POINT('',(0.,0.));
#9042 = VECTOR('',#9043,1.);
#9043 = DIRECTION('',(1.,0.));
#9044 = ( GEOMETRIC_REPRESENTATION_CONTEXT(2) 
PARAMETRIC_REPRESENTATION_CONTEXT() REPRESENTATION_CONTEXT('2D SPACE',''
  ) );
#9045 = PCURVE('',#2720,#9046);
#9046 = DEFINITIONAL_REPRESENTATION('',(#9047),#9051);
#9047 = LINE('',#9048,#9049);
#9048 = CARTESIAN_POINT('',(0.,-33.7));
#9049 = VECTOR('',#9050,1.);
#9050 = DIRECTION('',(1.,0.));
#9051 = ( GEOMETRIC_REPRESENTATION_CONTEXT(2) 
PARAMETRIC_REPRESENTATION_CONTEXT() REPRESENTATION_CONTEXT('2D SPACE',''
  ) );
#9052 = ORIENTED_EDGE('',*,*,#9053,.T.);
#9053 = EDGE_CURVE('',#9031,#8981,#9054,.T.);
#9054 = SURFACE_CURVE('',#9055,(#9059,#9066),.PCURVE_S1.);
#9055 = LINE('',#9056,#9057);
#9056 = CARTESIAN_POINT('',(27.8,-29.45,2.25));
#9057 = VECTOR('',#9058,1.);
#9058 = DIRECTION('',(1.,0.,0.));
#9059 = PCURVE('',#2692,#9060);
#9060 = DEFINITIONAL_REPRESENTATION('',(#9061),#9065);
#9061 = LINE('',#9062,#9063);
#9062 = CARTESIAN_POINT('',(1.7,0.));
#9063 = VECTOR('',#9064,1.);
#9064 = DIRECTION('',(0.,1.));
#9065 = ( GEOMETRIC_REPRESENTATION_CONTEXT(2) 
PARAMETRIC_REPRESENTATION_CONTEXT() REPRESENTATION_CONTEXT('2D SPACE',''
  ) );
#9066 = PCURVE('',#5182,#9067);
#9067 = DEFINITIONAL_REPRESENTATION('',(#9068),#9072);
#9068 = LINE('',#9069,#9070);
#9069 = CARTESIAN_POINT('',(0.,33.7));
#9070 = VECTOR('',#9071,1.);
#9071 = DIRECTION('',(1.,0.));
#9072 = ( GEOMETRIC_REPRESENTATION_CONTEXT(2) 
PARAMETRIC_REPRESENTATION_CONTEXT() REPRESENTATION_CONTEXT('2D SPACE',''
  ) );
#9073 = ORIENTED_EDGE('',*,*,#9005,.F.);
#9074 = ADVANCED_FACE('',(#9075),#2720,.F.);
#9075 = FACE_BOUND('',#9076,.F.);
#9076 = EDGE_LOOP('',(#9077,#9098,#9099,#9100));
#9077 = ORIENTED_EDGE('',*,*,#9078,.F.);
#9078 = EDGE_CURVE('',#5166,#9031,#9079,.T.);
#9079 = SURFACE_CURVE('',#9080,(#9084,#9091),.PCURVE_S1.);
#9080 = LINE('',#9081,#9082);
#9081 = CARTESIAN_POINT('',(27.8,-63.15,2.25));
#9082 = VECTOR('',#9083,1.);
#9083 = DIRECTION('',(0.,1.,0.));
#9084 = PCURVE('',#2720,#9085);
#9085 = DEFINITIONAL_REPRESENTATION('',(#9086),#9090);
#9086 = LINE('',#9087,#9088);
#9087 = CARTESIAN_POINT('',(1.7,0.));
#9088 = VECTOR('',#9089,1.);
#9089 = DIRECTION('',(0.,-1.));
#9090 = ( GEOMETRIC_REPRESENTATION_CONTEXT(2) 
PARAMETRIC_REPRESENTATION_CONTEXT() REPRESENTATION_CONTEXT('2D SPACE',''
  ) );
#9091 = PCURVE('',#5182,#9092);
#9092 = DEFINITIONAL_REPRESENTATION('',(#9093),#9097);
#9093 = LINE('',#9094,#9095);
#9094 = CARTESIAN_POINT('',(0.,0.));
#9095 = VECTOR('',#9096,1.);
#9096 = DIRECTION('',(0.,1.));
#9097 = ( GEOMETRIC_REPRESENTATION_CONTEXT(2) 
PARAMETRIC_REPRESENTATION_CONTEXT() REPRESENTATION_CONTEXT('2D SPACE',''
  ) );
#9098 = ORIENTED_EDGE('',*,*,#5194,.F.);
#9099 = ORIENTED_EDGE('',*,*,#2704,.T.);
#9100 = ORIENTED_EDGE('',*,*,#9030,.T.);
#9101 = ADVANCED_FACE('',(#9102),#2840,.T.);
#9102 = FACE_BOUND('',#9103,.T.);
#9103 = EDGE_LOOP('',(#9104,#9127,#9128,#9129));
#9104 = ORIENTED_EDGE('',*,*,#9105,.F.);
#9105 = EDGE_CURVE('',#7562,#9106,#9108,.T.);
#9106 = VERTEX_POINT('',#9107);
#9107 = CARTESIAN_POINT('',(1.8,-29.45,2.25));
#9108 = SURFACE_CURVE('',#9109,(#9113,#9120),.PCURVE_S1.);
#9109 = LINE('',#9110,#9111);
#9110 = CARTESIAN_POINT('',(1.8,-63.15,2.25));
#9111 = VECTOR('',#9112,1.);
#9112 = DIRECTION('',(0.,1.,0.));
#9113 = PCURVE('',#2840,#9114);
#9114 = DEFINITIONAL_REPRESENTATION('',(#9115),#9119);
#9115 = LINE('',#9116,#9117);
#9116 = CARTESIAN_POINT('',(1.7,0.));
#9117 = VECTOR('',#9118,1.);
#9118 = DIRECTION('',(0.,-1.));
#9119 = ( GEOMETRIC_REPRESENTATION_CONTEXT(2) 
PARAMETRIC_REPRESENTATION_CONTEXT() REPRESENTATION_CONTEXT('2D SPACE',''
  ) );
#9120 = PCURVE('',#7522,#9121);
#9121 = DEFINITIONAL_REPRESENTATION('',(#9122),#9126);
#9122 = LINE('',#9123,#9124);
#9123 = CARTESIAN_POINT('',(0.6,0.));
#9124 = VECTOR('',#9125,1.);
#9125 = DIRECTION('',(0.,1.));
#9126 = ( GEOMETRIC_REPRESENTATION_CONTEXT(2) 
PARAMETRIC_REPRESENTATION_CONTEXT() REPRESENTATION_CONTEXT('2D SPACE',''
  ) );
#9127 = ORIENTED_EDGE('',*,*,#7561,.T.);
#9128 = ORIENTED_EDGE('',*,*,#2824,.T.);
#9129 = ORIENTED_EDGE('',*,*,#9130,.T.);
#9130 = EDGE_CURVE('',#2825,#9106,#9131,.T.);
#9131 = SURFACE_CURVE('',#9132,(#9136,#9143),.PCURVE_S1.);
#9132 = LINE('',#9133,#9134);
#9133 = CARTESIAN_POINT('',(1.8,-29.45,0.55));
#9134 = VECTOR('',#9135,1.);
#9135 = DIRECTION('',(0.,0.,1.));
#9136 = PCURVE('',#2840,#9137);
#9137 = DEFINITIONAL_REPRESENTATION('',(#9138),#9142);
#9138 = LINE('',#9139,#9140);
#9139 = CARTESIAN_POINT('',(0.,-33.7));
#9140 = VECTOR('',#9141,1.);
#9141 = DIRECTION('',(1.,0.));
#9142 = ( GEOMETRIC_REPRESENTATION_CONTEXT(2) 
PARAMETRIC_REPRESENTATION_CONTEXT() REPRESENTATION_CONTEXT('2D SPACE',''
  ) );
#9143 = PCURVE('',#2868,#9144);
#9144 = DEFINITIONAL_REPRESENTATION('',(#9145),#9149);
#9145 = LINE('',#9146,#9147);
#9146 = CARTESIAN_POINT('',(0.,0.6));
#9147 = VECTOR('',#9148,1.);
#9148 = DIRECTION('',(1.,0.));
#9149 = ( GEOMETRIC_REPRESENTATION_CONTEXT(2) 
PARAMETRIC_REPRESENTATION_CONTEXT() REPRESENTATION_CONTEXT('2D SPACE',''
  ) );
#9150 = ADVANCED_FACE('',(#9151),#2868,.T.);
#9151 = FACE_BOUND('',#9152,.T.);
#9152 = EDGE_LOOP('',(#9153,#9154,#9177,#9198));
#9153 = ORIENTED_EDGE('',*,*,#2852,.F.);
#9154 = ORIENTED_EDGE('',*,*,#9155,.T.);
#9155 = EDGE_CURVE('',#2853,#9156,#9158,.T.);
#9156 = VERTEX_POINT('',#9157);
#9157 = CARTESIAN_POINT('',(1.2,-29.45,2.25));
#9158 = SURFACE_CURVE('',#9159,(#9163,#9170),.PCURVE_S1.);
#9159 = LINE('',#9160,#9161);
#9160 = CARTESIAN_POINT('',(1.2,-29.45,0.55));
#9161 = VECTOR('',#9162,1.);
#9162 = DIRECTION('',(0.,0.,1.));
#9163 = PCURVE('',#2868,#9164);
#9164 = DEFINITIONAL_REPRESENTATION('',(#9165),#9169);
#9165 = LINE('',#9166,#9167);
#9166 = CARTESIAN_POINT('',(0.,0.));
#9167 = VECTOR('',#9168,1.);
#9168 = DIRECTION('',(1.,0.));
#9169 = ( GEOMETRIC_REPRESENTATION_CONTEXT(2) 
PARAMETRIC_REPRESENTATION_CONTEXT() REPRESENTATION_CONTEXT('2D SPACE',''
  ) );
#9170 = PCURVE('',#2896,#9171);
#9171 = DEFINITIONAL_REPRESENTATION('',(#9172),#9176);
#9172 = LINE('',#9173,#9174);
#9173 = CARTESIAN_POINT('',(0.,-33.7));
#9174 = VECTOR('',#9175,1.);
#9175 = DIRECTION('',(1.,0.));
#9176 = ( GEOMETRIC_REPRESENTATION_CONTEXT(2) 
PARAMETRIC_REPRESENTATION_CONTEXT() REPRESENTATION_CONTEXT('2D SPACE',''
  ) );
#9177 = ORIENTED_EDGE('',*,*,#9178,.T.);
#9178 = EDGE_CURVE('',#9156,#9106,#9179,.T.);
#9179 = SURFACE_CURVE('',#9180,(#9184,#9191),.PCURVE_S1.);
#9180 = LINE('',#9181,#9182);
#9181 = CARTESIAN_POINT('',(1.2,-29.45,2.25));
#9182 = VECTOR('',#9183,1.);
#9183 = DIRECTION('',(1.,0.,0.));
#9184 = PCURVE('',#2868,#9185);
#9185 = DEFINITIONAL_REPRESENTATION('',(#9186),#9190);
#9186 = LINE('',#9187,#9188);
#9187 = CARTESIAN_POINT('',(1.7,0.));
#9188 = VECTOR('',#9189,1.);
#9189 = DIRECTION('',(0.,1.));
#9190 = ( GEOMETRIC_REPRESENTATION_CONTEXT(2) 
PARAMETRIC_REPRESENTATION_CONTEXT() REPRESENTATION_CONTEXT('2D SPACE',''
  ) );
#9191 = PCURVE('',#7522,#9192);
#9192 = DEFINITIONAL_REPRESENTATION('',(#9193),#9197);
#9193 = LINE('',#9194,#9195);
#9194 = CARTESIAN_POINT('',(0.,33.7));
#9195 = VECTOR('',#9196,1.);
#9196 = DIRECTION('',(1.,0.));
#9197 = ( GEOMETRIC_REPRESENTATION_CONTEXT(2) 
PARAMETRIC_REPRESENTATION_CONTEXT() REPRESENTATION_CONTEXT('2D SPACE',''
  ) );
#9198 = ORIENTED_EDGE('',*,*,#9130,.F.);
#9199 = ADVANCED_FACE('',(#9200),#2896,.F.);
#9200 = FACE_BOUND('',#9201,.F.);
#9201 = EDGE_LOOP('',(#9202,#9223,#9224,#9225));
#9202 = ORIENTED_EDGE('',*,*,#9203,.F.);
#9203 = EDGE_CURVE('',#7485,#9156,#9204,.T.);
#9204 = SURFACE_CURVE('',#9205,(#9209,#9216),.PCURVE_S1.);
#9205 = LINE('',#9206,#9207);
#9206 = CARTESIAN_POINT('',(1.2,-63.15,2.25));
#9207 = VECTOR('',#9208,1.);
#9208 = DIRECTION('',(0.,1.,0.));
#9209 = PCURVE('',#2896,#9210);
#9210 = DEFINITIONAL_REPRESENTATION('',(#9211),#9215);
#9211 = LINE('',#9212,#9213);
#9212 = CARTESIAN_POINT('',(1.7,0.));
#9213 = VECTOR('',#9214,1.);
#9214 = DIRECTION('',(0.,-1.));
#9215 = ( GEOMETRIC_REPRESENTATION_CONTEXT(2) 
PARAMETRIC_REPRESENTATION_CONTEXT() REPRESENTATION_CONTEXT('2D SPACE',''
  ) );
#9216 = PCURVE('',#7522,#9217);
#9217 = DEFINITIONAL_REPRESENTATION('',(#9218),#9222);
#9218 = LINE('',#9219,#9220);
#9219 = CARTESIAN_POINT('',(0.,0.));
#9220 = VECTOR('',#9221,1.);
#9221 = DIRECTION('',(0.,1.));
#9222 = ( GEOMETRIC_REPRESENTATION_CONTEXT(2) 
PARAMETRIC_REPRESENTATION_CONTEXT() REPRESENTATION_CONTEXT('2D SPACE',''
  ) );
#9223 = ORIENTED_EDGE('',*,*,#7484,.T.);
#9224 = ORIENTED_EDGE('',*,*,#2880,.T.);
#9225 = ORIENTED_EDGE('',*,*,#9155,.T.);
#9226 = ADVANCED_FACE('',(#9227),#3048,.F.);
#9227 = FACE_BOUND('',#9228,.F.);
#9228 = EDGE_LOOP('',(#9229,#9230,#9231,#9254));
#9229 = ORIENTED_EDGE('',*,*,#3032,.F.);
#9230 = ORIENTED_EDGE('',*,*,#7360,.F.);
#9231 = ORIENTED_EDGE('',*,*,#9232,.T.);
#9232 = EDGE_CURVE('',#7333,#9233,#9235,.T.);
#9233 = VERTEX_POINT('',#9234);
#9234 = CARTESIAN_POINT('',(-1.9,-59.9,1.75));
#9235 = SURFACE_CURVE('',#9236,(#9240,#9247),.PCURVE_S1.);
#9236 = LINE('',#9237,#9238);
#9237 = CARTESIAN_POINT('',(-31.3,-59.9,1.75));
#9238 = VECTOR('',#9239,1.);
#9239 = DIRECTION('',(1.,0.,0.));
#9240 = PCURVE('',#3048,#9241);
#9241 = DEFINITIONAL_REPRESENTATION('',(#9242),#9246);
#9242 = LINE('',#9243,#9244);
#9243 = CARTESIAN_POINT('',(1.2,0.));
#9244 = VECTOR('',#9245,1.);
#9245 = DIRECTION('',(0.,1.));
#9246 = ( GEOMETRIC_REPRESENTATION_CONTEXT(2) 
PARAMETRIC_REPRESENTATION_CONTEXT() REPRESENTATION_CONTEXT('2D SPACE',''
  ) );
#9247 = PCURVE('',#7023,#9248);
#9248 = DEFINITIONAL_REPRESENTATION('',(#9249),#9253);
#9249 = LINE('',#9250,#9251);
#9250 = CARTESIAN_POINT('',(0.,0.));
#9251 = VECTOR('',#9252,1.);
#9252 = DIRECTION('',(1.,0.));
#9253 = ( GEOMETRIC_REPRESENTATION_CONTEXT(2) 
PARAMETRIC_REPRESENTATION_CONTEXT() REPRESENTATION_CONTEXT('2D SPACE',''
  ) );
#9254 = ORIENTED_EDGE('',*,*,#9255,.F.);
#9255 = EDGE_CURVE('',#3033,#9233,#9256,.T.);
#9256 = SURFACE_CURVE('',#9257,(#9261,#9268),.PCURVE_S1.);
#9257 = LINE('',#9258,#9259);
#9258 = CARTESIAN_POINT('',(-1.9,-59.9,0.55));
#9259 = VECTOR('',#9260,1.);
#9260 = DIRECTION('',(0.,0.,1.));
#9261 = PCURVE('',#3048,#9262);
#9262 = DEFINITIONAL_REPRESENTATION('',(#9263),#9267);
#9263 = LINE('',#9264,#9265);
#9264 = CARTESIAN_POINT('',(0.,29.4));
#9265 = VECTOR('',#9266,1.);
#9266 = DIRECTION('',(1.,0.));
#9267 = ( GEOMETRIC_REPRESENTATION_CONTEXT(2) 
PARAMETRIC_REPRESENTATION_CONTEXT() REPRESENTATION_CONTEXT('2D SPACE',''
  ) );
#9268 = PCURVE('',#3074,#9269);
#9269 = DEFINITIONAL_REPRESENTATION('',(#9270),#9274);
#9270 = LINE('',#9271,#9272);
#9271 = CARTESIAN_POINT('',(0.,0.));
#9272 = VECTOR('',#9273,1.);
#9273 = DIRECTION('',(1.,0.));
#9274 = ( GEOMETRIC_REPRESENTATION_CONTEXT(2) 
PARAMETRIC_REPRESENTATION_CONTEXT() REPRESENTATION_CONTEXT('2D SPACE',''
  ) );
#9275 = ADVANCED_FACE('',(#9276),#3074,.T.);
#9276 = FACE_BOUND('',#9277,.T.);
#9277 = EDGE_LOOP('',(#9278,#9279,#9280,#9281));
#9278 = ORIENTED_EDGE('',*,*,#9255,.F.);
#9279 = ORIENTED_EDGE('',*,*,#3060,.T.);
#9280 = ORIENTED_EDGE('',*,*,#8576,.T.);
#9281 = ORIENTED_EDGE('',*,*,#9282,.F.);
#9282 = EDGE_CURVE('',#9233,#8554,#9283,.T.);
#9283 = SURFACE_CURVE('',#9284,(#9288,#9295),.PCURVE_S1.);
#9284 = LINE('',#9285,#9286);
#9285 = CARTESIAN_POINT('',(-1.9,-59.9,1.75));
#9286 = VECTOR('',#9287,1.);
#9287 = DIRECTION('',(0.,1.,0.));
#9288 = PCURVE('',#3074,#9289);
#9289 = DEFINITIONAL_REPRESENTATION('',(#9290),#9294);
#9290 = LINE('',#9291,#9292);
#9291 = CARTESIAN_POINT('',(1.2,0.));
#9292 = VECTOR('',#9293,1.);
#9293 = DIRECTION('',(0.,-1.));
#9294 = ( GEOMETRIC_REPRESENTATION_CONTEXT(2) 
PARAMETRIC_REPRESENTATION_CONTEXT() REPRESENTATION_CONTEXT('2D SPACE',''
  ) );
#9295 = PCURVE('',#7023,#9296);
#9296 = DEFINITIONAL_REPRESENTATION('',(#9297),#9301);
#9297 = LINE('',#9298,#9299);
#9298 = CARTESIAN_POINT('',(29.4,0.));
#9299 = VECTOR('',#9300,1.);
#9300 = DIRECTION('',(0.,1.));
#9301 = ( GEOMETRIC_REPRESENTATION_CONTEXT(2) 
PARAMETRIC_REPRESENTATION_CONTEXT() REPRESENTATION_CONTEXT('2D SPACE',''
  ) );
#9302 = ADVANCED_FACE('',(#9303),#3106,.F.);
#9303 = FACE_BOUND('',#9304,.F.);
#9304 = EDGE_LOOP('',(#9305,#9306,#9307,#9330));
#9305 = ORIENTED_EDGE('',*,*,#3088,.F.);
#9306 = ORIENTED_EDGE('',*,*,#7124,.T.);
#9307 = ORIENTED_EDGE('',*,*,#9308,.T.);
#9308 = EDGE_CURVE('',#7125,#9309,#9311,.T.);
#9309 = VERTEX_POINT('',#9310);
#9310 = CARTESIAN_POINT('',(-29.7,6.95,1.75));
#9311 = SURFACE_CURVE('',#9312,(#9316,#9323),.PCURVE_S1.);
#9312 = LINE('',#9313,#9314);
#9313 = CARTESIAN_POINT('',(-31.,6.95,1.75));
#9314 = VECTOR('',#9315,1.);
#9315 = DIRECTION('',(1.,0.,0.));
#9316 = PCURVE('',#3106,#9317);
#9317 = DEFINITIONAL_REPRESENTATION('',(#9318),#9322);
#9318 = LINE('',#9319,#9320);
#9319 = CARTESIAN_POINT('',(1.2,0.));
#9320 = VECTOR('',#9321,1.);
#9321 = DIRECTION('',(0.,1.));
#9322 = ( GEOMETRIC_REPRESENTATION_CONTEXT(2) 
PARAMETRIC_REPRESENTATION_CONTEXT() REPRESENTATION_CONTEXT('2D SPACE',''
  ) );
#9323 = PCURVE('',#7092,#9324);
#9324 = DEFINITIONAL_REPRESENTATION('',(#9325),#9329);
#9325 = LINE('',#9326,#9327);
#9326 = CARTESIAN_POINT('',(0.,0.));
#9327 = VECTOR('',#9328,1.);
#9328 = DIRECTION('',(1.,0.));
#9329 = ( GEOMETRIC_REPRESENTATION_CONTEXT(2) 
PARAMETRIC_REPRESENTATION_CONTEXT() REPRESENTATION_CONTEXT('2D SPACE',''
  ) );
#9330 = ORIENTED_EDGE('',*,*,#9331,.T.);
#9331 = EDGE_CURVE('',#9309,#3091,#9332,.T.);
#9332 = SURFACE_CURVE('',#9333,(#9337,#9343),.PCURVE_S1.);
#9333 = LINE('',#9334,#9335);
#9334 = CARTESIAN_POINT('',(-29.7,6.95,0.55));
#9335 = VECTOR('',#9336,1.);
#9336 = DIRECTION('',(0.,0.,-1.));
#9337 = PCURVE('',#3106,#9338);
#9338 = DEFINITIONAL_REPRESENTATION('',(#9339),#9342);
#9339 = B_SPLINE_CURVE_WITH_KNOTS('',1,(#9340,#9341),.UNSPECIFIED.,.F.,
  .F.,(2,2),(-1.2,0.),.PIECEWISE_BEZIER_KNOTS.);
#9340 = CARTESIAN_POINT('',(1.2,1.3));
#9341 = CARTESIAN_POINT('',(0.,1.3));
#9342 = ( GEOMETRIC_REPRESENTATION_CONTEXT(2) 
PARAMETRIC_REPRESENTATION_CONTEXT() REPRESENTATION_CONTEXT('2D SPACE',''
  ) );
#9343 = PCURVE('',#3134,#9344);
#9344 = DEFINITIONAL_REPRESENTATION('',(#9345),#9348);
#9345 = B_SPLINE_CURVE_WITH_KNOTS('',1,(#9346,#9347),.UNSPECIFIED.,.F.,
  .F.,(2,2),(-1.2,0.),.PIECEWISE_BEZIER_KNOTS.);
#9346 = CARTESIAN_POINT('',(1.2,-26.8));
#9347 = CARTESIAN_POINT('',(0.,-26.8));
#9348 = ( GEOMETRIC_REPRESENTATION_CONTEXT(2) 
PARAMETRIC_REPRESENTATION_CONTEXT() REPRESENTATION_CONTEXT('2D SPACE',''
  ) );
#9349 = ADVANCED_FACE('',(#9350),#3134,.F.);
#9350 = FACE_BOUND('',#9351,.F.);
#9351 = EDGE_LOOP('',(#9352,#9375,#9394,#9395));
#9352 = ORIENTED_EDGE('',*,*,#9353,.F.);
#9353 = EDGE_CURVE('',#9354,#9309,#9356,.T.);
#9354 = VERTEX_POINT('',#9355);
#9355 = CARTESIAN_POINT('',(-29.7,-19.25,1.75));
#9356 = SURFACE_CURVE('',#9357,(#9361,#9368),.PCURVE_S1.);
#9357 = LINE('',#9358,#9359);
#9358 = CARTESIAN_POINT('',(-29.7,-19.85,1.75));
#9359 = VECTOR('',#9360,1.);
#9360 = DIRECTION('',(0.,1.,0.));
#9361 = PCURVE('',#3134,#9362);
#9362 = DEFINITIONAL_REPRESENTATION('',(#9363),#9367);
#9363 = LINE('',#9364,#9365);
#9364 = CARTESIAN_POINT('',(1.2,0.));
#9365 = VECTOR('',#9366,1.);
#9366 = DIRECTION('',(0.,-1.));
#9367 = ( GEOMETRIC_REPRESENTATION_CONTEXT(2) 
PARAMETRIC_REPRESENTATION_CONTEXT() REPRESENTATION_CONTEXT('2D SPACE',''
  ) );
#9368 = PCURVE('',#7092,#9369);
#9369 = DEFINITIONAL_REPRESENTATION('',(#9370),#9374);
#9370 = LINE('',#9371,#9372);
#9371 = CARTESIAN_POINT('',(1.3,-26.8));
#9372 = VECTOR('',#9373,1.);
#9373 = DIRECTION('',(0.,1.));
#9374 = ( GEOMETRIC_REPRESENTATION_CONTEXT(2) 
PARAMETRIC_REPRESENTATION_CONTEXT() REPRESENTATION_CONTEXT('2D SPACE',''
  ) );
#9375 = ORIENTED_EDGE('',*,*,#9376,.T.);
#9376 = EDGE_CURVE('',#9354,#3119,#9377,.T.);
#9377 = SURFACE_CURVE('',#9378,(#9382,#9388),.PCURVE_S1.);
#9378 = LINE('',#9379,#9380);
#9379 = CARTESIAN_POINT('',(-29.7,-19.25,0.55));
#9380 = VECTOR('',#9381,1.);
#9381 = DIRECTION('',(0.,0.,-1.));
#9382 = PCURVE('',#3134,#9383);
#9383 = DEFINITIONAL_REPRESENTATION('',(#9384),#9387);
#9384 = B_SPLINE_CURVE_WITH_KNOTS('',1,(#9385,#9386),.UNSPECIFIED.,.F.,
  .F.,(2,2),(-1.2,0.),.PIECEWISE_BEZIER_KNOTS.);
#9385 = CARTESIAN_POINT('',(1.2,-0.6));
#9386 = CARTESIAN_POINT('',(0.,-0.6));
#9387 = ( GEOMETRIC_REPRESENTATION_CONTEXT(2) 
PARAMETRIC_REPRESENTATION_CONTEXT() REPRESENTATION_CONTEXT('2D SPACE',''
  ) );
#9388 = PCURVE('',#3162,#9389);
#9389 = DEFINITIONAL_REPRESENTATION('',(#9390),#9393);
#9390 = B_SPLINE_CURVE_WITH_KNOTS('',1,(#9391,#9392),.UNSPECIFIED.,.F.,
  .F.,(2,2),(-1.2,0.),.PIECEWISE_BEZIER_KNOTS.);
#9391 = CARTESIAN_POINT('',(1.2,1.3));
#9392 = CARTESIAN_POINT('',(0.,1.3));
#9393 = ( GEOMETRIC_REPRESENTATION_CONTEXT(2) 
PARAMETRIC_REPRESENTATION_CONTEXT() REPRESENTATION_CONTEXT('2D SPACE',''
  ) );
#9394 = ORIENTED_EDGE('',*,*,#3118,.T.);
#9395 = ORIENTED_EDGE('',*,*,#9331,.F.);
#9396 = ADVANCED_FACE('',(#9397),#3162,.T.);
#9397 = FACE_BOUND('',#9398,.T.);
#9398 = EDGE_LOOP('',(#9399,#9400,#9401,#9422));
#9399 = ORIENTED_EDGE('',*,*,#3146,.F.);
#9400 = ORIENTED_EDGE('',*,*,#7104,.T.);
#9401 = ORIENTED_EDGE('',*,*,#9402,.T.);
#9402 = EDGE_CURVE('',#7078,#9354,#9403,.T.);
#9403 = SURFACE_CURVE('',#9404,(#9408,#9415),.PCURVE_S1.);
#9404 = LINE('',#9405,#9406);
#9405 = CARTESIAN_POINT('',(-31.,-19.25,1.75));
#9406 = VECTOR('',#9407,1.);
#9407 = DIRECTION('',(1.,0.,0.));
#9408 = PCURVE('',#3162,#9409);
#9409 = DEFINITIONAL_REPRESENTATION('',(#9410),#9414);
#9410 = LINE('',#9411,#9412);
#9411 = CARTESIAN_POINT('',(1.2,0.));
#9412 = VECTOR('',#9413,1.);
#9413 = DIRECTION('',(0.,1.));
#9414 = ( GEOMETRIC_REPRESENTATION_CONTEXT(2) 
PARAMETRIC_REPRESENTATION_CONTEXT() REPRESENTATION_CONTEXT('2D SPACE',''
  ) );
#9415 = PCURVE('',#7092,#9416);
#9416 = DEFINITIONAL_REPRESENTATION('',(#9417),#9421);
#9417 = LINE('',#9418,#9419);
#9418 = CARTESIAN_POINT('',(0.,-26.2));
#9419 = VECTOR('',#9420,1.);
#9420 = DIRECTION('',(1.,0.));
#9421 = ( GEOMETRIC_REPRESENTATION_CONTEXT(2) 
PARAMETRIC_REPRESENTATION_CONTEXT() REPRESENTATION_CONTEXT('2D SPACE',''
  ) );
#9422 = ORIENTED_EDGE('',*,*,#9376,.T.);
#9423 = ADVANCED_FACE('',(#9424),#3219,.T.);
#9424 = FACE_BOUND('',#9425,.F.);
#9425 = EDGE_LOOP('',(#9426,#9452,#9453,#9454,#9475,#9503,#9522,#9523));
#9426 = ORIENTED_EDGE('',*,*,#9427,.F.);
#9427 = EDGE_CURVE('',#6123,#6144,#9428,.T.);
#9428 = SURFACE_CURVE('',#9429,(#9434,#9441),.PCURVE_S1.);
#9429 = CIRCLE('',#9430,1.7);
#9430 = AXIS2_PLACEMENT_3D('',#9431,#9432,#9433);
#9431 = CARTESIAN_POINT('',(-25.,58.5,4.35));
#9432 = DIRECTION('',(0.,0.,-1.));
#9433 = DIRECTION('',(0.484122918276,0.875,0.));
#9434 = PCURVE('',#3219,#9435);
#9435 = DEFINITIONAL_REPRESENTATION('',(#9436),#9440);
#9436 = LINE('',#9437,#9438);
#9437 = CARTESIAN_POINT('',(-7.34862112369,-3.8));
#9438 = VECTOR('',#9439,1.);
#9439 = DIRECTION('',(1.,-0.));
#9440 = ( GEOMETRIC_REPRESENTATION_CONTEXT(2) 
PARAMETRIC_REPRESENTATION_CONTEXT() REPRESENTATION_CONTEXT('2D SPACE',''
  ) );
#9441 = PCURVE('',#6160,#9442);
#9442 = DEFINITIONAL_REPRESENTATION('',(#9443),#9451);
#9443 = ( BOUNDED_CURVE() B_SPLINE_CURVE(2,(#9444,#9445,#9446,#9447,
#9448,#9449,#9450),.UNSPECIFIED.,.T.,.F.) B_SPLINE_CURVE_WITH_KNOTS((1,2
    ,2,2,2,1),(-2.094395102393,0.,2.094395102393,4.188790204786,
6.28318530718,8.377580409573),.UNSPECIFIED.) CURVE() 
GEOMETRIC_REPRESENTATION_ITEM() RATIONAL_B_SPLINE_CURVE((1.,0.5,1.,0.5,
1.,0.5,1.)) REPRESENTATION_ITEM('') );
#9444 = CARTESIAN_POINT('',(0.823008961069,1.4875));
#9445 = CARTESIAN_POINT('',(3.399434537328,6.200666434336E-02));
#9446 = CARTESIAN_POINT('',(0.876708307595,-1.456496667828));
#9447 = CARTESIAN_POINT('',(-1.646017922139,-2.975));
#9448 = CARTESIAN_POINT('',(-1.699717268664,-3.100333217168E-02));
#9449 = CARTESIAN_POINT('',(-1.753416615189,2.912993335656));
#9450 = CARTESIAN_POINT('',(0.823008961069,1.4875));
#9451 = ( GEOMETRIC_REPRESENTATION_CONTEXT(2) 
PARAMETRIC_REPRESENTATION_CONTEXT() REPRESENTATION_CONTEXT('2D SPACE',''
  ) );
#9452 = ORIENTED_EDGE('',*,*,#6122,.T.);
#9453 = ORIENTED_EDGE('',*,*,#3707,.T.);
#9454 = ORIENTED_EDGE('',*,*,#9455,.F.);
#9455 = EDGE_CURVE('',#9456,#3680,#9458,.T.);
#9456 = VERTEX_POINT('',#9457);
#9457 = CARTESIAN_POINT('',(-26.57082780724,57.85,2.55));
#9458 = SURFACE_CURVE('',#9459,(#9463,#9469),.PCURVE_S1.);
#9459 = LINE('',#9460,#9461);
#9460 = CARTESIAN_POINT('',(-26.57082780724,57.85,0.55));
#9461 = VECTOR('',#9462,1.);
#9462 = DIRECTION('',(-0.,-0.,-1.));
#9463 = PCURVE('',#3219,#9464);
#9464 = DEFINITIONAL_REPRESENTATION('',(#9465),#9468);
#9465 = B_SPLINE_CURVE_WITH_KNOTS('',1,(#9466,#9467),.UNSPECIFIED.,.F.,
  .F.,(2,2),(-2.2,6.000000000173E-07),.PIECEWISE_BEZIER_KNOTS.);
#9466 = CARTESIAN_POINT('',(-3.533934040694,-2.2));
#9467 = CARTESIAN_POINT('',(-3.533934040694,6.000000000173E-07));
#9468 = ( GEOMETRIC_REPRESENTATION_CONTEXT(2) 
PARAMETRIC_REPRESENTATION_CONTEXT() REPRESENTATION_CONTEXT('2D SPACE',''
  ) );
#9469 = PCURVE('',#3695,#9470);
#9470 = DEFINITIONAL_REPRESENTATION('',(#9471),#9474);
#9471 = B_SPLINE_CURVE_WITH_KNOTS('',1,(#9472,#9473),.UNSPECIFIED.,.F.,
  .F.,(2,2),(-2.2,6.000000000173E-07),.PIECEWISE_BEZIER_KNOTS.);
#9472 = CARTESIAN_POINT('',(2.2,4.529172192759));
#9473 = CARTESIAN_POINT('',(-6.000000000173E-07,4.529172192759));
#9474 = ( GEOMETRIC_REPRESENTATION_CONTEXT(2) 
PARAMETRIC_REPRESENTATION_CONTEXT() REPRESENTATION_CONTEXT('2D SPACE',''
  ) );
#9475 = ORIENTED_EDGE('',*,*,#9476,.T.);
#9476 = EDGE_CURVE('',#9456,#9477,#9479,.T.);
#9477 = VERTEX_POINT('',#9478);
#9478 = CARTESIAN_POINT('',(-26.57082780724,59.15,2.55));
#9479 = SURFACE_CURVE('',#9480,(#9485,#9492),.PCURVE_S1.);
#9480 = CIRCLE('',#9481,1.7);
#9481 = AXIS2_PLACEMENT_3D('',#9482,#9483,#9484);
#9482 = CARTESIAN_POINT('',(-25.,58.5,2.55));
#9483 = DIRECTION('',(0.,0.,-1.));
#9484 = DIRECTION('',(1.,0.,0.));
#9485 = PCURVE('',#3219,#9486);
#9486 = DEFINITIONAL_REPRESENTATION('',(#9487),#9491);
#9487 = LINE('',#9488,#9489);
#9488 = CARTESIAN_POINT('',(-6.28318530718,-2.));
#9489 = VECTOR('',#9490,1.);
#9490 = DIRECTION('',(1.,-0.));
#9491 = ( GEOMETRIC_REPRESENTATION_CONTEXT(2) 
PARAMETRIC_REPRESENTATION_CONTEXT() REPRESENTATION_CONTEXT('2D SPACE',''
  ) );
#9492 = PCURVE('',#6259,#9493);
#9493 = DEFINITIONAL_REPRESENTATION('',(#9494),#9502);
#9494 = ( BOUNDED_CURVE() B_SPLINE_CURVE(2,(#9495,#9496,#9497,#9498,
#9499,#9500,#9501),.UNSPECIFIED.,.T.,.F.) B_SPLINE_CURVE_WITH_KNOTS((1,2
    ,2,2,2,1),(-2.094395102393,0.,2.094395102393,4.188790204786,
6.28318530718,8.377580409573),.UNSPECIFIED.) CURVE() 
GEOMETRIC_REPRESENTATION_ITEM() RATIONAL_B_SPLINE_CURVE((1.,0.5,1.,0.5,
1.,0.5,1.)) REPRESENTATION_ITEM('') );
#9495 = CARTESIAN_POINT('',(7.8,0.65));
#9496 = CARTESIAN_POINT('',(7.8,-2.294486372867));
#9497 = CARTESIAN_POINT('',(5.25,-0.822243186434));
#9498 = CARTESIAN_POINT('',(2.7,0.65));
#9499 = CARTESIAN_POINT('',(5.25,2.122243186434));
#9500 = CARTESIAN_POINT('',(7.8,3.594486372867));
#9501 = CARTESIAN_POINT('',(7.8,0.65));
#9502 = ( GEOMETRIC_REPRESENTATION_CONTEXT(2) 
PARAMETRIC_REPRESENTATION_CONTEXT() REPRESENTATION_CONTEXT('2D SPACE',''
  ) );
#9503 = ORIENTED_EDGE('',*,*,#9504,.T.);
#9504 = EDGE_CURVE('',#9477,#3197,#9505,.T.);
#9505 = SURFACE_CURVE('',#9506,(#9510,#9516),.PCURVE_S1.);
#9506 = LINE('',#9507,#9508);
#9507 = CARTESIAN_POINT('',(-26.57082780724,59.15,0.55));
#9508 = VECTOR('',#9509,1.);
#9509 = DIRECTION('',(-0.,-0.,-1.));
#9510 = PCURVE('',#3219,#9511);
#9511 = DEFINITIONAL_REPRESENTATION('',(#9512),#9515);
#9512 = B_SPLINE_CURVE_WITH_KNOTS('',1,(#9513,#9514),.UNSPECIFIED.,.F.,
  .F.,(2,2),(-2.2,6.000000000173E-07),.PIECEWISE_BEZIER_KNOTS.);
#9513 = CARTESIAN_POINT('',(-2.749251266485,-2.2));
#9514 = CARTESIAN_POINT('',(-2.749251266485,6.000000000173E-07));
#9515 = ( GEOMETRIC_REPRESENTATION_CONTEXT(2) 
PARAMETRIC_REPRESENTATION_CONTEXT() REPRESENTATION_CONTEXT('2D SPACE',''
  ) );
#9516 = PCURVE('',#3247,#9517);
#9517 = DEFINITIONAL_REPRESENTATION('',(#9518),#9521);
#9518 = B_SPLINE_CURVE_WITH_KNOTS('',1,(#9519,#9520),.UNSPECIFIED.,.F.,
  .F.,(2,2),(-2.2,6.000000000173E-07),.PIECEWISE_BEZIER_KNOTS.);
#9519 = CARTESIAN_POINT('',(2.2,4.529172192759));
#9520 = CARTESIAN_POINT('',(-6.000000000173E-07,4.529172192759));
#9521 = ( GEOMETRIC_REPRESENTATION_CONTEXT(2) 
PARAMETRIC_REPRESENTATION_CONTEXT() REPRESENTATION_CONTEXT('2D SPACE',''
  ) );
#9522 = ORIENTED_EDGE('',*,*,#3196,.T.);
#9523 = ORIENTED_EDGE('',*,*,#6176,.F.);
#9524 = ADVANCED_FACE('',(#9525),#3247,.T.);
#9525 = FACE_BOUND('',#9526,.T.);
#9526 = EDGE_LOOP('',(#9527,#9528,#9529,#9550));
#9527 = ORIENTED_EDGE('',*,*,#3231,.F.);
#9528 = ORIENTED_EDGE('',*,*,#6271,.T.);
#9529 = ORIENTED_EDGE('',*,*,#9530,.T.);
#9530 = EDGE_CURVE('',#6243,#9477,#9531,.T.);
#9531 = SURFACE_CURVE('',#9532,(#9536,#9543),.PCURVE_S1.);
#9532 = LINE('',#9533,#9534);
#9533 = CARTESIAN_POINT('',(-31.1,59.15,2.55));
#9534 = VECTOR('',#9535,1.);
#9535 = DIRECTION('',(1.,0.,0.));
#9536 = PCURVE('',#3247,#9537);
#9537 = DEFINITIONAL_REPRESENTATION('',(#9538),#9542);
#9538 = LINE('',#9539,#9540);
#9539 = CARTESIAN_POINT('',(2.,0.));
#9540 = VECTOR('',#9541,1.);
#9541 = DIRECTION('',(0.,1.));
#9542 = ( GEOMETRIC_REPRESENTATION_CONTEXT(2) 
PARAMETRIC_REPRESENTATION_CONTEXT() REPRESENTATION_CONTEXT('2D SPACE',''
  ) );
#9543 = PCURVE('',#6259,#9544);
#9544 = DEFINITIONAL_REPRESENTATION('',(#9545),#9549);
#9545 = LINE('',#9546,#9547);
#9546 = CARTESIAN_POINT('',(0.,1.3));
#9547 = VECTOR('',#9548,1.);
#9548 = DIRECTION('',(1.,0.));
#9549 = ( GEOMETRIC_REPRESENTATION_CONTEXT(2) 
PARAMETRIC_REPRESENTATION_CONTEXT() REPRESENTATION_CONTEXT('2D SPACE',''
  ) );
#9550 = ORIENTED_EDGE('',*,*,#9504,.T.);
#9551 = ADVANCED_FACE('',(#9552),#3351,.T.);
#9552 = FACE_BOUND('',#9553,.T.);
#9553 = EDGE_LOOP('',(#9554,#9555,#9577,#9600,#9621,#9642,#9663,#9684));
#9554 = ORIENTED_EDGE('',*,*,#3335,.F.);
#9555 = ORIENTED_EDGE('',*,*,#9556,.F.);
#9556 = EDGE_CURVE('',#9557,#3336,#9559,.T.);
#9557 = VERTEX_POINT('',#9558);
#9558 = CARTESIAN_POINT('',(-29.3,-19.25,1.75));
#9559 = SURFACE_CURVE('',#9560,(#9564,#9571),.PCURVE_S1.);
#9560 = LINE('',#9561,#9562);
#9561 = CARTESIAN_POINT('',(-29.3,-19.25,0.55));
#9562 = VECTOR('',#9563,1.);
#9563 = DIRECTION('',(0.,0.,-1.));
#9564 = PCURVE('',#3351,#9565);
#9565 = DEFINITIONAL_REPRESENTATION('',(#9566),#9570);
#9566 = LINE('',#9567,#9568);
#9567 = CARTESIAN_POINT('',(0.,1.7));
#9568 = VECTOR('',#9569,1.);
#9569 = DIRECTION('',(-1.,0.));
#9570 = ( GEOMETRIC_REPRESENTATION_CONTEXT(2) 
PARAMETRIC_REPRESENTATION_CONTEXT() REPRESENTATION_CONTEXT('2D SPACE',''
  ) );
#9571 = PCURVE('',#3379,#9572);
#9572 = DEFINITIONAL_REPRESENTATION('',(#9573),#9576);
#9573 = B_SPLINE_CURVE_WITH_KNOTS('',1,(#9574,#9575),.UNSPECIFIED.,.F.,
  .F.,(2,2),(-1.2,0.),.PIECEWISE_BEZIER_KNOTS.);
#9574 = CARTESIAN_POINT('',(1.2,-0.6));
#9575 = CARTESIAN_POINT('',(0.,-0.6));
#9576 = ( GEOMETRIC_REPRESENTATION_CONTEXT(2) 
PARAMETRIC_REPRESENTATION_CONTEXT() REPRESENTATION_CONTEXT('2D SPACE',''
  ) );
#9577 = ORIENTED_EDGE('',*,*,#9578,.T.);
#9578 = EDGE_CURVE('',#9557,#9579,#9581,.T.);
#9579 = VERTEX_POINT('',#9580);
#9580 = CARTESIAN_POINT('',(8.1,-19.25,1.75));
#9581 = SURFACE_CURVE('',#9582,(#9586,#9593),.PCURVE_S1.);
#9582 = LINE('',#9583,#9584);
#9583 = CARTESIAN_POINT('',(-31.,-19.25,1.75));
#9584 = VECTOR('',#9585,1.);
#9585 = DIRECTION('',(1.,0.,0.));
#9586 = PCURVE('',#3351,#9587);
#9587 = DEFINITIONAL_REPRESENTATION('',(#9588),#9592);
#9588 = LINE('',#9589,#9590);
#9589 = CARTESIAN_POINT('',(1.2,0.));
#9590 = VECTOR('',#9591,1.);
#9591 = DIRECTION('',(0.,1.));
#9592 = ( GEOMETRIC_REPRESENTATION_CONTEXT(2) 
PARAMETRIC_REPRESENTATION_CONTEXT() REPRESENTATION_CONTEXT('2D SPACE',''
  ) );
#9593 = PCURVE('',#7092,#9594);
#9594 = DEFINITIONAL_REPRESENTATION('',(#9595),#9599);
#9595 = LINE('',#9596,#9597);
#9596 = CARTESIAN_POINT('',(0.,-26.2));
#9597 = VECTOR('',#9598,1.);
#9598 = DIRECTION('',(1.,0.));
#9599 = ( GEOMETRIC_REPRESENTATION_CONTEXT(2) 
PARAMETRIC_REPRESENTATION_CONTEXT() REPRESENTATION_CONTEXT('2D SPACE',''
  ) );
#9600 = ORIENTED_EDGE('',*,*,#9601,.T.);
#9601 = EDGE_CURVE('',#9579,#9602,#9604,.T.);
#9602 = VERTEX_POINT('',#9603);
#9603 = CARTESIAN_POINT('',(8.1,-19.25,0.8));
#9604 = SURFACE_CURVE('',#9605,(#9609,#9615),.PCURVE_S1.);
#9605 = LINE('',#9606,#9607);
#9606 = CARTESIAN_POINT('',(8.1,-19.25,0.675));
#9607 = VECTOR('',#9608,1.);
#9608 = DIRECTION('',(0.,0.,-1.));
#9609 = PCURVE('',#3351,#9610);
#9610 = DEFINITIONAL_REPRESENTATION('',(#9611),#9614);
#9611 = B_SPLINE_CURVE_WITH_KNOTS('',1,(#9612,#9613),.UNSPECIFIED.,.F.,
  .F.,(2,2),(-1.575,-0.125),.PIECEWISE_BEZIER_KNOTS.);
#9612 = CARTESIAN_POINT('',(1.7,39.1));
#9613 = CARTESIAN_POINT('',(0.25,39.1));
#9614 = ( GEOMETRIC_REPRESENTATION_CONTEXT(2) 
PARAMETRIC_REPRESENTATION_CONTEXT() REPRESENTATION_CONTEXT('2D SPACE',''
  ) );
#9615 = PCURVE('',#8892,#9616);
#9616 = DEFINITIONAL_REPRESENTATION('',(#9617),#9620);
#9617 = B_SPLINE_CURVE_WITH_KNOTS('',1,(#9618,#9619),.UNSPECIFIED.,.F.,
  .F.,(2,2),(-1.575,-0.125),.PIECEWISE_BEZIER_KNOTS.);
#9618 = CARTESIAN_POINT('',(1.45,-0.75));
#9619 = CARTESIAN_POINT('',(0.,-0.75));
#9620 = ( GEOMETRIC_REPRESENTATION_CONTEXT(2) 
PARAMETRIC_REPRESENTATION_CONTEXT() REPRESENTATION_CONTEXT('2D SPACE',''
  ) );
#9621 = ORIENTED_EDGE('',*,*,#9622,.T.);
#9622 = EDGE_CURVE('',#9602,#9623,#9625,.T.);
#9623 = VERTEX_POINT('',#9624);
#9624 = CARTESIAN_POINT('',(8.9,-19.25,0.8));
#9625 = SURFACE_CURVE('',#9626,(#9630,#9636),.PCURVE_S1.);
#9626 = LINE('',#9627,#9628);
#9627 = CARTESIAN_POINT('',(-11.45,-19.25,0.8));
#9628 = VECTOR('',#9629,1.);
#9629 = DIRECTION('',(1.,0.,0.));
#9630 = PCURVE('',#3351,#9631);
#9631 = DEFINITIONAL_REPRESENTATION('',(#9632),#9635);
#9632 = B_SPLINE_CURVE_WITH_KNOTS('',1,(#9633,#9634),.UNSPECIFIED.,.F.,
  .F.,(2,2),(19.55,20.35),.PIECEWISE_BEZIER_KNOTS.);
#9633 = CARTESIAN_POINT('',(0.25,39.1));
#9634 = CARTESIAN_POINT('',(0.25,39.9));
#9635 = ( GEOMETRIC_REPRESENTATION_CONTEXT(2) 
PARAMETRIC_REPRESENTATION_CONTEXT() REPRESENTATION_CONTEXT('2D SPACE',''
  ) );
#9636 = PCURVE('',#8918,#9637);
#9637 = DEFINITIONAL_REPRESENTATION('',(#9638),#9641);
#9638 = B_SPLINE_CURVE_WITH_KNOTS('',1,(#9639,#9640),.UNSPECIFIED.,.F.,
  .F.,(2,2),(19.55,20.35),.PIECEWISE_BEZIER_KNOTS.);
#9639 = CARTESIAN_POINT('',(0.,0.75));
#9640 = CARTESIAN_POINT('',(0.8,0.75));
#9641 = ( GEOMETRIC_REPRESENTATION_CONTEXT(2) 
PARAMETRIC_REPRESENTATION_CONTEXT() REPRESENTATION_CONTEXT('2D SPACE',''
  ) );
#9642 = ORIENTED_EDGE('',*,*,#9643,.F.);
#9643 = EDGE_CURVE('',#9644,#9623,#9646,.T.);
#9644 = VERTEX_POINT('',#9645);
#9645 = CARTESIAN_POINT('',(8.9,-19.25,2.25));
#9646 = SURFACE_CURVE('',#9647,(#9651,#9657),.PCURVE_S1.);
#9647 = LINE('',#9648,#9649);
#9648 = CARTESIAN_POINT('',(8.9,-19.25,0.675));
#9649 = VECTOR('',#9650,1.);
#9650 = DIRECTION('',(0.,0.,-1.));
#9651 = PCURVE('',#3351,#9652);
#9652 = DEFINITIONAL_REPRESENTATION('',(#9653),#9656);
#9653 = B_SPLINE_CURVE_WITH_KNOTS('',1,(#9654,#9655),.UNSPECIFIED.,.F.,
  .F.,(2,2),(-1.575,-0.125),.PIECEWISE_BEZIER_KNOTS.);
#9654 = CARTESIAN_POINT('',(1.7,39.9));
#9655 = CARTESIAN_POINT('',(0.25,39.9));
#9656 = ( GEOMETRIC_REPRESENTATION_CONTEXT(2) 
PARAMETRIC_REPRESENTATION_CONTEXT() REPRESENTATION_CONTEXT('2D SPACE',''
  ) );
#9657 = PCURVE('',#8944,#9658);
#9658 = DEFINITIONAL_REPRESENTATION('',(#9659),#9662);
#9659 = B_SPLINE_CURVE_WITH_KNOTS('',1,(#9660,#9661),.UNSPECIFIED.,.F.,
  .F.,(2,2),(-1.575,-0.125),.PIECEWISE_BEZIER_KNOTS.);
#9660 = CARTESIAN_POINT('',(1.45,-0.75));
#9661 = CARTESIAN_POINT('',(0.,-0.75));
#9662 = ( GEOMETRIC_REPRESENTATION_CONTEXT(2) 
PARAMETRIC_REPRESENTATION_CONTEXT() REPRESENTATION_CONTEXT('2D SPACE',''
  ) );
#9663 = ORIENTED_EDGE('',*,*,#9664,.T.);
#9664 = EDGE_CURVE('',#9644,#5365,#9665,.T.);
#9665 = SURFACE_CURVE('',#9666,(#9670,#9677),.PCURVE_S1.);
#9666 = LINE('',#9667,#9668);
#9667 = CARTESIAN_POINT('',(8.4,-19.25,2.25));
#9668 = VECTOR('',#9669,1.);
#9669 = DIRECTION('',(1.,0.,0.));
#9670 = PCURVE('',#3351,#9671);
#9671 = DEFINITIONAL_REPRESENTATION('',(#9672),#9676);
#9672 = LINE('',#9673,#9674);
#9673 = CARTESIAN_POINT('',(1.7,39.4));
#9674 = VECTOR('',#9675,1.);
#9675 = DIRECTION('',(0.,1.));
#9676 = ( GEOMETRIC_REPRESENTATION_CONTEXT(2) 
PARAMETRIC_REPRESENTATION_CONTEXT() REPRESENTATION_CONTEXT('2D SPACE',''
  ) );
#9677 = PCURVE('',#5379,#9678);
#9678 = DEFINITIONAL_REPRESENTATION('',(#9679),#9683);
#9679 = LINE('',#9680,#9681);
#9680 = CARTESIAN_POINT('',(0.,0.6));
#9681 = VECTOR('',#9682,1.);
#9682 = DIRECTION('',(1.,0.));
#9683 = ( GEOMETRIC_REPRESENTATION_CONTEXT(2) 
PARAMETRIC_REPRESENTATION_CONTEXT() REPRESENTATION_CONTEXT('2D SPACE',''
  ) );
#9684 = ORIENTED_EDGE('',*,*,#5390,.F.);
#9685 = ADVANCED_FACE('',(#9686),#3379,.T.);
#9686 = FACE_BOUND('',#9687,.T.);
#9687 = EDGE_LOOP('',(#9688,#9711,#9712,#9713));
#9688 = ORIENTED_EDGE('',*,*,#9689,.F.);
#9689 = EDGE_CURVE('',#9557,#9690,#9692,.T.);
#9690 = VERTEX_POINT('',#9691);
#9691 = CARTESIAN_POINT('',(-29.3,6.95,1.75));
#9692 = SURFACE_CURVE('',#9693,(#9697,#9704),.PCURVE_S1.);
#9693 = LINE('',#9694,#9695);
#9694 = CARTESIAN_POINT('',(-29.3,-19.85,1.75));
#9695 = VECTOR('',#9696,1.);
#9696 = DIRECTION('',(0.,1.,0.));
#9697 = PCURVE('',#3379,#9698);
#9698 = DEFINITIONAL_REPRESENTATION('',(#9699),#9703);
#9699 = LINE('',#9700,#9701);
#9700 = CARTESIAN_POINT('',(1.2,0.));
#9701 = VECTOR('',#9702,1.);
#9702 = DIRECTION('',(0.,-1.));
#9703 = ( GEOMETRIC_REPRESENTATION_CONTEXT(2) 
PARAMETRIC_REPRESENTATION_CONTEXT() REPRESENTATION_CONTEXT('2D SPACE',''
  ) );
#9704 = PCURVE('',#7092,#9705);
#9705 = DEFINITIONAL_REPRESENTATION('',(#9706),#9710);
#9706 = LINE('',#9707,#9708);
#9707 = CARTESIAN_POINT('',(1.7,-26.8));
#9708 = VECTOR('',#9709,1.);
#9709 = DIRECTION('',(0.,1.));
#9710 = ( GEOMETRIC_REPRESENTATION_CONTEXT(2) 
PARAMETRIC_REPRESENTATION_CONTEXT() REPRESENTATION_CONTEXT('2D SPACE',''
  ) );
#9711 = ORIENTED_EDGE('',*,*,#9556,.T.);
#9712 = ORIENTED_EDGE('',*,*,#3363,.T.);
#9713 = ORIENTED_EDGE('',*,*,#9714,.F.);
#9714 = EDGE_CURVE('',#9690,#3364,#9715,.T.);
#9715 = SURFACE_CURVE('',#9716,(#9720,#9726),.PCURVE_S1.);
#9716 = LINE('',#9717,#9718);
#9717 = CARTESIAN_POINT('',(-29.3,6.95,0.55));
#9718 = VECTOR('',#9719,1.);
#9719 = DIRECTION('',(0.,0.,-1.));
#9720 = PCURVE('',#3379,#9721);
#9721 = DEFINITIONAL_REPRESENTATION('',(#9722),#9725);
#9722 = B_SPLINE_CURVE_WITH_KNOTS('',1,(#9723,#9724),.UNSPECIFIED.,.F.,
  .F.,(2,2),(-1.2,0.),.PIECEWISE_BEZIER_KNOTS.);
#9723 = CARTESIAN_POINT('',(1.2,-26.8));
#9724 = CARTESIAN_POINT('',(0.,-26.8));
#9725 = ( GEOMETRIC_REPRESENTATION_CONTEXT(2) 
PARAMETRIC_REPRESENTATION_CONTEXT() REPRESENTATION_CONTEXT('2D SPACE',''
  ) );
#9726 = PCURVE('',#3407,#9727);
#9727 = DEFINITIONAL_REPRESENTATION('',(#9728),#9731);
#9728 = B_SPLINE_CURVE_WITH_KNOTS('',1,(#9729,#9730),.UNSPECIFIED.,.F.,
  .F.,(2,2),(-1.2,0.),.PIECEWISE_BEZIER_KNOTS.);
#9729 = CARTESIAN_POINT('',(1.2,1.7));
#9730 = CARTESIAN_POINT('',(0.,1.7));
#9731 = ( GEOMETRIC_REPRESENTATION_CONTEXT(2) 
PARAMETRIC_REPRESENTATION_CONTEXT() REPRESENTATION_CONTEXT('2D SPACE',''
  ) );
#9732 = ADVANCED_FACE('',(#9733),#3407,.F.);
#9733 = FACE_BOUND('',#9734,.F.);
#9734 = EDGE_LOOP('',(#9735,#9736,#9737,#9760));
#9735 = ORIENTED_EDGE('',*,*,#3391,.F.);
#9736 = ORIENTED_EDGE('',*,*,#9714,.F.);
#9737 = ORIENTED_EDGE('',*,*,#9738,.T.);
#9738 = EDGE_CURVE('',#9690,#9739,#9741,.T.);
#9739 = VERTEX_POINT('',#9740);
#9740 = CARTESIAN_POINT('',(9.5,6.95,1.75));
#9741 = SURFACE_CURVE('',#9742,(#9746,#9753),.PCURVE_S1.);
#9742 = LINE('',#9743,#9744);
#9743 = CARTESIAN_POINT('',(-31.,6.95,1.75));
#9744 = VECTOR('',#9745,1.);
#9745 = DIRECTION('',(1.,0.,0.));
#9746 = PCURVE('',#3407,#9747);
#9747 = DEFINITIONAL_REPRESENTATION('',(#9748),#9752);
#9748 = LINE('',#9749,#9750);
#9749 = CARTESIAN_POINT('',(1.2,0.));
#9750 = VECTOR('',#9751,1.);
#9751 = DIRECTION('',(0.,1.));
#9752 = ( GEOMETRIC_REPRESENTATION_CONTEXT(2) 
PARAMETRIC_REPRESENTATION_CONTEXT() REPRESENTATION_CONTEXT('2D SPACE',''
  ) );
#9753 = PCURVE('',#7092,#9754);
#9754 = DEFINITIONAL_REPRESENTATION('',(#9755),#9759);
#9755 = LINE('',#9756,#9757);
#9756 = CARTESIAN_POINT('',(0.,0.));
#9757 = VECTOR('',#9758,1.);
#9758 = DIRECTION('',(1.,0.));
#9759 = ( GEOMETRIC_REPRESENTATION_CONTEXT(2) 
PARAMETRIC_REPRESENTATION_CONTEXT() REPRESENTATION_CONTEXT('2D SPACE',''
  ) );
#9760 = ORIENTED_EDGE('',*,*,#9761,.F.);
#9761 = EDGE_CURVE('',#3392,#9739,#9762,.T.);
#9762 = SURFACE_CURVE('',#9763,(#9767,#9774),.PCURVE_S1.);
#9763 = LINE('',#9764,#9765);
#9764 = CARTESIAN_POINT('',(9.5,6.95,0.55));
#9765 = VECTOR('',#9766,1.);
#9766 = DIRECTION('',(0.,0.,1.));
#9767 = PCURVE('',#3407,#9768);
#9768 = DEFINITIONAL_REPRESENTATION('',(#9769),#9773);
#9769 = LINE('',#9770,#9771);
#9770 = CARTESIAN_POINT('',(0.,40.5));
#9771 = VECTOR('',#9772,1.);
#9772 = DIRECTION('',(1.,0.));
#9773 = ( GEOMETRIC_REPRESENTATION_CONTEXT(2) 
PARAMETRIC_REPRESENTATION_CONTEXT() REPRESENTATION_CONTEXT('2D SPACE',''
  ) );
#9774 = PCURVE('',#3435,#9775);
#9775 = DEFINITIONAL_REPRESENTATION('',(#9776),#9780);
#9776 = LINE('',#9777,#9778);
#9777 = CARTESIAN_POINT('',(0.,0.));
#9778 = VECTOR('',#9779,1.);
#9779 = DIRECTION('',(1.,0.));
#9780 = ( GEOMETRIC_REPRESENTATION_CONTEXT(2) 
PARAMETRIC_REPRESENTATION_CONTEXT() REPRESENTATION_CONTEXT('2D SPACE',''
  ) );
#9781 = ADVANCED_FACE('',(#9782),#3435,.T.);
#9782 = FACE_BOUND('',#9783,.T.);
#9783 = EDGE_LOOP('',(#9784,#9785,#9786,#9809));
#9784 = ORIENTED_EDGE('',*,*,#9761,.F.);
#9785 = ORIENTED_EDGE('',*,*,#3419,.T.);
#9786 = ORIENTED_EDGE('',*,*,#9787,.T.);
#9787 = EDGE_CURVE('',#3420,#9788,#9790,.T.);
#9788 = VERTEX_POINT('',#9789);
#9789 = CARTESIAN_POINT('',(9.5,7.55,1.75));
#9790 = SURFACE_CURVE('',#9791,(#9795,#9802),.PCURVE_S1.);
#9791 = LINE('',#9792,#9793);
#9792 = CARTESIAN_POINT('',(9.5,7.55,0.55));
#9793 = VECTOR('',#9794,1.);
#9794 = DIRECTION('',(0.,0.,1.));
#9795 = PCURVE('',#3435,#9796);
#9796 = DEFINITIONAL_REPRESENTATION('',(#9797),#9801);
#9797 = LINE('',#9798,#9799);
#9798 = CARTESIAN_POINT('',(0.,-0.6));
#9799 = VECTOR('',#9800,1.);
#9800 = DIRECTION('',(1.,0.));
#9801 = ( GEOMETRIC_REPRESENTATION_CONTEXT(2) 
PARAMETRIC_REPRESENTATION_CONTEXT() REPRESENTATION_CONTEXT('2D SPACE',''
  ) );
#9802 = PCURVE('',#3463,#9803);
#9803 = DEFINITIONAL_REPRESENTATION('',(#9804),#9808);
#9804 = LINE('',#9805,#9806);
#9805 = CARTESIAN_POINT('',(0.,40.5));
#9806 = VECTOR('',#9807,1.);
#9807 = DIRECTION('',(1.,0.));
#9808 = ( GEOMETRIC_REPRESENTATION_CONTEXT(2) 
PARAMETRIC_REPRESENTATION_CONTEXT() REPRESENTATION_CONTEXT('2D SPACE',''
  ) );
#9809 = ORIENTED_EDGE('',*,*,#9810,.F.);
#9810 = EDGE_CURVE('',#9739,#9788,#9811,.T.);
#9811 = SURFACE_CURVE('',#9812,(#9816,#9823),.PCURVE_S1.);
#9812 = LINE('',#9813,#9814);
#9813 = CARTESIAN_POINT('',(9.5,6.95,1.75));
#9814 = VECTOR('',#9815,1.);
#9815 = DIRECTION('',(0.,1.,0.));
#9816 = PCURVE('',#3435,#9817);
#9817 = DEFINITIONAL_REPRESENTATION('',(#9818),#9822);
#9818 = LINE('',#9819,#9820);
#9819 = CARTESIAN_POINT('',(1.2,0.));
#9820 = VECTOR('',#9821,1.);
#9821 = DIRECTION('',(0.,-1.));
#9822 = ( GEOMETRIC_REPRESENTATION_CONTEXT(2) 
PARAMETRIC_REPRESENTATION_CONTEXT() REPRESENTATION_CONTEXT('2D SPACE',''
  ) );
#9823 = PCURVE('',#7092,#9824);
#9824 = DEFINITIONAL_REPRESENTATION('',(#9825),#9829);
#9825 = LINE('',#9826,#9827);
#9826 = CARTESIAN_POINT('',(40.5,0.));
#9827 = VECTOR('',#9828,1.);
#9828 = DIRECTION('',(0.,1.));
#9829 = ( GEOMETRIC_REPRESENTATION_CONTEXT(2) 
PARAMETRIC_REPRESENTATION_CONTEXT() REPRESENTATION_CONTEXT('2D SPACE',''
  ) );
#9830 = ADVANCED_FACE('',(#9831),#3463,.T.);
#9831 = FACE_BOUND('',#9832,.T.);
#9832 = EDGE_LOOP('',(#9833,#9834,#9835,#9856));
#9833 = ORIENTED_EDGE('',*,*,#3447,.F.);
#9834 = ORIENTED_EDGE('',*,*,#7167,.T.);
#9835 = ORIENTED_EDGE('',*,*,#9836,.T.);
#9836 = EDGE_CURVE('',#7146,#9788,#9837,.T.);
#9837 = SURFACE_CURVE('',#9838,(#9842,#9849),.PCURVE_S1.);
#9838 = LINE('',#9839,#9840);
#9839 = CARTESIAN_POINT('',(-30.4,7.55,1.75));
#9840 = VECTOR('',#9841,1.);
#9841 = DIRECTION('',(1.,0.,0.));
#9842 = PCURVE('',#3463,#9843);
#9843 = DEFINITIONAL_REPRESENTATION('',(#9844),#9848);
#9844 = LINE('',#9845,#9846);
#9845 = CARTESIAN_POINT('',(1.2,0.6));
#9846 = VECTOR('',#9847,1.);
#9847 = DIRECTION('',(0.,1.));
#9848 = ( GEOMETRIC_REPRESENTATION_CONTEXT(2) 
PARAMETRIC_REPRESENTATION_CONTEXT() REPRESENTATION_CONTEXT('2D SPACE',''
  ) );
#9849 = PCURVE('',#7092,#9850);
#9850 = DEFINITIONAL_REPRESENTATION('',(#9851),#9855);
#9851 = LINE('',#9852,#9853);
#9852 = CARTESIAN_POINT('',(0.6,0.6));
#9853 = VECTOR('',#9854,1.);
#9854 = DIRECTION('',(1.,0.));
#9855 = ( GEOMETRIC_REPRESENTATION_CONTEXT(2) 
PARAMETRIC_REPRESENTATION_CONTEXT() REPRESENTATION_CONTEXT('2D SPACE',''
  ) );
#9856 = ORIENTED_EDGE('',*,*,#9787,.F.);
#9857 = ADVANCED_FACE('',(#9858),#3564,.F.);
#9858 = FACE_BOUND('',#9859,.F.);
#9859 = EDGE_LOOP('',(#9860,#9861,#9862,#9885));
#9860 = ORIENTED_EDGE('',*,*,#3548,.F.);
#9861 = ORIENTED_EDGE('',*,*,#6897,.F.);
#9862 = ORIENTED_EDGE('',*,*,#9863,.T.);
#9863 = EDGE_CURVE('',#6870,#9864,#9866,.T.);
#9864 = VERTEX_POINT('',#9865);
#9865 = CARTESIAN_POINT('',(-26.57082780724,10.85,2.55));
#9866 = SURFACE_CURVE('',#9867,(#9871,#9878),.PCURVE_S1.);
#9867 = LINE('',#9868,#9869);
#9868 = CARTESIAN_POINT('',(-31.1,10.85,2.55));
#9869 = VECTOR('',#9870,1.);
#9870 = DIRECTION('',(1.,0.,0.));
#9871 = PCURVE('',#3564,#9872);
#9872 = DEFINITIONAL_REPRESENTATION('',(#9873),#9877);
#9873 = LINE('',#9874,#9875);
#9874 = CARTESIAN_POINT('',(2.,0.));
#9875 = VECTOR('',#9876,1.);
#9876 = DIRECTION('',(0.,1.));
#9877 = ( GEOMETRIC_REPRESENTATION_CONTEXT(2) 
PARAMETRIC_REPRESENTATION_CONTEXT() REPRESENTATION_CONTEXT('2D SPACE',''
  ) );
#9878 = PCURVE('',#6333,#9879);
#9879 = DEFINITIONAL_REPRESENTATION('',(#9880),#9884);
#9880 = LINE('',#9881,#9882);
#9881 = CARTESIAN_POINT('',(0.,0.));
#9882 = VECTOR('',#9883,1.);
#9883 = DIRECTION('',(1.,0.));
#9884 = ( GEOMETRIC_REPRESENTATION_CONTEXT(2) 
PARAMETRIC_REPRESENTATION_CONTEXT() REPRESENTATION_CONTEXT('2D SPACE',''
  ) );
#9885 = ORIENTED_EDGE('',*,*,#9886,.T.);
#9886 = EDGE_CURVE('',#9864,#3549,#9887,.T.);
#9887 = SURFACE_CURVE('',#9888,(#9892,#9898),.PCURVE_S1.);
#9888 = LINE('',#9889,#9890);
#9889 = CARTESIAN_POINT('',(-26.57082780724,10.85,0.55));
#9890 = VECTOR('',#9891,1.);
#9891 = DIRECTION('',(-0.,-0.,-1.));
#9892 = PCURVE('',#3564,#9893);
#9893 = DEFINITIONAL_REPRESENTATION('',(#9894),#9897);
#9894 = B_SPLINE_CURVE_WITH_KNOTS('',1,(#9895,#9896),.UNSPECIFIED.,.F.,
  .F.,(2,2),(-2.2,6.000000000173E-07),.PIECEWISE_BEZIER_KNOTS.);
#9895 = CARTESIAN_POINT('',(2.2,4.529172192759));
#9896 = CARTESIAN_POINT('',(-6.000000000173E-07,4.529172192759));
#9897 = ( GEOMETRIC_REPRESENTATION_CONTEXT(2) 
PARAMETRIC_REPRESENTATION_CONTEXT() REPRESENTATION_CONTEXT('2D SPACE',''
  ) );
#9898 = PCURVE('',#3593,#9899);
#9899 = DEFINITIONAL_REPRESENTATION('',(#9900),#9903);
#9900 = B_SPLINE_CURVE_WITH_KNOTS('',1,(#9901,#9902),.UNSPECIFIED.,.F.,
  .F.,(2,2),(-2.2,6.000000000173E-07),.PIECEWISE_BEZIER_KNOTS.);
#9901 = CARTESIAN_POINT('',(-3.533934040694,-2.2));
#9902 = CARTESIAN_POINT('',(-3.533934040694,6.000000000173E-07));
#9903 = ( GEOMETRIC_REPRESENTATION_CONTEXT(2) 
PARAMETRIC_REPRESENTATION_CONTEXT() REPRESENTATION_CONTEXT('2D SPACE',''
  ) );
#9904 = ADVANCED_FACE('',(#9905),#3593,.T.);
#9905 = FACE_BOUND('',#9906,.F.);
#9906 = EDGE_LOOP('',(#9907,#9908,#9931,#9958,#9959,#9960,#9961,#9989));
#9907 = ORIENTED_EDGE('',*,*,#3605,.F.);
#9908 = ORIENTED_EDGE('',*,*,#9909,.T.);
#9909 = EDGE_CURVE('',#3577,#9910,#9912,.T.);
#9910 = VERTEX_POINT('',#9911);
#9911 = CARTESIAN_POINT('',(-23.3,11.5,4.35));
#9912 = SEAM_CURVE('',#9913,(#9917,#9924),.PCURVE_S1.);
#9913 = LINE('',#9914,#9915);
#9914 = CARTESIAN_POINT('',(-23.3,11.5,0.55));
#9915 = VECTOR('',#9916,1.);
#9916 = DIRECTION('',(0.,0.,1.));
#9917 = PCURVE('',#3593,#9918);
#9918 = DEFINITIONAL_REPRESENTATION('',(#9919),#9923);
#9919 = LINE('',#9920,#9921);
#9920 = CARTESIAN_POINT('',(-6.28318530718,0.));
#9921 = VECTOR('',#9922,1.);
#9922 = DIRECTION('',(-0.,-1.));
#9923 = ( GEOMETRIC_REPRESENTATION_CONTEXT(2) 
PARAMETRIC_REPRESENTATION_CONTEXT() REPRESENTATION_CONTEXT('2D SPACE',''
  ) );
#9924 = PCURVE('',#3593,#9925);
#9925 = DEFINITIONAL_REPRESENTATION('',(#9926),#9930);
#9926 = LINE('',#9927,#9928);
#9927 = CARTESIAN_POINT('',(-0.,0.));
#9928 = VECTOR('',#9929,1.);
#9929 = DIRECTION('',(-0.,-1.));
#9930 = ( GEOMETRIC_REPRESENTATION_CONTEXT(2) 
PARAMETRIC_REPRESENTATION_CONTEXT() REPRESENTATION_CONTEXT('2D SPACE',''
  ) );
#9931 = ORIENTED_EDGE('',*,*,#9932,.T.);
#9932 = EDGE_CURVE('',#9910,#9910,#9933,.T.);
#9933 = SURFACE_CURVE('',#9934,(#9939,#9946),.PCURVE_S1.);
#9934 = CIRCLE('',#9935,1.7);
#9935 = AXIS2_PLACEMENT_3D('',#9936,#9937,#9938);
#9936 = CARTESIAN_POINT('',(-25.,11.5,4.35));
#9937 = DIRECTION('',(0.,0.,1.));
#9938 = DIRECTION('',(1.,0.,0.));
#9939 = PCURVE('',#3593,#9940);
#9940 = DEFINITIONAL_REPRESENTATION('',(#9941),#9945);
#9941 = LINE('',#9942,#9943);
#9942 = CARTESIAN_POINT('',(-0.,-3.8));
#9943 = VECTOR('',#9944,1.);
#9944 = DIRECTION('',(-1.,0.));
#9945 = ( GEOMETRIC_REPRESENTATION_CONTEXT(2) 
PARAMETRIC_REPRESENTATION_CONTEXT() REPRESENTATION_CONTEXT('2D SPACE',''
  ) );
#9946 = PCURVE('',#9947,#9952);
#9947 = PLANE('',#9948);
#9948 = AXIS2_PLACEMENT_3D('',#9949,#9950,#9951);
#9949 = CARTESIAN_POINT('',(-25.,11.5,4.35));
#9950 = DIRECTION('',(0.,0.,1.));
#9951 = DIRECTION('',(1.,0.,-0.));
#9952 = DEFINITIONAL_REPRESENTATION('',(#9953),#9957);
#9953 = CIRCLE('',#9954,1.7);
#9954 = AXIS2_PLACEMENT_2D('',#9955,#9956);
#9955 = CARTESIAN_POINT('',(0.,0.));
#9956 = DIRECTION('',(1.,0.));
#9957 = ( GEOMETRIC_REPRESENTATION_CONTEXT(2) 
PARAMETRIC_REPRESENTATION_CONTEXT() REPRESENTATION_CONTEXT('2D SPACE',''
  ) );
#9958 = ORIENTED_EDGE('',*,*,#9909,.F.);
#9959 = ORIENTED_EDGE('',*,*,#3576,.F.);
#9960 = ORIENTED_EDGE('',*,*,#9886,.F.);
#9961 = ORIENTED_EDGE('',*,*,#9962,.T.);
#9962 = EDGE_CURVE('',#9864,#9963,#9965,.T.);
#9963 = VERTEX_POINT('',#9964);
#9964 = CARTESIAN_POINT('',(-26.57082780724,12.15,2.55));
#9965 = SURFACE_CURVE('',#9966,(#9971,#9978),.PCURVE_S1.);
#9966 = CIRCLE('',#9967,1.7);
#9967 = AXIS2_PLACEMENT_3D('',#9968,#9969,#9970);
#9968 = CARTESIAN_POINT('',(-25.,11.5,2.55));
#9969 = DIRECTION('',(0.,0.,-1.));
#9970 = DIRECTION('',(1.,0.,0.));
#9971 = PCURVE('',#3593,#9972);
#9972 = DEFINITIONAL_REPRESENTATION('',(#9973),#9977);
#9973 = LINE('',#9974,#9975);
#9974 = CARTESIAN_POINT('',(-6.28318530718,-2.));
#9975 = VECTOR('',#9976,1.);
#9976 = DIRECTION('',(1.,-0.));
#9977 = ( GEOMETRIC_REPRESENTATION_CONTEXT(2) 
PARAMETRIC_REPRESENTATION_CONTEXT() REPRESENTATION_CONTEXT('2D SPACE',''
  ) );
#9978 = PCURVE('',#6333,#9979);
#9979 = DEFINITIONAL_REPRESENTATION('',(#9980),#9988);
#9980 = ( BOUNDED_CURVE() B_SPLINE_CURVE(2,(#9981,#9982,#9983,#9984,
#9985,#9986,#9987),.UNSPECIFIED.,.T.,.F.) B_SPLINE_CURVE_WITH_KNOTS((1,2
    ,2,2,2,1),(-2.094395102393,0.,2.094395102393,4.188790204786,
6.28318530718,8.377580409573),.UNSPECIFIED.) CURVE() 
GEOMETRIC_REPRESENTATION_ITEM() RATIONAL_B_SPLINE_CURVE((1.,0.5,1.,0.5,
1.,0.5,1.)) REPRESENTATION_ITEM('') );
#9981 = CARTESIAN_POINT('',(7.8,0.65));
#9982 = CARTESIAN_POINT('',(7.8,-2.294486372867));
#9983 = CARTESIAN_POINT('',(5.25,-0.822243186434));
#9984 = CARTESIAN_POINT('',(2.7,0.65));
#9985 = CARTESIAN_POINT('',(5.25,2.122243186434));
#9986 = CARTESIAN_POINT('',(7.8,3.594486372867));
#9987 = CARTESIAN_POINT('',(7.8,0.65));
#9988 = ( GEOMETRIC_REPRESENTATION_CONTEXT(2) 
PARAMETRIC_REPRESENTATION_CONTEXT() REPRESENTATION_CONTEXT('2D SPACE',''
  ) );
#9989 = ORIENTED_EDGE('',*,*,#9990,.T.);
#9990 = EDGE_CURVE('',#9963,#3606,#9991,.T.);
#9991 = SURFACE_CURVE('',#9992,(#9996,#10002),.PCURVE_S1.);
#9992 = LINE('',#9993,#9994);
#9993 = CARTESIAN_POINT('',(-26.57082780724,12.15,0.55));
#9994 = VECTOR('',#9995,1.);
#9995 = DIRECTION('',(-0.,-0.,-1.));
#9996 = PCURVE('',#3593,#9997);
#9997 = DEFINITIONAL_REPRESENTATION('',(#9998),#10001);
#9998 = B_SPLINE_CURVE_WITH_KNOTS('',1,(#9999,#10000),.UNSPECIFIED.,.F.,
  .F.,(2,2),(-2.2,6.000000000173E-07),.PIECEWISE_BEZIER_KNOTS.);
#9999 = CARTESIAN_POINT('',(-2.749251266485,-2.2));
#10000 = CARTESIAN_POINT('',(-2.749251266485,6.000000000173E-07));
#10001 = ( GEOMETRIC_REPRESENTATION_CONTEXT(2) 
PARAMETRIC_REPRESENTATION_CONTEXT() REPRESENTATION_CONTEXT('2D SPACE',''
  ) );
#10002 = PCURVE('',#3645,#10003);
#10003 = DEFINITIONAL_REPRESENTATION('',(#10004),#10007);
#10004 = B_SPLINE_CURVE_WITH_KNOTS('',1,(#10005,#10006),.UNSPECIFIED.,
  .F.,.F.,(2,2),(-2.2,6.000000000173E-07),.PIECEWISE_BEZIER_KNOTS.);
#10005 = CARTESIAN_POINT('',(2.2,4.529172192759));
#10006 = CARTESIAN_POINT('',(-6.000000000173E-07,4.529172192759));
#10007 = ( GEOMETRIC_REPRESENTATION_CONTEXT(2) 
PARAMETRIC_REPRESENTATION_CONTEXT() REPRESENTATION_CONTEXT('2D SPACE',''
  ) );
#10008 = ADVANCED_FACE('',(#10009),#3645,.T.);
#10009 = FACE_BOUND('',#10010,.T.);
#10010 = EDGE_LOOP('',(#10011,#10012,#10013,#10034));
#10011 = ORIENTED_EDGE('',*,*,#3629,.F.);
#10012 = ORIENTED_EDGE('',*,*,#6344,.T.);
#10013 = ORIENTED_EDGE('',*,*,#10014,.T.);
#10014 = EDGE_CURVE('',#6319,#9963,#10015,.T.);
#10015 = SURFACE_CURVE('',#10016,(#10020,#10027),.PCURVE_S1.);
#10016 = LINE('',#10017,#10018);
#10017 = CARTESIAN_POINT('',(-31.1,12.15,2.55));
#10018 = VECTOR('',#10019,1.);
#10019 = DIRECTION('',(1.,0.,0.));
#10020 = PCURVE('',#3645,#10021);
#10021 = DEFINITIONAL_REPRESENTATION('',(#10022),#10026);
#10022 = LINE('',#10023,#10024);
#10023 = CARTESIAN_POINT('',(2.,0.));
#10024 = VECTOR('',#10025,1.);
#10025 = DIRECTION('',(0.,1.));
#10026 = ( GEOMETRIC_REPRESENTATION_CONTEXT(2) 
PARAMETRIC_REPRESENTATION_CONTEXT() REPRESENTATION_CONTEXT('2D SPACE',''
  ) );
#10027 = PCURVE('',#6333,#10028);
#10028 = DEFINITIONAL_REPRESENTATION('',(#10029),#10033);
#10029 = LINE('',#10030,#10031);
#10030 = CARTESIAN_POINT('',(0.,1.3));
#10031 = VECTOR('',#10032,1.);
#10032 = DIRECTION('',(1.,0.));
#10033 = ( GEOMETRIC_REPRESENTATION_CONTEXT(2) 
PARAMETRIC_REPRESENTATION_CONTEXT() REPRESENTATION_CONTEXT('2D SPACE',''
  ) );
#10034 = ORIENTED_EDGE('',*,*,#9990,.T.);
#10035 = ADVANCED_FACE('',(#10036),#3695,.F.);
#10036 = FACE_BOUND('',#10037,.F.);
#10037 = EDGE_LOOP('',(#10038,#10039,#10040,#10061));
#10038 = ORIENTED_EDGE('',*,*,#3679,.F.);
#10039 = ORIENTED_EDGE('',*,*,#6364,.T.);
#10040 = ORIENTED_EDGE('',*,*,#10041,.T.);
#10041 = EDGE_CURVE('',#6365,#9456,#10042,.T.);
#10042 = SURFACE_CURVE('',#10043,(#10047,#10054),.PCURVE_S1.);
#10043 = LINE('',#10044,#10045);
#10044 = CARTESIAN_POINT('',(-31.1,57.85,2.55));
#10045 = VECTOR('',#10046,1.);
#10046 = DIRECTION('',(1.,0.,0.));
#10047 = PCURVE('',#3695,#10048);
#10048 = DEFINITIONAL_REPRESENTATION('',(#10049),#10053);
#10049 = LINE('',#10050,#10051);
#10050 = CARTESIAN_POINT('',(2.,0.));
#10051 = VECTOR('',#10052,1.);
#10052 = DIRECTION('',(0.,1.));
#10053 = ( GEOMETRIC_REPRESENTATION_CONTEXT(2) 
PARAMETRIC_REPRESENTATION_CONTEXT() REPRESENTATION_CONTEXT('2D SPACE',''
  ) );
#10054 = PCURVE('',#6259,#10055);
#10055 = DEFINITIONAL_REPRESENTATION('',(#10056),#10060);
#10056 = LINE('',#10057,#10058);
#10057 = CARTESIAN_POINT('',(0.,0.));
#10058 = VECTOR('',#10059,1.);
#10059 = DIRECTION('',(1.,0.));
#10060 = ( GEOMETRIC_REPRESENTATION_CONTEXT(2) 
PARAMETRIC_REPRESENTATION_CONTEXT() REPRESENTATION_CONTEXT('2D SPACE',''
  ) );
#10061 = ORIENTED_EDGE('',*,*,#9455,.T.);
#10062 = ADVANCED_FACE('',(#10063),#3834,.T.);
#10063 = FACE_BOUND('',#10064,.F.);
#10064 = EDGE_LOOP('',(#10065,#10091,#10092,#10093,#10114,#10142,#10161,
    #10162));
#10065 = ORIENTED_EDGE('',*,*,#10066,.F.);
#10066 = EDGE_CURVE('',#5999,#6020,#10067,.T.);
#10067 = SURFACE_CURVE('',#10068,(#10073,#10080),.PCURVE_S1.);
#10068 = CIRCLE('',#10069,1.7);
#10069 = AXIS2_PLACEMENT_3D('',#10070,#10071,#10072);
#10070 = CARTESIAN_POINT('',(25.,58.5,4.35));
#10071 = DIRECTION('',(0.,0.,-1.));
#10072 = DIRECTION('',(0.484122918276,0.875,0.));
#10073 = PCURVE('',#3834,#10074);
#10074 = DEFINITIONAL_REPRESENTATION('',(#10075),#10079);
#10075 = LINE('',#10076,#10077);
#10076 = CARTESIAN_POINT('',(-7.34862112369,-3.8));
#10077 = VECTOR('',#10078,1.);
#10078 = DIRECTION('',(1.,-0.));
#10079 = ( GEOMETRIC_REPRESENTATION_CONTEXT(2) 
PARAMETRIC_REPRESENTATION_CONTEXT() REPRESENTATION_CONTEXT('2D SPACE',''
  ) );
#10080 = PCURVE('',#6036,#10081);
#10081 = DEFINITIONAL_REPRESENTATION('',(#10082),#10090);
#10082 = ( BOUNDED_CURVE() B_SPLINE_CURVE(2,(#10083,#10084,#10085,#10086
    ,#10087,#10088,#10089),.UNSPECIFIED.,.T.,.F.) 
B_SPLINE_CURVE_WITH_KNOTS((1,2,2,2,2,1),(-2.094395102393,0.,
    2.094395102393,4.188790204786,6.28318530718,8.377580409573),
.UNSPECIFIED.) CURVE() GEOMETRIC_REPRESENTATION_ITEM() 
RATIONAL_B_SPLINE_CURVE((1.,0.5,1.,0.5,1.,0.5,1.)) REPRESENTATION_ITEM(
  '') );
#10083 = CARTESIAN_POINT('',(0.823008961069,1.4875));
#10084 = CARTESIAN_POINT('',(3.399434537328,6.200666434336E-02));
#10085 = CARTESIAN_POINT('',(0.876708307595,-1.456496667828));
#10086 = CARTESIAN_POINT('',(-1.646017922139,-2.975));
#10087 = CARTESIAN_POINT('',(-1.699717268664,-3.100333217168E-02));
#10088 = CARTESIAN_POINT('',(-1.753416615189,2.912993335656));
#10089 = CARTESIAN_POINT('',(0.823008961069,1.4875));
#10090 = ( GEOMETRIC_REPRESENTATION_CONTEXT(2) 
PARAMETRIC_REPRESENTATION_CONTEXT() REPRESENTATION_CONTEXT('2D SPACE',''
  ) );
#10091 = ORIENTED_EDGE('',*,*,#5998,.T.);
#10092 = ORIENTED_EDGE('',*,*,#4233,.T.);
#10093 = ORIENTED_EDGE('',*,*,#10094,.F.);
#10094 = EDGE_CURVE('',#10095,#4206,#10097,.T.);
#10095 = VERTEX_POINT('',#10096);
#10096 = CARTESIAN_POINT('',(26.57082780724,59.15,2.55));
#10097 = SURFACE_CURVE('',#10098,(#10102,#10108),.PCURVE_S1.);
#10098 = LINE('',#10099,#10100);
#10099 = CARTESIAN_POINT('',(26.570827807241,59.15,0.55));
#10100 = VECTOR('',#10101,1.);
#10101 = DIRECTION('',(-0.,-0.,-1.));
#10102 = PCURVE('',#3834,#10103);
#10103 = DEFINITIONAL_REPRESENTATION('',(#10104),#10107);
#10104 = B_SPLINE_CURVE_WITH_KNOTS('',1,(#10105,#10106),.UNSPECIFIED.,
  .F.,.F.,(2,2),(-2.2,6.000000000173E-07),.PIECEWISE_BEZIER_KNOTS.);
#10105 = CARTESIAN_POINT('',(-6.675526694284,-2.2));
#10106 = CARTESIAN_POINT('',(-6.675526694284,6.000000000173E-07));
#10107 = ( GEOMETRIC_REPRESENTATION_CONTEXT(2) 
PARAMETRIC_REPRESENTATION_CONTEXT() REPRESENTATION_CONTEXT('2D SPACE',''
  ) );
#10108 = PCURVE('',#4221,#10109);
#10109 = DEFINITIONAL_REPRESENTATION('',(#10110),#10113);
#10110 = B_SPLINE_CURVE_WITH_KNOTS('',1,(#10111,#10112),.UNSPECIFIED.,
  .F.,.F.,(2,2),(-2.2,6.000000000173E-07),.PIECEWISE_BEZIER_KNOTS.);
#10111 = CARTESIAN_POINT('',(2.2,2.070827807241));
#10112 = CARTESIAN_POINT('',(-6.000000000173E-07,2.070827807241));
#10113 = ( GEOMETRIC_REPRESENTATION_CONTEXT(2) 
PARAMETRIC_REPRESENTATION_CONTEXT() REPRESENTATION_CONTEXT('2D SPACE',''
  ) );
#10114 = ORIENTED_EDGE('',*,*,#10115,.T.);
#10115 = EDGE_CURVE('',#10095,#10116,#10118,.T.);
#10116 = VERTEX_POINT('',#10117);
#10117 = CARTESIAN_POINT('',(26.57082780724,57.85,2.55));
#10118 = SURFACE_CURVE('',#10119,(#10124,#10131),.PCURVE_S1.);
#10119 = CIRCLE('',#10120,1.7);
#10120 = AXIS2_PLACEMENT_3D('',#10121,#10122,#10123);
#10121 = CARTESIAN_POINT('',(25.,58.5,2.55));
#10122 = DIRECTION('',(0.,0.,-1.));
#10123 = DIRECTION('',(1.,0.,0.));
#10124 = PCURVE('',#3834,#10125);
#10125 = DEFINITIONAL_REPRESENTATION('',(#10126),#10130);
#10126 = LINE('',#10127,#10128);
#10127 = CARTESIAN_POINT('',(-12.56637061435,-2.));
#10128 = VECTOR('',#10129,1.);
#10129 = DIRECTION('',(1.,-0.));
#10130 = ( GEOMETRIC_REPRESENTATION_CONTEXT(2) 
PARAMETRIC_REPRESENTATION_CONTEXT() REPRESENTATION_CONTEXT('2D SPACE',''
  ) );
#10131 = PCURVE('',#5787,#10132);
#10132 = DEFINITIONAL_REPRESENTATION('',(#10133),#10141);
#10133 = ( BOUNDED_CURVE() B_SPLINE_CURVE(2,(#10134,#10135,#10136,#10137
    ,#10138,#10139,#10140),.UNSPECIFIED.,.T.,.F.) 
B_SPLINE_CURVE_WITH_KNOTS((1,2,2,2,2,1),(-2.094395102393,0.,
    2.094395102393,4.188790204786,6.28318530718,8.377580409573),
.UNSPECIFIED.) CURVE() GEOMETRIC_REPRESENTATION_ITEM() 
RATIONAL_B_SPLINE_CURVE((1.,0.5,1.,0.5,1.,0.5,1.)) REPRESENTATION_ITEM(
  '') );
#10134 = CARTESIAN_POINT('',(2.2,0.65));
#10135 = CARTESIAN_POINT('',(2.2,-2.294486372867));
#10136 = CARTESIAN_POINT('',(-0.35,-0.822243186434));
#10137 = CARTESIAN_POINT('',(-2.9,0.65));
#10138 = CARTESIAN_POINT('',(-0.35,2.122243186434));
#10139 = CARTESIAN_POINT('',(2.2,3.594486372867));
#10140 = CARTESIAN_POINT('',(2.2,0.65));
#10141 = ( GEOMETRIC_REPRESENTATION_CONTEXT(2) 
PARAMETRIC_REPRESENTATION_CONTEXT() REPRESENTATION_CONTEXT('2D SPACE',''
  ) );
#10142 = ORIENTED_EDGE('',*,*,#10143,.T.);
#10143 = EDGE_CURVE('',#10116,#3814,#10144,.T.);
#10144 = SURFACE_CURVE('',#10145,(#10149,#10155),.PCURVE_S1.);
#10145 = LINE('',#10146,#10147);
#10146 = CARTESIAN_POINT('',(26.570827807241,57.85,0.55));
#10147 = VECTOR('',#10148,1.);
#10148 = DIRECTION('',(-0.,-0.,-1.));
#10149 = PCURVE('',#3834,#10150);
#10150 = DEFINITIONAL_REPRESENTATION('',(#10151),#10154);
#10151 = B_SPLINE_CURVE_WITH_KNOTS('',1,(#10152,#10153),.UNSPECIFIED.,
  .F.,.F.,(2,2),(-2.2,6.000000000173E-07),.PIECEWISE_BEZIER_KNOTS.);
#10152 = CARTESIAN_POINT('',(-5.890843920075,-2.2));
#10153 = CARTESIAN_POINT('',(-5.890843920075,6.000000000173E-07));
#10154 = ( GEOMETRIC_REPRESENTATION_CONTEXT(2) 
PARAMETRIC_REPRESENTATION_CONTEXT() REPRESENTATION_CONTEXT('2D SPACE',''
  ) );
#10155 = PCURVE('',#3862,#10156);
#10156 = DEFINITIONAL_REPRESENTATION('',(#10157),#10160);
#10157 = B_SPLINE_CURVE_WITH_KNOTS('',1,(#10158,#10159),.UNSPECIFIED.,
  .F.,.F.,(2,2),(-2.2,6.000000000173E-07),.PIECEWISE_BEZIER_KNOTS.);
#10158 = CARTESIAN_POINT('',(2.2,2.070827807241));
#10159 = CARTESIAN_POINT('',(-6.000000000173E-07,2.070827807241));
#10160 = ( GEOMETRIC_REPRESENTATION_CONTEXT(2) 
PARAMETRIC_REPRESENTATION_CONTEXT() REPRESENTATION_CONTEXT('2D SPACE',''
  ) );
#10161 = ORIENTED_EDGE('',*,*,#3813,.T.);
#10162 = ORIENTED_EDGE('',*,*,#6052,.F.);
#10163 = ADVANCED_FACE('',(#10164),#3862,.F.);
#10164 = FACE_BOUND('',#10165,.F.);
#10165 = EDGE_LOOP('',(#10166,#10167,#10168,#10189));
#10166 = ORIENTED_EDGE('',*,*,#3846,.F.);
#10167 = ORIENTED_EDGE('',*,*,#10143,.F.);
#10168 = ORIENTED_EDGE('',*,*,#10169,.T.);
#10169 = EDGE_CURVE('',#10116,#5752,#10170,.T.);
#10170 = SURFACE_CURVE('',#10171,(#10175,#10182),.PCURVE_S1.);
#10171 = LINE('',#10172,#10173);
#10172 = CARTESIAN_POINT('',(24.5,57.85,2.55));
#10173 = VECTOR('',#10174,1.);
#10174 = DIRECTION('',(1.,0.,0.));
#10175 = PCURVE('',#3862,#10176);
#10176 = DEFINITIONAL_REPRESENTATION('',(#10177),#10181);
#10177 = LINE('',#10178,#10179);
#10178 = CARTESIAN_POINT('',(2.,0.));
#10179 = VECTOR('',#10180,1.);
#10180 = DIRECTION('',(0.,1.));
#10181 = ( GEOMETRIC_REPRESENTATION_CONTEXT(2) 
PARAMETRIC_REPRESENTATION_CONTEXT() REPRESENTATION_CONTEXT('2D SPACE',''
  ) );
#10182 = PCURVE('',#5787,#10183);
#10183 = DEFINITIONAL_REPRESENTATION('',(#10184),#10188);
#10184 = LINE('',#10185,#10186);
#10185 = CARTESIAN_POINT('',(0.,0.));
#10186 = VECTOR('',#10187,1.);
#10187 = DIRECTION('',(1.,0.));
#10188 = ( GEOMETRIC_REPRESENTATION_CONTEXT(2) 
PARAMETRIC_REPRESENTATION_CONTEXT() REPRESENTATION_CONTEXT('2D SPACE',''
  ) );
#10189 = ORIENTED_EDGE('',*,*,#5751,.F.);
#10190 = ADVANCED_FACE('',(#10191),#3912,.T.);
#10191 = FACE_BOUND('',#10192,.T.);
#10192 = EDGE_LOOP('',(#10193,#10194,#10215,#10236));
#10193 = ORIENTED_EDGE('',*,*,#3896,.F.);
#10194 = ORIENTED_EDGE('',*,*,#10195,.F.);
#10195 = EDGE_CURVE('',#10196,#3897,#10198,.T.);
#10196 = VERTEX_POINT('',#10197);
#10197 = CARTESIAN_POINT('',(26.57082780724,12.15,2.55));
#10198 = SURFACE_CURVE('',#10199,(#10203,#10209),.PCURVE_S1.);
#10199 = LINE('',#10200,#10201);
#10200 = CARTESIAN_POINT('',(26.570827807241,12.15,0.55));
#10201 = VECTOR('',#10202,1.);
#10202 = DIRECTION('',(-0.,-0.,-1.));
#10203 = PCURVE('',#3912,#10204);
#10204 = DEFINITIONAL_REPRESENTATION('',(#10205),#10208);
#10205 = B_SPLINE_CURVE_WITH_KNOTS('',1,(#10206,#10207),.UNSPECIFIED.,
  .F.,.F.,(2,2),(-2.2,6.000000000173E-07),.PIECEWISE_BEZIER_KNOTS.);
#10206 = CARTESIAN_POINT('',(2.2,2.070827807241));
#10207 = CARTESIAN_POINT('',(-6.000000000173E-07,2.070827807241));
#10208 = ( GEOMETRIC_REPRESENTATION_CONTEXT(2) 
PARAMETRIC_REPRESENTATION_CONTEXT() REPRESENTATION_CONTEXT('2D SPACE',''
  ) );
#10209 = PCURVE('',#3941,#10210);
#10210 = DEFINITIONAL_REPRESENTATION('',(#10211),#10214);
#10211 = B_SPLINE_CURVE_WITH_KNOTS('',1,(#10212,#10213),.UNSPECIFIED.,
  .F.,.F.,(2,2),(-2.2,6.000000000173E-07),.PIECEWISE_BEZIER_KNOTS.);
#10212 = CARTESIAN_POINT('',(-0.392341387105,-2.2));
#10213 = CARTESIAN_POINT('',(-0.392341387105,6.000000000173E-07));
#10214 = ( GEOMETRIC_REPRESENTATION_CONTEXT(2) 
PARAMETRIC_REPRESENTATION_CONTEXT() REPRESENTATION_CONTEXT('2D SPACE',''
  ) );
#10215 = ORIENTED_EDGE('',*,*,#10216,.T.);
#10216 = EDGE_CURVE('',#10196,#5706,#10217,.T.);
#10217 = SURFACE_CURVE('',#10218,(#10222,#10229),.PCURVE_S1.);
#10218 = LINE('',#10219,#10220);
#10219 = CARTESIAN_POINT('',(24.5,12.15,2.55));
#10220 = VECTOR('',#10221,1.);
#10221 = DIRECTION('',(1.,0.,0.));
#10222 = PCURVE('',#3912,#10223);
#10223 = DEFINITIONAL_REPRESENTATION('',(#10224),#10228);
#10224 = LINE('',#10225,#10226);
#10225 = CARTESIAN_POINT('',(2.,0.));
#10226 = VECTOR('',#10227,1.);
#10227 = DIRECTION('',(0.,1.));
#10228 = ( GEOMETRIC_REPRESENTATION_CONTEXT(2) 
PARAMETRIC_REPRESENTATION_CONTEXT() REPRESENTATION_CONTEXT('2D SPACE',''
  ) );
#10229 = PCURVE('',#5720,#10230);
#10230 = DEFINITIONAL_REPRESENTATION('',(#10231),#10235);
#10231 = LINE('',#10232,#10233);
#10232 = CARTESIAN_POINT('',(0.,1.3));
#10233 = VECTOR('',#10234,1.);
#10234 = DIRECTION('',(1.,0.));
#10235 = ( GEOMETRIC_REPRESENTATION_CONTEXT(2) 
PARAMETRIC_REPRESENTATION_CONTEXT() REPRESENTATION_CONTEXT('2D SPACE',''
  ) );
#10236 = ORIENTED_EDGE('',*,*,#5731,.F.);
#10237 = ADVANCED_FACE('',(#10238),#3941,.T.);
#10238 = FACE_BOUND('',#10239,.F.);
#10239 = EDGE_LOOP('',(#10240,#10268,#10291,#10318,#10319,#10347,#10366,
    #10367));
#10240 = ORIENTED_EDGE('',*,*,#10241,.T.);
#10241 = EDGE_CURVE('',#10196,#10242,#10244,.T.);
#10242 = VERTEX_POINT('',#10243);
#10243 = CARTESIAN_POINT('',(26.7,11.5,2.55));
#10244 = SURFACE_CURVE('',#10245,(#10250,#10257),.PCURVE_S1.);
#10245 = CIRCLE('',#10246,1.7);
#10246 = AXIS2_PLACEMENT_3D('',#10247,#10248,#10249);
#10247 = CARTESIAN_POINT('',(25.,11.5,2.55));
#10248 = DIRECTION('',(0.,0.,-1.));
#10249 = DIRECTION('',(1.,0.,0.));
#10250 = PCURVE('',#3941,#10251);
#10251 = DEFINITIONAL_REPRESENTATION('',(#10252),#10256);
#10252 = LINE('',#10253,#10254);
#10253 = CARTESIAN_POINT('',(-6.28318530718,-2.));
#10254 = VECTOR('',#10255,1.);
#10255 = DIRECTION('',(1.,-0.));
#10256 = ( GEOMETRIC_REPRESENTATION_CONTEXT(2) 
PARAMETRIC_REPRESENTATION_CONTEXT() REPRESENTATION_CONTEXT('2D SPACE',''
  ) );
#10257 = PCURVE('',#5720,#10258);
#10258 = DEFINITIONAL_REPRESENTATION('',(#10259),#10267);
#10259 = ( BOUNDED_CURVE() B_SPLINE_CURVE(2,(#10260,#10261,#10262,#10263
    ,#10264,#10265,#10266),.UNSPECIFIED.,.T.,.F.) 
B_SPLINE_CURVE_WITH_KNOTS((1,2,2,2,2,1),(-2.094395102393,0.,
    2.094395102393,4.188790204786,6.28318530718,8.377580409573),
.UNSPECIFIED.) CURVE() GEOMETRIC_REPRESENTATION_ITEM() 
RATIONAL_B_SPLINE_CURVE((1.,0.5,1.,0.5,1.,0.5,1.)) REPRESENTATION_ITEM(
  '') );
#10260 = CARTESIAN_POINT('',(2.2,0.65));
#10261 = CARTESIAN_POINT('',(2.2,-2.294486372867));
#10262 = CARTESIAN_POINT('',(-0.35,-0.822243186434));
#10263 = CARTESIAN_POINT('',(-2.9,0.65));
#10264 = CARTESIAN_POINT('',(-0.35,2.122243186434));
#10265 = CARTESIAN_POINT('',(2.2,3.594486372867));
#10266 = CARTESIAN_POINT('',(2.2,0.65));
#10267 = ( GEOMETRIC_REPRESENTATION_CONTEXT(2) 
PARAMETRIC_REPRESENTATION_CONTEXT() REPRESENTATION_CONTEXT('2D SPACE',''
  ) );
#10268 = ORIENTED_EDGE('',*,*,#10269,.T.);
#10269 = EDGE_CURVE('',#10242,#10270,#10272,.T.);
#10270 = VERTEX_POINT('',#10271);
#10271 = CARTESIAN_POINT('',(26.7,11.5,4.35));
#10272 = SEAM_CURVE('',#10273,(#10277,#10284),.PCURVE_S1.);
#10273 = LINE('',#10274,#10275);
#10274 = CARTESIAN_POINT('',(26.7,11.5,0.55));
#10275 = VECTOR('',#10276,1.);
#10276 = DIRECTION('',(0.,0.,1.));
#10277 = PCURVE('',#3941,#10278);
#10278 = DEFINITIONAL_REPRESENTATION('',(#10279),#10283);
#10279 = LINE('',#10280,#10281);
#10280 = CARTESIAN_POINT('',(-6.28318530718,0.));
#10281 = VECTOR('',#10282,1.);
#10282 = DIRECTION('',(-0.,-1.));
#10283 = ( GEOMETRIC_REPRESENTATION_CONTEXT(2) 
PARAMETRIC_REPRESENTATION_CONTEXT() REPRESENTATION_CONTEXT('2D SPACE',''
  ) );
#10284 = PCURVE('',#3941,#10285);
#10285 = DEFINITIONAL_REPRESENTATION('',(#10286),#10290);
#10286 = LINE('',#10287,#10288);
#10287 = CARTESIAN_POINT('',(-0.,0.));
#10288 = VECTOR('',#10289,1.);
#10289 = DIRECTION('',(-0.,-1.));
#10290 = ( GEOMETRIC_REPRESENTATION_CONTEXT(2) 
PARAMETRIC_REPRESENTATION_CONTEXT() REPRESENTATION_CONTEXT('2D SPACE',''
  ) );
#10291 = ORIENTED_EDGE('',*,*,#10292,.T.);
#10292 = EDGE_CURVE('',#10270,#10270,#10293,.T.);
#10293 = SURFACE_CURVE('',#10294,(#10299,#10306),.PCURVE_S1.);
#10294 = CIRCLE('',#10295,1.7);
#10295 = AXIS2_PLACEMENT_3D('',#10296,#10297,#10298);
#10296 = CARTESIAN_POINT('',(25.,11.5,4.35));
#10297 = DIRECTION('',(0.,0.,1.));
#10298 = DIRECTION('',(1.,0.,0.));
#10299 = PCURVE('',#3941,#10300);
#10300 = DEFINITIONAL_REPRESENTATION('',(#10301),#10305);
#10301 = LINE('',#10302,#10303);
#10302 = CARTESIAN_POINT('',(-0.,-3.8));
#10303 = VECTOR('',#10304,1.);
#10304 = DIRECTION('',(-1.,0.));
#10305 = ( GEOMETRIC_REPRESENTATION_CONTEXT(2) 
PARAMETRIC_REPRESENTATION_CONTEXT() REPRESENTATION_CONTEXT('2D SPACE',''
  ) );
#10306 = PCURVE('',#10307,#10312);
#10307 = PLANE('',#10308);
#10308 = AXIS2_PLACEMENT_3D('',#10309,#10310,#10311);
#10309 = CARTESIAN_POINT('',(25.,11.5,4.35));
#10310 = DIRECTION('',(0.,0.,1.));
#10311 = DIRECTION('',(1.,0.,-0.));
#10312 = DEFINITIONAL_REPRESENTATION('',(#10313),#10317);
#10313 = CIRCLE('',#10314,1.7);
#10314 = AXIS2_PLACEMENT_2D('',#10315,#10316);
#10315 = CARTESIAN_POINT('',(0.,0.));
#10316 = DIRECTION('',(1.,0.));
#10317 = ( GEOMETRIC_REPRESENTATION_CONTEXT(2) 
PARAMETRIC_REPRESENTATION_CONTEXT() REPRESENTATION_CONTEXT('2D SPACE',''
  ) );
#10318 = ORIENTED_EDGE('',*,*,#10269,.F.);
#10319 = ORIENTED_EDGE('',*,*,#10320,.T.);
#10320 = EDGE_CURVE('',#10242,#10321,#10323,.T.);
#10321 = VERTEX_POINT('',#10322);
#10322 = CARTESIAN_POINT('',(26.57082780724,10.85,2.55));
#10323 = SURFACE_CURVE('',#10324,(#10329,#10336),.PCURVE_S1.);
#10324 = CIRCLE('',#10325,1.7);
#10325 = AXIS2_PLACEMENT_3D('',#10326,#10327,#10328);
#10326 = CARTESIAN_POINT('',(25.,11.5,2.55));
#10327 = DIRECTION('',(0.,0.,-1.));
#10328 = DIRECTION('',(1.,0.,0.));
#10329 = PCURVE('',#3941,#10330);
#10330 = DEFINITIONAL_REPRESENTATION('',(#10331),#10335);
#10331 = LINE('',#10332,#10333);
#10332 = CARTESIAN_POINT('',(-6.28318530718,-2.));
#10333 = VECTOR('',#10334,1.);
#10334 = DIRECTION('',(1.,-0.));
#10335 = ( GEOMETRIC_REPRESENTATION_CONTEXT(2) 
PARAMETRIC_REPRESENTATION_CONTEXT() REPRESENTATION_CONTEXT('2D SPACE',''
  ) );
#10336 = PCURVE('',#5720,#10337);
#10337 = DEFINITIONAL_REPRESENTATION('',(#10338),#10346);
#10338 = ( BOUNDED_CURVE() B_SPLINE_CURVE(2,(#10339,#10340,#10341,#10342
    ,#10343,#10344,#10345),.UNSPECIFIED.,.T.,.F.) 
B_SPLINE_CURVE_WITH_KNOTS((1,2,2,2,2,1),(-2.094395102393,0.,
    2.094395102393,4.188790204786,6.28318530718,8.377580409573),
.UNSPECIFIED.) CURVE() GEOMETRIC_REPRESENTATION_ITEM() 
RATIONAL_B_SPLINE_CURVE((1.,0.5,1.,0.5,1.,0.5,1.)) REPRESENTATION_ITEM(
  '') );
#10339 = CARTESIAN_POINT('',(2.2,0.65));
#10340 = CARTESIAN_POINT('',(2.2,-2.294486372867));
#10341 = CARTESIAN_POINT('',(-0.35,-0.822243186434));
#10342 = CARTESIAN_POINT('',(-2.9,0.65));
#10343 = CARTESIAN_POINT('',(-0.35,2.122243186434));
#10344 = CARTESIAN_POINT('',(2.2,3.594486372867));
#10345 = CARTESIAN_POINT('',(2.2,0.65));
#10346 = ( GEOMETRIC_REPRESENTATION_CONTEXT(2) 
PARAMETRIC_REPRESENTATION_CONTEXT() REPRESENTATION_CONTEXT('2D SPACE',''
  ) );
#10347 = ORIENTED_EDGE('',*,*,#10348,.T.);
#10348 = EDGE_CURVE('',#10321,#3925,#10349,.T.);
#10349 = SURFACE_CURVE('',#10350,(#10354,#10360),.PCURVE_S1.);
#10350 = LINE('',#10351,#10352);
#10351 = CARTESIAN_POINT('',(26.570827807241,10.85,0.55));
#10352 = VECTOR('',#10353,1.);
#10353 = DIRECTION('',(-0.,-0.,-1.));
#10354 = PCURVE('',#3941,#10355);
#10355 = DEFINITIONAL_REPRESENTATION('',(#10356),#10359);
#10356 = B_SPLINE_CURVE_WITH_KNOTS('',1,(#10357,#10358),.UNSPECIFIED.,
  .F.,.F.,(2,2),(-2.2,6.000000000173E-07),.PIECEWISE_BEZIER_KNOTS.);
#10357 = CARTESIAN_POINT('',(-5.890843920075,-2.2));
#10358 = CARTESIAN_POINT('',(-5.890843920075,6.000000000173E-07));
#10359 = ( GEOMETRIC_REPRESENTATION_CONTEXT(2) 
PARAMETRIC_REPRESENTATION_CONTEXT() REPRESENTATION_CONTEXT('2D SPACE',''
  ) );
#10360 = PCURVE('',#3969,#10361);
#10361 = DEFINITIONAL_REPRESENTATION('',(#10362),#10365);
#10362 = B_SPLINE_CURVE_WITH_KNOTS('',1,(#10363,#10364),.UNSPECIFIED.,
  .F.,.F.,(2,2),(-2.2,6.000000000173E-07),.PIECEWISE_BEZIER_KNOTS.);
#10363 = CARTESIAN_POINT('',(2.2,2.070827807241));
#10364 = CARTESIAN_POINT('',(-6.000000000173E-07,2.070827807241));
#10365 = ( GEOMETRIC_REPRESENTATION_CONTEXT(2) 
PARAMETRIC_REPRESENTATION_CONTEXT() REPRESENTATION_CONTEXT('2D SPACE',''
  ) );
#10366 = ORIENTED_EDGE('',*,*,#3924,.F.);
#10367 = ORIENTED_EDGE('',*,*,#10195,.F.);
#10368 = ADVANCED_FACE('',(#10369),#3969,.F.);
#10369 = FACE_BOUND('',#10370,.F.);
#10370 = EDGE_LOOP('',(#10371,#10372,#10373,#10394));
#10371 = ORIENTED_EDGE('',*,*,#3953,.F.);
#10372 = ORIENTED_EDGE('',*,*,#10348,.F.);
#10373 = ORIENTED_EDGE('',*,*,#10374,.T.);
#10374 = EDGE_CURVE('',#10321,#5685,#10375,.T.);
#10375 = SURFACE_CURVE('',#10376,(#10380,#10387),.PCURVE_S1.);
#10376 = LINE('',#10377,#10378);
#10377 = CARTESIAN_POINT('',(24.5,10.85,2.55));
#10378 = VECTOR('',#10379,1.);
#10379 = DIRECTION('',(1.,0.,0.));
#10380 = PCURVE('',#3969,#10381);
#10381 = DEFINITIONAL_REPRESENTATION('',(#10382),#10386);
#10382 = LINE('',#10383,#10384);
#10383 = CARTESIAN_POINT('',(2.,0.));
#10384 = VECTOR('',#10385,1.);
#10385 = DIRECTION('',(0.,1.));
#10386 = ( GEOMETRIC_REPRESENTATION_CONTEXT(2) 
PARAMETRIC_REPRESENTATION_CONTEXT() REPRESENTATION_CONTEXT('2D SPACE',''
  ) );
#10387 = PCURVE('',#5720,#10388);
#10388 = DEFINITIONAL_REPRESENTATION('',(#10389),#10393);
#10389 = LINE('',#10390,#10391);
#10390 = CARTESIAN_POINT('',(0.,0.));
#10391 = VECTOR('',#10392,1.);
#10392 = DIRECTION('',(1.,0.));
#10393 = ( GEOMETRIC_REPRESENTATION_CONTEXT(2) 
PARAMETRIC_REPRESENTATION_CONTEXT() REPRESENTATION_CONTEXT('2D SPACE',''
  ) );
#10394 = ORIENTED_EDGE('',*,*,#5684,.F.);
#10395 = ADVANCED_FACE('',(#10396),#4111,.T.);
#10396 = FACE_BOUND('',#10397,.T.);
#10397 = EDGE_LOOP('',(#10398,#10399,#10422,#10443));
#10398 = ORIENTED_EDGE('',*,*,#4095,.F.);
#10399 = ORIENTED_EDGE('',*,*,#10400,.T.);
#10400 = EDGE_CURVE('',#4096,#10401,#10403,.T.);
#10401 = VERTEX_POINT('',#10402);
#10402 = CARTESIAN_POINT('',(8.4,-0.25,2.25));
#10403 = SURFACE_CURVE('',#10404,(#10408,#10415),.PCURVE_S1.);
#10404 = LINE('',#10405,#10406);
#10405 = CARTESIAN_POINT('',(8.4,-0.25,0.55));
#10406 = VECTOR('',#10407,1.);
#10407 = DIRECTION('',(0.,0.,1.));
#10408 = PCURVE('',#4111,#10409);
#10409 = DEFINITIONAL_REPRESENTATION('',(#10410),#10414);
#10410 = LINE('',#10411,#10412);
#10411 = CARTESIAN_POINT('',(0.,0.));
#10412 = VECTOR('',#10413,1.);
#10413 = DIRECTION('',(1.,0.));
#10414 = ( GEOMETRIC_REPRESENTATION_CONTEXT(2) 
PARAMETRIC_REPRESENTATION_CONTEXT() REPRESENTATION_CONTEXT('2D SPACE',''
  ) );
#10415 = PCURVE('',#4139,#10416);
#10416 = DEFINITIONAL_REPRESENTATION('',(#10417),#10421);
#10417 = LINE('',#10418,#10419);
#10418 = CARTESIAN_POINT('',(0.,-0.6));
#10419 = VECTOR('',#10420,1.);
#10420 = DIRECTION('',(1.,0.));
#10421 = ( GEOMETRIC_REPRESENTATION_CONTEXT(2) 
PARAMETRIC_REPRESENTATION_CONTEXT() REPRESENTATION_CONTEXT('2D SPACE',''
  ) );
#10422 = ORIENTED_EDGE('',*,*,#10423,.T.);
#10423 = EDGE_CURVE('',#10401,#5433,#10424,.T.);
#10424 = SURFACE_CURVE('',#10425,(#10429,#10436),.PCURVE_S1.);
#10425 = LINE('',#10426,#10427);
#10426 = CARTESIAN_POINT('',(8.4,-0.25,2.25));
#10427 = VECTOR('',#10428,1.);
#10428 = DIRECTION('',(1.,0.,0.));
#10429 = PCURVE('',#4111,#10430);
#10430 = DEFINITIONAL_REPRESENTATION('',(#10431),#10435);
#10431 = LINE('',#10432,#10433);
#10432 = CARTESIAN_POINT('',(1.7,0.));
#10433 = VECTOR('',#10434,1.);
#10434 = DIRECTION('',(0.,1.));
#10435 = ( GEOMETRIC_REPRESENTATION_CONTEXT(2) 
PARAMETRIC_REPRESENTATION_CONTEXT() REPRESENTATION_CONTEXT('2D SPACE',''
  ) );
#10436 = PCURVE('',#5447,#10437);
#10437 = DEFINITIONAL_REPRESENTATION('',(#10438),#10442);
#10438 = LINE('',#10439,#10440);
#10439 = CARTESIAN_POINT('',(0.,0.6));
#10440 = VECTOR('',#10441,1.);
#10441 = DIRECTION('',(1.,0.));
#10442 = ( GEOMETRIC_REPRESENTATION_CONTEXT(2) 
PARAMETRIC_REPRESENTATION_CONTEXT() REPRESENTATION_CONTEXT('2D SPACE',''
  ) );
#10443 = ORIENTED_EDGE('',*,*,#5458,.F.);
#10444 = ADVANCED_FACE('',(#10445),#4139,.F.);
#10445 = FACE_BOUND('',#10446,.F.);
#10446 = EDGE_LOOP('',(#10447,#10470,#10471,#10472));
#10447 = ORIENTED_EDGE('',*,*,#10448,.F.);
#10448 = EDGE_CURVE('',#4124,#10449,#10451,.T.);
#10449 = VERTEX_POINT('',#10450);
#10450 = CARTESIAN_POINT('',(8.4,-0.85,2.25));
#10451 = SURFACE_CURVE('',#10452,(#10456,#10463),.PCURVE_S1.);
#10452 = LINE('',#10453,#10454);
#10453 = CARTESIAN_POINT('',(8.4,-0.85,0.55));
#10454 = VECTOR('',#10455,1.);
#10455 = DIRECTION('',(0.,0.,1.));
#10456 = PCURVE('',#4139,#10457);
#10457 = DEFINITIONAL_REPRESENTATION('',(#10458),#10462);
#10458 = LINE('',#10459,#10460);
#10459 = CARTESIAN_POINT('',(0.,0.));
#10460 = VECTOR('',#10461,1.);
#10461 = DIRECTION('',(1.,0.));
#10462 = ( GEOMETRIC_REPRESENTATION_CONTEXT(2) 
PARAMETRIC_REPRESENTATION_CONTEXT() REPRESENTATION_CONTEXT('2D SPACE',''
  ) );
#10463 = PCURVE('',#4165,#10464);
#10464 = DEFINITIONAL_REPRESENTATION('',(#10465),#10469);
#10465 = LINE('',#10466,#10467);
#10466 = CARTESIAN_POINT('',(0.,0.));
#10467 = VECTOR('',#10468,1.);
#10468 = DIRECTION('',(1.,0.));
#10469 = ( GEOMETRIC_REPRESENTATION_CONTEXT(2) 
PARAMETRIC_REPRESENTATION_CONTEXT() REPRESENTATION_CONTEXT('2D SPACE',''
  ) );
#10470 = ORIENTED_EDGE('',*,*,#4123,.T.);
#10471 = ORIENTED_EDGE('',*,*,#10400,.T.);
#10472 = ORIENTED_EDGE('',*,*,#10473,.F.);
#10473 = EDGE_CURVE('',#10449,#10401,#10474,.T.);
#10474 = SURFACE_CURVE('',#10475,(#10479,#10486),.PCURVE_S1.);
#10475 = LINE('',#10476,#10477);
#10476 = CARTESIAN_POINT('',(8.4,-0.85,2.25));
#10477 = VECTOR('',#10478,1.);
#10478 = DIRECTION('',(0.,1.,0.));
#10479 = PCURVE('',#4139,#10480);
#10480 = DEFINITIONAL_REPRESENTATION('',(#10481),#10485);
#10481 = LINE('',#10482,#10483);
#10482 = CARTESIAN_POINT('',(1.7,0.));
#10483 = VECTOR('',#10484,1.);
#10484 = DIRECTION('',(0.,-1.));
#10485 = ( GEOMETRIC_REPRESENTATION_CONTEXT(2) 
PARAMETRIC_REPRESENTATION_CONTEXT() REPRESENTATION_CONTEXT('2D SPACE',''
  ) );
#10486 = PCURVE('',#5447,#10487);
#10487 = DEFINITIONAL_REPRESENTATION('',(#10488),#10492);
#10488 = LINE('',#10489,#10490);
#10489 = CARTESIAN_POINT('',(0.,0.));
#10490 = VECTOR('',#10491,1.);
#10491 = DIRECTION('',(0.,1.));
#10492 = ( GEOMETRIC_REPRESENTATION_CONTEXT(2) 
PARAMETRIC_REPRESENTATION_CONTEXT() REPRESENTATION_CONTEXT('2D SPACE',''
  ) );
#10493 = ADVANCED_FACE('',(#10494),#4165,.F.);
#10494 = FACE_BOUND('',#10495,.F.);
#10495 = EDGE_LOOP('',(#10496,#10497,#10498,#10519));
#10496 = ORIENTED_EDGE('',*,*,#4151,.F.);
#10497 = ORIENTED_EDGE('',*,*,#10448,.T.);
#10498 = ORIENTED_EDGE('',*,*,#10499,.T.);
#10499 = EDGE_CURVE('',#10449,#5412,#10500,.T.);
#10500 = SURFACE_CURVE('',#10501,(#10505,#10512),.PCURVE_S1.);
#10501 = LINE('',#10502,#10503);
#10502 = CARTESIAN_POINT('',(8.4,-0.85,2.25));
#10503 = VECTOR('',#10504,1.);
#10504 = DIRECTION('',(1.,0.,0.));
#10505 = PCURVE('',#4165,#10506);
#10506 = DEFINITIONAL_REPRESENTATION('',(#10507),#10511);
#10507 = LINE('',#10508,#10509);
#10508 = CARTESIAN_POINT('',(1.7,0.));
#10509 = VECTOR('',#10510,1.);
#10510 = DIRECTION('',(0.,1.));
#10511 = ( GEOMETRIC_REPRESENTATION_CONTEXT(2) 
PARAMETRIC_REPRESENTATION_CONTEXT() REPRESENTATION_CONTEXT('2D SPACE',''
  ) );
#10512 = PCURVE('',#5447,#10513);
#10513 = DEFINITIONAL_REPRESENTATION('',(#10514),#10518);
#10514 = LINE('',#10515,#10516);
#10515 = CARTESIAN_POINT('',(0.,0.));
#10516 = VECTOR('',#10517,1.);
#10517 = DIRECTION('',(1.,0.));
#10518 = ( GEOMETRIC_REPRESENTATION_CONTEXT(2) 
PARAMETRIC_REPRESENTATION_CONTEXT() REPRESENTATION_CONTEXT('2D SPACE',''
  ) );
#10519 = ORIENTED_EDGE('',*,*,#5411,.F.);
#10520 = ADVANCED_FACE('',(#10521),#4221,.T.);
#10521 = FACE_BOUND('',#10522,.T.);
#10522 = EDGE_LOOP('',(#10523,#10524,#10525,#10546));
#10523 = ORIENTED_EDGE('',*,*,#4205,.F.);
#10524 = ORIENTED_EDGE('',*,*,#10094,.F.);
#10525 = ORIENTED_EDGE('',*,*,#10526,.T.);
#10526 = EDGE_CURVE('',#10095,#5930,#10527,.T.);
#10527 = SURFACE_CURVE('',#10528,(#10532,#10539),.PCURVE_S1.);
#10528 = LINE('',#10529,#10530);
#10529 = CARTESIAN_POINT('',(24.5,59.15,2.55));
#10530 = VECTOR('',#10531,1.);
#10531 = DIRECTION('',(1.,0.,0.));
#10532 = PCURVE('',#4221,#10533);
#10533 = DEFINITIONAL_REPRESENTATION('',(#10534),#10538);
#10534 = LINE('',#10535,#10536);
#10535 = CARTESIAN_POINT('',(2.,0.));
#10536 = VECTOR('',#10537,1.);
#10537 = DIRECTION('',(0.,1.));
#10538 = ( GEOMETRIC_REPRESENTATION_CONTEXT(2) 
PARAMETRIC_REPRESENTATION_CONTEXT() REPRESENTATION_CONTEXT('2D SPACE',''
  ) );
#10539 = PCURVE('',#5787,#10540);
#10540 = DEFINITIONAL_REPRESENTATION('',(#10541),#10545);
#10541 = LINE('',#10542,#10543);
#10542 = CARTESIAN_POINT('',(0.,1.3));
#10543 = VECTOR('',#10544,1.);
#10544 = DIRECTION('',(1.,0.));
#10545 = ( GEOMETRIC_REPRESENTATION_CONTEXT(2) 
PARAMETRIC_REPRESENTATION_CONTEXT() REPRESENTATION_CONTEXT('2D SPACE',''
  ) );
#10546 = ORIENTED_EDGE('',*,*,#5953,.F.);
#10547 = ADVANCED_FACE('',(#10548,#10558),#4352,.F.);
#10548 = FACE_BOUND('',#10549,.F.);
#10549 = EDGE_LOOP('',(#10550,#10551,#10552,#10553,#10554,#10555,#10556,
    #10557));
#10550 = ORIENTED_EDGE('',*,*,#4672,.F.);
#10551 = ORIENTED_EDGE('',*,*,#4337,.T.);
#10552 = ORIENTED_EDGE('',*,*,#4369,.T.);
#10553 = ORIENTED_EDGE('',*,*,#4441,.F.);
#10554 = ORIENTED_EDGE('',*,*,#4470,.T.);
#10555 = ORIENTED_EDGE('',*,*,#4544,.T.);
#10556 = ORIENTED_EDGE('',*,*,#4593,.F.);
#10557 = ORIENTED_EDGE('',*,*,#4643,.F.);
#10558 = FACE_BOUND('',#10559,.F.);
#10559 = EDGE_LOOP('',(#10560,#10586,#10607,#10631,#10652,#10676,#10697,
    #10721));
#10560 = ORIENTED_EDGE('',*,*,#10561,.F.);
#10561 = EDGE_CURVE('',#10562,#10564,#10566,.T.);
#10562 = VERTEX_POINT('',#10563);
#10563 = CARTESIAN_POINT('',(-31.55,23.25,6.05));
#10564 = VERTEX_POINT('',#10565);
#10565 = CARTESIAN_POINT('',(-31.55,23.65,5.65));
#10566 = SURFACE_CURVE('',#10567,(#10572,#10579),.PCURVE_S1.);
#10567 = CIRCLE('',#10568,0.4);
#10568 = AXIS2_PLACEMENT_3D('',#10569,#10570,#10571);
#10569 = CARTESIAN_POINT('',(-31.55,23.65,6.05));
#10570 = DIRECTION('',(1.,-1.079521069387E-78,-2.22044604925E-16));
#10571 = DIRECTION('',(1.094764425254E-47,-1.,4.930380657631E-32));
#10572 = PCURVE('',#4352,#10573);
#10573 = DEFINITIONAL_REPRESENTATION('',(#10574),#10578);
#10574 = CIRCLE('',#10575,0.4);
#10575 = AXIS2_PLACEMENT_2D('',#10576,#10577);
#10576 = CARTESIAN_POINT('',(1.25,0.95));
#10577 = DIRECTION('',(-1.,2.22044604925E-16));
#10578 = ( GEOMETRIC_REPRESENTATION_CONTEXT(2) 
PARAMETRIC_REPRESENTATION_CONTEXT() REPRESENTATION_CONTEXT('2D SPACE',''
  ) );
#10579 = PCURVE('',#6591,#10580);
#10580 = DEFINITIONAL_REPRESENTATION('',(#10581),#10585);
#10581 = LINE('',#10582,#10583);
#10582 = CARTESIAN_POINT('',(0.,4.45));
#10583 = VECTOR('',#10584,1.);
#10584 = DIRECTION('',(1.,0.));
#10585 = ( GEOMETRIC_REPRESENTATION_CONTEXT(2) 
PARAMETRIC_REPRESENTATION_CONTEXT() REPRESENTATION_CONTEXT('2D SPACE',''
  ) );
#10586 = ORIENTED_EDGE('',*,*,#10587,.F.);
#10587 = EDGE_CURVE('',#10588,#10562,#10590,.T.);
#10588 = VERTEX_POINT('',#10589);
#10589 = CARTESIAN_POINT('',(-31.55,23.25,6.75));
#10590 = SURFACE_CURVE('',#10591,(#10595,#10601),.PCURVE_S1.);
#10591 = LINE('',#10592,#10593);
#10592 = CARTESIAN_POINT('',(-31.55,23.25,5.375));
#10593 = VECTOR('',#10594,1.);
#10594 = DIRECTION('',(-2.22044604925E-16,-4.930380657631E-32,-1.));
#10595 = PCURVE('',#4352,#10596);
#10596 = DEFINITIONAL_REPRESENTATION('',(#10597),#10600);
#10597 = B_SPLINE_CURVE_WITH_KNOTS('',1,(#10598,#10599),.UNSPECIFIED.,
  .F.,.F.,(2,2),(-1.375,-0.675),.PIECEWISE_BEZIER_KNOTS.);
#10598 = CARTESIAN_POINT('',(0.85,1.65));
#10599 = CARTESIAN_POINT('',(0.85,0.95));
#10600 = ( GEOMETRIC_REPRESENTATION_CONTEXT(2) 
PARAMETRIC_REPRESENTATION_CONTEXT() REPRESENTATION_CONTEXT('2D SPACE',''
  ) );
#10601 = PCURVE('',#6618,#10602);
#10602 = DEFINITIONAL_REPRESENTATION('',(#10603),#10606);
#10603 = B_SPLINE_CURVE_WITH_KNOTS('',1,(#10604,#10605),.UNSPECIFIED.,
  .F.,.F.,(2,2),(-1.375,-0.675),.PIECEWISE_BEZIER_KNOTS.);
#10604 = CARTESIAN_POINT('',(4.45,-1.1));
#10605 = CARTESIAN_POINT('',(4.45,-0.4));
#10606 = ( GEOMETRIC_REPRESENTATION_CONTEXT(2) 
PARAMETRIC_REPRESENTATION_CONTEXT() REPRESENTATION_CONTEXT('2D SPACE',''
  ) );
#10607 = ORIENTED_EDGE('',*,*,#10608,.F.);
#10608 = EDGE_CURVE('',#10609,#10588,#10611,.T.);
#10609 = VERTEX_POINT('',#10610);
#10610 = CARTESIAN_POINT('',(-31.55,23.65,7.15));
#10611 = SURFACE_CURVE('',#10612,(#10617,#10624),.PCURVE_S1.);
#10612 = CIRCLE('',#10613,0.4);
#10613 = AXIS2_PLACEMENT_3D('',#10614,#10615,#10616);
#10614 = CARTESIAN_POINT('',(-31.55,23.65,6.75));
#10615 = DIRECTION('',(1.,-1.079521069387E-78,-2.22044604925E-16));
#10616 = DIRECTION('',(1.094764425254E-47,-1.,4.930380657631E-32));
#10617 = PCURVE('',#4352,#10618);
#10618 = DEFINITIONAL_REPRESENTATION('',(#10619),#10623);
#10619 = CIRCLE('',#10620,0.4);
#10620 = AXIS2_PLACEMENT_2D('',#10621,#10622);
#10621 = CARTESIAN_POINT('',(1.25,1.65));
#10622 = DIRECTION('',(-1.,2.22044604925E-16));
#10623 = ( GEOMETRIC_REPRESENTATION_CONTEXT(2) 
PARAMETRIC_REPRESENTATION_CONTEXT() REPRESENTATION_CONTEXT('2D SPACE',''
  ) );
#10624 = PCURVE('',#6646,#10625);
#10625 = DEFINITIONAL_REPRESENTATION('',(#10626),#10630);
#10626 = LINE('',#10627,#10628);
#10627 = CARTESIAN_POINT('',(-6.28318530718,4.45));
#10628 = VECTOR('',#10629,1.);
#10629 = DIRECTION('',(1.,-0.));
#10630 = ( GEOMETRIC_REPRESENTATION_CONTEXT(2) 
PARAMETRIC_REPRESENTATION_CONTEXT() REPRESENTATION_CONTEXT('2D SPACE',''
  ) );
#10631 = ORIENTED_EDGE('',*,*,#10632,.T.);
#10632 = EDGE_CURVE('',#10609,#10633,#10635,.T.);
#10633 = VERTEX_POINT('',#10634);
#10634 = CARTESIAN_POINT('',(-31.55,34.35,7.15));
#10635 = SURFACE_CURVE('',#10636,(#10640,#10646),.PCURVE_S1.);
#10636 = LINE('',#10637,#10638);
#10637 = CARTESIAN_POINT('',(-31.55,22.825,7.15));
#10638 = VECTOR('',#10639,1.);
#10639 = DIRECTION('',(4.930380657631E-32,1.,2.22044604925E-16));
#10640 = PCURVE('',#4352,#10641);
#10641 = DEFINITIONAL_REPRESENTATION('',(#10642),#10645);
#10642 = B_SPLINE_CURVE_WITH_KNOTS('',1,(#10643,#10644),.UNSPECIFIED.,
  .F.,.F.,(2,2),(0.825,11.525),.PIECEWISE_BEZIER_KNOTS.);
#10643 = CARTESIAN_POINT('',(1.25,2.05));
#10644 = CARTESIAN_POINT('',(11.95,2.05));
#10645 = ( GEOMETRIC_REPRESENTATION_CONTEXT(2) 
PARAMETRIC_REPRESENTATION_CONTEXT() REPRESENTATION_CONTEXT('2D SPACE',''
  ) );
#10646 = PCURVE('',#6673,#10647);
#10647 = DEFINITIONAL_REPRESENTATION('',(#10648),#10651);
#10648 = B_SPLINE_CURVE_WITH_KNOTS('',1,(#10649,#10650),.UNSPECIFIED.,
  .F.,.F.,(2,2),(0.825,11.525),.PIECEWISE_BEZIER_KNOTS.);
#10649 = CARTESIAN_POINT('',(4.45,0.4));
#10650 = CARTESIAN_POINT('',(4.45,11.1));
#10651 = ( GEOMETRIC_REPRESENTATION_CONTEXT(2) 
PARAMETRIC_REPRESENTATION_CONTEXT() REPRESENTATION_CONTEXT('2D SPACE',''
  ) );
#10652 = ORIENTED_EDGE('',*,*,#10653,.F.);
#10653 = EDGE_CURVE('',#10654,#10633,#10656,.T.);
#10654 = VERTEX_POINT('',#10655);
#10655 = CARTESIAN_POINT('',(-31.55,34.75,6.75));
#10656 = SURFACE_CURVE('',#10657,(#10662,#10669),.PCURVE_S1.);
#10657 = CIRCLE('',#10658,0.4);
#10658 = AXIS2_PLACEMENT_3D('',#10659,#10660,#10661);
#10659 = CARTESIAN_POINT('',(-31.55,34.35,6.75));
#10660 = DIRECTION('',(1.,-1.079521069387E-78,-2.22044604925E-16));
#10661 = DIRECTION('',(-1.094764425254E-47,1.,-4.930380657631E-32));
#10662 = PCURVE('',#4352,#10663);
#10663 = DEFINITIONAL_REPRESENTATION('',(#10664),#10668);
#10664 = CIRCLE('',#10665,0.4);
#10665 = AXIS2_PLACEMENT_2D('',#10666,#10667);
#10666 = CARTESIAN_POINT('',(11.95,1.65));
#10667 = DIRECTION('',(1.,-2.22044604925E-16));
#10668 = ( GEOMETRIC_REPRESENTATION_CONTEXT(2) 
PARAMETRIC_REPRESENTATION_CONTEXT() REPRESENTATION_CONTEXT('2D SPACE',''
  ) );
#10669 = PCURVE('',#6701,#10670);
#10670 = DEFINITIONAL_REPRESENTATION('',(#10671),#10675);
#10671 = LINE('',#10672,#10673);
#10672 = CARTESIAN_POINT('',(0.,4.45));
#10673 = VECTOR('',#10674,1.);
#10674 = DIRECTION('',(1.,0.));
#10675 = ( GEOMETRIC_REPRESENTATION_CONTEXT(2) 
PARAMETRIC_REPRESENTATION_CONTEXT() REPRESENTATION_CONTEXT('2D SPACE',''
  ) );
#10676 = ORIENTED_EDGE('',*,*,#10677,.T.);
#10677 = EDGE_CURVE('',#10654,#10678,#10680,.T.);
#10678 = VERTEX_POINT('',#10679);
#10679 = CARTESIAN_POINT('',(-31.55,34.75,6.05));
#10680 = SURFACE_CURVE('',#10681,(#10685,#10691),.PCURVE_S1.);
#10681 = LINE('',#10682,#10683);
#10682 = CARTESIAN_POINT('',(-31.55,34.75,5.375));
#10683 = VECTOR('',#10684,1.);
#10684 = DIRECTION('',(-2.22044604925E-16,-4.930380657631E-32,-1.));
#10685 = PCURVE('',#4352,#10686);
#10686 = DEFINITIONAL_REPRESENTATION('',(#10687),#10690);
#10687 = B_SPLINE_CURVE_WITH_KNOTS('',1,(#10688,#10689),.UNSPECIFIED.,
  .F.,.F.,(2,2),(-1.375,-0.675),.PIECEWISE_BEZIER_KNOTS.);
#10688 = CARTESIAN_POINT('',(12.35,1.65));
#10689 = CARTESIAN_POINT('',(12.35,0.95));
#10690 = ( GEOMETRIC_REPRESENTATION_CONTEXT(2) 
PARAMETRIC_REPRESENTATION_CONTEXT() REPRESENTATION_CONTEXT('2D SPACE',''
  ) );
#10691 = PCURVE('',#6728,#10692);
#10692 = DEFINITIONAL_REPRESENTATION('',(#10693),#10696);
#10693 = B_SPLINE_CURVE_WITH_KNOTS('',1,(#10694,#10695),.UNSPECIFIED.,
  .F.,.F.,(2,2),(-1.375,-0.675),.PIECEWISE_BEZIER_KNOTS.);
#10694 = CARTESIAN_POINT('',(4.45,-1.1));
#10695 = CARTESIAN_POINT('',(4.45,-0.4));
#10696 = ( GEOMETRIC_REPRESENTATION_CONTEXT(2) 
PARAMETRIC_REPRESENTATION_CONTEXT() REPRESENTATION_CONTEXT('2D SPACE',''
  ) );
#10697 = ORIENTED_EDGE('',*,*,#10698,.F.);
#10698 = EDGE_CURVE('',#10699,#10678,#10701,.T.);
#10699 = VERTEX_POINT('',#10700);
#10700 = CARTESIAN_POINT('',(-31.55,34.35,5.65));
#10701 = SURFACE_CURVE('',#10702,(#10707,#10714),.PCURVE_S1.);
#10702 = CIRCLE('',#10703,0.4);
#10703 = AXIS2_PLACEMENT_3D('',#10704,#10705,#10706);
#10704 = CARTESIAN_POINT('',(-31.55,34.35,6.05));
#10705 = DIRECTION('',(1.,-1.079521069387E-78,-2.22044604925E-16));
#10706 = DIRECTION('',(-1.094764425254E-47,1.,-4.930380657631E-32));
#10707 = PCURVE('',#4352,#10708);
#10708 = DEFINITIONAL_REPRESENTATION('',(#10709),#10713);
#10709 = CIRCLE('',#10710,0.4);
#10710 = AXIS2_PLACEMENT_2D('',#10711,#10712);
#10711 = CARTESIAN_POINT('',(11.95,0.95));
#10712 = DIRECTION('',(1.,-2.22044604925E-16));
#10713 = ( GEOMETRIC_REPRESENTATION_CONTEXT(2) 
PARAMETRIC_REPRESENTATION_CONTEXT() REPRESENTATION_CONTEXT('2D SPACE',''
  ) );
#10714 = PCURVE('',#6756,#10715);
#10715 = DEFINITIONAL_REPRESENTATION('',(#10716),#10720);
#10716 = LINE('',#10717,#10718);
#10717 = CARTESIAN_POINT('',(-6.28318530718,4.45));
#10718 = VECTOR('',#10719,1.);
#10719 = DIRECTION('',(1.,-0.));
#10720 = ( GEOMETRIC_REPRESENTATION_CONTEXT(2) 
PARAMETRIC_REPRESENTATION_CONTEXT() REPRESENTATION_CONTEXT('2D SPACE',''
  ) );
#10721 = ORIENTED_EDGE('',*,*,#10722,.F.);
#10722 = EDGE_CURVE('',#10564,#10699,#10723,.T.);
#10723 = SURFACE_CURVE('',#10724,(#10728,#10734),.PCURVE_S1.);
#10724 = LINE('',#10725,#10726);
#10725 = CARTESIAN_POINT('',(-31.55,22.825,5.65));
#10726 = VECTOR('',#10727,1.);
#10727 = DIRECTION('',(4.930380657631E-32,1.,2.22044604925E-16));
#10728 = PCURVE('',#4352,#10729);
#10729 = DEFINITIONAL_REPRESENTATION('',(#10730),#10733);
#10730 = B_SPLINE_CURVE_WITH_KNOTS('',1,(#10731,#10732),.UNSPECIFIED.,
  .F.,.F.,(2,2),(0.825,11.525),.PIECEWISE_BEZIER_KNOTS.);
#10731 = CARTESIAN_POINT('',(1.25,0.55));
#10732 = CARTESIAN_POINT('',(11.95,0.55));
#10733 = ( GEOMETRIC_REPRESENTATION_CONTEXT(2) 
PARAMETRIC_REPRESENTATION_CONTEXT() REPRESENTATION_CONTEXT('2D SPACE',''
  ) );
#10734 = PCURVE('',#6781,#10735);
#10735 = DEFINITIONAL_REPRESENTATION('',(#10736),#10739);
#10736 = B_SPLINE_CURVE_WITH_KNOTS('',1,(#10737,#10738),.UNSPECIFIED.,
  .F.,.F.,(2,2),(0.825,11.525),.PIECEWISE_BEZIER_KNOTS.);
#10737 = CARTESIAN_POINT('',(4.45,0.4));
#10738 = CARTESIAN_POINT('',(4.45,11.1));
#10739 = ( GEOMETRIC_REPRESENTATION_CONTEXT(2) 
PARAMETRIC_REPRESENTATION_CONTEXT() REPRESENTATION_CONTEXT('2D SPACE',''
  ) );
#10740 = ADVANCED_FACE('',(#10741),#4742,.F.);
#10741 = FACE_BOUND('',#10742,.T.);
#10742 = EDGE_LOOP('',(#10743,#10772,#10793,#10794));
#10743 = ORIENTED_EDGE('',*,*,#10744,.F.);
#10744 = EDGE_CURVE('',#10745,#10745,#10747,.T.);
#10745 = VERTEX_POINT('',#10746);
#10746 = CARTESIAN_POINT('',(22.1091527,-63.55,4.42248296));
#10747 = SURFACE_CURVE('',#10748,(#10753,#10760),.PCURVE_S1.);
#10748 = CIRCLE('',#10749,3.25);
#10749 = AXIS2_PLACEMENT_3D('',#10750,#10751,#10752);
#10750 = CARTESIAN_POINT('',(18.8591527,-63.55,4.42248296));
#10751 = DIRECTION('',(0.,-1.,1.110223024625E-16));
#10752 = DIRECTION('',(1.,0.,0.));
#10753 = PCURVE('',#4742,#10754);
#10754 = DEFINITIONAL_REPRESENTATION('',(#10755),#10759);
#10755 = LINE('',#10756,#10757);
#10756 = CARTESIAN_POINT('',(-0.,0.));
#10757 = VECTOR('',#10758,1.);
#10758 = DIRECTION('',(-1.,0.));
#10759 = ( GEOMETRIC_REPRESENTATION_CONTEXT(2) 
PARAMETRIC_REPRESENTATION_CONTEXT() REPRESENTATION_CONTEXT('2D SPACE',''
  ) );
#10760 = PCURVE('',#10761,#10766);
#10761 = PLANE('',#10762);
#10762 = AXIS2_PLACEMENT_3D('',#10763,#10764,#10765);
#10763 = CARTESIAN_POINT('',(18.8591527,-63.55,4.42248296));
#10764 = DIRECTION('',(0.,-1.,1.110223024625E-16));
#10765 = DIRECTION('',(1.,0.,0.));
#10766 = DEFINITIONAL_REPRESENTATION('',(#10767),#10771);
#10767 = CIRCLE('',#10768,3.25);
#10768 = AXIS2_PLACEMENT_2D('',#10769,#10770);
#10769 = CARTESIAN_POINT('',(0.,0.));
#10770 = DIRECTION('',(1.,0.));
#10771 = ( GEOMETRIC_REPRESENTATION_CONTEXT(2) 
PARAMETRIC_REPRESENTATION_CONTEXT() REPRESENTATION_CONTEXT('2D SPACE',''
  ) );
#10772 = ORIENTED_EDGE('',*,*,#10773,.T.);
#10773 = EDGE_CURVE('',#10745,#4726,#10774,.T.);
#10774 = SEAM_CURVE('',#10775,(#10779,#10786),.PCURVE_S1.);
#10775 = LINE('',#10776,#10777);
#10776 = CARTESIAN_POINT('',(22.1091527,-63.55,4.42248296));
#10777 = VECTOR('',#10778,1.);
#10778 = DIRECTION('',(0.,-1.,1.110223024625E-16));
#10779 = PCURVE('',#4742,#10780);
#10780 = DEFINITIONAL_REPRESENTATION('',(#10781),#10785);
#10781 = LINE('',#10782,#10783);
#10782 = CARTESIAN_POINT('',(-6.28318530718,0.));
#10783 = VECTOR('',#10784,1.);
#10784 = DIRECTION('',(-0.,-1.));
#10785 = ( GEOMETRIC_REPRESENTATION_CONTEXT(2) 
PARAMETRIC_REPRESENTATION_CONTEXT() REPRESENTATION_CONTEXT('2D SPACE',''
  ) );
#10786 = PCURVE('',#4742,#10787);
#10787 = DEFINITIONAL_REPRESENTATION('',(#10788),#10792);
#10788 = LINE('',#10789,#10790);
#10789 = CARTESIAN_POINT('',(-0.,0.));
#10790 = VECTOR('',#10791,1.);
#10791 = DIRECTION('',(-0.,-1.));
#10792 = ( GEOMETRIC_REPRESENTATION_CONTEXT(2) 
PARAMETRIC_REPRESENTATION_CONTEXT() REPRESENTATION_CONTEXT('2D SPACE',''
  ) );
#10793 = ORIENTED_EDGE('',*,*,#4725,.F.);
#10794 = ORIENTED_EDGE('',*,*,#10773,.F.);
#10795 = ADVANCED_FACE('',(#10796),#4863,.F.);
#10796 = FACE_BOUND('',#10797,.F.);
#10797 = EDGE_LOOP('',(#10798,#10821,#10850,#10871));
#10798 = ORIENTED_EDGE('',*,*,#10799,.F.);
#10799 = EDGE_CURVE('',#10800,#4845,#10802,.T.);
#10800 = VERTEX_POINT('',#10801);
#10801 = CARTESIAN_POINT('',(31.55,-16.29267405292,2.005000014901));
#10802 = SURFACE_CURVE('',#10803,(#10807,#10814),.PCURVE_S1.);
#10803 = LINE('',#10804,#10805);
#10804 = CARTESIAN_POINT('',(31.55,-16.29267405292,2.005000014901));
#10805 = VECTOR('',#10806,1.);
#10806 = DIRECTION('',(1.,0.,-2.22044604925E-16));
#10807 = PCURVE('',#4863,#10808);
#10808 = DEFINITIONAL_REPRESENTATION('',(#10809),#10813);
#10809 = LINE('',#10810,#10811);
#10810 = CARTESIAN_POINT('',(0.,0.));
#10811 = VECTOR('',#10812,1.);
#10812 = DIRECTION('',(0.,1.));
#10813 = ( GEOMETRIC_REPRESENTATION_CONTEXT(2) 
PARAMETRIC_REPRESENTATION_CONTEXT() REPRESENTATION_CONTEXT('2D SPACE',''
  ) );
#10814 = PCURVE('',#4890,#10815);
#10815 = DEFINITIONAL_REPRESENTATION('',(#10816),#10820);
#10816 = LINE('',#10817,#10818);
#10817 = CARTESIAN_POINT('',(-3.10862446895E-16,-1.4));
#10818 = VECTOR('',#10819,1.);
#10819 = DIRECTION('',(1.,2.22044604925E-16));
#10820 = ( GEOMETRIC_REPRESENTATION_CONTEXT(2) 
PARAMETRIC_REPRESENTATION_CONTEXT() REPRESENTATION_CONTEXT('2D SPACE',''
  ) );
#10821 = ORIENTED_EDGE('',*,*,#10822,.T.);
#10822 = EDGE_CURVE('',#10800,#10823,#10825,.T.);
#10823 = VERTEX_POINT('',#10824);
#10824 = CARTESIAN_POINT('',(31.55,-14.89267405292,0.605000014901));
#10825 = SURFACE_CURVE('',#10826,(#10831,#10838),.PCURVE_S1.);
#10826 = CIRCLE('',#10827,1.4);
#10827 = AXIS2_PLACEMENT_3D('',#10828,#10829,#10830);
#10828 = CARTESIAN_POINT('',(31.55,-14.89267405292,2.005000014901));
#10829 = DIRECTION('',(1.,2.22044604925E-16,4.930380657631E-32));
#10830 = DIRECTION('',(0.,2.22044604925E-16,-1.));
#10831 = PCURVE('',#4863,#10832);
#10832 = DEFINITIONAL_REPRESENTATION('',(#10833),#10837);
#10833 = LINE('',#10834,#10835);
#10834 = CARTESIAN_POINT('',(-4.712388980385,0.));
#10835 = VECTOR('',#10836,1.);
#10836 = DIRECTION('',(1.,0.));
#10837 = ( GEOMETRIC_REPRESENTATION_CONTEXT(2) 
PARAMETRIC_REPRESENTATION_CONTEXT() REPRESENTATION_CONTEXT('2D SPACE',''
  ) );
#10838 = PCURVE('',#10839,#10844);
#10839 = PLANE('',#10840);
#10840 = AXIS2_PLACEMENT_3D('',#10841,#10842,#10843);
#10841 = CARTESIAN_POINT('',(31.55,-16.29267405292,0.605000014901));
#10842 = DIRECTION('',(1.,0.,-2.22044604925E-16));
#10843 = DIRECTION('',(-2.22044604925E-16,1.,0.));
#10844 = DEFINITIONAL_REPRESENTATION('',(#10845),#10849);
#10845 = CIRCLE('',#10846,1.4);
#10846 = AXIS2_PLACEMENT_2D('',#10847,#10848);
#10847 = CARTESIAN_POINT('',(1.4,1.4));
#10848 = DIRECTION('',(2.22044604925E-16,-1.));
#10849 = ( GEOMETRIC_REPRESENTATION_CONTEXT(2) 
PARAMETRIC_REPRESENTATION_CONTEXT() REPRESENTATION_CONTEXT('2D SPACE',''
  ) );
#10850 = ORIENTED_EDGE('',*,*,#10851,.T.);
#10851 = EDGE_CURVE('',#10823,#4847,#10852,.T.);
#10852 = SURFACE_CURVE('',#10853,(#10857,#10864),.PCURVE_S1.);
#10853 = LINE('',#10854,#10855);
#10854 = CARTESIAN_POINT('',(31.55,-14.89267405292,0.605000014901));
#10855 = VECTOR('',#10856,1.);
#10856 = DIRECTION('',(1.,0.,-2.22044604925E-16));
#10857 = PCURVE('',#4863,#10858);
#10858 = DEFINITIONAL_REPRESENTATION('',(#10859),#10863);
#10859 = LINE('',#10860,#10861);
#10860 = CARTESIAN_POINT('',(1.570796326795,0.));
#10861 = VECTOR('',#10862,1.);
#10862 = DIRECTION('',(0.,1.));
#10863 = ( GEOMETRIC_REPRESENTATION_CONTEXT(2) 
PARAMETRIC_REPRESENTATION_CONTEXT() REPRESENTATION_CONTEXT('2D SPACE',''
  ) );
#10864 = PCURVE('',#5053,#10865);
#10865 = DEFINITIONAL_REPRESENTATION('',(#10866),#10870);
#10866 = LINE('',#10867,#10868);
#10867 = CARTESIAN_POINT('',(-7.395570986447E-32,1.4));
#10868 = VECTOR('',#10869,1.);
#10869 = DIRECTION('',(1.,-2.22044604925E-16));
#10870 = ( GEOMETRIC_REPRESENTATION_CONTEXT(2) 
PARAMETRIC_REPRESENTATION_CONTEXT() REPRESENTATION_CONTEXT('2D SPACE',''
  ) );
#10871 = ORIENTED_EDGE('',*,*,#4844,.F.);
#10872 = ADVANCED_FACE('',(#10873),#5053,.T.);
#10873 = FACE_BOUND('',#10874,.T.);
#10874 = EDGE_LOOP('',(#10875,#10898,#10899,#10900));
#10875 = ORIENTED_EDGE('',*,*,#10876,.F.);
#10876 = EDGE_CURVE('',#10823,#10877,#10879,.T.);
#10877 = VERTEX_POINT('',#10878);
#10878 = CARTESIAN_POINT('',(31.55,-5.092674052927,0.605000014901));
#10879 = SURFACE_CURVE('',#10880,(#10884,#10891),.PCURVE_S1.);
#10880 = LINE('',#10881,#10882);
#10881 = CARTESIAN_POINT('',(31.55,-16.29267405292,0.605000014901));
#10882 = VECTOR('',#10883,1.);
#10883 = DIRECTION('',(-2.22044604925E-16,1.,0.));
#10884 = PCURVE('',#5053,#10885);
#10885 = DEFINITIONAL_REPRESENTATION('',(#10886),#10890);
#10886 = LINE('',#10887,#10888);
#10887 = CARTESIAN_POINT('',(0.,0.));
#10888 = VECTOR('',#10889,1.);
#10889 = DIRECTION('',(-2.22044604925E-16,1.));
#10890 = ( GEOMETRIC_REPRESENTATION_CONTEXT(2) 
PARAMETRIC_REPRESENTATION_CONTEXT() REPRESENTATION_CONTEXT('2D SPACE',''
  ) );
#10891 = PCURVE('',#10839,#10892);
#10892 = DEFINITIONAL_REPRESENTATION('',(#10893),#10897);
#10893 = LINE('',#10894,#10895);
#10894 = CARTESIAN_POINT('',(0.,0.));
#10895 = VECTOR('',#10896,1.);
#10896 = DIRECTION('',(1.,-2.22044604925E-16));
#10897 = ( GEOMETRIC_REPRESENTATION_CONTEXT(2) 
PARAMETRIC_REPRESENTATION_CONTEXT() REPRESENTATION_CONTEXT('2D SPACE',''
  ) );
#10898 = ORIENTED_EDGE('',*,*,#10851,.T.);
#10899 = ORIENTED_EDGE('',*,*,#5040,.F.);
#10900 = ORIENTED_EDGE('',*,*,#10901,.F.);
#10901 = EDGE_CURVE('',#10877,#5012,#10902,.T.);
#10902 = SURFACE_CURVE('',#10903,(#10907,#10914),.PCURVE_S1.);
#10903 = LINE('',#10904,#10905);
#10904 = CARTESIAN_POINT('',(31.55,-5.092674052927,0.605000014901));
#10905 = VECTOR('',#10906,1.);
#10906 = DIRECTION('',(1.,0.,-2.22044604925E-16));
#10907 = PCURVE('',#5053,#10908);
#10908 = DEFINITIONAL_REPRESENTATION('',(#10909),#10913);
#10909 = LINE('',#10910,#10911);
#10910 = CARTESIAN_POINT('',(-5.423418723394E-31,11.2));
#10911 = VECTOR('',#10912,1.);
#10912 = DIRECTION('',(1.,-2.22044604925E-16));
#10913 = ( GEOMETRIC_REPRESENTATION_CONTEXT(2) 
PARAMETRIC_REPRESENTATION_CONTEXT() REPRESENTATION_CONTEXT('2D SPACE',''
  ) );
#10914 = PCURVE('',#5028,#10915);
#10915 = DEFINITIONAL_REPRESENTATION('',(#10916),#10920);
#10916 = LINE('',#10917,#10918);
#10917 = CARTESIAN_POINT('',(-1.570796326795,0.));
#10918 = VECTOR('',#10919,1.);
#10919 = DIRECTION('',(-0.,1.));
#10920 = ( GEOMETRIC_REPRESENTATION_CONTEXT(2) 
PARAMETRIC_REPRESENTATION_CONTEXT() REPRESENTATION_CONTEXT('2D SPACE',''
  ) );
#10921 = ADVANCED_FACE('',(#10922),#5028,.F.);
#10922 = FACE_BOUND('',#10923,.T.);
#10923 = EDGE_LOOP('',(#10924,#10947,#10973,#10974));
#10924 = ORIENTED_EDGE('',*,*,#10925,.F.);
#10925 = EDGE_CURVE('',#10926,#4986,#10928,.T.);
#10926 = VERTEX_POINT('',#10927);
#10927 = CARTESIAN_POINT('',(31.55,-3.692674052927,2.005000014901));
#10928 = SURFACE_CURVE('',#10929,(#10933,#10940),.PCURVE_S1.);
#10929 = LINE('',#10930,#10931);
#10930 = CARTESIAN_POINT('',(31.55,-3.692674052927,2.005000014901));
#10931 = VECTOR('',#10932,1.);
#10932 = DIRECTION('',(1.,0.,-2.22044604925E-16));
#10933 = PCURVE('',#5028,#10934);
#10934 = DEFINITIONAL_REPRESENTATION('',(#10935),#10939);
#10935 = LINE('',#10936,#10937);
#10936 = CARTESIAN_POINT('',(-0.,0.));
#10937 = VECTOR('',#10938,1.);
#10938 = DIRECTION('',(-0.,1.));
#10939 = ( GEOMETRIC_REPRESENTATION_CONTEXT(2) 
PARAMETRIC_REPRESENTATION_CONTEXT() REPRESENTATION_CONTEXT('2D SPACE',''
  ) );
#10940 = PCURVE('',#5000,#10941);
#10941 = DEFINITIONAL_REPRESENTATION('',(#10942),#10946);
#10942 = LINE('',#10943,#10944);
#10943 = CARTESIAN_POINT('',(-3.10862446895E-16,-1.4));
#10944 = VECTOR('',#10945,1.);
#10945 = DIRECTION('',(1.,2.22044604925E-16));
#10946 = ( GEOMETRIC_REPRESENTATION_CONTEXT(2) 
PARAMETRIC_REPRESENTATION_CONTEXT() REPRESENTATION_CONTEXT('2D SPACE',''
  ) );
#10947 = ORIENTED_EDGE('',*,*,#10948,.T.);
#10948 = EDGE_CURVE('',#10926,#10877,#10949,.T.);
#10949 = SURFACE_CURVE('',#10950,(#10955,#10962),.PCURVE_S1.);
#10950 = CIRCLE('',#10951,1.4);
#10951 = AXIS2_PLACEMENT_3D('',#10952,#10953,#10954);
#10952 = CARTESIAN_POINT('',(31.55,-5.092674052927,2.005000014901));
#10953 = DIRECTION('',(-1.,-2.22044604925E-16,-4.930380657631E-32));
#10954 = DIRECTION('',(0.,2.22044604925E-16,-1.));
#10955 = PCURVE('',#5028,#10956);
#10956 = DEFINITIONAL_REPRESENTATION('',(#10957),#10961);
#10957 = LINE('',#10958,#10959);
#10958 = CARTESIAN_POINT('',(4.712388980385,-0.));
#10959 = VECTOR('',#10960,1.);
#10960 = DIRECTION('',(-1.,0.));
#10961 = ( GEOMETRIC_REPRESENTATION_CONTEXT(2) 
PARAMETRIC_REPRESENTATION_CONTEXT() REPRESENTATION_CONTEXT('2D SPACE',''
  ) );
#10962 = PCURVE('',#10839,#10963);
#10963 = DEFINITIONAL_REPRESENTATION('',(#10964),#10972);
#10964 = ( BOUNDED_CURVE() B_SPLINE_CURVE(2,(#10965,#10966,#10967,#10968
    ,#10969,#10970,#10971),.UNSPECIFIED.,.T.,.F.) 
B_SPLINE_CURVE_WITH_KNOTS((1,2,2,2,2,1),(-2.094395102393,0.,
    2.094395102393,4.188790204786,6.28318530718,8.377580409573),
.UNSPECIFIED.) CURVE() GEOMETRIC_REPRESENTATION_ITEM() 
RATIONAL_B_SPLINE_CURVE((1.,0.5,1.,0.5,1.,0.5,1.)) REPRESENTATION_ITEM(
  '') );
#10965 = CARTESIAN_POINT('',(11.2,-1.998401444325E-15));
#10966 = CARTESIAN_POINT('',(8.775128869404,-2.442490654175E-15));
#10967 = CARTESIAN_POINT('',(9.987564434702,2.1));
#10968 = CARTESIAN_POINT('',(11.2,4.2));
#10969 = CARTESIAN_POINT('',(12.412435565298,2.1));
#10970 = CARTESIAN_POINT('',(13.624871130596,6.661338147751E-16));
#10971 = CARTESIAN_POINT('',(11.2,-1.998401444325E-15));
#10972 = ( GEOMETRIC_REPRESENTATION_CONTEXT(2) 
PARAMETRIC_REPRESENTATION_CONTEXT() REPRESENTATION_CONTEXT('2D SPACE',''
  ) );
#10973 = ORIENTED_EDGE('',*,*,#10901,.T.);
#10974 = ORIENTED_EDGE('',*,*,#5011,.T.);
#10975 = ADVANCED_FACE('',(#10976),#5000,.F.);
#10976 = FACE_BOUND('',#10977,.F.);
#10977 = EDGE_LOOP('',(#10978,#10979,#10980,#11003));
#10978 = ORIENTED_EDGE('',*,*,#4985,.F.);
#10979 = ORIENTED_EDGE('',*,*,#10925,.F.);
#10980 = ORIENTED_EDGE('',*,*,#10981,.T.);
#10981 = EDGE_CURVE('',#10926,#10982,#10984,.T.);
#10982 = VERTEX_POINT('',#10983);
#10983 = CARTESIAN_POINT('',(31.55,-3.692674052927,5.205000014901));
#10984 = SURFACE_CURVE('',#10985,(#10989,#10996),.PCURVE_S1.);
#10985 = LINE('',#10986,#10987);
#10986 = CARTESIAN_POINT('',(31.55,-3.692674052927,0.605000014901));
#10987 = VECTOR('',#10988,1.);
#10988 = DIRECTION('',(0.,-2.22044604925E-16,1.));
#10989 = PCURVE('',#5000,#10990);
#10990 = DEFINITIONAL_REPRESENTATION('',(#10991),#10995);
#10991 = LINE('',#10992,#10993);
#10992 = CARTESIAN_POINT('',(0.,0.));
#10993 = VECTOR('',#10994,1.);
#10994 = DIRECTION('',(-2.22044604925E-16,-1.));
#10995 = ( GEOMETRIC_REPRESENTATION_CONTEXT(2) 
PARAMETRIC_REPRESENTATION_CONTEXT() REPRESENTATION_CONTEXT('2D SPACE',''
  ) );
#10996 = PCURVE('',#10839,#10997);
#10997 = DEFINITIONAL_REPRESENTATION('',(#10998),#11002);
#10998 = LINE('',#10999,#11000);
#10999 = CARTESIAN_POINT('',(12.6,-2.797762022055E-15));
#11000 = VECTOR('',#11001,1.);
#11001 = DIRECTION('',(-2.22044604925E-16,1.));
#11002 = ( GEOMETRIC_REPRESENTATION_CONTEXT(2) 
PARAMETRIC_REPRESENTATION_CONTEXT() REPRESENTATION_CONTEXT('2D SPACE',''
  ) );
#11003 = ORIENTED_EDGE('',*,*,#11004,.T.);
#11004 = EDGE_CURVE('',#10982,#4957,#11005,.T.);
#11005 = SURFACE_CURVE('',#11006,(#11010,#11017),.PCURVE_S1.);
#11006 = LINE('',#11007,#11008);
#11007 = CARTESIAN_POINT('',(31.55,-3.692674052927,5.205000014901));
#11008 = VECTOR('',#11009,1.);
#11009 = DIRECTION('',(1.,0.,-2.22044604925E-16));
#11010 = PCURVE('',#5000,#11011);
#11011 = DEFINITIONAL_REPRESENTATION('',(#11012),#11016);
#11012 = LINE('',#11013,#11014);
#11013 = CARTESIAN_POINT('',(-1.021405182655E-15,-4.6));
#11014 = VECTOR('',#11015,1.);
#11015 = DIRECTION('',(1.,2.22044604925E-16));
#11016 = ( GEOMETRIC_REPRESENTATION_CONTEXT(2) 
PARAMETRIC_REPRESENTATION_CONTEXT() REPRESENTATION_CONTEXT('2D SPACE',''
  ) );
#11017 = PCURVE('',#4973,#11018);
#11018 = DEFINITIONAL_REPRESENTATION('',(#11019),#11023);
#11019 = LINE('',#11020,#11021);
#11020 = CARTESIAN_POINT('',(0.,0.));
#11021 = VECTOR('',#11022,1.);
#11022 = DIRECTION('',(0.,1.));
#11023 = ( GEOMETRIC_REPRESENTATION_CONTEXT(2) 
PARAMETRIC_REPRESENTATION_CONTEXT() REPRESENTATION_CONTEXT('2D SPACE',''
  ) );
#11024 = ADVANCED_FACE('',(#11025),#4973,.F.);
#11025 = FACE_BOUND('',#11026,.F.);
#11026 = EDGE_LOOP('',(#11027,#11028,#11052,#11073));
#11027 = ORIENTED_EDGE('',*,*,#11004,.F.);
#11028 = ORIENTED_EDGE('',*,*,#11029,.T.);
#11029 = EDGE_CURVE('',#10982,#11030,#11032,.T.);
#11030 = VERTEX_POINT('',#11031);
#11031 = CARTESIAN_POINT('',(31.55,-5.092674052927,6.605000014901));
#11032 = SURFACE_CURVE('',#11033,(#11038,#11045),.PCURVE_S1.);
#11033 = CIRCLE('',#11034,1.4);
#11034 = AXIS2_PLACEMENT_3D('',#11035,#11036,#11037);
#11035 = CARTESIAN_POINT('',(31.55,-5.092674052927,5.205000014901));
#11036 = DIRECTION('',(1.,2.22044604925E-16,4.930380657631E-32));
#11037 = DIRECTION('',(0.,2.22044604925E-16,-1.));
#11038 = PCURVE('',#4973,#11039);
#11039 = DEFINITIONAL_REPRESENTATION('',(#11040),#11044);
#11040 = LINE('',#11041,#11042);
#11041 = CARTESIAN_POINT('',(-1.570796326795,0.));
#11042 = VECTOR('',#11043,1.);
#11043 = DIRECTION('',(1.,0.));
#11044 = ( GEOMETRIC_REPRESENTATION_CONTEXT(2) 
PARAMETRIC_REPRESENTATION_CONTEXT() REPRESENTATION_CONTEXT('2D SPACE',''
  ) );
#11045 = PCURVE('',#10839,#11046);
#11046 = DEFINITIONAL_REPRESENTATION('',(#11047),#11051);
#11047 = CIRCLE('',#11048,1.4);
#11048 = AXIS2_PLACEMENT_2D('',#11049,#11050);
#11049 = CARTESIAN_POINT('',(11.2,4.6));
#11050 = DIRECTION('',(2.22044604925E-16,-1.));
#11051 = ( GEOMETRIC_REPRESENTATION_CONTEXT(2) 
PARAMETRIC_REPRESENTATION_CONTEXT() REPRESENTATION_CONTEXT('2D SPACE',''
  ) );
#11052 = ORIENTED_EDGE('',*,*,#11053,.T.);
#11053 = EDGE_CURVE('',#11030,#4931,#11054,.T.);
#11054 = SURFACE_CURVE('',#11055,(#11059,#11066),.PCURVE_S1.);
#11055 = LINE('',#11056,#11057);
#11056 = CARTESIAN_POINT('',(31.55,-5.092674052927,6.605000014901));
#11057 = VECTOR('',#11058,1.);
#11058 = DIRECTION('',(1.,0.,-2.22044604925E-16));
#11059 = PCURVE('',#4973,#11060);
#11060 = DEFINITIONAL_REPRESENTATION('',(#11061),#11065);
#11061 = LINE('',#11062,#11063);
#11062 = CARTESIAN_POINT('',(1.570796326795,0.));
#11063 = VECTOR('',#11064,1.);
#11064 = DIRECTION('',(0.,1.));
#11065 = ( GEOMETRIC_REPRESENTATION_CONTEXT(2) 
PARAMETRIC_REPRESENTATION_CONTEXT() REPRESENTATION_CONTEXT('2D SPACE',''
  ) );
#11066 = PCURVE('',#4945,#11067);
#11067 = DEFINITIONAL_REPRESENTATION('',(#11068),#11072);
#11068 = LINE('',#11069,#11070);
#11069 = CARTESIAN_POINT('',(-5.916456789158E-31,11.2));
#11070 = VECTOR('',#11071,1.);
#11071 = DIRECTION('',(1.,-2.22044604925E-16));
#11072 = ( GEOMETRIC_REPRESENTATION_CONTEXT(2) 
PARAMETRIC_REPRESENTATION_CONTEXT() REPRESENTATION_CONTEXT('2D SPACE',''
  ) );
#11073 = ORIENTED_EDGE('',*,*,#4956,.F.);
#11074 = ADVANCED_FACE('',(#11075),#4945,.F.);
#11075 = FACE_BOUND('',#11076,.F.);
#11076 = EDGE_LOOP('',(#11077,#11100,#11121,#11122));
#11077 = ORIENTED_EDGE('',*,*,#11078,.F.);
#11078 = EDGE_CURVE('',#11079,#11030,#11081,.T.);
#11079 = VERTEX_POINT('',#11080);
#11080 = CARTESIAN_POINT('',(31.55,-14.89267405292,6.605000014901));
#11081 = SURFACE_CURVE('',#11082,(#11086,#11093),.PCURVE_S1.);
#11082 = LINE('',#11083,#11084);
#11083 = CARTESIAN_POINT('',(31.55,-16.29267405292,6.605000014901));
#11084 = VECTOR('',#11085,1.);
#11085 = DIRECTION('',(-2.22044604925E-16,1.,0.));
#11086 = PCURVE('',#4945,#11087);
#11087 = DEFINITIONAL_REPRESENTATION('',(#11088),#11092);
#11088 = LINE('',#11089,#11090);
#11089 = CARTESIAN_POINT('',(0.,0.));
#11090 = VECTOR('',#11091,1.);
#11091 = DIRECTION('',(-2.22044604925E-16,1.));
#11092 = ( GEOMETRIC_REPRESENTATION_CONTEXT(2) 
PARAMETRIC_REPRESENTATION_CONTEXT() REPRESENTATION_CONTEXT('2D SPACE',''
  ) );
#11093 = PCURVE('',#10839,#11094);
#11094 = DEFINITIONAL_REPRESENTATION('',(#11095),#11099);
#11095 = LINE('',#11096,#11097);
#11096 = CARTESIAN_POINT('',(-3.552713678801E-15,6.));
#11097 = VECTOR('',#11098,1.);
#11098 = DIRECTION('',(1.,-2.22044604925E-16));
#11099 = ( GEOMETRIC_REPRESENTATION_CONTEXT(2) 
PARAMETRIC_REPRESENTATION_CONTEXT() REPRESENTATION_CONTEXT('2D SPACE',''
  ) );
#11100 = ORIENTED_EDGE('',*,*,#11101,.T.);
#11101 = EDGE_CURVE('',#11079,#4902,#11102,.T.);
#11102 = SURFACE_CURVE('',#11103,(#11107,#11114),.PCURVE_S1.);
#11103 = LINE('',#11104,#11105);
#11104 = CARTESIAN_POINT('',(31.55,-14.89267405292,6.605000014901));
#11105 = VECTOR('',#11106,1.);
#11106 = DIRECTION('',(1.,0.,-2.22044604925E-16));
#11107 = PCURVE('',#4945,#11108);
#11108 = DEFINITIONAL_REPRESENTATION('',(#11109),#11113);
#11109 = LINE('',#11110,#11111);
#11110 = CARTESIAN_POINT('',(0.,1.4));
#11111 = VECTOR('',#11112,1.);
#11112 = DIRECTION('',(1.,-2.22044604925E-16));
#11113 = ( GEOMETRIC_REPRESENTATION_CONTEXT(2) 
PARAMETRIC_REPRESENTATION_CONTEXT() REPRESENTATION_CONTEXT('2D SPACE',''
  ) );
#11114 = PCURVE('',#4918,#11115);
#11115 = DEFINITIONAL_REPRESENTATION('',(#11116),#11120);
#11116 = LINE('',#11117,#11118);
#11117 = CARTESIAN_POINT('',(-1.570796326795,0.));
#11118 = VECTOR('',#11119,1.);
#11119 = DIRECTION('',(-0.,1.));
#11120 = ( GEOMETRIC_REPRESENTATION_CONTEXT(2) 
PARAMETRIC_REPRESENTATION_CONTEXT() REPRESENTATION_CONTEXT('2D SPACE',''
  ) );
#11121 = ORIENTED_EDGE('',*,*,#4930,.F.);
#11122 = ORIENTED_EDGE('',*,*,#11053,.F.);
#11123 = ADVANCED_FACE('',(#11124),#4918,.F.);
#11124 = FACE_BOUND('',#11125,.T.);
#11125 = EDGE_LOOP('',(#11126,#11149,#11175,#11176));
#11126 = ORIENTED_EDGE('',*,*,#11127,.F.);
#11127 = EDGE_CURVE('',#11128,#4876,#11130,.T.);
#11128 = VERTEX_POINT('',#11129);
#11129 = CARTESIAN_POINT('',(31.55,-16.29267405292,5.205000014901));
#11130 = SURFACE_CURVE('',#11131,(#11135,#11142),.PCURVE_S1.);
#11131 = LINE('',#11132,#11133);
#11132 = CARTESIAN_POINT('',(31.55,-16.29267405292,5.205000014901));
#11133 = VECTOR('',#11134,1.);
#11134 = DIRECTION('',(1.,0.,-2.22044604925E-16));
#11135 = PCURVE('',#4918,#11136);
#11136 = DEFINITIONAL_REPRESENTATION('',(#11137),#11141);
#11137 = LINE('',#11138,#11139);
#11138 = CARTESIAN_POINT('',(-0.,0.));
#11139 = VECTOR('',#11140,1.);
#11140 = DIRECTION('',(-0.,1.));
#11141 = ( GEOMETRIC_REPRESENTATION_CONTEXT(2) 
PARAMETRIC_REPRESENTATION_CONTEXT() REPRESENTATION_CONTEXT('2D SPACE',''
  ) );
#11142 = PCURVE('',#4890,#11143);
#11143 = DEFINITIONAL_REPRESENTATION('',(#11144),#11148);
#11144 = LINE('',#11145,#11146);
#11145 = CARTESIAN_POINT('',(-1.021405182655E-15,-4.6));
#11146 = VECTOR('',#11147,1.);
#11147 = DIRECTION('',(1.,2.22044604925E-16));
#11148 = ( GEOMETRIC_REPRESENTATION_CONTEXT(2) 
PARAMETRIC_REPRESENTATION_CONTEXT() REPRESENTATION_CONTEXT('2D SPACE',''
  ) );
#11149 = ORIENTED_EDGE('',*,*,#11150,.T.);
#11150 = EDGE_CURVE('',#11128,#11079,#11151,.T.);
#11151 = SURFACE_CURVE('',#11152,(#11157,#11164),.PCURVE_S1.);
#11152 = CIRCLE('',#11153,1.4);
#11153 = AXIS2_PLACEMENT_3D('',#11154,#11155,#11156);
#11154 = CARTESIAN_POINT('',(31.55,-14.89267405292,5.205000014901));
#11155 = DIRECTION('',(-1.,-2.22044604925E-16,-4.930380657631E-32));
#11156 = DIRECTION('',(0.,2.22044604925E-16,-1.));
#11157 = PCURVE('',#4918,#11158);
#11158 = DEFINITIONAL_REPRESENTATION('',(#11159),#11163);
#11159 = LINE('',#11160,#11161);
#11160 = CARTESIAN_POINT('',(1.570796326795,-0.));
#11161 = VECTOR('',#11162,1.);
#11162 = DIRECTION('',(-1.,0.));
#11163 = ( GEOMETRIC_REPRESENTATION_CONTEXT(2) 
PARAMETRIC_REPRESENTATION_CONTEXT() REPRESENTATION_CONTEXT('2D SPACE',''
  ) );
#11164 = PCURVE('',#10839,#11165);
#11165 = DEFINITIONAL_REPRESENTATION('',(#11166),#11174);
#11166 = ( BOUNDED_CURVE() B_SPLINE_CURVE(2,(#11167,#11168,#11169,#11170
    ,#11171,#11172,#11173),.UNSPECIFIED.,.T.,.F.) 
B_SPLINE_CURVE_WITH_KNOTS((1,2,2,2,2,1),(-2.094395102393,0.,
    2.094395102393,4.188790204786,6.28318530718,8.377580409573),
.UNSPECIFIED.) CURVE() GEOMETRIC_REPRESENTATION_ITEM() 
RATIONAL_B_SPLINE_CURVE((1.,0.5,1.,0.5,1.,0.5,1.)) REPRESENTATION_ITEM(
  '') );
#11167 = CARTESIAN_POINT('',(1.4,3.2));
#11168 = CARTESIAN_POINT('',(-1.024871130596,3.2));
#11169 = CARTESIAN_POINT('',(0.187564434702,5.3));
#11170 = CARTESIAN_POINT('',(1.4,7.4));
#11171 = CARTESIAN_POINT('',(2.612435565298,5.3));
#11172 = CARTESIAN_POINT('',(3.824871130596,3.2));
#11173 = CARTESIAN_POINT('',(1.4,3.2));
#11174 = ( GEOMETRIC_REPRESENTATION_CONTEXT(2) 
PARAMETRIC_REPRESENTATION_CONTEXT() REPRESENTATION_CONTEXT('2D SPACE',''
  ) );
#11175 = ORIENTED_EDGE('',*,*,#11101,.T.);
#11176 = ORIENTED_EDGE('',*,*,#4901,.T.);
#11177 = ADVANCED_FACE('',(#11178),#4890,.T.);
#11178 = FACE_BOUND('',#11179,.T.);
#11179 = EDGE_LOOP('',(#11180,#11181,#11182,#11203));
#11180 = ORIENTED_EDGE('',*,*,#4875,.F.);
#11181 = ORIENTED_EDGE('',*,*,#10799,.F.);
#11182 = ORIENTED_EDGE('',*,*,#11183,.T.);
#11183 = EDGE_CURVE('',#10800,#11128,#11184,.T.);
#11184 = SURFACE_CURVE('',#11185,(#11189,#11196),.PCURVE_S1.);
#11185 = LINE('',#11186,#11187);
#11186 = CARTESIAN_POINT('',(31.55,-16.29267405292,0.605000014901));
#11187 = VECTOR('',#11188,1.);
#11188 = DIRECTION('',(0.,-2.22044604925E-16,1.));
#11189 = PCURVE('',#4890,#11190);
#11190 = DEFINITIONAL_REPRESENTATION('',(#11191),#11195);
#11191 = LINE('',#11192,#11193);
#11192 = CARTESIAN_POINT('',(0.,0.));
#11193 = VECTOR('',#11194,1.);
#11194 = DIRECTION('',(-2.22044604925E-16,-1.));
#11195 = ( GEOMETRIC_REPRESENTATION_CONTEXT(2) 
PARAMETRIC_REPRESENTATION_CONTEXT() REPRESENTATION_CONTEXT('2D SPACE',''
  ) );
#11196 = PCURVE('',#10839,#11197);
#11197 = DEFINITIONAL_REPRESENTATION('',(#11198),#11202);
#11198 = LINE('',#11199,#11200);
#11199 = CARTESIAN_POINT('',(0.,0.));
#11200 = VECTOR('',#11201,1.);
#11201 = DIRECTION('',(-2.22044604925E-16,1.));
#11202 = ( GEOMETRIC_REPRESENTATION_CONTEXT(2) 
PARAMETRIC_REPRESENTATION_CONTEXT() REPRESENTATION_CONTEXT('2D SPACE',''
  ) );
#11203 = ORIENTED_EDGE('',*,*,#11127,.T.);
#11204 = ADVANCED_FACE('',(#11205,#11208),#5105,.T.);
#11205 = FACE_BOUND('',#11206,.T.);
#11206 = EDGE_LOOP('',(#11207));
#11207 = ORIENTED_EDGE('',*,*,#5090,.T.);
#11208 = FACE_BOUND('',#11209,.T.);
#11209 = EDGE_LOOP('',(#11210));
#11210 = ORIENTED_EDGE('',*,*,#11211,.F.);
#11211 = EDGE_CURVE('',#11212,#11212,#11214,.T.);
#11212 = VERTEX_POINT('',#11213);
#11213 = CARTESIAN_POINT('',(-22.8,-61.4,7.9));
#11214 = SURFACE_CURVE('',#11215,(#11220,#11227),.PCURVE_S1.);
#11215 = CIRCLE('',#11216,1.2);
#11216 = AXIS2_PLACEMENT_3D('',#11217,#11218,#11219);
#11217 = CARTESIAN_POINT('',(-24.,-61.4,7.9));
#11218 = DIRECTION('',(0.,0.,1.));
#11219 = DIRECTION('',(1.,0.,-0.));
#11220 = PCURVE('',#5105,#11221);
#11221 = DEFINITIONAL_REPRESENTATION('',(#11222),#11226);
#11222 = CIRCLE('',#11223,1.2);
#11223 = AXIS2_PLACEMENT_2D('',#11224,#11225);
#11224 = CARTESIAN_POINT('',(0.,0.));
#11225 = DIRECTION('',(1.,0.));
#11226 = ( GEOMETRIC_REPRESENTATION_CONTEXT(2) 
PARAMETRIC_REPRESENTATION_CONTEXT() REPRESENTATION_CONTEXT('2D SPACE',''
  ) );
#11227 = PCURVE('',#11228,#11233);
#11228 = CONICAL_SURFACE('',#11229,0.8,0.785398163397);
#11229 = AXIS2_PLACEMENT_3D('',#11230,#11231,#11232);
#11230 = CARTESIAN_POINT('',(-24.,-61.4,7.5));
#11231 = DIRECTION('',(0.,0.,1.));
#11232 = DIRECTION('',(1.,0.,-0.));
#11233 = DEFINITIONAL_REPRESENTATION('',(#11234),#11238);
#11234 = LINE('',#11235,#11236);
#11235 = CARTESIAN_POINT('',(0.,0.4));
#11236 = VECTOR('',#11237,1.);
#11237 = DIRECTION('',(1.,0.));
#11238 = ( GEOMETRIC_REPRESENTATION_CONTEXT(2) 
PARAMETRIC_REPRESENTATION_CONTEXT() REPRESENTATION_CONTEXT('2D SPACE',''
  ) );
#11239 = ADVANCED_FACE('',(#11240),#5182,.T.);
#11240 = FACE_BOUND('',#11241,.T.);
#11241 = EDGE_LOOP('',(#11242,#11243,#11244,#11245));
#11242 = ORIENTED_EDGE('',*,*,#9078,.F.);
#11243 = ORIENTED_EDGE('',*,*,#5165,.T.);
#11244 = ORIENTED_EDGE('',*,*,#8980,.T.);
#11245 = ORIENTED_EDGE('',*,*,#9053,.F.);
#11246 = ADVANCED_FACE('',(#11247),#5379,.T.);
#11247 = FACE_BOUND('',#11248,.T.);
#11248 = EDGE_LOOP('',(#11249,#11250,#11269,#11270));
#11249 = ORIENTED_EDGE('',*,*,#9664,.F.);
#11250 = ORIENTED_EDGE('',*,*,#11251,.F.);
#11251 = EDGE_CURVE('',#8930,#9644,#11252,.T.);
#11252 = SURFACE_CURVE('',#11253,(#11257,#11263),.PCURVE_S1.);
#11253 = LINE('',#11254,#11255);
#11254 = CARTESIAN_POINT('',(8.9,-19.925,2.25));
#11255 = VECTOR('',#11256,1.);
#11256 = DIRECTION('',(0.,1.,0.));
#11257 = PCURVE('',#5379,#11258);
#11258 = DEFINITIONAL_REPRESENTATION('',(#11259),#11262);
#11259 = B_SPLINE_CURVE_WITH_KNOTS('',1,(#11260,#11261),.UNSPECIFIED.,
  .F.,.F.,(2,2),(7.5E-02,0.675),.PIECEWISE_BEZIER_KNOTS.);
#11260 = CARTESIAN_POINT('',(0.5,0.));
#11261 = CARTESIAN_POINT('',(0.5,0.6));
#11262 = ( GEOMETRIC_REPRESENTATION_CONTEXT(2) 
PARAMETRIC_REPRESENTATION_CONTEXT() REPRESENTATION_CONTEXT('2D SPACE',''
  ) );
#11263 = PCURVE('',#8944,#11264);
#11264 = DEFINITIONAL_REPRESENTATION('',(#11265),#11268);
#11265 = B_SPLINE_CURVE_WITH_KNOTS('',1,(#11266,#11267),.UNSPECIFIED.,
  .F.,.F.,(2,2),(7.5E-02,0.675),.PIECEWISE_BEZIER_KNOTS.);
#11266 = CARTESIAN_POINT('',(1.45,-0.15));
#11267 = CARTESIAN_POINT('',(1.45,-0.75));
#11268 = ( GEOMETRIC_REPRESENTATION_CONTEXT(2) 
PARAMETRIC_REPRESENTATION_CONTEXT() REPRESENTATION_CONTEXT('2D SPACE',''
  ) );
#11269 = ORIENTED_EDGE('',*,*,#8955,.T.);
#11270 = ORIENTED_EDGE('',*,*,#5364,.F.);
#11271 = ADVANCED_FACE('',(#11272),#5447,.T.);
#11272 = FACE_BOUND('',#11273,.T.);
#11273 = EDGE_LOOP('',(#11274,#11275,#11276,#11277));
#11274 = ORIENTED_EDGE('',*,*,#10423,.F.);
#11275 = ORIENTED_EDGE('',*,*,#10473,.F.);
#11276 = ORIENTED_EDGE('',*,*,#10499,.T.);
#11277 = ORIENTED_EDGE('',*,*,#5432,.F.);
#11278 = ADVANCED_FACE('',(#11279),#5516,.T.);
#11279 = FACE_BOUND('',#11280,.T.);
#11280 = EDGE_LOOP('',(#11281,#11304,#11305,#11328));
#11281 = ORIENTED_EDGE('',*,*,#11282,.F.);
#11282 = EDGE_CURVE('',#5500,#11283,#11285,.T.);
#11283 = VERTEX_POINT('',#11284);
#11284 = CARTESIAN_POINT('',(31.,-3.992674052927,1.205000014901));
#11285 = SURFACE_CURVE('',#11286,(#11290,#11297),.PCURVE_S1.);
#11286 = LINE('',#11287,#11288);
#11287 = CARTESIAN_POINT('',(27.,-3.992674052927,1.205000014901));
#11288 = VECTOR('',#11289,1.);
#11289 = DIRECTION('',(1.,0.,0.));
#11290 = PCURVE('',#5516,#11291);
#11291 = DEFINITIONAL_REPRESENTATION('',(#11292),#11296);
#11292 = LINE('',#11293,#11294);
#11293 = CARTESIAN_POINT('',(0.,12.));
#11294 = VECTOR('',#11295,1.);
#11295 = DIRECTION('',(1.,0.));
#11296 = ( GEOMETRIC_REPRESENTATION_CONTEXT(2) 
PARAMETRIC_REPRESENTATION_CONTEXT() REPRESENTATION_CONTEXT('2D SPACE',''
  ) );
#11297 = PCURVE('',#5592,#11298);
#11298 = DEFINITIONAL_REPRESENTATION('',(#11299),#11303);
#11299 = LINE('',#11300,#11301);
#11300 = CARTESIAN_POINT('',(0.,0.));
#11301 = VECTOR('',#11302,1.);
#11302 = DIRECTION('',(0.,1.));
#11303 = ( GEOMETRIC_REPRESENTATION_CONTEXT(2) 
PARAMETRIC_REPRESENTATION_CONTEXT() REPRESENTATION_CONTEXT('2D SPACE',''
  ) );
#11304 = ORIENTED_EDGE('',*,*,#5499,.T.);
#11305 = ORIENTED_EDGE('',*,*,#11306,.T.);
#11306 = EDGE_CURVE('',#5502,#11307,#11309,.T.);
#11307 = VERTEX_POINT('',#11308);
#11308 = CARTESIAN_POINT('',(31.,-15.99267405292,1.205000014901));
#11309 = SURFACE_CURVE('',#11310,(#11314,#11321),.PCURVE_S1.);
#11310 = LINE('',#11311,#11312);
#11311 = CARTESIAN_POINT('',(27.,-15.99267405292,1.205000014901));
#11312 = VECTOR('',#11313,1.);
#11313 = DIRECTION('',(1.,0.,0.));
#11314 = PCURVE('',#5516,#11315);
#11315 = DEFINITIONAL_REPRESENTATION('',(#11316),#11320);
#11316 = LINE('',#11317,#11318);
#11317 = CARTESIAN_POINT('',(0.,0.));
#11318 = VECTOR('',#11319,1.);
#11319 = DIRECTION('',(1.,0.));
#11320 = ( GEOMETRIC_REPRESENTATION_CONTEXT(2) 
PARAMETRIC_REPRESENTATION_CONTEXT() REPRESENTATION_CONTEXT('2D SPACE',''
  ) );
#11321 = PCURVE('',#5542,#11322);
#11322 = DEFINITIONAL_REPRESENTATION('',(#11323),#11327);
#11323 = LINE('',#11324,#11325);
#11324 = CARTESIAN_POINT('',(0.,0.));
#11325 = VECTOR('',#11326,1.);
#11326 = DIRECTION('',(0.,1.));
#11327 = ( GEOMETRIC_REPRESENTATION_CONTEXT(2) 
PARAMETRIC_REPRESENTATION_CONTEXT() REPRESENTATION_CONTEXT('2D SPACE',''
  ) );
#11328 = ORIENTED_EDGE('',*,*,#11329,.T.);
#11329 = EDGE_CURVE('',#11307,#11283,#11330,.T.);
#11330 = SURFACE_CURVE('',#11331,(#11335,#11342),.PCURVE_S1.);
#11331 = LINE('',#11332,#11333);
#11332 = CARTESIAN_POINT('',(31.,-15.99267405292,1.205000014901));
#11333 = VECTOR('',#11334,1.);
#11334 = DIRECTION('',(0.,1.,0.));
#11335 = PCURVE('',#5516,#11336);
#11336 = DEFINITIONAL_REPRESENTATION('',(#11337),#11341);
#11337 = LINE('',#11338,#11339);
#11338 = CARTESIAN_POINT('',(4.,0.));
#11339 = VECTOR('',#11340,1.);
#11340 = DIRECTION('',(0.,1.));
#11341 = ( GEOMETRIC_REPRESENTATION_CONTEXT(2) 
PARAMETRIC_REPRESENTATION_CONTEXT() REPRESENTATION_CONTEXT('2D SPACE',''
  ) );
#11342 = PCURVE('',#11343,#11348);
#11343 = PLANE('',#11344);
#11344 = AXIS2_PLACEMENT_3D('',#11345,#11346,#11347);
#11345 = CARTESIAN_POINT('',(31.,-15.99267405292,1.205000014901));
#11346 = DIRECTION('',(1.,0.,0.));
#11347 = DIRECTION('',(0.,0.,1.));
#11348 = DEFINITIONAL_REPRESENTATION('',(#11349),#11353);
#11349 = LINE('',#11350,#11351);
#11350 = CARTESIAN_POINT('',(0.,0.));
#11351 = VECTOR('',#11352,1.);
#11352 = DIRECTION('',(0.,-1.));
#11353 = ( GEOMETRIC_REPRESENTATION_CONTEXT(2) 
PARAMETRIC_REPRESENTATION_CONTEXT() REPRESENTATION_CONTEXT('2D SPACE',''
  ) );
#11354 = ADVANCED_FACE('',(#11355),#5592,.F.);
#11355 = FACE_BOUND('',#11356,.F.);
#11356 = EDGE_LOOP('',(#11357,#11358,#11359,#11382));
#11357 = ORIENTED_EDGE('',*,*,#11282,.F.);
#11358 = ORIENTED_EDGE('',*,*,#5579,.T.);
#11359 = ORIENTED_EDGE('',*,*,#11360,.T.);
#11360 = EDGE_CURVE('',#5554,#11361,#11363,.T.);
#11361 = VERTEX_POINT('',#11362);
#11362 = CARTESIAN_POINT('',(31.,-3.992674052927,6.005000014901));
#11363 = SURFACE_CURVE('',#11364,(#11368,#11375),.PCURVE_S1.);
#11364 = LINE('',#11365,#11366);
#11365 = CARTESIAN_POINT('',(27.,-3.992674052927,6.005000014901));
#11366 = VECTOR('',#11367,1.);
#11367 = DIRECTION('',(1.,0.,0.));
#11368 = PCURVE('',#5592,#11369);
#11369 = DEFINITIONAL_REPRESENTATION('',(#11370),#11374);
#11370 = LINE('',#11371,#11372);
#11371 = CARTESIAN_POINT('',(4.8,0.));
#11372 = VECTOR('',#11373,1.);
#11373 = DIRECTION('',(0.,1.));
#11374 = ( GEOMETRIC_REPRESENTATION_CONTEXT(2) 
PARAMETRIC_REPRESENTATION_CONTEXT() REPRESENTATION_CONTEXT('2D SPACE',''
  ) );
#11375 = PCURVE('',#5568,#11376);
#11376 = DEFINITIONAL_REPRESENTATION('',(#11377),#11381);
#11377 = LINE('',#11378,#11379);
#11378 = CARTESIAN_POINT('',(0.,12.));
#11379 = VECTOR('',#11380,1.);
#11380 = DIRECTION('',(1.,0.));
#11381 = ( GEOMETRIC_REPRESENTATION_CONTEXT(2) 
PARAMETRIC_REPRESENTATION_CONTEXT() REPRESENTATION_CONTEXT('2D SPACE',''
  ) );
#11382 = ORIENTED_EDGE('',*,*,#11383,.F.);
#11383 = EDGE_CURVE('',#11283,#11361,#11384,.T.);
#11384 = SURFACE_CURVE('',#11385,(#11389,#11396),.PCURVE_S1.);
#11385 = LINE('',#11386,#11387);
#11386 = CARTESIAN_POINT('',(31.,-3.992674052927,1.205000014901));
#11387 = VECTOR('',#11388,1.);
#11388 = DIRECTION('',(0.,0.,1.));
#11389 = PCURVE('',#5592,#11390);
#11390 = DEFINITIONAL_REPRESENTATION('',(#11391),#11395);
#11391 = LINE('',#11392,#11393);
#11392 = CARTESIAN_POINT('',(0.,4.));
#11393 = VECTOR('',#11394,1.);
#11394 = DIRECTION('',(1.,0.));
#11395 = ( GEOMETRIC_REPRESENTATION_CONTEXT(2) 
PARAMETRIC_REPRESENTATION_CONTEXT() REPRESENTATION_CONTEXT('2D SPACE',''
  ) );
#11396 = PCURVE('',#11343,#11397);
#11397 = DEFINITIONAL_REPRESENTATION('',(#11398),#11402);
#11398 = LINE('',#11399,#11400);
#11399 = CARTESIAN_POINT('',(0.,-12.));
#11400 = VECTOR('',#11401,1.);
#11401 = DIRECTION('',(1.,0.));
#11402 = ( GEOMETRIC_REPRESENTATION_CONTEXT(2) 
PARAMETRIC_REPRESENTATION_CONTEXT() REPRESENTATION_CONTEXT('2D SPACE',''
  ) );
#11403 = ADVANCED_FACE('',(#11404),#5568,.F.);
#11404 = FACE_BOUND('',#11405,.F.);
#11405 = EDGE_LOOP('',(#11406,#11407,#11408,#11431));
#11406 = ORIENTED_EDGE('',*,*,#11360,.F.);
#11407 = ORIENTED_EDGE('',*,*,#5553,.T.);
#11408 = ORIENTED_EDGE('',*,*,#11409,.T.);
#11409 = EDGE_CURVE('',#5528,#11410,#11412,.T.);
#11410 = VERTEX_POINT('',#11411);
#11411 = CARTESIAN_POINT('',(31.,-15.99267405292,6.005000014901));
#11412 = SURFACE_CURVE('',#11413,(#11417,#11424),.PCURVE_S1.);
#11413 = LINE('',#11414,#11415);
#11414 = CARTESIAN_POINT('',(27.,-15.99267405292,6.005000014901));
#11415 = VECTOR('',#11416,1.);
#11416 = DIRECTION('',(1.,0.,0.));
#11417 = PCURVE('',#5568,#11418);
#11418 = DEFINITIONAL_REPRESENTATION('',(#11419),#11423);
#11419 = LINE('',#11420,#11421);
#11420 = CARTESIAN_POINT('',(0.,0.));
#11421 = VECTOR('',#11422,1.);
#11422 = DIRECTION('',(1.,0.));
#11423 = ( GEOMETRIC_REPRESENTATION_CONTEXT(2) 
PARAMETRIC_REPRESENTATION_CONTEXT() REPRESENTATION_CONTEXT('2D SPACE',''
  ) );
#11424 = PCURVE('',#5542,#11425);
#11425 = DEFINITIONAL_REPRESENTATION('',(#11426),#11430);
#11426 = LINE('',#11427,#11428);
#11427 = CARTESIAN_POINT('',(4.8,0.));
#11428 = VECTOR('',#11429,1.);
#11429 = DIRECTION('',(0.,1.));
#11430 = ( GEOMETRIC_REPRESENTATION_CONTEXT(2) 
PARAMETRIC_REPRESENTATION_CONTEXT() REPRESENTATION_CONTEXT('2D SPACE',''
  ) );
#11431 = ORIENTED_EDGE('',*,*,#11432,.T.);
#11432 = EDGE_CURVE('',#11410,#11361,#11433,.T.);
#11433 = SURFACE_CURVE('',#11434,(#11438,#11445),.PCURVE_S1.);
#11434 = LINE('',#11435,#11436);
#11435 = CARTESIAN_POINT('',(31.,-15.99267405292,6.005000014901));
#11436 = VECTOR('',#11437,1.);
#11437 = DIRECTION('',(0.,1.,0.));
#11438 = PCURVE('',#5568,#11439);
#11439 = DEFINITIONAL_REPRESENTATION('',(#11440),#11444);
#11440 = LINE('',#11441,#11442);
#11441 = CARTESIAN_POINT('',(4.,0.));
#11442 = VECTOR('',#11443,1.);
#11443 = DIRECTION('',(0.,1.));
#11444 = ( GEOMETRIC_REPRESENTATION_CONTEXT(2) 
PARAMETRIC_REPRESENTATION_CONTEXT() REPRESENTATION_CONTEXT('2D SPACE',''
  ) );
#11445 = PCURVE('',#11343,#11446);
#11446 = DEFINITIONAL_REPRESENTATION('',(#11447),#11451);
#11447 = LINE('',#11448,#11449);
#11448 = CARTESIAN_POINT('',(4.8,0.));
#11449 = VECTOR('',#11450,1.);
#11450 = DIRECTION('',(0.,-1.));
#11451 = ( GEOMETRIC_REPRESENTATION_CONTEXT(2) 
PARAMETRIC_REPRESENTATION_CONTEXT() REPRESENTATION_CONTEXT('2D SPACE',''
  ) );
#11452 = ADVANCED_FACE('',(#11453),#5542,.T.);
#11453 = FACE_BOUND('',#11454,.T.);
#11454 = EDGE_LOOP('',(#11455,#11456,#11457,#11458));
#11455 = ORIENTED_EDGE('',*,*,#11306,.F.);
#11456 = ORIENTED_EDGE('',*,*,#5527,.T.);
#11457 = ORIENTED_EDGE('',*,*,#11409,.T.);
#11458 = ORIENTED_EDGE('',*,*,#11459,.F.);
#11459 = EDGE_CURVE('',#11307,#11410,#11460,.T.);
#11460 = SURFACE_CURVE('',#11461,(#11465,#11472),.PCURVE_S1.);
#11461 = LINE('',#11462,#11463);
#11462 = CARTESIAN_POINT('',(31.,-15.99267405292,1.205000014901));
#11463 = VECTOR('',#11464,1.);
#11464 = DIRECTION('',(0.,0.,1.));
#11465 = PCURVE('',#5542,#11466);
#11466 = DEFINITIONAL_REPRESENTATION('',(#11467),#11471);
#11467 = LINE('',#11468,#11469);
#11468 = CARTESIAN_POINT('',(0.,4.));
#11469 = VECTOR('',#11470,1.);
#11470 = DIRECTION('',(1.,0.));
#11471 = ( GEOMETRIC_REPRESENTATION_CONTEXT(2) 
PARAMETRIC_REPRESENTATION_CONTEXT() REPRESENTATION_CONTEXT('2D SPACE',''
  ) );
#11472 = PCURVE('',#11343,#11473);
#11473 = DEFINITIONAL_REPRESENTATION('',(#11474),#11478);
#11474 = LINE('',#11475,#11476);
#11475 = CARTESIAN_POINT('',(0.,0.));
#11476 = VECTOR('',#11477,1.);
#11477 = DIRECTION('',(1.,0.));
#11478 = ( GEOMETRIC_REPRESENTATION_CONTEXT(2) 
PARAMETRIC_REPRESENTATION_CONTEXT() REPRESENTATION_CONTEXT('2D SPACE',''
  ) );
#11479 = ADVANCED_FACE('',(#11480),#5787,.T.);
#11480 = FACE_BOUND('',#11481,.T.);
#11481 = EDGE_LOOP('',(#11482,#11483,#11484,#11485,#11486));
#11482 = ORIENTED_EDGE('',*,*,#10526,.F.);
#11483 = ORIENTED_EDGE('',*,*,#10115,.T.);
#11484 = ORIENTED_EDGE('',*,*,#10169,.T.);
#11485 = ORIENTED_EDGE('',*,*,#5772,.F.);
#11486 = ORIENTED_EDGE('',*,*,#5929,.T.);
#11487 = ADVANCED_FACE('',(#11488),#5720,.T.);
#11488 = FACE_BOUND('',#11489,.T.);
#11489 = EDGE_LOOP('',(#11490,#11491,#11492,#11493,#11494));
#11490 = ORIENTED_EDGE('',*,*,#10216,.F.);
#11491 = ORIENTED_EDGE('',*,*,#10241,.T.);
#11492 = ORIENTED_EDGE('',*,*,#10320,.T.);
#11493 = ORIENTED_EDGE('',*,*,#10374,.T.);
#11494 = ORIENTED_EDGE('',*,*,#5705,.F.);
#11495 = ADVANCED_FACE('',(#11496),#5838,.T.);
#11496 = FACE_BOUND('',#11497,.T.);
#11497 = EDGE_LOOP('',(#11498,#11521,#11522,#11545));
#11498 = ORIENTED_EDGE('',*,*,#11499,.F.);
#11499 = EDGE_CURVE('',#5822,#11500,#11502,.T.);
#11500 = VERTEX_POINT('',#11501);
#11501 = CARTESIAN_POINT('',(30.9,53.,2.3));
#11502 = SURFACE_CURVE('',#11503,(#11507,#11514),.PCURVE_S1.);
#11503 = LINE('',#11504,#11505);
#11504 = CARTESIAN_POINT('',(30.,53.,2.3));
#11505 = VECTOR('',#11506,1.);
#11506 = DIRECTION('',(1.,0.,0.));
#11507 = PCURVE('',#5838,#11508);
#11508 = DEFINITIONAL_REPRESENTATION('',(#11509),#11513);
#11509 = LINE('',#11510,#11511);
#11510 = CARTESIAN_POINT('',(0.,28.));
#11511 = VECTOR('',#11512,1.);
#11512 = DIRECTION('',(1.,0.));
#11513 = ( GEOMETRIC_REPRESENTATION_CONTEXT(2) 
PARAMETRIC_REPRESENTATION_CONTEXT() REPRESENTATION_CONTEXT('2D SPACE',''
  ) );
#11514 = PCURVE('',#5914,#11515);
#11515 = DEFINITIONAL_REPRESENTATION('',(#11516),#11520);
#11516 = LINE('',#11517,#11518);
#11517 = CARTESIAN_POINT('',(0.,0.));
#11518 = VECTOR('',#11519,1.);
#11519 = DIRECTION('',(0.,1.));
#11520 = ( GEOMETRIC_REPRESENTATION_CONTEXT(2) 
PARAMETRIC_REPRESENTATION_CONTEXT() REPRESENTATION_CONTEXT('2D SPACE',''
  ) );
#11521 = ORIENTED_EDGE('',*,*,#5821,.T.);
#11522 = ORIENTED_EDGE('',*,*,#11523,.T.);
#11523 = EDGE_CURVE('',#5824,#11524,#11526,.T.);
#11524 = VERTEX_POINT('',#11525);
#11525 = CARTESIAN_POINT('',(30.9,25.,2.3));
#11526 = SURFACE_CURVE('',#11527,(#11531,#11538),.PCURVE_S1.);
#11527 = LINE('',#11528,#11529);
#11528 = CARTESIAN_POINT('',(30.,25.,2.3));
#11529 = VECTOR('',#11530,1.);
#11530 = DIRECTION('',(1.,0.,0.));
#11531 = PCURVE('',#5838,#11532);
#11532 = DEFINITIONAL_REPRESENTATION('',(#11533),#11537);
#11533 = LINE('',#11534,#11535);
#11534 = CARTESIAN_POINT('',(0.,0.));
#11535 = VECTOR('',#11536,1.);
#11536 = DIRECTION('',(1.,0.));
#11537 = ( GEOMETRIC_REPRESENTATION_CONTEXT(2) 
PARAMETRIC_REPRESENTATION_CONTEXT() REPRESENTATION_CONTEXT('2D SPACE',''
  ) );
#11538 = PCURVE('',#5864,#11539);
#11539 = DEFINITIONAL_REPRESENTATION('',(#11540),#11544);
#11540 = LINE('',#11541,#11542);
#11541 = CARTESIAN_POINT('',(0.,0.));
#11542 = VECTOR('',#11543,1.);
#11543 = DIRECTION('',(0.,1.));
#11544 = ( GEOMETRIC_REPRESENTATION_CONTEXT(2) 
PARAMETRIC_REPRESENTATION_CONTEXT() REPRESENTATION_CONTEXT('2D SPACE',''
  ) );
#11545 = ORIENTED_EDGE('',*,*,#11546,.T.);
#11546 = EDGE_CURVE('',#11524,#11500,#11547,.T.);
#11547 = SURFACE_CURVE('',#11548,(#11552,#11559),.PCURVE_S1.);
#11548 = LINE('',#11549,#11550);
#11549 = CARTESIAN_POINT('',(30.9,25.,2.3));
#11550 = VECTOR('',#11551,1.);
#11551 = DIRECTION('',(0.,1.,0.));
#11552 = PCURVE('',#5838,#11553);
#11553 = DEFINITIONAL_REPRESENTATION('',(#11554),#11558);
#11554 = LINE('',#11555,#11556);
#11555 = CARTESIAN_POINT('',(0.9,0.));
#11556 = VECTOR('',#11557,1.);
#11557 = DIRECTION('',(0.,1.));
#11558 = ( GEOMETRIC_REPRESENTATION_CONTEXT(2) 
PARAMETRIC_REPRESENTATION_CONTEXT() REPRESENTATION_CONTEXT('2D SPACE',''
  ) );
#11559 = PCURVE('',#11560,#11565);
#11560 = PLANE('',#11561);
#11561 = AXIS2_PLACEMENT_3D('',#11562,#11563,#11564);
#11562 = CARTESIAN_POINT('',(30.9,25.,2.3));
#11563 = DIRECTION('',(1.,0.,0.));
#11564 = DIRECTION('',(0.,0.,1.));
#11565 = DEFINITIONAL_REPRESENTATION('',(#11566),#11570);
#11566 = LINE('',#11567,#11568);
#11567 = CARTESIAN_POINT('',(0.,0.));
#11568 = VECTOR('',#11569,1.);
#11569 = DIRECTION('',(0.,-1.));
#11570 = ( GEOMETRIC_REPRESENTATION_CONTEXT(2) 
PARAMETRIC_REPRESENTATION_CONTEXT() REPRESENTATION_CONTEXT('2D SPACE',''
  ) );
#11571 = ADVANCED_FACE('',(#11572),#5914,.F.);
#11572 = FACE_BOUND('',#11573,.F.);
#11573 = EDGE_LOOP('',(#11574,#11575,#11576,#11599));
#11574 = ORIENTED_EDGE('',*,*,#11499,.F.);
#11575 = ORIENTED_EDGE('',*,*,#5901,.T.);
#11576 = ORIENTED_EDGE('',*,*,#11577,.T.);
#11577 = EDGE_CURVE('',#5876,#11578,#11580,.T.);
#11578 = VERTEX_POINT('',#11579);
#11579 = CARTESIAN_POINT('',(30.9,53.,5.8));
#11580 = SURFACE_CURVE('',#11581,(#11585,#11592),.PCURVE_S1.);
#11581 = LINE('',#11582,#11583);
#11582 = CARTESIAN_POINT('',(30.,53.,5.8));
#11583 = VECTOR('',#11584,1.);
#11584 = DIRECTION('',(1.,0.,0.));
#11585 = PCURVE('',#5914,#11586);
#11586 = DEFINITIONAL_REPRESENTATION('',(#11587),#11591);
#11587 = LINE('',#11588,#11589);
#11588 = CARTESIAN_POINT('',(3.5,0.));
#11589 = VECTOR('',#11590,1.);
#11590 = DIRECTION('',(0.,1.));
#11591 = ( GEOMETRIC_REPRESENTATION_CONTEXT(2) 
PARAMETRIC_REPRESENTATION_CONTEXT() REPRESENTATION_CONTEXT('2D SPACE',''
  ) );
#11592 = PCURVE('',#5890,#11593);
#11593 = DEFINITIONAL_REPRESENTATION('',(#11594),#11598);
#11594 = LINE('',#11595,#11596);
#11595 = CARTESIAN_POINT('',(0.,28.));
#11596 = VECTOR('',#11597,1.);
#11597 = DIRECTION('',(1.,0.));
#11598 = ( GEOMETRIC_REPRESENTATION_CONTEXT(2) 
PARAMETRIC_REPRESENTATION_CONTEXT() REPRESENTATION_CONTEXT('2D SPACE',''
  ) );
#11599 = ORIENTED_EDGE('',*,*,#11600,.F.);
#11600 = EDGE_CURVE('',#11500,#11578,#11601,.T.);
#11601 = SURFACE_CURVE('',#11602,(#11606,#11613),.PCURVE_S1.);
#11602 = LINE('',#11603,#11604);
#11603 = CARTESIAN_POINT('',(30.9,53.,2.3));
#11604 = VECTOR('',#11605,1.);
#11605 = DIRECTION('',(0.,0.,1.));
#11606 = PCURVE('',#5914,#11607);
#11607 = DEFINITIONAL_REPRESENTATION('',(#11608),#11612);
#11608 = LINE('',#11609,#11610);
#11609 = CARTESIAN_POINT('',(0.,0.9));
#11610 = VECTOR('',#11611,1.);
#11611 = DIRECTION('',(1.,0.));
#11612 = ( GEOMETRIC_REPRESENTATION_CONTEXT(2) 
PARAMETRIC_REPRESENTATION_CONTEXT() REPRESENTATION_CONTEXT('2D SPACE',''
  ) );
#11613 = PCURVE('',#11560,#11614);
#11614 = DEFINITIONAL_REPRESENTATION('',(#11615),#11619);
#11615 = LINE('',#11616,#11617);
#11616 = CARTESIAN_POINT('',(0.,-28.));
#11617 = VECTOR('',#11618,1.);
#11618 = DIRECTION('',(1.,0.));
#11619 = ( GEOMETRIC_REPRESENTATION_CONTEXT(2) 
PARAMETRIC_REPRESENTATION_CONTEXT() REPRESENTATION_CONTEXT('2D SPACE',''
  ) );
#11620 = ADVANCED_FACE('',(#11621),#5890,.F.);
#11621 = FACE_BOUND('',#11622,.F.);
#11622 = EDGE_LOOP('',(#11623,#11624,#11625,#11648));
#11623 = ORIENTED_EDGE('',*,*,#11577,.F.);
#11624 = ORIENTED_EDGE('',*,*,#5875,.T.);
#11625 = ORIENTED_EDGE('',*,*,#11626,.T.);
#11626 = EDGE_CURVE('',#5850,#11627,#11629,.T.);
#11627 = VERTEX_POINT('',#11628);
#11628 = CARTESIAN_POINT('',(30.9,25.,5.8));
#11629 = SURFACE_CURVE('',#11630,(#11634,#11641),.PCURVE_S1.);
#11630 = LINE('',#11631,#11632);
#11631 = CARTESIAN_POINT('',(30.,25.,5.8));
#11632 = VECTOR('',#11633,1.);
#11633 = DIRECTION('',(1.,0.,0.));
#11634 = PCURVE('',#5890,#11635);
#11635 = DEFINITIONAL_REPRESENTATION('',(#11636),#11640);
#11636 = LINE('',#11637,#11638);
#11637 = CARTESIAN_POINT('',(0.,0.));
#11638 = VECTOR('',#11639,1.);
#11639 = DIRECTION('',(1.,0.));
#11640 = ( GEOMETRIC_REPRESENTATION_CONTEXT(2) 
PARAMETRIC_REPRESENTATION_CONTEXT() REPRESENTATION_CONTEXT('2D SPACE',''
  ) );
#11641 = PCURVE('',#5864,#11642);
#11642 = DEFINITIONAL_REPRESENTATION('',(#11643),#11647);
#11643 = LINE('',#11644,#11645);
#11644 = CARTESIAN_POINT('',(3.5,0.));
#11645 = VECTOR('',#11646,1.);
#11646 = DIRECTION('',(0.,1.));
#11647 = ( GEOMETRIC_REPRESENTATION_CONTEXT(2) 
PARAMETRIC_REPRESENTATION_CONTEXT() REPRESENTATION_CONTEXT('2D SPACE',''
  ) );
#11648 = ORIENTED_EDGE('',*,*,#11649,.T.);
#11649 = EDGE_CURVE('',#11627,#11578,#11650,.T.);
#11650 = SURFACE_CURVE('',#11651,(#11655,#11662),.PCURVE_S1.);
#11651 = LINE('',#11652,#11653);
#11652 = CARTESIAN_POINT('',(30.9,25.,5.8));
#11653 = VECTOR('',#11654,1.);
#11654 = DIRECTION('',(0.,1.,0.));
#11655 = PCURVE('',#5890,#11656);
#11656 = DEFINITIONAL_REPRESENTATION('',(#11657),#11661);
#11657 = LINE('',#11658,#11659);
#11658 = CARTESIAN_POINT('',(0.9,0.));
#11659 = VECTOR('',#11660,1.);
#11660 = DIRECTION('',(0.,1.));
#11661 = ( GEOMETRIC_REPRESENTATION_CONTEXT(2) 
PARAMETRIC_REPRESENTATION_CONTEXT() REPRESENTATION_CONTEXT('2D SPACE',''
  ) );
#11662 = PCURVE('',#11560,#11663);
#11663 = DEFINITIONAL_REPRESENTATION('',(#11664),#11668);
#11664 = LINE('',#11665,#11666);
#11665 = CARTESIAN_POINT('',(3.5,0.));
#11666 = VECTOR('',#11667,1.);
#11667 = DIRECTION('',(0.,-1.));
#11668 = ( GEOMETRIC_REPRESENTATION_CONTEXT(2) 
PARAMETRIC_REPRESENTATION_CONTEXT() REPRESENTATION_CONTEXT('2D SPACE',''
  ) );
#11669 = ADVANCED_FACE('',(#11670),#5864,.T.);
#11670 = FACE_BOUND('',#11671,.T.);
#11671 = EDGE_LOOP('',(#11672,#11673,#11674,#11675));
#11672 = ORIENTED_EDGE('',*,*,#11523,.F.);
#11673 = ORIENTED_EDGE('',*,*,#5849,.T.);
#11674 = ORIENTED_EDGE('',*,*,#11626,.T.);
#11675 = ORIENTED_EDGE('',*,*,#11676,.F.);
#11676 = EDGE_CURVE('',#11524,#11627,#11677,.T.);
#11677 = SURFACE_CURVE('',#11678,(#11682,#11689),.PCURVE_S1.);
#11678 = LINE('',#11679,#11680);
#11679 = CARTESIAN_POINT('',(30.9,25.,2.3));
#11680 = VECTOR('',#11681,1.);
#11681 = DIRECTION('',(0.,0.,1.));
#11682 = PCURVE('',#5864,#11683);
#11683 = DEFINITIONAL_REPRESENTATION('',(#11684),#11688);
#11684 = LINE('',#11685,#11686);
#11685 = CARTESIAN_POINT('',(0.,0.9));
#11686 = VECTOR('',#11687,1.);
#11687 = DIRECTION('',(1.,0.));
#11688 = ( GEOMETRIC_REPRESENTATION_CONTEXT(2) 
PARAMETRIC_REPRESENTATION_CONTEXT() REPRESENTATION_CONTEXT('2D SPACE',''
  ) );
#11689 = PCURVE('',#11560,#11690);
#11690 = DEFINITIONAL_REPRESENTATION('',(#11691),#11695);
#11691 = LINE('',#11692,#11693);
#11692 = CARTESIAN_POINT('',(0.,0.));
#11693 = VECTOR('',#11694,1.);
#11694 = DIRECTION('',(1.,0.));
#11695 = ( GEOMETRIC_REPRESENTATION_CONTEXT(2) 
PARAMETRIC_REPRESENTATION_CONTEXT() REPRESENTATION_CONTEXT('2D SPACE',''
  ) );
#11696 = ADVANCED_FACE('',(#11697,#11701),#6036,.T.);
#11697 = FACE_BOUND('',#11698,.T.);
#11698 = EDGE_LOOP('',(#11699,#11700));
#11699 = ORIENTED_EDGE('',*,*,#6019,.T.);
#11700 = ORIENTED_EDGE('',*,*,#10066,.F.);
#11701 = FACE_BOUND('',#11702,.T.);
#11702 = EDGE_LOOP('',(#11703));
#11703 = ORIENTED_EDGE('',*,*,#11704,.T.);
#11704 = EDGE_CURVE('',#11705,#11705,#11707,.T.);
#11705 = VERTEX_POINT('',#11706);
#11706 = CARTESIAN_POINT('',(25.55,58.5,4.35));
#11707 = SURFACE_CURVE('',#11708,(#11713,#11724),.PCURVE_S1.);
#11708 = CIRCLE('',#11709,0.55);
#11709 = AXIS2_PLACEMENT_3D('',#11710,#11711,#11712);
#11710 = CARTESIAN_POINT('',(25.,58.5,4.35));
#11711 = DIRECTION('',(0.,0.,-1.));
#11712 = DIRECTION('',(1.,0.,0.));
#11713 = PCURVE('',#6036,#11714);
#11714 = DEFINITIONAL_REPRESENTATION('',(#11715),#11723);
#11715 = ( BOUNDED_CURVE() B_SPLINE_CURVE(2,(#11716,#11717,#11718,#11719
    ,#11720,#11721,#11722),.UNSPECIFIED.,.T.,.F.) 
B_SPLINE_CURVE_WITH_KNOTS((1,2,2,2,2,1),(-2.094395102393,0.,
    2.094395102393,4.188790204786,6.28318530718,8.377580409573),
.UNSPECIFIED.) CURVE() GEOMETRIC_REPRESENTATION_ITEM() 
RATIONAL_B_SPLINE_CURVE((1.,0.5,1.,0.5,1.,0.5,1.)) REPRESENTATION_ITEM(
  '') );
#11716 = CARTESIAN_POINT('',(0.55,0.));
#11717 = CARTESIAN_POINT('',(0.55,-0.952627944163));
#11718 = CARTESIAN_POINT('',(-0.275,-0.476313972081));
#11719 = CARTESIAN_POINT('',(-1.1,-1.347111479062E-16));
#11720 = CARTESIAN_POINT('',(-0.275,0.476313972081));
#11721 = CARTESIAN_POINT('',(0.55,0.952627944163));
#11722 = CARTESIAN_POINT('',(0.55,0.));
#11723 = ( GEOMETRIC_REPRESENTATION_CONTEXT(2) 
PARAMETRIC_REPRESENTATION_CONTEXT() REPRESENTATION_CONTEXT('2D SPACE',''
  ) );
#11724 = PCURVE('',#11725,#11730);
#11725 = CYLINDRICAL_SURFACE('',#11726,0.55);
#11726 = AXIS2_PLACEMENT_3D('',#11727,#11728,#11729);
#11727 = CARTESIAN_POINT('',(25.,58.5,1.4));
#11728 = DIRECTION('',(-0.,-0.,-1.));
#11729 = DIRECTION('',(1.,0.,0.));
#11730 = DEFINITIONAL_REPRESENTATION('',(#11731),#11735);
#11731 = LINE('',#11732,#11733);
#11732 = CARTESIAN_POINT('',(-6.28318530718,-2.95));
#11733 = VECTOR('',#11734,1.);
#11734 = DIRECTION('',(1.,-0.));
#11735 = ( GEOMETRIC_REPRESENTATION_CONTEXT(2) 
PARAMETRIC_REPRESENTATION_CONTEXT() REPRESENTATION_CONTEXT('2D SPACE',''
  ) );
#11736 = ADVANCED_FACE('',(#11737,#11741),#6160,.T.);
#11737 = FACE_BOUND('',#11738,.T.);
#11738 = EDGE_LOOP('',(#11739,#11740));
#11739 = ORIENTED_EDGE('',*,*,#6143,.T.);
#11740 = ORIENTED_EDGE('',*,*,#9427,.F.);
#11741 = FACE_BOUND('',#11742,.T.);
#11742 = EDGE_LOOP('',(#11743));
#11743 = ORIENTED_EDGE('',*,*,#11744,.T.);
#11744 = EDGE_CURVE('',#11745,#11745,#11747,.T.);
#11745 = VERTEX_POINT('',#11746);
#11746 = CARTESIAN_POINT('',(-24.45,58.5,4.35));
#11747 = SURFACE_CURVE('',#11748,(#11753,#11764),.PCURVE_S1.);
#11748 = CIRCLE('',#11749,0.55);
#11749 = AXIS2_PLACEMENT_3D('',#11750,#11751,#11752);
#11750 = CARTESIAN_POINT('',(-25.,58.5,4.35));
#11751 = DIRECTION('',(0.,0.,-1.));
#11752 = DIRECTION('',(1.,0.,0.));
#11753 = PCURVE('',#6160,#11754);
#11754 = DEFINITIONAL_REPRESENTATION('',(#11755),#11763);
#11755 = ( BOUNDED_CURVE() B_SPLINE_CURVE(2,(#11756,#11757,#11758,#11759
    ,#11760,#11761,#11762),.UNSPECIFIED.,.T.,.F.) 
B_SPLINE_CURVE_WITH_KNOTS((1,2,2,2,2,1),(-2.094395102393,0.,
    2.094395102393,4.188790204786,6.28318530718,8.377580409573),
.UNSPECIFIED.) CURVE() GEOMETRIC_REPRESENTATION_ITEM() 
RATIONAL_B_SPLINE_CURVE((1.,0.5,1.,0.5,1.,0.5,1.)) REPRESENTATION_ITEM(
  '') );
#11756 = CARTESIAN_POINT('',(0.55,0.));
#11757 = CARTESIAN_POINT('',(0.55,-0.952627944163));
#11758 = CARTESIAN_POINT('',(-0.275,-0.476313972081));
#11759 = CARTESIAN_POINT('',(-1.1,-1.347111479062E-16));
#11760 = CARTESIAN_POINT('',(-0.275,0.476313972081));
#11761 = CARTESIAN_POINT('',(0.55,0.952627944163));
#11762 = CARTESIAN_POINT('',(0.55,0.));
#11763 = ( GEOMETRIC_REPRESENTATION_CONTEXT(2) 
PARAMETRIC_REPRESENTATION_CONTEXT() REPRESENTATION_CONTEXT('2D SPACE',''
  ) );
#11764 = PCURVE('',#11765,#11770);
#11765 = CYLINDRICAL_SURFACE('',#11766,0.55);
#11766 = AXIS2_PLACEMENT_3D('',#11767,#11768,#11769);
#11767 = CARTESIAN_POINT('',(-25.,58.5,1.4));
#11768 = DIRECTION('',(-0.,-0.,-1.));
#11769 = DIRECTION('',(1.,0.,0.));
#11770 = DEFINITIONAL_REPRESENTATION('',(#11771),#11775);
#11771 = LINE('',#11772,#11773);
#11772 = CARTESIAN_POINT('',(-6.28318530718,-2.95));
#11773 = VECTOR('',#11774,1.);
#11774 = DIRECTION('',(1.,-0.));
#11775 = ( GEOMETRIC_REPRESENTATION_CONTEXT(2) 
PARAMETRIC_REPRESENTATION_CONTEXT() REPRESENTATION_CONTEXT('2D SPACE',''
  ) );
#11776 = ADVANCED_FACE('',(#11777),#6259,.T.);
#11777 = FACE_BOUND('',#11778,.T.);
#11778 = EDGE_LOOP('',(#11779,#11780,#11781,#11782,#11783));
#11779 = ORIENTED_EDGE('',*,*,#9530,.F.);
#11780 = ORIENTED_EDGE('',*,*,#6242,.T.);
#11781 = ORIENTED_EDGE('',*,*,#6385,.T.);
#11782 = ORIENTED_EDGE('',*,*,#10041,.T.);
#11783 = ORIENTED_EDGE('',*,*,#9476,.T.);
#11784 = ADVANCED_FACE('',(#11785),#6442,.T.);
#11785 = FACE_BOUND('',#11786,.T.);
#11786 = EDGE_LOOP('',(#11787,#11788,#11789,#11790));
#11787 = ORIENTED_EDGE('',*,*,#6475,.F.);
#11788 = ORIENTED_EDGE('',*,*,#6547,.F.);
#11789 = ORIENTED_EDGE('',*,*,#6795,.T.);
#11790 = ORIENTED_EDGE('',*,*,#6427,.F.);
#11791 = ADVANCED_FACE('',(#11792),#6333,.T.);
#11792 = FACE_BOUND('',#11793,.T.);
#11793 = EDGE_LOOP('',(#11794,#11795,#11796,#11797,#11798,#11799));
#11794 = ORIENTED_EDGE('',*,*,#10014,.F.);
#11795 = ORIENTED_EDGE('',*,*,#6318,.T.);
#11796 = ORIENTED_EDGE('',*,*,#6822,.T.);
#11797 = ORIENTED_EDGE('',*,*,#6869,.T.);
#11798 = ORIENTED_EDGE('',*,*,#9863,.T.);
#11799 = ORIENTED_EDGE('',*,*,#9962,.T.);
#11800 = ADVANCED_FACE('',(#11801),#6591,.F.);
#11801 = FACE_BOUND('',#11802,.F.);
#11802 = EDGE_LOOP('',(#11803,#11824,#11825,#11846));
#11803 = ORIENTED_EDGE('',*,*,#11804,.F.);
#11804 = EDGE_CURVE('',#10562,#6573,#11805,.T.);
#11805 = SURFACE_CURVE('',#11806,(#11810,#11817),.PCURVE_S1.);
#11806 = LINE('',#11807,#11808);
#11807 = CARTESIAN_POINT('',(-36.,23.25,6.05));
#11808 = VECTOR('',#11809,1.);
#11809 = DIRECTION('',(1.,0.,-2.22044604925E-16));
#11810 = PCURVE('',#6591,#11811);
#11811 = DEFINITIONAL_REPRESENTATION('',(#11812),#11816);
#11812 = LINE('',#11813,#11814);
#11813 = CARTESIAN_POINT('',(0.,0.));
#11814 = VECTOR('',#11815,1.);
#11815 = DIRECTION('',(0.,1.));
#11816 = ( GEOMETRIC_REPRESENTATION_CONTEXT(2) 
PARAMETRIC_REPRESENTATION_CONTEXT() REPRESENTATION_CONTEXT('2D SPACE',''
  ) );
#11817 = PCURVE('',#6618,#11818);
#11818 = DEFINITIONAL_REPRESENTATION('',(#11819),#11823);
#11819 = LINE('',#11820,#11821);
#11820 = CARTESIAN_POINT('',(-8.881784197001E-17,-0.4));
#11821 = VECTOR('',#11822,1.);
#11822 = DIRECTION('',(1.,2.22044604925E-16));
#11823 = ( GEOMETRIC_REPRESENTATION_CONTEXT(2) 
PARAMETRIC_REPRESENTATION_CONTEXT() REPRESENTATION_CONTEXT('2D SPACE',''
  ) );
#11824 = ORIENTED_EDGE('',*,*,#10561,.T.);
#11825 = ORIENTED_EDGE('',*,*,#11826,.T.);
#11826 = EDGE_CURVE('',#10564,#6575,#11827,.T.);
#11827 = SURFACE_CURVE('',#11828,(#11832,#11839),.PCURVE_S1.);
#11828 = LINE('',#11829,#11830);
#11829 = CARTESIAN_POINT('',(-36.,23.65,5.65));
#11830 = VECTOR('',#11831,1.);
#11831 = DIRECTION('',(1.,0.,-2.22044604925E-16));
#11832 = PCURVE('',#6591,#11833);
#11833 = DEFINITIONAL_REPRESENTATION('',(#11834),#11838);
#11834 = LINE('',#11835,#11836);
#11835 = CARTESIAN_POINT('',(1.570796326795,0.));
#11836 = VECTOR('',#11837,1.);
#11837 = DIRECTION('',(0.,1.));
#11838 = ( GEOMETRIC_REPRESENTATION_CONTEXT(2) 
PARAMETRIC_REPRESENTATION_CONTEXT() REPRESENTATION_CONTEXT('2D SPACE',''
  ) );
#11839 = PCURVE('',#6781,#11840);
#11840 = DEFINITIONAL_REPRESENTATION('',(#11841),#11845);
#11841 = LINE('',#11842,#11843);
#11842 = CARTESIAN_POINT('',(0.,0.4));
#11843 = VECTOR('',#11844,1.);
#11844 = DIRECTION('',(1.,-2.22044604925E-16));
#11845 = ( GEOMETRIC_REPRESENTATION_CONTEXT(2) 
PARAMETRIC_REPRESENTATION_CONTEXT() REPRESENTATION_CONTEXT('2D SPACE',''
  ) );
#11846 = ORIENTED_EDGE('',*,*,#6572,.F.);
#11847 = ADVANCED_FACE('',(#11848),#6781,.T.);
#11848 = FACE_BOUND('',#11849,.T.);
#11849 = EDGE_LOOP('',(#11850,#11871,#11872,#11873));
#11850 = ORIENTED_EDGE('',*,*,#11851,.F.);
#11851 = EDGE_CURVE('',#10699,#6740,#11852,.T.);
#11852 = SURFACE_CURVE('',#11853,(#11857,#11864),.PCURVE_S1.);
#11853 = LINE('',#11854,#11855);
#11854 = CARTESIAN_POINT('',(-36.,34.35,5.65));
#11855 = VECTOR('',#11856,1.);
#11856 = DIRECTION('',(1.,0.,-2.22044604925E-16));
#11857 = PCURVE('',#6781,#11858);
#11858 = DEFINITIONAL_REPRESENTATION('',(#11859),#11863);
#11859 = LINE('',#11860,#11861);
#11860 = CARTESIAN_POINT('',(-5.916456789158E-31,11.1));
#11861 = VECTOR('',#11862,1.);
#11862 = DIRECTION('',(1.,-2.22044604925E-16));
#11863 = ( GEOMETRIC_REPRESENTATION_CONTEXT(2) 
PARAMETRIC_REPRESENTATION_CONTEXT() REPRESENTATION_CONTEXT('2D SPACE',''
  ) );
#11864 = PCURVE('',#6756,#11865);
#11865 = DEFINITIONAL_REPRESENTATION('',(#11866),#11870);
#11866 = LINE('',#11867,#11868);
#11867 = CARTESIAN_POINT('',(-1.570796326795,0.));
#11868 = VECTOR('',#11869,1.);
#11869 = DIRECTION('',(-0.,1.));
#11870 = ( GEOMETRIC_REPRESENTATION_CONTEXT(2) 
PARAMETRIC_REPRESENTATION_CONTEXT() REPRESENTATION_CONTEXT('2D SPACE',''
  ) );
#11871 = ORIENTED_EDGE('',*,*,#10722,.F.);
#11872 = ORIENTED_EDGE('',*,*,#11826,.T.);
#11873 = ORIENTED_EDGE('',*,*,#6768,.F.);
#11874 = ADVANCED_FACE('',(#11875),#6756,.F.);
#11875 = FACE_BOUND('',#11876,.T.);
#11876 = EDGE_LOOP('',(#11877,#11898,#11899,#11900));
#11877 = ORIENTED_EDGE('',*,*,#11878,.F.);
#11878 = EDGE_CURVE('',#10678,#6714,#11879,.T.);
#11879 = SURFACE_CURVE('',#11880,(#11884,#11891),.PCURVE_S1.);
#11880 = LINE('',#11881,#11882);
#11881 = CARTESIAN_POINT('',(-36.,34.75,6.05));
#11882 = VECTOR('',#11883,1.);
#11883 = DIRECTION('',(1.,0.,-2.22044604925E-16));
#11884 = PCURVE('',#6756,#11885);
#11885 = DEFINITIONAL_REPRESENTATION('',(#11886),#11890);
#11886 = LINE('',#11887,#11888);
#11887 = CARTESIAN_POINT('',(-0.,0.));
#11888 = VECTOR('',#11889,1.);
#11889 = DIRECTION('',(-0.,1.));
#11890 = ( GEOMETRIC_REPRESENTATION_CONTEXT(2) 
PARAMETRIC_REPRESENTATION_CONTEXT() REPRESENTATION_CONTEXT('2D SPACE',''
  ) );
#11891 = PCURVE('',#6728,#11892);
#11892 = DEFINITIONAL_REPRESENTATION('',(#11893),#11897);
#11893 = LINE('',#11894,#11895);
#11894 = CARTESIAN_POINT('',(-8.881784197001E-17,-0.4));
#11895 = VECTOR('',#11896,1.);
#11896 = DIRECTION('',(1.,2.22044604925E-16));
#11897 = ( GEOMETRIC_REPRESENTATION_CONTEXT(2) 
PARAMETRIC_REPRESENTATION_CONTEXT() REPRESENTATION_CONTEXT('2D SPACE',''
  ) );
#11898 = ORIENTED_EDGE('',*,*,#10698,.F.);
#11899 = ORIENTED_EDGE('',*,*,#11851,.T.);
#11900 = ORIENTED_EDGE('',*,*,#6739,.T.);
#11901 = ADVANCED_FACE('',(#11902),#6728,.F.);
#11902 = FACE_BOUND('',#11903,.F.);
#11903 = EDGE_LOOP('',(#11904,#11905,#11906,#11907));
#11904 = ORIENTED_EDGE('',*,*,#6713,.F.);
#11905 = ORIENTED_EDGE('',*,*,#11878,.F.);
#11906 = ORIENTED_EDGE('',*,*,#10677,.F.);
#11907 = ORIENTED_EDGE('',*,*,#11908,.T.);
#11908 = EDGE_CURVE('',#10654,#6685,#11909,.T.);
#11909 = SURFACE_CURVE('',#11910,(#11914,#11921),.PCURVE_S1.);
#11910 = LINE('',#11911,#11912);
#11911 = CARTESIAN_POINT('',(-36.,34.75,6.75));
#11912 = VECTOR('',#11913,1.);
#11913 = DIRECTION('',(1.,0.,-2.22044604925E-16));
#11914 = PCURVE('',#6728,#11915);
#11915 = DEFINITIONAL_REPRESENTATION('',(#11916),#11920);
#11916 = LINE('',#11917,#11918);
#11917 = CARTESIAN_POINT('',(-2.442490654175E-16,-1.1));
#11918 = VECTOR('',#11919,1.);
#11919 = DIRECTION('',(1.,2.22044604925E-16));
#11920 = ( GEOMETRIC_REPRESENTATION_CONTEXT(2) 
PARAMETRIC_REPRESENTATION_CONTEXT() REPRESENTATION_CONTEXT('2D SPACE',''
  ) );
#11921 = PCURVE('',#6701,#11922);
#11922 = DEFINITIONAL_REPRESENTATION('',(#11923),#11927);
#11923 = LINE('',#11924,#11925);
#11924 = CARTESIAN_POINT('',(0.,0.));
#11925 = VECTOR('',#11926,1.);
#11926 = DIRECTION('',(0.,1.));
#11927 = ( GEOMETRIC_REPRESENTATION_CONTEXT(2) 
PARAMETRIC_REPRESENTATION_CONTEXT() REPRESENTATION_CONTEXT('2D SPACE',''
  ) );
#11928 = ADVANCED_FACE('',(#11929),#6701,.F.);
#11929 = FACE_BOUND('',#11930,.F.);
#11930 = EDGE_LOOP('',(#11931,#11932,#11933,#11954));
#11931 = ORIENTED_EDGE('',*,*,#11908,.F.);
#11932 = ORIENTED_EDGE('',*,*,#10653,.T.);
#11933 = ORIENTED_EDGE('',*,*,#11934,.T.);
#11934 = EDGE_CURVE('',#10633,#6659,#11935,.T.);
#11935 = SURFACE_CURVE('',#11936,(#11940,#11947),.PCURVE_S1.);
#11936 = LINE('',#11937,#11938);
#11937 = CARTESIAN_POINT('',(-36.,34.35,7.15));
#11938 = VECTOR('',#11939,1.);
#11939 = DIRECTION('',(1.,0.,-2.22044604925E-16));
#11940 = PCURVE('',#6701,#11941);
#11941 = DEFINITIONAL_REPRESENTATION('',(#11942),#11946);
#11942 = LINE('',#11943,#11944);
#11943 = CARTESIAN_POINT('',(1.570796326795,0.));
#11944 = VECTOR('',#11945,1.);
#11945 = DIRECTION('',(0.,1.));
#11946 = ( GEOMETRIC_REPRESENTATION_CONTEXT(2) 
PARAMETRIC_REPRESENTATION_CONTEXT() REPRESENTATION_CONTEXT('2D SPACE',''
  ) );
#11947 = PCURVE('',#6673,#11948);
#11948 = DEFINITIONAL_REPRESENTATION('',(#11949),#11953);
#11949 = LINE('',#11950,#11951);
#11950 = CARTESIAN_POINT('',(-5.916456789158E-31,11.1));
#11951 = VECTOR('',#11952,1.);
#11952 = DIRECTION('',(1.,-2.22044604925E-16));
#11953 = ( GEOMETRIC_REPRESENTATION_CONTEXT(2) 
PARAMETRIC_REPRESENTATION_CONTEXT() REPRESENTATION_CONTEXT('2D SPACE',''
  ) );
#11954 = ORIENTED_EDGE('',*,*,#6684,.F.);
#11955 = ADVANCED_FACE('',(#11956),#6673,.F.);
#11956 = FACE_BOUND('',#11957,.F.);
#11957 = EDGE_LOOP('',(#11958,#11959,#11960,#11981));
#11958 = ORIENTED_EDGE('',*,*,#11934,.F.);
#11959 = ORIENTED_EDGE('',*,*,#10632,.F.);
#11960 = ORIENTED_EDGE('',*,*,#11961,.T.);
#11961 = EDGE_CURVE('',#10609,#6630,#11962,.T.);
#11962 = SURFACE_CURVE('',#11963,(#11967,#11974),.PCURVE_S1.);
#11963 = LINE('',#11964,#11965);
#11964 = CARTESIAN_POINT('',(-36.,23.65,7.15));
#11965 = VECTOR('',#11966,1.);
#11966 = DIRECTION('',(1.,0.,-2.22044604925E-16));
#11967 = PCURVE('',#6673,#11968);
#11968 = DEFINITIONAL_REPRESENTATION('',(#11969),#11973);
#11969 = LINE('',#11970,#11971);
#11970 = CARTESIAN_POINT('',(0.,0.4));
#11971 = VECTOR('',#11972,1.);
#11972 = DIRECTION('',(1.,-2.22044604925E-16));
#11973 = ( GEOMETRIC_REPRESENTATION_CONTEXT(2) 
PARAMETRIC_REPRESENTATION_CONTEXT() REPRESENTATION_CONTEXT('2D SPACE',''
  ) );
#11974 = PCURVE('',#6646,#11975);
#11975 = DEFINITIONAL_REPRESENTATION('',(#11976),#11980);
#11976 = LINE('',#11977,#11978);
#11977 = CARTESIAN_POINT('',(-1.570796326795,0.));
#11978 = VECTOR('',#11979,1.);
#11979 = DIRECTION('',(-0.,1.));
#11980 = ( GEOMETRIC_REPRESENTATION_CONTEXT(2) 
PARAMETRIC_REPRESENTATION_CONTEXT() REPRESENTATION_CONTEXT('2D SPACE',''
  ) );
#11981 = ORIENTED_EDGE('',*,*,#6658,.F.);
#11982 = ADVANCED_FACE('',(#11983),#6646,.F.);
#11983 = FACE_BOUND('',#11984,.T.);
#11984 = EDGE_LOOP('',(#11985,#12006,#12007,#12008));
#11985 = ORIENTED_EDGE('',*,*,#11986,.F.);
#11986 = EDGE_CURVE('',#10588,#6604,#11987,.T.);
#11987 = SURFACE_CURVE('',#11988,(#11992,#11999),.PCURVE_S1.);
#11988 = LINE('',#11989,#11990);
#11989 = CARTESIAN_POINT('',(-36.,23.25,6.75));
#11990 = VECTOR('',#11991,1.);
#11991 = DIRECTION('',(1.,0.,-2.22044604925E-16));
#11992 = PCURVE('',#6646,#11993);
#11993 = DEFINITIONAL_REPRESENTATION('',(#11994),#11998);
#11994 = LINE('',#11995,#11996);
#11995 = CARTESIAN_POINT('',(-0.,0.));
#11996 = VECTOR('',#11997,1.);
#11997 = DIRECTION('',(-0.,1.));
#11998 = ( GEOMETRIC_REPRESENTATION_CONTEXT(2) 
PARAMETRIC_REPRESENTATION_CONTEXT() REPRESENTATION_CONTEXT('2D SPACE',''
  ) );
#11999 = PCURVE('',#6618,#12000);
#12000 = DEFINITIONAL_REPRESENTATION('',(#12001),#12005);
#12001 = LINE('',#12002,#12003);
#12002 = CARTESIAN_POINT('',(-2.442490654175E-16,-1.1));
#12003 = VECTOR('',#12004,1.);
#12004 = DIRECTION('',(1.,2.22044604925E-16));
#12005 = ( GEOMETRIC_REPRESENTATION_CONTEXT(2) 
PARAMETRIC_REPRESENTATION_CONTEXT() REPRESENTATION_CONTEXT('2D SPACE',''
  ) );
#12006 = ORIENTED_EDGE('',*,*,#10608,.F.);
#12007 = ORIENTED_EDGE('',*,*,#11961,.T.);
#12008 = ORIENTED_EDGE('',*,*,#6629,.T.);
#12009 = ADVANCED_FACE('',(#12010),#6618,.T.);
#12010 = FACE_BOUND('',#12011,.T.);
#12011 = EDGE_LOOP('',(#12012,#12013,#12014,#12015));
#12012 = ORIENTED_EDGE('',*,*,#6603,.F.);
#12013 = ORIENTED_EDGE('',*,*,#11804,.F.);
#12014 = ORIENTED_EDGE('',*,*,#10587,.F.);
#12015 = ORIENTED_EDGE('',*,*,#11986,.T.);
#12016 = ADVANCED_FACE('',(#12017),#7092,.T.);
#12017 = FACE_BOUND('',#12018,.T.);
#12018 = EDGE_LOOP('',(#12019,#12020,#12021,#12022,#12023,#12024,#12025,
    #12026,#12045,#12046,#12047,#12048));
#12019 = ORIENTED_EDGE('',*,*,#9836,.F.);
#12020 = ORIENTED_EDGE('',*,*,#7145,.T.);
#12021 = ORIENTED_EDGE('',*,*,#9308,.T.);
#12022 = ORIENTED_EDGE('',*,*,#9353,.F.);
#12023 = ORIENTED_EDGE('',*,*,#9402,.F.);
#12024 = ORIENTED_EDGE('',*,*,#7077,.T.);
#12025 = ORIENTED_EDGE('',*,*,#8854,.F.);
#12026 = ORIENTED_EDGE('',*,*,#12027,.T.);
#12027 = EDGE_CURVE('',#8855,#9579,#12028,.T.);
#12028 = SURFACE_CURVE('',#12029,(#12033,#12039),.PCURVE_S1.);
#12029 = LINE('',#12030,#12031);
#12030 = CARTESIAN_POINT('',(8.1,-6.525,1.75));
#12031 = VECTOR('',#12032,1.);
#12032 = DIRECTION('',(0.,1.,0.));
#12033 = PCURVE('',#7092,#12034);
#12034 = DEFINITIONAL_REPRESENTATION('',(#12035),#12038);
#12035 = B_SPLINE_CURVE_WITH_KNOTS('',1,(#12036,#12037),.UNSPECIFIED.,
  .F.,.F.,(2,2),(-13.325,-10.475),.PIECEWISE_BEZIER_KNOTS.);
#12036 = CARTESIAN_POINT('',(39.1,-26.8));
#12037 = CARTESIAN_POINT('',(39.1,-23.95));
#12038 = ( GEOMETRIC_REPRESENTATION_CONTEXT(2) 
PARAMETRIC_REPRESENTATION_CONTEXT() REPRESENTATION_CONTEXT('2D SPACE',''
  ) );
#12039 = PCURVE('',#8892,#12040);
#12040 = DEFINITIONAL_REPRESENTATION('',(#12041),#12044);
#12041 = B_SPLINE_CURVE_WITH_KNOTS('',1,(#12042,#12043),.UNSPECIFIED.,
  .F.,.F.,(2,2),(-13.325,-10.475),.PIECEWISE_BEZIER_KNOTS.);
#12042 = CARTESIAN_POINT('',(0.95,-0.15));
#12043 = CARTESIAN_POINT('',(0.95,-3.));
#12044 = ( GEOMETRIC_REPRESENTATION_CONTEXT(2) 
PARAMETRIC_REPRESENTATION_CONTEXT() REPRESENTATION_CONTEXT('2D SPACE',''
  ) );
#12045 = ORIENTED_EDGE('',*,*,#9578,.F.);
#12046 = ORIENTED_EDGE('',*,*,#9689,.T.);
#12047 = ORIENTED_EDGE('',*,*,#9738,.T.);
#12048 = ORIENTED_EDGE('',*,*,#9810,.T.);
#12049 = ADVANCED_FACE('',(#12050),#7023,.T.);
#12050 = FACE_BOUND('',#12051,.T.);
#12051 = EDGE_LOOP('',(#12052,#12053,#12054,#12055,#12056,#12057,#12058,
    #12059,#12060,#12079,#12080,#12081,#12082,#12083,#12102,#12103,
    #12104,#12105));
#12052 = ORIENTED_EDGE('',*,*,#8219,.F.);
#12053 = ORIENTED_EDGE('',*,*,#7215,.T.);
#12054 = ORIENTED_EDGE('',*,*,#8098,.T.);
#12055 = ORIENTED_EDGE('',*,*,#7332,.T.);
#12056 = ORIENTED_EDGE('',*,*,#9232,.T.);
#12057 = ORIENTED_EDGE('',*,*,#9282,.T.);
#12058 = ORIENTED_EDGE('',*,*,#8553,.F.);
#12059 = ORIENTED_EDGE('',*,*,#8600,.T.);
#12060 = ORIENTED_EDGE('',*,*,#12061,.T.);
#12061 = EDGE_CURVE('',#8601,#8413,#12062,.T.);
#12062 = SURFACE_CURVE('',#12063,(#12067,#12073),.PCURVE_S1.);
#12063 = LINE('',#12064,#12065);
#12064 = CARTESIAN_POINT('',(-17.15,-22.,1.75));
#12065 = VECTOR('',#12066,1.);
#12066 = DIRECTION('',(-1.,0.,0.));
#12067 = PCURVE('',#7023,#12068);
#12068 = DEFINITIONAL_REPRESENTATION('',(#12069),#12072);
#12069 = B_SPLINE_CURVE_WITH_KNOTS('',1,(#12070,#12071),.UNSPECIFIED.,
  .F.,.F.,(2,2),(-15.25,-14.15),.PIECEWISE_BEZIER_KNOTS.);
#12070 = CARTESIAN_POINT('',(29.4,37.9));
#12071 = CARTESIAN_POINT('',(28.3,37.9));
#12072 = ( GEOMETRIC_REPRESENTATION_CONTEXT(2) 
PARAMETRIC_REPRESENTATION_CONTEXT() REPRESENTATION_CONTEXT('2D SPACE',''
  ) );
#12073 = PCURVE('',#8490,#12074);
#12074 = DEFINITIONAL_REPRESENTATION('',(#12075),#12078);
#12075 = B_SPLINE_CURVE_WITH_KNOTS('',1,(#12076,#12077),.UNSPECIFIED.,
  .F.,.F.,(2,2),(-15.25,-14.15),.PIECEWISE_BEZIER_KNOTS.);
#12076 = CARTESIAN_POINT('',(0.95,1.1));
#12077 = CARTESIAN_POINT('',(0.95,0.));
#12078 = ( GEOMETRIC_REPRESENTATION_CONTEXT(2) 
PARAMETRIC_REPRESENTATION_CONTEXT() REPRESENTATION_CONTEXT('2D SPACE',''
  ) );
#12079 = ORIENTED_EDGE('',*,*,#8410,.F.);
#12080 = ORIENTED_EDGE('',*,*,#8506,.F.);
#12081 = ORIENTED_EDGE('',*,*,#8244,.T.);
#12082 = ORIENTED_EDGE('',*,*,#8313,.T.);
#12083 = ORIENTED_EDGE('',*,*,#12084,.T.);
#12084 = EDGE_CURVE('',#8314,#8786,#12085,.T.);
#12085 = SURFACE_CURVE('',#12086,(#12090,#12096),.PCURVE_S1.);
#12086 = LINE('',#12087,#12088);
#12087 = CARTESIAN_POINT('',(-3.,-40.95,1.75));
#12088 = VECTOR('',#12089,1.);
#12089 = DIRECTION('',(0.,1.,0.));
#12090 = PCURVE('',#7023,#12091);
#12091 = DEFINITIONAL_REPRESENTATION('',(#12092),#12095);
#12092 = B_SPLINE_CURVE_WITH_KNOTS('',1,(#12093,#12094),.UNSPECIFIED.,
  .F.,.F.,(2,2),(18.95,19.85),.PIECEWISE_BEZIER_KNOTS.);
#12093 = CARTESIAN_POINT('',(28.3,37.9));
#12094 = CARTESIAN_POINT('',(28.3,38.8));
#12095 = ( GEOMETRIC_REPRESENTATION_CONTEXT(2) 
PARAMETRIC_REPRESENTATION_CONTEXT() REPRESENTATION_CONTEXT('2D SPACE',''
  ) );
#12096 = PCURVE('',#8351,#12097);
#12097 = DEFINITIONAL_REPRESENTATION('',(#12098),#12101);
#12098 = B_SPLINE_CURVE_WITH_KNOTS('',1,(#12099,#12100),.UNSPECIFIED.,
  .F.,.F.,(2,2),(18.95,19.85),.PIECEWISE_BEZIER_KNOTS.);
#12099 = CARTESIAN_POINT('',(0.95,0.));
#12100 = CARTESIAN_POINT('',(0.95,-0.9));
#12101 = ( GEOMETRIC_REPRESENTATION_CONTEXT(2) 
PARAMETRIC_REPRESENTATION_CONTEXT() REPRESENTATION_CONTEXT('2D SPACE',''
  ) );
#12102 = ORIENTED_EDGE('',*,*,#8785,.F.);
#12103 = ORIENTED_EDGE('',*,*,#7008,.T.);
#12104 = ORIENTED_EDGE('',*,*,#8125,.T.);
#12105 = ORIENTED_EDGE('',*,*,#8170,.F.);
#12106 = ADVANCED_FACE('',(#12107),#7522,.T.);
#12107 = FACE_BOUND('',#12108,.T.);
#12108 = EDGE_LOOP('',(#12109,#12110,#12111,#12112,#12113));
#12109 = ORIENTED_EDGE('',*,*,#9203,.F.);
#12110 = ORIENTED_EDGE('',*,*,#7505,.T.);
#12111 = ORIENTED_EDGE('',*,*,#7582,.T.);
#12112 = ORIENTED_EDGE('',*,*,#9105,.T.);
#12113 = ORIENTED_EDGE('',*,*,#9178,.F.);
#12114 = ADVANCED_FACE('',(#12115),#7676,.F.);
#12115 = FACE_BOUND('',#12116,.F.);
#12116 = EDGE_LOOP('',(#12117,#12140,#12168,#12189));
#12117 = ORIENTED_EDGE('',*,*,#12118,.F.);
#12118 = EDGE_CURVE('',#12119,#7660,#12121,.T.);
#12119 = VERTEX_POINT('',#12120);
#12120 = CARTESIAN_POINT('',(14.8591527,-63.,7.52248296));
#12121 = SURFACE_CURVE('',#12122,(#12126,#12133),.PCURVE_S1.);
#12122 = LINE('',#12123,#12124);
#12123 = CARTESIAN_POINT('',(14.8591527,-63.,7.52248296));
#12124 = VECTOR('',#12125,1.);
#12125 = DIRECTION('',(0.,1.,0.));
#12126 = PCURVE('',#7676,#12127);
#12127 = DEFINITIONAL_REPRESENTATION('',(#12128),#12132);
#12128 = LINE('',#12129,#12130);
#12129 = CARTESIAN_POINT('',(0.,0.));
#12130 = VECTOR('',#12131,1.);
#12131 = DIRECTION('',(0.,1.));
#12132 = ( GEOMETRIC_REPRESENTATION_CONTEXT(2) 
PARAMETRIC_REPRESENTATION_CONTEXT() REPRESENTATION_CONTEXT('2D SPACE',''
  ) );
#12133 = PCURVE('',#7702,#12134);
#12134 = DEFINITIONAL_REPRESENTATION('',(#12135),#12139);
#12135 = LINE('',#12136,#12137);
#12136 = CARTESIAN_POINT('',(6.2,0.));
#12137 = VECTOR('',#12138,1.);
#12138 = DIRECTION('',(0.,-1.));
#12139 = ( GEOMETRIC_REPRESENTATION_CONTEXT(2) 
PARAMETRIC_REPRESENTATION_CONTEXT() REPRESENTATION_CONTEXT('2D SPACE',''
  ) );
#12140 = ORIENTED_EDGE('',*,*,#12141,.T.);
#12141 = EDGE_CURVE('',#12119,#12142,#12144,.T.);
#12142 = VERTEX_POINT('',#12143);
#12143 = CARTESIAN_POINT('',(22.8591527,-63.,7.52248296));
#12144 = SURFACE_CURVE('',#12145,(#12149,#12156),.PCURVE_S1.);
#12145 = LINE('',#12146,#12147);
#12146 = CARTESIAN_POINT('',(14.8591527,-63.,7.52248296));
#12147 = VECTOR('',#12148,1.);
#12148 = DIRECTION('',(1.,0.,0.));
#12149 = PCURVE('',#7676,#12150);
#12150 = DEFINITIONAL_REPRESENTATION('',(#12151),#12155);
#12151 = LINE('',#12152,#12153);
#12152 = CARTESIAN_POINT('',(0.,0.));
#12153 = VECTOR('',#12154,1.);
#12154 = DIRECTION('',(1.,0.));
#12155 = ( GEOMETRIC_REPRESENTATION_CONTEXT(2) 
PARAMETRIC_REPRESENTATION_CONTEXT() REPRESENTATION_CONTEXT('2D SPACE',''
  ) );
#12156 = PCURVE('',#12157,#12162);
#12157 = PLANE('',#12158);
#12158 = AXIS2_PLACEMENT_3D('',#12159,#12160,#12161);
#12159 = CARTESIAN_POINT('',(14.8591527,-63.,1.32248296));
#12160 = DIRECTION('',(0.,1.,0.));
#12161 = DIRECTION('',(0.,0.,1.));
#12162 = DEFINITIONAL_REPRESENTATION('',(#12163),#12167);
#12163 = LINE('',#12164,#12165);
#12164 = CARTESIAN_POINT('',(6.2,0.));
#12165 = VECTOR('',#12166,1.);
#12166 = DIRECTION('',(0.,1.));
#12167 = ( GEOMETRIC_REPRESENTATION_CONTEXT(2) 
PARAMETRIC_REPRESENTATION_CONTEXT() REPRESENTATION_CONTEXT('2D SPACE',''
  ) );
#12168 = ORIENTED_EDGE('',*,*,#12169,.T.);
#12169 = EDGE_CURVE('',#12142,#7662,#12170,.T.);
#12170 = SURFACE_CURVE('',#12171,(#12175,#12182),.PCURVE_S1.);
#12171 = LINE('',#12172,#12173);
#12172 = CARTESIAN_POINT('',(22.8591527,-63.,7.52248296));
#12173 = VECTOR('',#12174,1.);
#12174 = DIRECTION('',(0.,1.,0.));
#12175 = PCURVE('',#7676,#12176);
#12176 = DEFINITIONAL_REPRESENTATION('',(#12177),#12181);
#12177 = LINE('',#12178,#12179);
#12178 = CARTESIAN_POINT('',(8.,0.));
#12179 = VECTOR('',#12180,1.);
#12180 = DIRECTION('',(0.,1.));
#12181 = ( GEOMETRIC_REPRESENTATION_CONTEXT(2) 
PARAMETRIC_REPRESENTATION_CONTEXT() REPRESENTATION_CONTEXT('2D SPACE',''
  ) );
#12182 = PCURVE('',#7752,#12183);
#12183 = DEFINITIONAL_REPRESENTATION('',(#12184),#12188);
#12184 = LINE('',#12185,#12186);
#12185 = CARTESIAN_POINT('',(6.2,0.));
#12186 = VECTOR('',#12187,1.);
#12187 = DIRECTION('',(0.,-1.));
#12188 = ( GEOMETRIC_REPRESENTATION_CONTEXT(2) 
PARAMETRIC_REPRESENTATION_CONTEXT() REPRESENTATION_CONTEXT('2D SPACE',''
  ) );
#12189 = ORIENTED_EDGE('',*,*,#7659,.F.);
#12190 = ADVANCED_FACE('',(#12191),#7752,.F.);
#12191 = FACE_BOUND('',#12192,.F.);
#12192 = EDGE_LOOP('',(#12193,#12194,#12217,#12238));
#12193 = ORIENTED_EDGE('',*,*,#12169,.F.);
#12194 = ORIENTED_EDGE('',*,*,#12195,.F.);
#12195 = EDGE_CURVE('',#12196,#12142,#12198,.T.);
#12196 = VERTEX_POINT('',#12197);
#12197 = CARTESIAN_POINT('',(22.8591527,-63.,1.32248296));
#12198 = SURFACE_CURVE('',#12199,(#12203,#12210),.PCURVE_S1.);
#12199 = LINE('',#12200,#12201);
#12200 = CARTESIAN_POINT('',(22.8591527,-63.,1.32248296));
#12201 = VECTOR('',#12202,1.);
#12202 = DIRECTION('',(0.,0.,1.));
#12203 = PCURVE('',#7752,#12204);
#12204 = DEFINITIONAL_REPRESENTATION('',(#12205),#12209);
#12205 = LINE('',#12206,#12207);
#12206 = CARTESIAN_POINT('',(0.,0.));
#12207 = VECTOR('',#12208,1.);
#12208 = DIRECTION('',(1.,0.));
#12209 = ( GEOMETRIC_REPRESENTATION_CONTEXT(2) 
PARAMETRIC_REPRESENTATION_CONTEXT() REPRESENTATION_CONTEXT('2D SPACE',''
  ) );
#12210 = PCURVE('',#12157,#12211);
#12211 = DEFINITIONAL_REPRESENTATION('',(#12212),#12216);
#12212 = LINE('',#12213,#12214);
#12213 = CARTESIAN_POINT('',(0.,8.));
#12214 = VECTOR('',#12215,1.);
#12215 = DIRECTION('',(1.,0.));
#12216 = ( GEOMETRIC_REPRESENTATION_CONTEXT(2) 
PARAMETRIC_REPRESENTATION_CONTEXT() REPRESENTATION_CONTEXT('2D SPACE',''
  ) );
#12217 = ORIENTED_EDGE('',*,*,#12218,.T.);
#12218 = EDGE_CURVE('',#12196,#7714,#12219,.T.);
#12219 = SURFACE_CURVE('',#12220,(#12224,#12231),.PCURVE_S1.);
#12220 = LINE('',#12221,#12222);
#12221 = CARTESIAN_POINT('',(22.8591527,-63.,1.32248296));
#12222 = VECTOR('',#12223,1.);
#12223 = DIRECTION('',(0.,1.,0.));
#12224 = PCURVE('',#7752,#12225);
#12225 = DEFINITIONAL_REPRESENTATION('',(#12226),#12230);
#12226 = LINE('',#12227,#12228);
#12227 = CARTESIAN_POINT('',(0.,0.));
#12228 = VECTOR('',#12229,1.);
#12229 = DIRECTION('',(0.,-1.));
#12230 = ( GEOMETRIC_REPRESENTATION_CONTEXT(2) 
PARAMETRIC_REPRESENTATION_CONTEXT() REPRESENTATION_CONTEXT('2D SPACE',''
  ) );
#12231 = PCURVE('',#7728,#12232);
#12232 = DEFINITIONAL_REPRESENTATION('',(#12233),#12237);
#12233 = LINE('',#12234,#12235);
#12234 = CARTESIAN_POINT('',(8.,0.));
#12235 = VECTOR('',#12236,1.);
#12236 = DIRECTION('',(0.,1.));
#12237 = ( GEOMETRIC_REPRESENTATION_CONTEXT(2) 
PARAMETRIC_REPRESENTATION_CONTEXT() REPRESENTATION_CONTEXT('2D SPACE',''
  ) );
#12238 = ORIENTED_EDGE('',*,*,#7739,.F.);
#12239 = ADVANCED_FACE('',(#12240),#7728,.T.);
#12240 = FACE_BOUND('',#12241,.T.);
#12241 = EDGE_LOOP('',(#12242,#12265,#12286,#12287));
#12242 = ORIENTED_EDGE('',*,*,#12243,.F.);
#12243 = EDGE_CURVE('',#12244,#7688,#12246,.T.);
#12244 = VERTEX_POINT('',#12245);
#12245 = CARTESIAN_POINT('',(14.8591527,-63.,1.32248296));
#12246 = SURFACE_CURVE('',#12247,(#12251,#12258),.PCURVE_S1.);
#12247 = LINE('',#12248,#12249);
#12248 = CARTESIAN_POINT('',(14.8591527,-63.,1.32248296));
#12249 = VECTOR('',#12250,1.);
#12250 = DIRECTION('',(0.,1.,0.));
#12251 = PCURVE('',#7728,#12252);
#12252 = DEFINITIONAL_REPRESENTATION('',(#12253),#12257);
#12253 = LINE('',#12254,#12255);
#12254 = CARTESIAN_POINT('',(0.,0.));
#12255 = VECTOR('',#12256,1.);
#12256 = DIRECTION('',(0.,1.));
#12257 = ( GEOMETRIC_REPRESENTATION_CONTEXT(2) 
PARAMETRIC_REPRESENTATION_CONTEXT() REPRESENTATION_CONTEXT('2D SPACE',''
  ) );
#12258 = PCURVE('',#7702,#12259);
#12259 = DEFINITIONAL_REPRESENTATION('',(#12260),#12264);
#12260 = LINE('',#12261,#12262);
#12261 = CARTESIAN_POINT('',(0.,0.));
#12262 = VECTOR('',#12263,1.);
#12263 = DIRECTION('',(0.,-1.));
#12264 = ( GEOMETRIC_REPRESENTATION_CONTEXT(2) 
PARAMETRIC_REPRESENTATION_CONTEXT() REPRESENTATION_CONTEXT('2D SPACE',''
  ) );
#12265 = ORIENTED_EDGE('',*,*,#12266,.T.);
#12266 = EDGE_CURVE('',#12244,#12196,#12267,.T.);
#12267 = SURFACE_CURVE('',#12268,(#12272,#12279),.PCURVE_S1.);
#12268 = LINE('',#12269,#12270);
#12269 = CARTESIAN_POINT('',(14.8591527,-63.,1.32248296));
#12270 = VECTOR('',#12271,1.);
#12271 = DIRECTION('',(1.,0.,0.));
#12272 = PCURVE('',#7728,#12273);
#12273 = DEFINITIONAL_REPRESENTATION('',(#12274),#12278);
#12274 = LINE('',#12275,#12276);
#12275 = CARTESIAN_POINT('',(0.,0.));
#12276 = VECTOR('',#12277,1.);
#12277 = DIRECTION('',(1.,0.));
#12278 = ( GEOMETRIC_REPRESENTATION_CONTEXT(2) 
PARAMETRIC_REPRESENTATION_CONTEXT() REPRESENTATION_CONTEXT('2D SPACE',''
  ) );
#12279 = PCURVE('',#12157,#12280);
#12280 = DEFINITIONAL_REPRESENTATION('',(#12281),#12285);
#12281 = LINE('',#12282,#12283);
#12282 = CARTESIAN_POINT('',(0.,0.));
#12283 = VECTOR('',#12284,1.);
#12284 = DIRECTION('',(0.,1.));
#12285 = ( GEOMETRIC_REPRESENTATION_CONTEXT(2) 
PARAMETRIC_REPRESENTATION_CONTEXT() REPRESENTATION_CONTEXT('2D SPACE',''
  ) );
#12286 = ORIENTED_EDGE('',*,*,#12218,.T.);
#12287 = ORIENTED_EDGE('',*,*,#7713,.F.);
#12288 = ADVANCED_FACE('',(#12289),#7702,.T.);
#12289 = FACE_BOUND('',#12290,.T.);
#12290 = EDGE_LOOP('',(#12291,#12292,#12313,#12314));
#12291 = ORIENTED_EDGE('',*,*,#12118,.F.);
#12292 = ORIENTED_EDGE('',*,*,#12293,.F.);
#12293 = EDGE_CURVE('',#12244,#12119,#12294,.T.);
#12294 = SURFACE_CURVE('',#12295,(#12299,#12306),.PCURVE_S1.);
#12295 = LINE('',#12296,#12297);
#12296 = CARTESIAN_POINT('',(14.8591527,-63.,1.32248296));
#12297 = VECTOR('',#12298,1.);
#12298 = DIRECTION('',(0.,0.,1.));
#12299 = PCURVE('',#7702,#12300);
#12300 = DEFINITIONAL_REPRESENTATION('',(#12301),#12305);
#12301 = LINE('',#12302,#12303);
#12302 = CARTESIAN_POINT('',(0.,0.));
#12303 = VECTOR('',#12304,1.);
#12304 = DIRECTION('',(1.,0.));
#12305 = ( GEOMETRIC_REPRESENTATION_CONTEXT(2) 
PARAMETRIC_REPRESENTATION_CONTEXT() REPRESENTATION_CONTEXT('2D SPACE',''
  ) );
#12306 = PCURVE('',#12157,#12307);
#12307 = DEFINITIONAL_REPRESENTATION('',(#12308),#12312);
#12308 = LINE('',#12309,#12310);
#12309 = CARTESIAN_POINT('',(0.,0.));
#12310 = VECTOR('',#12311,1.);
#12311 = DIRECTION('',(1.,0.));
#12312 = ( GEOMETRIC_REPRESENTATION_CONTEXT(2) 
PARAMETRIC_REPRESENTATION_CONTEXT() REPRESENTATION_CONTEXT('2D SPACE',''
  ) );
#12313 = ORIENTED_EDGE('',*,*,#12243,.T.);
#12314 = ORIENTED_EDGE('',*,*,#7687,.F.);
#12315 = ADVANCED_FACE('',(#12316,#12319),#7805,.T.);
#12316 = FACE_BOUND('',#12317,.T.);
#12317 = EDGE_LOOP('',(#12318));
#12318 = ORIENTED_EDGE('',*,*,#7790,.T.);
#12319 = FACE_BOUND('',#12320,.T.);
#12320 = EDGE_LOOP('',(#12321));
#12321 = ORIENTED_EDGE('',*,*,#12322,.F.);
#12322 = EDGE_CURVE('',#12323,#12323,#12325,.T.);
#12323 = VERTEX_POINT('',#12324);
#12324 = CARTESIAN_POINT('',(1.2,-61.,7.9));
#12325 = SURFACE_CURVE('',#12326,(#12331,#12338),.PCURVE_S1.);
#12326 = CIRCLE('',#12327,1.2);
#12327 = AXIS2_PLACEMENT_3D('',#12328,#12329,#12330);
#12328 = CARTESIAN_POINT('',(0.,-61.,7.9));
#12329 = DIRECTION('',(0.,0.,1.));
#12330 = DIRECTION('',(1.,0.,-0.));
#12331 = PCURVE('',#7805,#12332);
#12332 = DEFINITIONAL_REPRESENTATION('',(#12333),#12337);
#12333 = CIRCLE('',#12334,1.2);
#12334 = AXIS2_PLACEMENT_2D('',#12335,#12336);
#12335 = CARTESIAN_POINT('',(9.496112031524E-17,0.));
#12336 = DIRECTION('',(1.,0.));
#12337 = ( GEOMETRIC_REPRESENTATION_CONTEXT(2) 
PARAMETRIC_REPRESENTATION_CONTEXT() REPRESENTATION_CONTEXT('2D SPACE',''
  ) );
#12338 = PCURVE('',#12339,#12344);
#12339 = CONICAL_SURFACE('',#12340,0.8,0.785398163397);
#12340 = AXIS2_PLACEMENT_3D('',#12341,#12342,#12343);
#12341 = CARTESIAN_POINT('',(0.,-61.,7.5));
#12342 = DIRECTION('',(0.,0.,1.));
#12343 = DIRECTION('',(1.,0.,-0.));
#12344 = DEFINITIONAL_REPRESENTATION('',(#12345),#12349);
#12345 = LINE('',#12346,#12347);
#12346 = CARTESIAN_POINT('',(0.,0.4));
#12347 = VECTOR('',#12348,1.);
#12348 = DIRECTION('',(1.,0.));
#12349 = ( GEOMETRIC_REPRESENTATION_CONTEXT(2) 
PARAMETRIC_REPRESENTATION_CONTEXT() REPRESENTATION_CONTEXT('2D SPACE',''
  ) );
#12350 = ADVANCED_FACE('',(#12351,#12354),#7860,.T.);
#12351 = FACE_BOUND('',#12352,.T.);
#12352 = EDGE_LOOP('',(#12353));
#12353 = ORIENTED_EDGE('',*,*,#7845,.T.);
#12354 = FACE_BOUND('',#12355,.T.);
#12355 = EDGE_LOOP('',(#12356));
#12356 = ORIENTED_EDGE('',*,*,#12357,.F.);
#12357 = EDGE_CURVE('',#12358,#12358,#12360,.T.);
#12358 = VERTEX_POINT('',#12359);
#12359 = CARTESIAN_POINT('',(30.2,-26.,7.9));
#12360 = SURFACE_CURVE('',#12361,(#12366,#12373),.PCURVE_S1.);
#12361 = CIRCLE('',#12362,1.2);
#12362 = AXIS2_PLACEMENT_3D('',#12363,#12364,#12365);
#12363 = CARTESIAN_POINT('',(29.,-26.,7.9));
#12364 = DIRECTION('',(0.,0.,1.));
#12365 = DIRECTION('',(1.,0.,-0.));
#12366 = PCURVE('',#7860,#12367);
#12367 = DEFINITIONAL_REPRESENTATION('',(#12368),#12372);
#12368 = CIRCLE('',#12369,1.2);
#12369 = AXIS2_PLACEMENT_2D('',#12370,#12371);
#12370 = CARTESIAN_POINT('',(0.,0.));
#12371 = DIRECTION('',(1.,0.));
#12372 = ( GEOMETRIC_REPRESENTATION_CONTEXT(2) 
PARAMETRIC_REPRESENTATION_CONTEXT() REPRESENTATION_CONTEXT('2D SPACE',''
  ) );
#12373 = PCURVE('',#12374,#12379);
#12374 = CONICAL_SURFACE('',#12375,0.8,0.785398163397);
#12375 = AXIS2_PLACEMENT_3D('',#12376,#12377,#12378);
#12376 = CARTESIAN_POINT('',(29.,-26.,7.5));
#12377 = DIRECTION('',(0.,0.,1.));
#12378 = DIRECTION('',(1.,0.,-0.));
#12379 = DEFINITIONAL_REPRESENTATION('',(#12380),#12384);
#12380 = LINE('',#12381,#12382);
#12381 = CARTESIAN_POINT('',(0.,0.4));
#12382 = VECTOR('',#12383,1.);
#12383 = DIRECTION('',(1.,0.));
#12384 = ( GEOMETRIC_REPRESENTATION_CONTEXT(2) 
PARAMETRIC_REPRESENTATION_CONTEXT() REPRESENTATION_CONTEXT('2D SPACE',''
  ) );
#12385 = ADVANCED_FACE('',(#12386,#12389),#7915,.T.);
#12386 = FACE_BOUND('',#12387,.T.);
#12387 = EDGE_LOOP('',(#12388));
#12388 = ORIENTED_EDGE('',*,*,#7900,.T.);
#12389 = FACE_BOUND('',#12390,.T.);
#12390 = EDGE_LOOP('',(#12391));
#12391 = ORIENTED_EDGE('',*,*,#12392,.F.);
#12392 = EDGE_CURVE('',#12393,#12393,#12395,.T.);
#12393 = VERTEX_POINT('',#12394);
#12394 = CARTESIAN_POINT('',(-27.8,10.,7.9));
#12395 = SURFACE_CURVE('',#12396,(#12401,#12408),.PCURVE_S1.);
#12396 = CIRCLE('',#12397,1.2);
#12397 = AXIS2_PLACEMENT_3D('',#12398,#12399,#12400);
#12398 = CARTESIAN_POINT('',(-29.,10.,7.9));
#12399 = DIRECTION('',(0.,0.,1.));
#12400 = DIRECTION('',(1.,0.,-0.));
#12401 = PCURVE('',#7915,#12402);
#12402 = DEFINITIONAL_REPRESENTATION('',(#12403),#12407);
#12403 = CIRCLE('',#12404,1.2);
#12404 = AXIS2_PLACEMENT_2D('',#12405,#12406);
#12405 = CARTESIAN_POINT('',(0.,0.));
#12406 = DIRECTION('',(1.,0.));
#12407 = ( GEOMETRIC_REPRESENTATION_CONTEXT(2) 
PARAMETRIC_REPRESENTATION_CONTEXT() REPRESENTATION_CONTEXT('2D SPACE',''
  ) );
#12408 = PCURVE('',#12409,#12414);
#12409 = CONICAL_SURFACE('',#12410,0.8,0.785398163397);
#12410 = AXIS2_PLACEMENT_3D('',#12411,#12412,#12413);
#12411 = CARTESIAN_POINT('',(-29.,10.,7.5));
#12412 = DIRECTION('',(0.,0.,1.));
#12413 = DIRECTION('',(1.,0.,-0.));
#12414 = DEFINITIONAL_REPRESENTATION('',(#12415),#12419);
#12415 = LINE('',#12416,#12417);
#12416 = CARTESIAN_POINT('',(0.,0.4));
#12417 = VECTOR('',#12418,1.);
#12418 = DIRECTION('',(1.,0.));
#12419 = ( GEOMETRIC_REPRESENTATION_CONTEXT(2) 
PARAMETRIC_REPRESENTATION_CONTEXT() REPRESENTATION_CONTEXT('2D SPACE',''
  ) );
#12420 = ADVANCED_FACE('',(#12421,#12424),#7969,.T.);
#12421 = FACE_BOUND('',#12422,.T.);
#12422 = EDGE_LOOP('',(#12423));
#12423 = ORIENTED_EDGE('',*,*,#7954,.T.);
#12424 = FACE_BOUND('',#12425,.T.);
#12425 = EDGE_LOOP('',(#12426));
#12426 = ORIENTED_EDGE('',*,*,#12427,.F.);
#12427 = EDGE_CURVE('',#12428,#12428,#12430,.T.);
#12428 = VERTEX_POINT('',#12429);
#12429 = CARTESIAN_POINT('',(-23.8,61.7,7.9));
#12430 = SURFACE_CURVE('',#12431,(#12436,#12443),.PCURVE_S1.);
#12431 = CIRCLE('',#12432,1.2);
#12432 = AXIS2_PLACEMENT_3D('',#12433,#12434,#12435);
#12433 = CARTESIAN_POINT('',(-25.,61.7,7.9));
#12434 = DIRECTION('',(0.,0.,1.));
#12435 = DIRECTION('',(1.,0.,-0.));
#12436 = PCURVE('',#7969,#12437);
#12437 = DEFINITIONAL_REPRESENTATION('',(#12438),#12442);
#12438 = CIRCLE('',#12439,1.2);
#12439 = AXIS2_PLACEMENT_2D('',#12440,#12441);
#12440 = CARTESIAN_POINT('',(0.,0.));
#12441 = DIRECTION('',(1.,0.));
#12442 = ( GEOMETRIC_REPRESENTATION_CONTEXT(2) 
PARAMETRIC_REPRESENTATION_CONTEXT() REPRESENTATION_CONTEXT('2D SPACE',''
  ) );
#12443 = PCURVE('',#12444,#12449);
#12444 = CONICAL_SURFACE('',#12445,0.8,0.785398163397);
#12445 = AXIS2_PLACEMENT_3D('',#12446,#12447,#12448);
#12446 = CARTESIAN_POINT('',(-25.,61.7,7.5));
#12447 = DIRECTION('',(0.,0.,1.));
#12448 = DIRECTION('',(1.,0.,-0.));
#12449 = DEFINITIONAL_REPRESENTATION('',(#12450),#12454);
#12450 = LINE('',#12451,#12452);
#12451 = CARTESIAN_POINT('',(0.,0.4));
#12452 = VECTOR('',#12453,1.);
#12453 = DIRECTION('',(1.,0.));
#12454 = ( GEOMETRIC_REPRESENTATION_CONTEXT(2) 
PARAMETRIC_REPRESENTATION_CONTEXT() REPRESENTATION_CONTEXT('2D SPACE',''
  ) );
#12455 = ADVANCED_FACE('',(#12456,#12459),#8025,.T.);
#12456 = FACE_BOUND('',#12457,.T.);
#12457 = EDGE_LOOP('',(#12458));
#12458 = ORIENTED_EDGE('',*,*,#8010,.T.);
#12459 = FACE_BOUND('',#12460,.T.);
#12460 = EDGE_LOOP('',(#12461));
#12461 = ORIENTED_EDGE('',*,*,#12462,.F.);
#12462 = EDGE_CURVE('',#12463,#12463,#12465,.T.);
#12463 = VERTEX_POINT('',#12464);
#12464 = CARTESIAN_POINT('',(30.2,4.,7.9));
#12465 = SURFACE_CURVE('',#12466,(#12471,#12478),.PCURVE_S1.);
#12466 = CIRCLE('',#12467,1.2);
#12467 = AXIS2_PLACEMENT_3D('',#12468,#12469,#12470);
#12468 = CARTESIAN_POINT('',(29.,4.,7.9));
#12469 = DIRECTION('',(0.,0.,1.));
#12470 = DIRECTION('',(1.,0.,-0.));
#12471 = PCURVE('',#8025,#12472);
#12472 = DEFINITIONAL_REPRESENTATION('',(#12473),#12477);
#12473 = CIRCLE('',#12474,1.2);
#12474 = AXIS2_PLACEMENT_2D('',#12475,#12476);
#12475 = CARTESIAN_POINT('',(0.,0.));
#12476 = DIRECTION('',(1.,0.));
#12477 = ( GEOMETRIC_REPRESENTATION_CONTEXT(2) 
PARAMETRIC_REPRESENTATION_CONTEXT() REPRESENTATION_CONTEXT('2D SPACE',''
  ) );
#12478 = PCURVE('',#12479,#12484);
#12479 = CONICAL_SURFACE('',#12480,0.8,0.785398163397);
#12480 = AXIS2_PLACEMENT_3D('',#12481,#12482,#12483);
#12481 = CARTESIAN_POINT('',(29.,4.,7.5));
#12482 = DIRECTION('',(0.,0.,1.));
#12483 = DIRECTION('',(1.,0.,-0.));
#12484 = DEFINITIONAL_REPRESENTATION('',(#12485),#12489);
#12485 = LINE('',#12486,#12487);
#12486 = CARTESIAN_POINT('',(0.,0.4));
#12487 = VECTOR('',#12488,1.);
#12488 = DIRECTION('',(1.,0.));
#12489 = ( GEOMETRIC_REPRESENTATION_CONTEXT(2) 
PARAMETRIC_REPRESENTATION_CONTEXT() REPRESENTATION_CONTEXT('2D SPACE',''
  ) );
#12490 = ADVANCED_FACE('',(#12491,#12494),#8079,.T.);
#12491 = FACE_BOUND('',#12492,.T.);
#12492 = EDGE_LOOP('',(#12493));
#12493 = ORIENTED_EDGE('',*,*,#8064,.T.);
#12494 = FACE_BOUND('',#12495,.T.);
#12495 = EDGE_LOOP('',(#12496));
#12496 = ORIENTED_EDGE('',*,*,#12497,.F.);
#12497 = EDGE_CURVE('',#12498,#12498,#12500,.T.);
#12498 = VERTEX_POINT('',#12499);
#12499 = CARTESIAN_POINT('',(26.2,61.7,7.9));
#12500 = SURFACE_CURVE('',#12501,(#12506,#12513),.PCURVE_S1.);
#12501 = CIRCLE('',#12502,1.2);
#12502 = AXIS2_PLACEMENT_3D('',#12503,#12504,#12505);
#12503 = CARTESIAN_POINT('',(25.,61.7,7.9));
#12504 = DIRECTION('',(0.,0.,1.));
#12505 = DIRECTION('',(1.,0.,-0.));
#12506 = PCURVE('',#8079,#12507);
#12507 = DEFINITIONAL_REPRESENTATION('',(#12508),#12512);
#12508 = CIRCLE('',#12509,1.2);
#12509 = AXIS2_PLACEMENT_2D('',#12510,#12511);
#12510 = CARTESIAN_POINT('',(0.,0.));
#12511 = DIRECTION('',(1.,0.));
#12512 = ( GEOMETRIC_REPRESENTATION_CONTEXT(2) 
PARAMETRIC_REPRESENTATION_CONTEXT() REPRESENTATION_CONTEXT('2D SPACE',''
  ) );
#12513 = PCURVE('',#12514,#12519);
#12514 = CONICAL_SURFACE('',#12515,0.8,0.785398163397);
#12515 = AXIS2_PLACEMENT_3D('',#12516,#12517,#12518);
#12516 = CARTESIAN_POINT('',(25.,61.7,7.5));
#12517 = DIRECTION('',(0.,0.,1.));
#12518 = DIRECTION('',(1.,0.,-0.));
#12519 = DEFINITIONAL_REPRESENTATION('',(#12520),#12524);
#12520 = LINE('',#12521,#12522);
#12521 = CARTESIAN_POINT('',(0.,0.4));
#12522 = VECTOR('',#12523,1.);
#12523 = DIRECTION('',(1.,0.));
#12524 = ( GEOMETRIC_REPRESENTATION_CONTEXT(2) 
PARAMETRIC_REPRESENTATION_CONTEXT() REPRESENTATION_CONTEXT('2D SPACE',''
  ) );
#12525 = ADVANCED_FACE('',(#12526),#8377,.T.);
#12526 = FACE_BOUND('',#12527,.T.);
#12527 = EDGE_LOOP('',(#12528,#12549,#12550,#12551,#12572,#12573,#12574,
    #12575));
#12528 = ORIENTED_EDGE('',*,*,#12529,.F.);
#12529 = EDGE_CURVE('',#8337,#8809,#12530,.T.);
#12530 = SURFACE_CURVE('',#12531,(#12535,#12542),.PCURVE_S1.);
#12531 = LINE('',#12532,#12533);
#12532 = CARTESIAN_POINT('',(-3.,-22.,0.8));
#12533 = VECTOR('',#12534,1.);
#12534 = DIRECTION('',(0.,1.,0.));
#12535 = PCURVE('',#8377,#12536);
#12536 = DEFINITIONAL_REPRESENTATION('',(#12537),#12541);
#12537 = LINE('',#12538,#12539);
#12538 = CARTESIAN_POINT('',(0.,0.));
#12539 = VECTOR('',#12540,1.);
#12540 = DIRECTION('',(0.,1.));
#12541 = ( GEOMETRIC_REPRESENTATION_CONTEXT(2) 
PARAMETRIC_REPRESENTATION_CONTEXT() REPRESENTATION_CONTEXT('2D SPACE',''
  ) );
#12542 = PCURVE('',#8351,#12543);
#12543 = DEFINITIONAL_REPRESENTATION('',(#12544),#12548);
#12544 = LINE('',#12545,#12546);
#12545 = CARTESIAN_POINT('',(0.,0.));
#12546 = VECTOR('',#12547,1.);
#12547 = DIRECTION('',(0.,-1.));
#12548 = ( GEOMETRIC_REPRESENTATION_CONTEXT(2) 
PARAMETRIC_REPRESENTATION_CONTEXT() REPRESENTATION_CONTEXT('2D SPACE',''
  ) );
#12549 = ORIENTED_EDGE('',*,*,#8362,.T.);
#12550 = ORIENTED_EDGE('',*,*,#8456,.T.);
#12551 = ORIENTED_EDGE('',*,*,#12552,.T.);
#12552 = EDGE_CURVE('',#8457,#8647,#12553,.T.);
#12553 = SURFACE_CURVE('',#12554,(#12558,#12565),.PCURVE_S1.);
#12554 = LINE('',#12555,#12556);
#12555 = CARTESIAN_POINT('',(-3.,-22.,0.8));
#12556 = VECTOR('',#12557,1.);
#12557 = DIRECTION('',(1.,0.,0.));
#12558 = PCURVE('',#8377,#12559);
#12559 = DEFINITIONAL_REPRESENTATION('',(#12560),#12564);
#12560 = LINE('',#12561,#12562);
#12561 = CARTESIAN_POINT('',(0.,0.));
#12562 = VECTOR('',#12563,1.);
#12563 = DIRECTION('',(1.,0.));
#12564 = ( GEOMETRIC_REPRESENTATION_CONTEXT(2) 
PARAMETRIC_REPRESENTATION_CONTEXT() REPRESENTATION_CONTEXT('2D SPACE',''
  ) );
#12565 = PCURVE('',#8490,#12566);
#12566 = DEFINITIONAL_REPRESENTATION('',(#12567),#12571);
#12567 = LINE('',#12568,#12569);
#12568 = CARTESIAN_POINT('',(0.,0.));
#12569 = VECTOR('',#12570,1.);
#12570 = DIRECTION('',(0.,1.));
#12571 = ( GEOMETRIC_REPRESENTATION_CONTEXT(2) 
PARAMETRIC_REPRESENTATION_CONTEXT() REPRESENTATION_CONTEXT('2D SPACE',''
  ) );
#12572 = ORIENTED_EDGE('',*,*,#8646,.F.);
#12573 = ORIENTED_EDGE('',*,*,#8691,.T.);
#12574 = ORIENTED_EDGE('',*,*,#8761,.F.);
#12575 = ORIENTED_EDGE('',*,*,#8829,.F.);
#12576 = ADVANCED_FACE('',(#12577),#8351,.T.);
#12577 = FACE_BOUND('',#12578,.T.);
#12578 = EDGE_LOOP('',(#12579,#12580,#12581,#12582));
#12579 = ORIENTED_EDGE('',*,*,#8336,.T.);
#12580 = ORIENTED_EDGE('',*,*,#12529,.T.);
#12581 = ORIENTED_EDGE('',*,*,#8808,.F.);
#12582 = ORIENTED_EDGE('',*,*,#12084,.F.);
#12583 = ADVANCED_FACE('',(#12584),#8490,.T.);
#12584 = FACE_BOUND('',#12585,.T.);
#12585 = EDGE_LOOP('',(#12586,#12587,#12588,#12589));
#12586 = ORIENTED_EDGE('',*,*,#12552,.F.);
#12587 = ORIENTED_EDGE('',*,*,#8477,.T.);
#12588 = ORIENTED_EDGE('',*,*,#12061,.F.);
#12589 = ORIENTED_EDGE('',*,*,#8667,.F.);
#12590 = ADVANCED_FACE('',(#12591),#8944,.F.);
#12591 = FACE_BOUND('',#12592,.F.);
#12592 = EDGE_LOOP('',(#12593,#12594,#12615,#12616));
#12593 = ORIENTED_EDGE('',*,*,#8929,.T.);
#12594 = ORIENTED_EDGE('',*,*,#12595,.T.);
#12595 = EDGE_CURVE('',#8904,#9623,#12596,.T.);
#12596 = SURFACE_CURVE('',#12597,(#12601,#12608),.PCURVE_S1.);
#12597 = LINE('',#12598,#12599);
#12598 = CARTESIAN_POINT('',(8.9,-20.,0.8));
#12599 = VECTOR('',#12600,1.);
#12600 = DIRECTION('',(0.,1.,0.));
#12601 = PCURVE('',#8944,#12602);
#12602 = DEFINITIONAL_REPRESENTATION('',(#12603),#12607);
#12603 = LINE('',#12604,#12605);
#12604 = CARTESIAN_POINT('',(0.,0.));
#12605 = VECTOR('',#12606,1.);
#12606 = DIRECTION('',(0.,-1.));
#12607 = ( GEOMETRIC_REPRESENTATION_CONTEXT(2) 
PARAMETRIC_REPRESENTATION_CONTEXT() REPRESENTATION_CONTEXT('2D SPACE',''
  ) );
#12608 = PCURVE('',#8918,#12609);
#12609 = DEFINITIONAL_REPRESENTATION('',(#12610),#12614);
#12610 = LINE('',#12611,#12612);
#12611 = CARTESIAN_POINT('',(0.8,0.));
#12612 = VECTOR('',#12613,1.);
#12613 = DIRECTION('',(0.,1.));
#12614 = ( GEOMETRIC_REPRESENTATION_CONTEXT(2) 
PARAMETRIC_REPRESENTATION_CONTEXT() REPRESENTATION_CONTEXT('2D SPACE',''
  ) );
#12615 = ORIENTED_EDGE('',*,*,#9643,.F.);
#12616 = ORIENTED_EDGE('',*,*,#11251,.F.);
#12617 = ADVANCED_FACE('',(#12618),#8918,.T.);
#12618 = FACE_BOUND('',#12619,.T.);
#12619 = EDGE_LOOP('',(#12620,#12641,#12642,#12643));
#12620 = ORIENTED_EDGE('',*,*,#12621,.F.);
#12621 = EDGE_CURVE('',#8878,#9602,#12622,.T.);
#12622 = SURFACE_CURVE('',#12623,(#12627,#12634),.PCURVE_S1.);
#12623 = LINE('',#12624,#12625);
#12624 = CARTESIAN_POINT('',(8.1,-20.,0.8));
#12625 = VECTOR('',#12626,1.);
#12626 = DIRECTION('',(0.,1.,0.));
#12627 = PCURVE('',#8918,#12628);
#12628 = DEFINITIONAL_REPRESENTATION('',(#12629),#12633);
#12629 = LINE('',#12630,#12631);
#12630 = CARTESIAN_POINT('',(0.,0.));
#12631 = VECTOR('',#12632,1.);
#12632 = DIRECTION('',(0.,1.));
#12633 = ( GEOMETRIC_REPRESENTATION_CONTEXT(2) 
PARAMETRIC_REPRESENTATION_CONTEXT() REPRESENTATION_CONTEXT('2D SPACE',''
  ) );
#12634 = PCURVE('',#8892,#12635);
#12635 = DEFINITIONAL_REPRESENTATION('',(#12636),#12640);
#12636 = LINE('',#12637,#12638);
#12637 = CARTESIAN_POINT('',(0.,0.));
#12638 = VECTOR('',#12639,1.);
#12639 = DIRECTION('',(0.,-1.));
#12640 = ( GEOMETRIC_REPRESENTATION_CONTEXT(2) 
PARAMETRIC_REPRESENTATION_CONTEXT() REPRESENTATION_CONTEXT('2D SPACE',''
  ) );
#12641 = ORIENTED_EDGE('',*,*,#8903,.T.);
#12642 = ORIENTED_EDGE('',*,*,#12595,.T.);
#12643 = ORIENTED_EDGE('',*,*,#9622,.F.);
#12644 = ADVANCED_FACE('',(#12645),#8892,.T.);
#12645 = FACE_BOUND('',#12646,.T.);
#12646 = EDGE_LOOP('',(#12647,#12648,#12649,#12650));
#12647 = ORIENTED_EDGE('',*,*,#8877,.T.);
#12648 = ORIENTED_EDGE('',*,*,#12621,.T.);
#12649 = ORIENTED_EDGE('',*,*,#9601,.F.);
#12650 = ORIENTED_EDGE('',*,*,#12027,.F.);
#12651 = ADVANCED_FACE('',(#12652,#12655),#9947,.T.);
#12652 = FACE_BOUND('',#12653,.T.);
#12653 = EDGE_LOOP('',(#12654));
#12654 = ORIENTED_EDGE('',*,*,#9932,.T.);
#12655 = FACE_BOUND('',#12656,.T.);
#12656 = EDGE_LOOP('',(#12657));
#12657 = ORIENTED_EDGE('',*,*,#12658,.T.);
#12658 = EDGE_CURVE('',#12659,#12659,#12661,.T.);
#12659 = VERTEX_POINT('',#12660);
#12660 = CARTESIAN_POINT('',(-24.45,11.5,4.35));
#12661 = SURFACE_CURVE('',#12662,(#12667,#12678),.PCURVE_S1.);
#12662 = CIRCLE('',#12663,0.55);
#12663 = AXIS2_PLACEMENT_3D('',#12664,#12665,#12666);
#12664 = CARTESIAN_POINT('',(-25.,11.5,4.35));
#12665 = DIRECTION('',(0.,0.,-1.));
#12666 = DIRECTION('',(1.,0.,0.));
#12667 = PCURVE('',#9947,#12668);
#12668 = DEFINITIONAL_REPRESENTATION('',(#12669),#12677);
#12669 = ( BOUNDED_CURVE() B_SPLINE_CURVE(2,(#12670,#12671,#12672,#12673
    ,#12674,#12675,#12676),.UNSPECIFIED.,.T.,.F.) 
B_SPLINE_CURVE_WITH_KNOTS((1,2,2,2,2,1),(-2.094395102393,0.,
    2.094395102393,4.188790204786,6.28318530718,8.377580409573),
.UNSPECIFIED.) CURVE() GEOMETRIC_REPRESENTATION_ITEM() 
RATIONAL_B_SPLINE_CURVE((1.,0.5,1.,0.5,1.,0.5,1.)) REPRESENTATION_ITEM(
  '') );
#12670 = CARTESIAN_POINT('',(0.55,0.));
#12671 = CARTESIAN_POINT('',(0.55,-0.952627944163));
#12672 = CARTESIAN_POINT('',(-0.275,-0.476313972081));
#12673 = CARTESIAN_POINT('',(-1.1,-1.347111479062E-16));
#12674 = CARTESIAN_POINT('',(-0.275,0.476313972081));
#12675 = CARTESIAN_POINT('',(0.55,0.952627944163));
#12676 = CARTESIAN_POINT('',(0.55,0.));
#12677 = ( GEOMETRIC_REPRESENTATION_CONTEXT(2) 
PARAMETRIC_REPRESENTATION_CONTEXT() REPRESENTATION_CONTEXT('2D SPACE',''
  ) );
#12678 = PCURVE('',#12679,#12684);
#12679 = CYLINDRICAL_SURFACE('',#12680,0.55);
#12680 = AXIS2_PLACEMENT_3D('',#12681,#12682,#12683);
#12681 = CARTESIAN_POINT('',(-25.,11.5,1.4));
#12682 = DIRECTION('',(-0.,-0.,-1.));
#12683 = DIRECTION('',(1.,0.,0.));
#12684 = DEFINITIONAL_REPRESENTATION('',(#12685),#12689);
#12685 = LINE('',#12686,#12687);
#12686 = CARTESIAN_POINT('',(-6.28318530718,-2.95));
#12687 = VECTOR('',#12688,1.);
#12688 = DIRECTION('',(1.,-0.));
#12689 = ( GEOMETRIC_REPRESENTATION_CONTEXT(2) 
PARAMETRIC_REPRESENTATION_CONTEXT() REPRESENTATION_CONTEXT('2D SPACE',''
  ) );
#12690 = ADVANCED_FACE('',(#12691,#12694),#10307,.T.);
#12691 = FACE_BOUND('',#12692,.T.);
#12692 = EDGE_LOOP('',(#12693));
#12693 = ORIENTED_EDGE('',*,*,#10292,.T.);
#12694 = FACE_BOUND('',#12695,.T.);
#12695 = EDGE_LOOP('',(#12696));
#12696 = ORIENTED_EDGE('',*,*,#12697,.T.);
#12697 = EDGE_CURVE('',#12698,#12698,#12700,.T.);
#12698 = VERTEX_POINT('',#12699);
#12699 = CARTESIAN_POINT('',(25.55,11.5,4.35));
#12700 = SURFACE_CURVE('',#12701,(#12706,#12717),.PCURVE_S1.);
#12701 = CIRCLE('',#12702,0.55);
#12702 = AXIS2_PLACEMENT_3D('',#12703,#12704,#12705);
#12703 = CARTESIAN_POINT('',(25.,11.5,4.35));
#12704 = DIRECTION('',(0.,0.,-1.));
#12705 = DIRECTION('',(1.,0.,0.));
#12706 = PCURVE('',#10307,#12707);
#12707 = DEFINITIONAL_REPRESENTATION('',(#12708),#12716);
#12708 = ( BOUNDED_CURVE() B_SPLINE_CURVE(2,(#12709,#12710,#12711,#12712
    ,#12713,#12714,#12715),.UNSPECIFIED.,.T.,.F.) 
B_SPLINE_CURVE_WITH_KNOTS((1,2,2,2,2,1),(-2.094395102393,0.,
    2.094395102393,4.188790204786,6.28318530718,8.377580409573),
.UNSPECIFIED.) CURVE() GEOMETRIC_REPRESENTATION_ITEM() 
RATIONAL_B_SPLINE_CURVE((1.,0.5,1.,0.5,1.,0.5,1.)) REPRESENTATION_ITEM(
  '') );
#12709 = CARTESIAN_POINT('',(0.55,0.));
#12710 = CARTESIAN_POINT('',(0.55,-0.952627944163));
#12711 = CARTESIAN_POINT('',(-0.275,-0.476313972081));
#12712 = CARTESIAN_POINT('',(-1.1,-1.347111479062E-16));
#12713 = CARTESIAN_POINT('',(-0.275,0.476313972081));
#12714 = CARTESIAN_POINT('',(0.55,0.952627944163));
#12715 = CARTESIAN_POINT('',(0.55,0.));
#12716 = ( GEOMETRIC_REPRESENTATION_CONTEXT(2) 
PARAMETRIC_REPRESENTATION_CONTEXT() REPRESENTATION_CONTEXT('2D SPACE',''
  ) );
#12717 = PCURVE('',#12718,#12723);
#12718 = CYLINDRICAL_SURFACE('',#12719,0.55);
#12719 = AXIS2_PLACEMENT_3D('',#12720,#12721,#12722);
#12720 = CARTESIAN_POINT('',(25.,11.5,1.4));
#12721 = DIRECTION('',(-0.,-0.,-1.));
#12722 = DIRECTION('',(1.,0.,0.));
#12723 = DEFINITIONAL_REPRESENTATION('',(#12724),#12728);
#12724 = LINE('',#12725,#12726);
#12725 = CARTESIAN_POINT('',(-6.28318530718,-2.95));
#12726 = VECTOR('',#12727,1.);
#12727 = DIRECTION('',(1.,-0.));
#12728 = ( GEOMETRIC_REPRESENTATION_CONTEXT(2) 
PARAMETRIC_REPRESENTATION_CONTEXT() REPRESENTATION_CONTEXT('2D SPACE',''
  ) );
#12729 = ADVANCED_FACE('',(#12730,#12733),#10761,.T.);
#12730 = FACE_BOUND('',#12731,.T.);
#12731 = EDGE_LOOP('',(#12732));
#12732 = ORIENTED_EDGE('',*,*,#10744,.T.);
#12733 = FACE_BOUND('',#12734,.T.);
#12734 = EDGE_LOOP('',(#12735));
#12735 = ORIENTED_EDGE('',*,*,#12736,.T.);
#12736 = EDGE_CURVE('',#12737,#12737,#12739,.T.);
#12737 = VERTEX_POINT('',#12738);
#12738 = CARTESIAN_POINT('',(21.3591527,-63.55,4.42248296));
#12739 = SURFACE_CURVE('',#12740,(#12745,#12756),.PCURVE_S1.);
#12740 = CIRCLE('',#12741,2.5);
#12741 = AXIS2_PLACEMENT_3D('',#12742,#12743,#12744);
#12742 = CARTESIAN_POINT('',(18.8591527,-63.55,4.42248296));
#12743 = DIRECTION('',(0.,1.,-1.110223024625E-16));
#12744 = DIRECTION('',(1.,0.,0.));
#12745 = PCURVE('',#10761,#12746);
#12746 = DEFINITIONAL_REPRESENTATION('',(#12747),#12755);
#12747 = ( BOUNDED_CURVE() B_SPLINE_CURVE(2,(#12748,#12749,#12750,#12751
    ,#12752,#12753,#12754),.UNSPECIFIED.,.T.,.F.) 
B_SPLINE_CURVE_WITH_KNOTS((1,2,2,2,2,1),(-2.094395102393,0.,
    2.094395102393,4.188790204786,6.28318530718,8.377580409573),
.UNSPECIFIED.) CURVE() GEOMETRIC_REPRESENTATION_ITEM() 
RATIONAL_B_SPLINE_CURVE((1.,0.5,1.,0.5,1.,0.5,1.)) REPRESENTATION_ITEM(
  '') );
#12748 = CARTESIAN_POINT('',(2.5,0.));
#12749 = CARTESIAN_POINT('',(2.5,-4.330127018922));
#12750 = CARTESIAN_POINT('',(-1.25,-2.165063509461));
#12751 = CARTESIAN_POINT('',(-5.,-6.123233995737E-16));
#12752 = CARTESIAN_POINT('',(-1.25,2.165063509461));
#12753 = CARTESIAN_POINT('',(2.5,4.330127018922));
#12754 = CARTESIAN_POINT('',(2.5,0.));
#12755 = ( GEOMETRIC_REPRESENTATION_CONTEXT(2) 
PARAMETRIC_REPRESENTATION_CONTEXT() REPRESENTATION_CONTEXT('2D SPACE',''
  ) );
#12756 = PCURVE('',#12757,#12762);
#12757 = CYLINDRICAL_SURFACE('',#12758,2.5);
#12758 = AXIS2_PLACEMENT_3D('',#12759,#12760,#12761);
#12759 = CARTESIAN_POINT('',(18.8591527,-60.,4.42248296));
#12760 = DIRECTION('',(-0.,1.,-1.110223024625E-16));
#12761 = DIRECTION('',(1.,0.,0.));
#12762 = DEFINITIONAL_REPRESENTATION('',(#12763),#12767);
#12763 = LINE('',#12764,#12765);
#12764 = CARTESIAN_POINT('',(-6.28318530718,-3.55));
#12765 = VECTOR('',#12766,1.);
#12766 = DIRECTION('',(1.,-0.));
#12767 = ( GEOMETRIC_REPRESENTATION_CONTEXT(2) 
PARAMETRIC_REPRESENTATION_CONTEXT() REPRESENTATION_CONTEXT('2D SPACE',''
  ) );
#12768 = ADVANCED_FACE('',(#12769,#12779),#10839,.T.);
#12769 = FACE_BOUND('',#12770,.T.);
#12770 = EDGE_LOOP('',(#12771,#12772,#12773,#12774,#12775,#12776,#12777,
    #12778));
#12771 = ORIENTED_EDGE('',*,*,#11183,.F.);
#12772 = ORIENTED_EDGE('',*,*,#10822,.T.);
#12773 = ORIENTED_EDGE('',*,*,#10876,.T.);
#12774 = ORIENTED_EDGE('',*,*,#10948,.F.);
#12775 = ORIENTED_EDGE('',*,*,#10981,.T.);
#12776 = ORIENTED_EDGE('',*,*,#11029,.T.);
#12777 = ORIENTED_EDGE('',*,*,#11078,.F.);
#12778 = ORIENTED_EDGE('',*,*,#11150,.F.);
#12779 = FACE_BOUND('',#12780,.T.);
#12780 = EDGE_LOOP('',(#12781,#12816,#12842,#12875,#12901,#12934,#12960,
    #12993));
#12781 = ORIENTED_EDGE('',*,*,#12782,.T.);
#12782 = EDGE_CURVE('',#12783,#12785,#12787,.T.);
#12783 = VERTEX_POINT('',#12784);
#12784 = CARTESIAN_POINT('',(31.55,-13.21267405292,1.850000014901));
#12785 = VERTEX_POINT('',#12786);
#12786 = CARTESIAN_POINT('',(31.55,-14.61267405292,3.250000014901));
#12787 = SURFACE_CURVE('',#12788,(#12793,#12804),.PCURVE_S1.);
#12788 = CIRCLE('',#12789,1.4);
#12789 = AXIS2_PLACEMENT_3D('',#12790,#12791,#12792);
#12790 = CARTESIAN_POINT('',(31.55,-13.21267405292,3.250000014901));
#12791 = DIRECTION('',(-1.,-4.224751906206E-16,1.2538062068E-15));
#12792 = DIRECTION('',(4.224751906206E-16,-1.,3.330669073875E-16));
#12793 = PCURVE('',#10839,#12794);
#12794 = DEFINITIONAL_REPRESENTATION('',(#12795),#12803);
#12795 = ( BOUNDED_CURVE() B_SPLINE_CURVE(2,(#12796,#12797,#12798,#12799
    ,#12800,#12801,#12802),.UNSPECIFIED.,.T.,.F.) 
B_SPLINE_CURVE_WITH_KNOTS((1,2,2,2,2,1),(-2.094395102393,0.,
    2.094395102393,4.188790204786,6.28318530718,8.377580409573),
.UNSPECIFIED.) CURVE() GEOMETRIC_REPRESENTATION_ITEM() 
RATIONAL_B_SPLINE_CURVE((1.,0.5,1.,0.5,1.,0.5,1.)) REPRESENTATION_ITEM(
  '') );
#12796 = CARTESIAN_POINT('',(1.68,2.645));
#12797 = CARTESIAN_POINT('',(1.68,5.069871130596));
#12798 = CARTESIAN_POINT('',(3.78,3.857435565298));
#12799 = CARTESIAN_POINT('',(5.88,2.645));
#12800 = CARTESIAN_POINT('',(3.78,1.432564434702));
#12801 = CARTESIAN_POINT('',(1.68,0.220128869404));
#12802 = CARTESIAN_POINT('',(1.68,2.645));
#12803 = ( GEOMETRIC_REPRESENTATION_CONTEXT(2) 
PARAMETRIC_REPRESENTATION_CONTEXT() REPRESENTATION_CONTEXT('2D SPACE',''
  ) );
#12804 = PCURVE('',#12805,#12810);
#12805 = CYLINDRICAL_SURFACE('',#12806,1.4);
#12806 = AXIS2_PLACEMENT_3D('',#12807,#12808,#12809);
#12807 = CARTESIAN_POINT('',(28.00000003574,-13.21267405292,
    3.250000014901));
#12808 = DIRECTION('',(-1.,-4.224751906206E-16,1.2538062068E-15));
#12809 = DIRECTION('',(4.224751906206E-16,-1.,3.330669073875E-16));
#12810 = DEFINITIONAL_REPRESENTATION('',(#12811),#12815);
#12811 = LINE('',#12812,#12813);
#12812 = CARTESIAN_POINT('',(-12.56637061435,-3.54999996426));
#12813 = VECTOR('',#12814,1.);
#12814 = DIRECTION('',(1.,-0.));
#12815 = ( GEOMETRIC_REPRESENTATION_CONTEXT(2) 
PARAMETRIC_REPRESENTATION_CONTEXT() REPRESENTATION_CONTEXT('2D SPACE',''
  ) );
#12816 = ORIENTED_EDGE('',*,*,#12817,.T.);
#12817 = EDGE_CURVE('',#12785,#12818,#12820,.T.);
#12818 = VERTEX_POINT('',#12819);
#12819 = CARTESIAN_POINT('',(31.55,-14.61267405292,3.960000014901));
#12820 = SURFACE_CURVE('',#12821,(#12825,#12831),.PCURVE_S1.);
#12821 = LINE('',#12822,#12823);
#12822 = CARTESIAN_POINT('',(31.55,-14.61267405292,1.927500014901));
#12823 = VECTOR('',#12824,1.);
#12824 = DIRECTION('',(2.22044604925E-16,3.330669073875E-16,1.));
#12825 = PCURVE('',#10839,#12826);
#12826 = DEFINITIONAL_REPRESENTATION('',(#12827),#12830);
#12827 = B_SPLINE_CURVE_WITH_KNOTS('',1,(#12828,#12829),.UNSPECIFIED.,
  .F.,.F.,(2,2),(1.3225,2.0325),.PIECEWISE_BEZIER_KNOTS.);
#12828 = CARTESIAN_POINT('',(1.68,2.645));
#12829 = CARTESIAN_POINT('',(1.68,3.355));
#12830 = ( GEOMETRIC_REPRESENTATION_CONTEXT(2) 
PARAMETRIC_REPRESENTATION_CONTEXT() REPRESENTATION_CONTEXT('2D SPACE',''
  ) );
#12831 = PCURVE('',#12832,#12837);
#12832 = PLANE('',#12833);
#12833 = AXIS2_PLACEMENT_3D('',#12834,#12835,#12836);
#12834 = CARTESIAN_POINT('',(28.00000003574,-14.61267405292,
    3.250000014901));
#12835 = DIRECTION('',(0.,-1.,3.330669073875E-16));
#12836 = DIRECTION('',(1.2538062068E-15,3.330669073875E-16,1.));
#12837 = DEFINITIONAL_REPRESENTATION('',(#12838),#12841);
#12838 = B_SPLINE_CURVE_WITH_KNOTS('',1,(#12839,#12840),.UNSPECIFIED.,
  .F.,.F.,(2,2),(1.3225,2.0325),.PIECEWISE_BEZIER_KNOTS.);
#12839 = CARTESIAN_POINT('',(0.,-3.54999996426));
#12840 = CARTESIAN_POINT('',(0.71,-3.54999996426));
#12841 = ( GEOMETRIC_REPRESENTATION_CONTEXT(2) 
PARAMETRIC_REPRESENTATION_CONTEXT() REPRESENTATION_CONTEXT('2D SPACE',''
  ) );
#12842 = ORIENTED_EDGE('',*,*,#12843,.T.);
#12843 = EDGE_CURVE('',#12818,#12844,#12846,.T.);
#12844 = VERTEX_POINT('',#12845);
#12845 = CARTESIAN_POINT('',(31.55,-13.21267405292,5.360000014901));
#12846 = SURFACE_CURVE('',#12847,(#12852,#12863),.PCURVE_S1.);
#12847 = CIRCLE('',#12848,1.4);
#12848 = AXIS2_PLACEMENT_3D('',#12849,#12850,#12851);
#12849 = CARTESIAN_POINT('',(31.55,-13.21267405292,3.960000014901));
#12850 = DIRECTION('',(-1.,-4.224751906206E-16,1.2538062068E-15));
#12851 = DIRECTION('',(1.2538062068E-15,3.330669073875E-16,1.));
#12852 = PCURVE('',#10839,#12853);
#12853 = DEFINITIONAL_REPRESENTATION('',(#12854),#12862);
#12854 = ( BOUNDED_CURVE() B_SPLINE_CURVE(2,(#12855,#12856,#12857,#12858
    ,#12859,#12860,#12861),.UNSPECIFIED.,.T.,.F.) 
B_SPLINE_CURVE_WITH_KNOTS((1,2,2,2,2,1),(-2.094395102393,0.,
    2.094395102393,4.188790204786,6.28318530718,8.377580409573),
.UNSPECIFIED.) CURVE() GEOMETRIC_REPRESENTATION_ITEM() 
RATIONAL_B_SPLINE_CURVE((1.,0.5,1.,0.5,1.,0.5,1.)) REPRESENTATION_ITEM(
  '') );
#12855 = CARTESIAN_POINT('',(3.08,4.755));
#12856 = CARTESIAN_POINT('',(5.504871130596,4.755));
#12857 = CARTESIAN_POINT('',(4.292435565298,2.655));
#12858 = CARTESIAN_POINT('',(3.08,0.555));
#12859 = CARTESIAN_POINT('',(1.867564434702,2.655));
#12860 = CARTESIAN_POINT('',(0.655128869404,4.755));
#12861 = CARTESIAN_POINT('',(3.08,4.755));
#12862 = ( GEOMETRIC_REPRESENTATION_CONTEXT(2) 
PARAMETRIC_REPRESENTATION_CONTEXT() REPRESENTATION_CONTEXT('2D SPACE',''
  ) );
#12863 = PCURVE('',#12864,#12869);
#12864 = CYLINDRICAL_SURFACE('',#12865,1.4);
#12865 = AXIS2_PLACEMENT_3D('',#12866,#12867,#12868);
#12866 = CARTESIAN_POINT('',(28.00000003574,-13.21267405292,
    3.960000014901));
#12867 = DIRECTION('',(-1.,-4.224751906206E-16,1.2538062068E-15));
#12868 = DIRECTION('',(1.2538062068E-15,3.330669073875E-16,1.));
#12869 = DEFINITIONAL_REPRESENTATION('',(#12870),#12874);
#12870 = LINE('',#12871,#12872);
#12871 = CARTESIAN_POINT('',(-12.56637061435,-3.54999996426));
#12872 = VECTOR('',#12873,1.);
#12873 = DIRECTION('',(1.,-0.));
#12874 = ( GEOMETRIC_REPRESENTATION_CONTEXT(2) 
PARAMETRIC_REPRESENTATION_CONTEXT() REPRESENTATION_CONTEXT('2D SPACE',''
  ) );
#12875 = ORIENTED_EDGE('',*,*,#12876,.T.);
#12876 = EDGE_CURVE('',#12844,#12877,#12879,.T.);
#12877 = VERTEX_POINT('',#12878);
#12878 = CARTESIAN_POINT('',(31.55,-6.772674052927,5.360000014901));
#12879 = SURFACE_CURVE('',#12880,(#12884,#12890),.PCURVE_S1.);
#12880 = LINE('',#12881,#12882);
#12881 = CARTESIAN_POINT('',(31.55,-14.75267405292,5.360000014901));
#12882 = VECTOR('',#12883,1.);
#12883 = DIRECTION('',(-7.395570986447E-32,1.,-3.330669073875E-16));
#12884 = PCURVE('',#10839,#12885);
#12885 = DEFINITIONAL_REPRESENTATION('',(#12886),#12889);
#12886 = B_SPLINE_CURVE_WITH_KNOTS('',1,(#12887,#12888),.UNSPECIFIED.,
  .F.,.F.,(2,2),(1.54,7.98),.PIECEWISE_BEZIER_KNOTS.);
#12887 = CARTESIAN_POINT('',(3.08,4.755));
#12888 = CARTESIAN_POINT('',(9.52,4.755));
#12889 = ( GEOMETRIC_REPRESENTATION_CONTEXT(2) 
PARAMETRIC_REPRESENTATION_CONTEXT() REPRESENTATION_CONTEXT('2D SPACE',''
  ) );
#12890 = PCURVE('',#12891,#12896);
#12891 = PLANE('',#12892);
#12892 = AXIS2_PLACEMENT_3D('',#12893,#12894,#12895);
#12893 = CARTESIAN_POINT('',(28.00000003574,-13.21267405292,
    5.360000014901));
#12894 = DIRECTION('',(-0.,3.330669073875E-16,1.));
#12895 = DIRECTION('',(-4.224751906206E-16,1.,-3.330669073875E-16));
#12896 = DEFINITIONAL_REPRESENTATION('',(#12897),#12900);
#12897 = B_SPLINE_CURVE_WITH_KNOTS('',1,(#12898,#12899),.UNSPECIFIED.,
  .F.,.F.,(2,2),(1.54,7.98),.PIECEWISE_BEZIER_KNOTS.);
#12898 = CARTESIAN_POINT('',(-3.552713678801E-15,-3.54999996426));
#12899 = CARTESIAN_POINT('',(6.44,-3.54999996426));
#12900 = ( GEOMETRIC_REPRESENTATION_CONTEXT(2) 
PARAMETRIC_REPRESENTATION_CONTEXT() REPRESENTATION_CONTEXT('2D SPACE',''
  ) );
#12901 = ORIENTED_EDGE('',*,*,#12902,.T.);
#12902 = EDGE_CURVE('',#12877,#12903,#12905,.T.);
#12903 = VERTEX_POINT('',#12904);
#12904 = CARTESIAN_POINT('',(31.55,-5.372674052927,3.960000014901));
#12905 = SURFACE_CURVE('',#12906,(#12911,#12922),.PCURVE_S1.);
#12906 = CIRCLE('',#12907,1.4);
#12907 = AXIS2_PLACEMENT_3D('',#12908,#12909,#12910);
#12908 = CARTESIAN_POINT('',(31.55,-6.772674052927,3.960000014901));
#12909 = DIRECTION('',(-1.,-4.224751906206E-16,1.2538062068E-15));
#12910 = DIRECTION('',(-4.224751906206E-16,1.,-3.330669073875E-16));
#12911 = PCURVE('',#10839,#12912);
#12912 = DEFINITIONAL_REPRESENTATION('',(#12913),#12921);
#12913 = ( BOUNDED_CURVE() B_SPLINE_CURVE(2,(#12914,#12915,#12916,#12917
    ,#12918,#12919,#12920),.UNSPECIFIED.,.T.,.F.) 
B_SPLINE_CURVE_WITH_KNOTS((1,2,2,2,2,1),(-2.094395102393,0.,
    2.094395102393,4.188790204786,6.28318530718,8.377580409573),
.UNSPECIFIED.) CURVE() GEOMETRIC_REPRESENTATION_ITEM() 
RATIONAL_B_SPLINE_CURVE((1.,0.5,1.,0.5,1.,0.5,1.)) REPRESENTATION_ITEM(
  '') );
#12914 = CARTESIAN_POINT('',(10.92,3.355));
#12915 = CARTESIAN_POINT('',(10.92,0.930128869404));
#12916 = CARTESIAN_POINT('',(8.82,2.142564434702));
#12917 = CARTESIAN_POINT('',(6.72,3.355));
#12918 = CARTESIAN_POINT('',(8.82,4.567435565298));
#12919 = CARTESIAN_POINT('',(10.92,5.779871130596));
#12920 = CARTESIAN_POINT('',(10.92,3.355));
#12921 = ( GEOMETRIC_REPRESENTATION_CONTEXT(2) 
PARAMETRIC_REPRESENTATION_CONTEXT() REPRESENTATION_CONTEXT('2D SPACE',''
  ) );
#12922 = PCURVE('',#12923,#12928);
#12923 = CYLINDRICAL_SURFACE('',#12924,1.4);
#12924 = AXIS2_PLACEMENT_3D('',#12925,#12926,#12927);
#12925 = CARTESIAN_POINT('',(28.00000003574,-6.772674052927,
    3.960000014901));
#12926 = DIRECTION('',(-1.,-4.224751906206E-16,1.2538062068E-15));
#12927 = DIRECTION('',(-4.224751906206E-16,1.,-3.330669073875E-16));
#12928 = DEFINITIONAL_REPRESENTATION('',(#12929),#12933);
#12929 = LINE('',#12930,#12931);
#12930 = CARTESIAN_POINT('',(-12.56637061435,-3.54999996426));
#12931 = VECTOR('',#12932,1.);
#12932 = DIRECTION('',(1.,-0.));
#12933 = ( GEOMETRIC_REPRESENTATION_CONTEXT(2) 
PARAMETRIC_REPRESENTATION_CONTEXT() REPRESENTATION_CONTEXT('2D SPACE',''
  ) );
#12934 = ORIENTED_EDGE('',*,*,#12935,.T.);
#12935 = EDGE_CURVE('',#12903,#12936,#12938,.T.);
#12936 = VERTEX_POINT('',#12937);
#12937 = CARTESIAN_POINT('',(31.55,-5.372674052927,3.250000014901));
#12938 = SURFACE_CURVE('',#12939,(#12943,#12949),.PCURVE_S1.);
#12939 = LINE('',#12940,#12941);
#12940 = CARTESIAN_POINT('',(31.55,-5.372674052927,2.282500014901));
#12941 = VECTOR('',#12942,1.);
#12942 = DIRECTION('',(-2.22044604925E-16,-3.330669073875E-16,-1.));
#12943 = PCURVE('',#10839,#12944);
#12944 = DEFINITIONAL_REPRESENTATION('',(#12945),#12948);
#12945 = B_SPLINE_CURVE_WITH_KNOTS('',1,(#12946,#12947),.UNSPECIFIED.,
  .F.,.F.,(2,2),(-1.6775,-0.9675),.PIECEWISE_BEZIER_KNOTS.);
#12946 = CARTESIAN_POINT('',(10.92,3.355));
#12947 = CARTESIAN_POINT('',(10.92,2.645));
#12948 = ( GEOMETRIC_REPRESENTATION_CONTEXT(2) 
PARAMETRIC_REPRESENTATION_CONTEXT() REPRESENTATION_CONTEXT('2D SPACE',''
  ) );
#12949 = PCURVE('',#12950,#12955);
#12950 = PLANE('',#12951);
#12951 = AXIS2_PLACEMENT_3D('',#12952,#12953,#12954);
#12952 = CARTESIAN_POINT('',(28.00000003574,-5.372674052927,
    3.960000014901));
#12953 = DIRECTION('',(0.,1.,-3.330669073875E-16));
#12954 = DIRECTION('',(-1.2538062068E-15,-3.330669073875E-16,-1.));
#12955 = DEFINITIONAL_REPRESENTATION('',(#12956),#12959);
#12956 = B_SPLINE_CURVE_WITH_KNOTS('',1,(#12957,#12958),.UNSPECIFIED.,
  .F.,.F.,(2,2),(-1.6775,-0.9675),.PIECEWISE_BEZIER_KNOTS.);
#12957 = CARTESIAN_POINT('',(-9.992007221626E-15,-3.54999996426));
#12958 = CARTESIAN_POINT('',(0.71,-3.54999996426));
#12959 = ( GEOMETRIC_REPRESENTATION_CONTEXT(2) 
PARAMETRIC_REPRESENTATION_CONTEXT() REPRESENTATION_CONTEXT('2D SPACE',''
  ) );
#12960 = ORIENTED_EDGE('',*,*,#12961,.T.);
#12961 = EDGE_CURVE('',#12936,#12962,#12964,.T.);
#12962 = VERTEX_POINT('',#12963);
#12963 = CARTESIAN_POINT('',(31.55,-6.772674052927,1.850000014901));
#12964 = SURFACE_CURVE('',#12965,(#12970,#12981),.PCURVE_S1.);
#12965 = CIRCLE('',#12966,1.4);
#12966 = AXIS2_PLACEMENT_3D('',#12967,#12968,#12969);
#12967 = CARTESIAN_POINT('',(31.55,-6.772674052927,3.250000014901));
#12968 = DIRECTION('',(-1.,-4.224751906206E-16,1.2538062068E-15));
#12969 = DIRECTION('',(-1.2538062068E-15,-3.330669073875E-16,-1.));
#12970 = PCURVE('',#10839,#12971);
#12971 = DEFINITIONAL_REPRESENTATION('',(#12972),#12980);
#12972 = ( BOUNDED_CURVE() B_SPLINE_CURVE(2,(#12973,#12974,#12975,#12976
    ,#12977,#12978,#12979),.UNSPECIFIED.,.T.,.F.) 
B_SPLINE_CURVE_WITH_KNOTS((1,2,2,2,2,1),(-2.094395102393,0.,
    2.094395102393,4.188790204786,6.28318530718,8.377580409573),
.UNSPECIFIED.) CURVE() GEOMETRIC_REPRESENTATION_ITEM() 
RATIONAL_B_SPLINE_CURVE((1.,0.5,1.,0.5,1.,0.5,1.)) REPRESENTATION_ITEM(
  '') );
#12973 = CARTESIAN_POINT('',(9.52,1.245));
#12974 = CARTESIAN_POINT('',(7.095128869404,1.245));
#12975 = CARTESIAN_POINT('',(8.307564434702,3.345));
#12976 = CARTESIAN_POINT('',(9.52,5.445));
#12977 = CARTESIAN_POINT('',(10.732435565298,3.345));
#12978 = CARTESIAN_POINT('',(11.944871130596,1.245));
#12979 = CARTESIAN_POINT('',(9.52,1.245));
#12980 = ( GEOMETRIC_REPRESENTATION_CONTEXT(2) 
PARAMETRIC_REPRESENTATION_CONTEXT() REPRESENTATION_CONTEXT('2D SPACE',''
  ) );
#12981 = PCURVE('',#12982,#12987);
#12982 = CYLINDRICAL_SURFACE('',#12983,1.4);
#12983 = AXIS2_PLACEMENT_3D('',#12984,#12985,#12986);
#12984 = CARTESIAN_POINT('',(28.00000003574,-6.772674052927,
    3.250000014901));
#12985 = DIRECTION('',(-1.,-4.224751906206E-16,1.2538062068E-15));
#12986 = DIRECTION('',(-1.2538062068E-15,-3.330669073875E-16,-1.));
#12987 = DEFINITIONAL_REPRESENTATION('',(#12988),#12992);
#12988 = LINE('',#12989,#12990);
#12989 = CARTESIAN_POINT('',(-12.56637061435,-3.54999996426));
#12990 = VECTOR('',#12991,1.);
#12991 = DIRECTION('',(1.,-0.));
#12992 = ( GEOMETRIC_REPRESENTATION_CONTEXT(2) 
PARAMETRIC_REPRESENTATION_CONTEXT() REPRESENTATION_CONTEXT('2D SPACE',''
  ) );
#12993 = ORIENTED_EDGE('',*,*,#12994,.T.);
#12994 = EDGE_CURVE('',#12962,#12783,#12995,.T.);
#12995 = SURFACE_CURVE('',#12996,(#13000,#13006),.PCURVE_S1.);
#12996 = LINE('',#12997,#12998);
#12997 = CARTESIAN_POINT('',(31.55,-11.53267405292,1.850000014901));
#12998 = VECTOR('',#12999,1.);
#12999 = DIRECTION('',(7.395570986447E-32,-1.,3.330669073875E-16));
#13000 = PCURVE('',#10839,#13001);
#13001 = DEFINITIONAL_REPRESENTATION('',(#13002),#13005);
#13002 = B_SPLINE_CURVE_WITH_KNOTS('',1,(#13003,#13004),.UNSPECIFIED.,
  .F.,.F.,(2,2),(-4.76,1.68),.PIECEWISE_BEZIER_KNOTS.);
#13003 = CARTESIAN_POINT('',(9.52,1.245));
#13004 = CARTESIAN_POINT('',(3.08,1.245));
#13005 = ( GEOMETRIC_REPRESENTATION_CONTEXT(2) 
PARAMETRIC_REPRESENTATION_CONTEXT() REPRESENTATION_CONTEXT('2D SPACE',''
  ) );
#13006 = PCURVE('',#13007,#13012);
#13007 = PLANE('',#13008);
#13008 = AXIS2_PLACEMENT_3D('',#13009,#13010,#13011);
#13009 = CARTESIAN_POINT('',(28.00000003574,-6.772674052927,
    1.850000014901));
#13010 = DIRECTION('',(0.,-3.330669073875E-16,-1.));
#13011 = DIRECTION('',(4.224751906206E-16,-1.,3.330669073875E-16));
#13012 = DEFINITIONAL_REPRESENTATION('',(#13013),#13016);
#13013 = B_SPLINE_CURVE_WITH_KNOTS('',1,(#13014,#13015),.UNSPECIFIED.,
  .F.,.F.,(2,2),(-4.76,1.68),.PIECEWISE_BEZIER_KNOTS.);
#13014 = CARTESIAN_POINT('',(0.,-3.54999996426));
#13015 = CARTESIAN_POINT('',(6.44,-3.54999996426));
#13016 = ( GEOMETRIC_REPRESENTATION_CONTEXT(2) 
PARAMETRIC_REPRESENTATION_CONTEXT() REPRESENTATION_CONTEXT('2D SPACE',''
  ) );
#13017 = ADVANCED_FACE('',(#13018),#11228,.F.);
#13018 = FACE_BOUND('',#13019,.F.);
#13019 = EDGE_LOOP('',(#13020,#13021,#13044,#13071));
#13020 = ORIENTED_EDGE('',*,*,#11211,.F.);
#13021 = ORIENTED_EDGE('',*,*,#13022,.F.);
#13022 = EDGE_CURVE('',#13023,#11212,#13025,.T.);
#13023 = VERTEX_POINT('',#13024);
#13024 = CARTESIAN_POINT('',(-23.2,-61.4,7.5));
#13025 = SEAM_CURVE('',#13026,(#13030,#13037),.PCURVE_S1.);
#13026 = LINE('',#13027,#13028);
#13027 = CARTESIAN_POINT('',(-23.2,-61.4,7.5));
#13028 = VECTOR('',#13029,1.);
#13029 = DIRECTION('',(0.707106781187,-1.731912112471E-16,0.707106781187
    ));
#13030 = PCURVE('',#11228,#13031);
#13031 = DEFINITIONAL_REPRESENTATION('',(#13032),#13036);
#13032 = LINE('',#13033,#13034);
#13033 = CARTESIAN_POINT('',(6.28318530718,-0.));
#13034 = VECTOR('',#13035,1.);
#13035 = DIRECTION('',(0.,1.));
#13036 = ( GEOMETRIC_REPRESENTATION_CONTEXT(2) 
PARAMETRIC_REPRESENTATION_CONTEXT() REPRESENTATION_CONTEXT('2D SPACE',''
  ) );
#13037 = PCURVE('',#11228,#13038);
#13038 = DEFINITIONAL_REPRESENTATION('',(#13039),#13043);
#13039 = LINE('',#13040,#13041);
#13040 = CARTESIAN_POINT('',(0.,-0.));
#13041 = VECTOR('',#13042,1.);
#13042 = DIRECTION('',(0.,1.));
#13043 = ( GEOMETRIC_REPRESENTATION_CONTEXT(2) 
PARAMETRIC_REPRESENTATION_CONTEXT() REPRESENTATION_CONTEXT('2D SPACE',''
  ) );
#13044 = ORIENTED_EDGE('',*,*,#13045,.T.);
#13045 = EDGE_CURVE('',#13023,#13023,#13046,.T.);
#13046 = SURFACE_CURVE('',#13047,(#13052,#13059),.PCURVE_S1.);
#13047 = CIRCLE('',#13048,0.8);
#13048 = AXIS2_PLACEMENT_3D('',#13049,#13050,#13051);
#13049 = CARTESIAN_POINT('',(-24.,-61.4,7.5));
#13050 = DIRECTION('',(0.,0.,1.));
#13051 = DIRECTION('',(1.,0.,-0.));
#13052 = PCURVE('',#11228,#13053);
#13053 = DEFINITIONAL_REPRESENTATION('',(#13054),#13058);
#13054 = LINE('',#13055,#13056);
#13055 = CARTESIAN_POINT('',(0.,0.));
#13056 = VECTOR('',#13057,1.);
#13057 = DIRECTION('',(1.,0.));
#13058 = ( GEOMETRIC_REPRESENTATION_CONTEXT(2) 
PARAMETRIC_REPRESENTATION_CONTEXT() REPRESENTATION_CONTEXT('2D SPACE',''
  ) );
#13059 = PCURVE('',#13060,#13065);
#13060 = PLANE('',#13061);
#13061 = AXIS2_PLACEMENT_3D('',#13062,#13063,#13064);
#13062 = CARTESIAN_POINT('',(-24.,-61.4,7.5));
#13063 = DIRECTION('',(0.,0.,1.));
#13064 = DIRECTION('',(1.,0.,-0.));
#13065 = DEFINITIONAL_REPRESENTATION('',(#13066),#13070);
#13066 = CIRCLE('',#13067,0.8);
#13067 = AXIS2_PLACEMENT_2D('',#13068,#13069);
#13068 = CARTESIAN_POINT('',(0.,0.));
#13069 = DIRECTION('',(1.,0.));
#13070 = ( GEOMETRIC_REPRESENTATION_CONTEXT(2) 
PARAMETRIC_REPRESENTATION_CONTEXT() REPRESENTATION_CONTEXT('2D SPACE',''
  ) );
#13071 = ORIENTED_EDGE('',*,*,#13022,.T.);
#13072 = ADVANCED_FACE('',(#13073,#13079),#11343,.F.);
#13073 = FACE_BOUND('',#13074,.F.);
#13074 = EDGE_LOOP('',(#13075,#13076,#13077,#13078));
#13075 = ORIENTED_EDGE('',*,*,#11459,.F.);
#13076 = ORIENTED_EDGE('',*,*,#11329,.T.);
#13077 = ORIENTED_EDGE('',*,*,#11383,.T.);
#13078 = ORIENTED_EDGE('',*,*,#11432,.F.);
#13079 = FACE_BOUND('',#13080,.F.);
#13080 = EDGE_LOOP('',(#13081,#13104,#13132,#13153,#13181,#13202,#13230,
    #13251));
#13081 = ORIENTED_EDGE('',*,*,#13082,.F.);
#13082 = EDGE_CURVE('',#13083,#13085,#13087,.T.);
#13083 = VERTEX_POINT('',#13084);
#13084 = CARTESIAN_POINT('',(31.,-14.61267405292,3.960000014901));
#13085 = VERTEX_POINT('',#13086);
#13086 = CARTESIAN_POINT('',(31.,-14.61267405292,3.250000014901));
#13087 = SURFACE_CURVE('',#13088,(#13092,#13098),.PCURVE_S1.);
#13088 = LINE('',#13089,#13090);
#13089 = CARTESIAN_POINT('',(31.,-14.61267405292,2.227500014901));
#13090 = VECTOR('',#13091,1.);
#13091 = DIRECTION('',(0.,-3.330669073875E-16,-1.));
#13092 = PCURVE('',#11343,#13093);
#13093 = DEFINITIONAL_REPRESENTATION('',(#13094),#13097);
#13094 = B_SPLINE_CURVE_WITH_KNOTS('',1,(#13095,#13096),.UNSPECIFIED.,
  .F.,.F.,(2,2),(-1.7325,-1.0225),.PIECEWISE_BEZIER_KNOTS.);
#13095 = CARTESIAN_POINT('',(2.755,-1.38));
#13096 = CARTESIAN_POINT('',(2.045,-1.38));
#13097 = ( GEOMETRIC_REPRESENTATION_CONTEXT(2) 
PARAMETRIC_REPRESENTATION_CONTEXT() REPRESENTATION_CONTEXT('2D SPACE',''
  ) );
#13098 = PCURVE('',#12832,#13099);
#13099 = DEFINITIONAL_REPRESENTATION('',(#13100),#13103);
#13100 = B_SPLINE_CURVE_WITH_KNOTS('',1,(#13101,#13102),.UNSPECIFIED.,
  .F.,.F.,(2,2),(-1.7325,-1.0225),.PIECEWISE_BEZIER_KNOTS.);
#13101 = CARTESIAN_POINT('',(0.71,-2.99999996426));
#13102 = CARTESIAN_POINT('',(0.,-2.99999996426));
#13103 = ( GEOMETRIC_REPRESENTATION_CONTEXT(2) 
PARAMETRIC_REPRESENTATION_CONTEXT() REPRESENTATION_CONTEXT('2D SPACE',''
  ) );
#13104 = ORIENTED_EDGE('',*,*,#13105,.T.);
#13105 = EDGE_CURVE('',#13083,#13106,#13108,.T.);
#13106 = VERTEX_POINT('',#13107);
#13107 = CARTESIAN_POINT('',(31.,-13.21267405292,5.360000014901));
#13108 = SURFACE_CURVE('',#13109,(#13114,#13125),.PCURVE_S1.);
#13109 = CIRCLE('',#13110,1.4);
#13110 = AXIS2_PLACEMENT_3D('',#13111,#13112,#13113);
#13111 = CARTESIAN_POINT('',(31.,-13.21267405292,3.960000014901));
#13112 = DIRECTION('',(-1.,-4.224751906206E-16,1.2538062068E-15));
#13113 = DIRECTION('',(1.2538062068E-15,3.330669073875E-16,1.));
#13114 = PCURVE('',#11343,#13115);
#13115 = DEFINITIONAL_REPRESENTATION('',(#13116),#13124);
#13116 = ( BOUNDED_CURVE() B_SPLINE_CURVE(2,(#13117,#13118,#13119,#13120
    ,#13121,#13122,#13123),.UNSPECIFIED.,.T.,.F.) 
B_SPLINE_CURVE_WITH_KNOTS((1,2,2,2,2,1),(-2.094395102393,0.,
    2.094395102393,4.188790204786,6.28318530718,8.377580409573),
.UNSPECIFIED.) CURVE() GEOMETRIC_REPRESENTATION_ITEM() 
RATIONAL_B_SPLINE_CURVE((1.,0.5,1.,0.5,1.,0.5,1.)) REPRESENTATION_ITEM(
  '') );
#13117 = CARTESIAN_POINT('',(4.155,-2.78));
#13118 = CARTESIAN_POINT('',(4.155,-5.204871130596));
#13119 = CARTESIAN_POINT('',(2.055,-3.992435565298));
#13120 = CARTESIAN_POINT('',(-4.5E-02,-2.78));
#13121 = CARTESIAN_POINT('',(2.055,-1.567564434702));
#13122 = CARTESIAN_POINT('',(4.155,-0.355128869404));
#13123 = CARTESIAN_POINT('',(4.155,-2.78));
#13124 = ( GEOMETRIC_REPRESENTATION_CONTEXT(2) 
PARAMETRIC_REPRESENTATION_CONTEXT() REPRESENTATION_CONTEXT('2D SPACE',''
  ) );
#13125 = PCURVE('',#12864,#13126);
#13126 = DEFINITIONAL_REPRESENTATION('',(#13127),#13131);
#13127 = LINE('',#13128,#13129);
#13128 = CARTESIAN_POINT('',(-12.56637061435,-2.99999996426));
#13129 = VECTOR('',#13130,1.);
#13130 = DIRECTION('',(1.,-0.));
#13131 = ( GEOMETRIC_REPRESENTATION_CONTEXT(2) 
PARAMETRIC_REPRESENTATION_CONTEXT() REPRESENTATION_CONTEXT('2D SPACE',''
  ) );
#13132 = ORIENTED_EDGE('',*,*,#13133,.F.);
#13133 = EDGE_CURVE('',#13134,#13106,#13136,.T.);
#13134 = VERTEX_POINT('',#13135);
#13135 = CARTESIAN_POINT('',(31.,-6.772674052927,5.360000014901));
#13136 = SURFACE_CURVE('',#13137,(#13141,#13147),.PCURVE_S1.);
#13137 = LINE('',#13138,#13139);
#13138 = CARTESIAN_POINT('',(31.,-14.60267405292,5.360000014901));
#13139 = VECTOR('',#13140,1.);
#13140 = DIRECTION('',(0.,-1.,3.330669073875E-16));
#13141 = PCURVE('',#11343,#13142);
#13142 = DEFINITIONAL_REPRESENTATION('',(#13143),#13146);
#13143 = B_SPLINE_CURVE_WITH_KNOTS('',1,(#13144,#13145),.UNSPECIFIED.,
  .F.,.F.,(2,2),(-7.83,-1.39),.PIECEWISE_BEZIER_KNOTS.);
#13144 = CARTESIAN_POINT('',(4.155,-9.22));
#13145 = CARTESIAN_POINT('',(4.155,-2.78));
#13146 = ( GEOMETRIC_REPRESENTATION_CONTEXT(2) 
PARAMETRIC_REPRESENTATION_CONTEXT() REPRESENTATION_CONTEXT('2D SPACE',''
  ) );
#13147 = PCURVE('',#12891,#13148);
#13148 = DEFINITIONAL_REPRESENTATION('',(#13149),#13152);
#13149 = B_SPLINE_CURVE_WITH_KNOTS('',1,(#13150,#13151),.UNSPECIFIED.,
  .F.,.F.,(2,2),(-7.83,-1.39),.PIECEWISE_BEZIER_KNOTS.);
#13150 = CARTESIAN_POINT('',(6.44,-2.99999996426));
#13151 = CARTESIAN_POINT('',(-3.330669073875E-15,-2.99999996426));
#13152 = ( GEOMETRIC_REPRESENTATION_CONTEXT(2) 
PARAMETRIC_REPRESENTATION_CONTEXT() REPRESENTATION_CONTEXT('2D SPACE',''
  ) );
#13153 = ORIENTED_EDGE('',*,*,#13154,.T.);
#13154 = EDGE_CURVE('',#13134,#13155,#13157,.T.);
#13155 = VERTEX_POINT('',#13156);
#13156 = CARTESIAN_POINT('',(31.,-5.372674052927,3.960000014901));
#13157 = SURFACE_CURVE('',#13158,(#13163,#13174),.PCURVE_S1.);
#13158 = CIRCLE('',#13159,1.4);
#13159 = AXIS2_PLACEMENT_3D('',#13160,#13161,#13162);
#13160 = CARTESIAN_POINT('',(31.,-6.772674052927,3.960000014901));
#13161 = DIRECTION('',(-1.,-4.224751906206E-16,1.2538062068E-15));
#13162 = DIRECTION('',(-4.224751906206E-16,1.,-3.330669073875E-16));
#13163 = PCURVE('',#11343,#13164);
#13164 = DEFINITIONAL_REPRESENTATION('',(#13165),#13173);
#13165 = ( BOUNDED_CURVE() B_SPLINE_CURVE(2,(#13166,#13167,#13168,#13169
    ,#13170,#13171,#13172),.UNSPECIFIED.,.T.,.F.) 
B_SPLINE_CURVE_WITH_KNOTS((1,2,2,2,2,1),(-2.094395102393,0.,
    2.094395102393,4.188790204786,6.28318530718,8.377580409573),
.UNSPECIFIED.) CURVE() GEOMETRIC_REPRESENTATION_ITEM() 
RATIONAL_B_SPLINE_CURVE((1.,0.5,1.,0.5,1.,0.5,1.)) REPRESENTATION_ITEM(
  '') );
#13166 = CARTESIAN_POINT('',(2.755,-10.62));
#13167 = CARTESIAN_POINT('',(0.330128869404,-10.62));
#13168 = CARTESIAN_POINT('',(1.542564434702,-8.52));
#13169 = CARTESIAN_POINT('',(2.755,-6.42));
#13170 = CARTESIAN_POINT('',(3.967435565298,-8.52));
#13171 = CARTESIAN_POINT('',(5.179871130596,-10.62));
#13172 = CARTESIAN_POINT('',(2.755,-10.62));
#13173 = ( GEOMETRIC_REPRESENTATION_CONTEXT(2) 
PARAMETRIC_REPRESENTATION_CONTEXT() REPRESENTATION_CONTEXT('2D SPACE',''
  ) );
#13174 = PCURVE('',#12923,#13175);
#13175 = DEFINITIONAL_REPRESENTATION('',(#13176),#13180);
#13176 = LINE('',#13177,#13178);
#13177 = CARTESIAN_POINT('',(-12.56637061435,-2.99999996426));
#13178 = VECTOR('',#13179,1.);
#13179 = DIRECTION('',(1.,-0.));
#13180 = ( GEOMETRIC_REPRESENTATION_CONTEXT(2) 
PARAMETRIC_REPRESENTATION_CONTEXT() REPRESENTATION_CONTEXT('2D SPACE',''
  ) );
#13181 = ORIENTED_EDGE('',*,*,#13182,.F.);
#13182 = EDGE_CURVE('',#13183,#13155,#13185,.T.);
#13183 = VERTEX_POINT('',#13184);
#13184 = CARTESIAN_POINT('',(31.,-5.372674052927,3.250000014901));
#13185 = SURFACE_CURVE('',#13186,(#13190,#13196),.PCURVE_S1.);
#13186 = LINE('',#13187,#13188);
#13187 = CARTESIAN_POINT('',(31.,-5.372674052927,2.582500014901));
#13188 = VECTOR('',#13189,1.);
#13189 = DIRECTION('',(-0.,3.330669073875E-16,1.));
#13190 = PCURVE('',#11343,#13191);
#13191 = DEFINITIONAL_REPRESENTATION('',(#13192),#13195);
#13192 = B_SPLINE_CURVE_WITH_KNOTS('',1,(#13193,#13194),.UNSPECIFIED.,
  .F.,.F.,(2,2),(0.6675,1.3775),.PIECEWISE_BEZIER_KNOTS.);
#13193 = CARTESIAN_POINT('',(2.045,-10.62));
#13194 = CARTESIAN_POINT('',(2.755,-10.62));
#13195 = ( GEOMETRIC_REPRESENTATION_CONTEXT(2) 
PARAMETRIC_REPRESENTATION_CONTEXT() REPRESENTATION_CONTEXT('2D SPACE',''
  ) );
#13196 = PCURVE('',#12950,#13197);
#13197 = DEFINITIONAL_REPRESENTATION('',(#13198),#13201);
#13198 = B_SPLINE_CURVE_WITH_KNOTS('',1,(#13199,#13200),.UNSPECIFIED.,
  .F.,.F.,(2,2),(0.6675,1.3775),.PIECEWISE_BEZIER_KNOTS.);
#13199 = CARTESIAN_POINT('',(0.71,-2.99999996426));
#13200 = CARTESIAN_POINT('',(-9.992007221626E-15,-2.99999996426));
#13201 = ( GEOMETRIC_REPRESENTATION_CONTEXT(2) 
PARAMETRIC_REPRESENTATION_CONTEXT() REPRESENTATION_CONTEXT('2D SPACE',''
  ) );
#13202 = ORIENTED_EDGE('',*,*,#13203,.T.);
#13203 = EDGE_CURVE('',#13183,#13204,#13206,.T.);
#13204 = VERTEX_POINT('',#13205);
#13205 = CARTESIAN_POINT('',(31.,-6.772674052927,1.850000014901));
#13206 = SURFACE_CURVE('',#13207,(#13212,#13223),.PCURVE_S1.);
#13207 = CIRCLE('',#13208,1.4);
#13208 = AXIS2_PLACEMENT_3D('',#13209,#13210,#13211);
#13209 = CARTESIAN_POINT('',(31.,-6.772674052927,3.250000014901));
#13210 = DIRECTION('',(-1.,-4.224751906206E-16,1.2538062068E-15));
#13211 = DIRECTION('',(-1.2538062068E-15,-3.330669073875E-16,-1.));
#13212 = PCURVE('',#11343,#13213);
#13213 = DEFINITIONAL_REPRESENTATION('',(#13214),#13222);
#13214 = ( BOUNDED_CURVE() B_SPLINE_CURVE(2,(#13215,#13216,#13217,#13218
    ,#13219,#13220,#13221),.UNSPECIFIED.,.T.,.F.) 
B_SPLINE_CURVE_WITH_KNOTS((1,2,2,2,2,1),(-2.094395102393,0.,
    2.094395102393,4.188790204786,6.28318530718,8.377580409573),
.UNSPECIFIED.) CURVE() GEOMETRIC_REPRESENTATION_ITEM() 
RATIONAL_B_SPLINE_CURVE((1.,0.5,1.,0.5,1.,0.5,1.)) REPRESENTATION_ITEM(
  '') );
#13215 = CARTESIAN_POINT('',(0.645,-9.22));
#13216 = CARTESIAN_POINT('',(0.645,-6.795128869404));
#13217 = CARTESIAN_POINT('',(2.745,-8.007564434702));
#13218 = CARTESIAN_POINT('',(4.845,-9.22));
#13219 = CARTESIAN_POINT('',(2.745,-10.43243556529));
#13220 = CARTESIAN_POINT('',(0.645,-11.64487113059));
#13221 = CARTESIAN_POINT('',(0.645,-9.22));
#13222 = ( GEOMETRIC_REPRESENTATION_CONTEXT(2) 
PARAMETRIC_REPRESENTATION_CONTEXT() REPRESENTATION_CONTEXT('2D SPACE',''
  ) );
#13223 = PCURVE('',#12982,#13224);
#13224 = DEFINITIONAL_REPRESENTATION('',(#13225),#13229);
#13225 = LINE('',#13226,#13227);
#13226 = CARTESIAN_POINT('',(-12.56637061435,-2.99999996426));
#13227 = VECTOR('',#13228,1.);
#13228 = DIRECTION('',(1.,-0.));
#13229 = ( GEOMETRIC_REPRESENTATION_CONTEXT(2) 
PARAMETRIC_REPRESENTATION_CONTEXT() REPRESENTATION_CONTEXT('2D SPACE',''
  ) );
#13230 = ORIENTED_EDGE('',*,*,#13231,.F.);
#13231 = EDGE_CURVE('',#13232,#13204,#13234,.T.);
#13232 = VERTEX_POINT('',#13233);
#13233 = CARTESIAN_POINT('',(31.,-13.21267405292,1.850000014901));
#13234 = SURFACE_CURVE('',#13235,(#13239,#13245),.PCURVE_S1.);
#13235 = LINE('',#13236,#13237);
#13236 = CARTESIAN_POINT('',(31.,-11.38267405292,1.850000014901));
#13237 = VECTOR('',#13238,1.);
#13238 = DIRECTION('',(0.,1.,-3.330669073875E-16));
#13239 = PCURVE('',#11343,#13240);
#13240 = DEFINITIONAL_REPRESENTATION('',(#13241),#13244);
#13241 = B_SPLINE_CURVE_WITH_KNOTS('',1,(#13242,#13243),.UNSPECIFIED.,
  .F.,.F.,(2,2),(-1.83,4.61),.PIECEWISE_BEZIER_KNOTS.);
#13242 = CARTESIAN_POINT('',(0.645,-2.78));
#13243 = CARTESIAN_POINT('',(0.645,-9.22));
#13244 = ( GEOMETRIC_REPRESENTATION_CONTEXT(2) 
PARAMETRIC_REPRESENTATION_CONTEXT() REPRESENTATION_CONTEXT('2D SPACE',''
  ) );
#13245 = PCURVE('',#13007,#13246);
#13246 = DEFINITIONAL_REPRESENTATION('',(#13247),#13250);
#13247 = B_SPLINE_CURVE_WITH_KNOTS('',1,(#13248,#13249),.UNSPECIFIED.,
  .F.,.F.,(2,2),(-1.83,4.61),.PIECEWISE_BEZIER_KNOTS.);
#13248 = CARTESIAN_POINT('',(6.44,-2.99999996426));
#13249 = CARTESIAN_POINT('',(0.,-2.99999996426));
#13250 = ( GEOMETRIC_REPRESENTATION_CONTEXT(2) 
PARAMETRIC_REPRESENTATION_CONTEXT() REPRESENTATION_CONTEXT('2D SPACE',''
  ) );
#13251 = ORIENTED_EDGE('',*,*,#13252,.T.);
#13252 = EDGE_CURVE('',#13232,#13085,#13253,.T.);
#13253 = SURFACE_CURVE('',#13254,(#13259,#13270),.PCURVE_S1.);
#13254 = CIRCLE('',#13255,1.4);
#13255 = AXIS2_PLACEMENT_3D('',#13256,#13257,#13258);
#13256 = CARTESIAN_POINT('',(31.,-13.21267405292,3.250000014901));
#13257 = DIRECTION('',(-1.,-4.224751906206E-16,1.2538062068E-15));
#13258 = DIRECTION('',(4.224751906206E-16,-1.,3.330669073875E-16));
#13259 = PCURVE('',#11343,#13260);
#13260 = DEFINITIONAL_REPRESENTATION('',(#13261),#13269);
#13261 = ( BOUNDED_CURVE() B_SPLINE_CURVE(2,(#13262,#13263,#13264,#13265
    ,#13266,#13267,#13268),.UNSPECIFIED.,.T.,.F.) 
B_SPLINE_CURVE_WITH_KNOTS((1,2,2,2,2,1),(-2.094395102393,0.,
    2.094395102393,4.188790204786,6.28318530718,8.377580409573),
.UNSPECIFIED.) CURVE() GEOMETRIC_REPRESENTATION_ITEM() 
RATIONAL_B_SPLINE_CURVE((1.,0.5,1.,0.5,1.,0.5,1.)) REPRESENTATION_ITEM(
  '') );
#13262 = CARTESIAN_POINT('',(2.045,-1.38));
#13263 = CARTESIAN_POINT('',(4.469871130596,-1.38));
#13264 = CARTESIAN_POINT('',(3.257435565298,-3.48));
#13265 = CARTESIAN_POINT('',(2.045,-5.58));
#13266 = CARTESIAN_POINT('',(0.832564434702,-3.48));
#13267 = CARTESIAN_POINT('',(-0.379871130596,-1.38));
#13268 = CARTESIAN_POINT('',(2.045,-1.38));
#13269 = ( GEOMETRIC_REPRESENTATION_CONTEXT(2) 
PARAMETRIC_REPRESENTATION_CONTEXT() REPRESENTATION_CONTEXT('2D SPACE',''
  ) );
#13270 = PCURVE('',#12805,#13271);
#13271 = DEFINITIONAL_REPRESENTATION('',(#13272),#13276);
#13272 = LINE('',#13273,#13274);
#13273 = CARTESIAN_POINT('',(-12.56637061435,-2.99999996426));
#13274 = VECTOR('',#13275,1.);
#13275 = DIRECTION('',(1.,-0.));
#13276 = ( GEOMETRIC_REPRESENTATION_CONTEXT(2) 
PARAMETRIC_REPRESENTATION_CONTEXT() REPRESENTATION_CONTEXT('2D SPACE',''
  ) );
#13277 = ADVANCED_FACE('',(#13278),#11560,.F.);
#13278 = FACE_BOUND('',#13279,.F.);
#13279 = EDGE_LOOP('',(#13280,#13281,#13282,#13283));
#13280 = ORIENTED_EDGE('',*,*,#11676,.F.);
#13281 = ORIENTED_EDGE('',*,*,#11546,.T.);
#13282 = ORIENTED_EDGE('',*,*,#11600,.T.);
#13283 = ORIENTED_EDGE('',*,*,#11649,.F.);
#13284 = ADVANCED_FACE('',(#13285),#11725,.F.);
#13285 = FACE_BOUND('',#13286,.T.);
#13286 = EDGE_LOOP('',(#13287,#13316,#13337,#13338));
#13287 = ORIENTED_EDGE('',*,*,#13288,.F.);
#13288 = EDGE_CURVE('',#13289,#13289,#13291,.T.);
#13289 = VERTEX_POINT('',#13290);
#13290 = CARTESIAN_POINT('',(25.55,58.5,1.4));
#13291 = SURFACE_CURVE('',#13292,(#13297,#13304),.PCURVE_S1.);
#13292 = CIRCLE('',#13293,0.55);
#13293 = AXIS2_PLACEMENT_3D('',#13294,#13295,#13296);
#13294 = CARTESIAN_POINT('',(25.,58.5,1.4));
#13295 = DIRECTION('',(0.,0.,1.));
#13296 = DIRECTION('',(1.,0.,0.));
#13297 = PCURVE('',#11725,#13298);
#13298 = DEFINITIONAL_REPRESENTATION('',(#13299),#13303);
#13299 = LINE('',#13300,#13301);
#13300 = CARTESIAN_POINT('',(-0.,0.));
#13301 = VECTOR('',#13302,1.);
#13302 = DIRECTION('',(-1.,0.));
#13303 = ( GEOMETRIC_REPRESENTATION_CONTEXT(2) 
PARAMETRIC_REPRESENTATION_CONTEXT() REPRESENTATION_CONTEXT('2D SPACE',''
  ) );
#13304 = PCURVE('',#13305,#13310);
#13305 = PLANE('',#13306);
#13306 = AXIS2_PLACEMENT_3D('',#13307,#13308,#13309);
#13307 = CARTESIAN_POINT('',(25.,58.5,1.4));
#13308 = DIRECTION('',(0.,0.,1.));
#13309 = DIRECTION('',(1.,0.,-0.));
#13310 = DEFINITIONAL_REPRESENTATION('',(#13311),#13315);
#13311 = CIRCLE('',#13312,0.55);
#13312 = AXIS2_PLACEMENT_2D('',#13313,#13314);
#13313 = CARTESIAN_POINT('',(0.,0.));
#13314 = DIRECTION('',(1.,0.));
#13315 = ( GEOMETRIC_REPRESENTATION_CONTEXT(2) 
PARAMETRIC_REPRESENTATION_CONTEXT() REPRESENTATION_CONTEXT('2D SPACE',''
  ) );
#13316 = ORIENTED_EDGE('',*,*,#13317,.T.);
#13317 = EDGE_CURVE('',#13289,#11705,#13318,.T.);
#13318 = SEAM_CURVE('',#13319,(#13323,#13330),.PCURVE_S1.);
#13319 = LINE('',#13320,#13321);
#13320 = CARTESIAN_POINT('',(25.55,58.5,1.4));
#13321 = VECTOR('',#13322,1.);
#13322 = DIRECTION('',(0.,0.,1.));
#13323 = PCURVE('',#11725,#13324);
#13324 = DEFINITIONAL_REPRESENTATION('',(#13325),#13329);
#13325 = LINE('',#13326,#13327);
#13326 = CARTESIAN_POINT('',(-6.28318530718,0.));
#13327 = VECTOR('',#13328,1.);
#13328 = DIRECTION('',(-0.,-1.));
#13329 = ( GEOMETRIC_REPRESENTATION_CONTEXT(2) 
PARAMETRIC_REPRESENTATION_CONTEXT() REPRESENTATION_CONTEXT('2D SPACE',''
  ) );
#13330 = PCURVE('',#11725,#13331);
#13331 = DEFINITIONAL_REPRESENTATION('',(#13332),#13336);
#13332 = LINE('',#13333,#13334);
#13333 = CARTESIAN_POINT('',(-0.,0.));
#13334 = VECTOR('',#13335,1.);
#13335 = DIRECTION('',(-0.,-1.));
#13336 = ( GEOMETRIC_REPRESENTATION_CONTEXT(2) 
PARAMETRIC_REPRESENTATION_CONTEXT() REPRESENTATION_CONTEXT('2D SPACE',''
  ) );
#13337 = ORIENTED_EDGE('',*,*,#11704,.F.);
#13338 = ORIENTED_EDGE('',*,*,#13317,.F.);
#13339 = ADVANCED_FACE('',(#13340),#11765,.F.);
#13340 = FACE_BOUND('',#13341,.T.);
#13341 = EDGE_LOOP('',(#13342,#13371,#13392,#13393));
#13342 = ORIENTED_EDGE('',*,*,#13343,.F.);
#13343 = EDGE_CURVE('',#13344,#13344,#13346,.T.);
#13344 = VERTEX_POINT('',#13345);
#13345 = CARTESIAN_POINT('',(-24.45,58.5,1.4));
#13346 = SURFACE_CURVE('',#13347,(#13352,#13359),.PCURVE_S1.);
#13347 = CIRCLE('',#13348,0.55);
#13348 = AXIS2_PLACEMENT_3D('',#13349,#13350,#13351);
#13349 = CARTESIAN_POINT('',(-25.,58.5,1.4));
#13350 = DIRECTION('',(0.,0.,1.));
#13351 = DIRECTION('',(1.,0.,0.));
#13352 = PCURVE('',#11765,#13353);
#13353 = DEFINITIONAL_REPRESENTATION('',(#13354),#13358);
#13354 = LINE('',#13355,#13356);
#13355 = CARTESIAN_POINT('',(-0.,0.));
#13356 = VECTOR('',#13357,1.);
#13357 = DIRECTION('',(-1.,0.));
#13358 = ( GEOMETRIC_REPRESENTATION_CONTEXT(2) 
PARAMETRIC_REPRESENTATION_CONTEXT() REPRESENTATION_CONTEXT('2D SPACE',''
  ) );
#13359 = PCURVE('',#13360,#13365);
#13360 = PLANE('',#13361);
#13361 = AXIS2_PLACEMENT_3D('',#13362,#13363,#13364);
#13362 = CARTESIAN_POINT('',(-25.,58.5,1.4));
#13363 = DIRECTION('',(0.,0.,1.));
#13364 = DIRECTION('',(1.,0.,-0.));
#13365 = DEFINITIONAL_REPRESENTATION('',(#13366),#13370);
#13366 = CIRCLE('',#13367,0.55);
#13367 = AXIS2_PLACEMENT_2D('',#13368,#13369);
#13368 = CARTESIAN_POINT('',(0.,0.));
#13369 = DIRECTION('',(1.,0.));
#13370 = ( GEOMETRIC_REPRESENTATION_CONTEXT(2) 
PARAMETRIC_REPRESENTATION_CONTEXT() REPRESENTATION_CONTEXT('2D SPACE',''
  ) );
#13371 = ORIENTED_EDGE('',*,*,#13372,.T.);
#13372 = EDGE_CURVE('',#13344,#11745,#13373,.T.);
#13373 = SEAM_CURVE('',#13374,(#13378,#13385),.PCURVE_S1.);
#13374 = LINE('',#13375,#13376);
#13375 = CARTESIAN_POINT('',(-24.45,58.5,1.4));
#13376 = VECTOR('',#13377,1.);
#13377 = DIRECTION('',(0.,0.,1.));
#13378 = PCURVE('',#11765,#13379);
#13379 = DEFINITIONAL_REPRESENTATION('',(#13380),#13384);
#13380 = LINE('',#13381,#13382);
#13381 = CARTESIAN_POINT('',(-6.28318530718,0.));
#13382 = VECTOR('',#13383,1.);
#13383 = DIRECTION('',(-0.,-1.));
#13384 = ( GEOMETRIC_REPRESENTATION_CONTEXT(2) 
PARAMETRIC_REPRESENTATION_CONTEXT() REPRESENTATION_CONTEXT('2D SPACE',''
  ) );
#13385 = PCURVE('',#11765,#13386);
#13386 = DEFINITIONAL_REPRESENTATION('',(#13387),#13391);
#13387 = LINE('',#13388,#13389);
#13388 = CARTESIAN_POINT('',(-0.,0.));
#13389 = VECTOR('',#13390,1.);
#13390 = DIRECTION('',(-0.,-1.));
#13391 = ( GEOMETRIC_REPRESENTATION_CONTEXT(2) 
PARAMETRIC_REPRESENTATION_CONTEXT() REPRESENTATION_CONTEXT('2D SPACE',''
  ) );
#13392 = ORIENTED_EDGE('',*,*,#11744,.F.);
#13393 = ORIENTED_EDGE('',*,*,#13372,.F.);
#13394 = ADVANCED_FACE('',(#13395,#13401),#12157,.T.);
#13395 = FACE_BOUND('',#13396,.T.);
#13396 = EDGE_LOOP('',(#13397,#13398,#13399,#13400));
#13397 = ORIENTED_EDGE('',*,*,#12266,.F.);
#13398 = ORIENTED_EDGE('',*,*,#12293,.T.);
#13399 = ORIENTED_EDGE('',*,*,#12141,.T.);
#13400 = ORIENTED_EDGE('',*,*,#12195,.F.);
#13401 = FACE_BOUND('',#13402,.T.);
#13402 = EDGE_LOOP('',(#13403));
#13403 = ORIENTED_EDGE('',*,*,#13404,.F.);
#13404 = EDGE_CURVE('',#13405,#13405,#13407,.T.);
#13405 = VERTEX_POINT('',#13406);
#13406 = CARTESIAN_POINT('',(21.3591527,-63.,4.42248296));
#13407 = SURFACE_CURVE('',#13408,(#13413,#13420),.PCURVE_S1.);
#13408 = CIRCLE('',#13409,2.5);
#13409 = AXIS2_PLACEMENT_3D('',#13410,#13411,#13412);
#13410 = CARTESIAN_POINT('',(18.8591527,-63.,4.42248296));
#13411 = DIRECTION('',(0.,1.,-1.110223024625E-16));
#13412 = DIRECTION('',(1.,0.,0.));
#13413 = PCURVE('',#12157,#13414);
#13414 = DEFINITIONAL_REPRESENTATION('',(#13415),#13419);
#13415 = CIRCLE('',#13416,2.5);
#13416 = AXIS2_PLACEMENT_2D('',#13417,#13418);
#13417 = CARTESIAN_POINT('',(3.1,4.));
#13418 = DIRECTION('',(0.,1.));
#13419 = ( GEOMETRIC_REPRESENTATION_CONTEXT(2) 
PARAMETRIC_REPRESENTATION_CONTEXT() REPRESENTATION_CONTEXT('2D SPACE',''
  ) );
#13420 = PCURVE('',#12757,#13421);
#13421 = DEFINITIONAL_REPRESENTATION('',(#13422),#13426);
#13422 = LINE('',#13423,#13424);
#13423 = CARTESIAN_POINT('',(-6.28318530718,-3.));
#13424 = VECTOR('',#13425,1.);
#13425 = DIRECTION('',(1.,-0.));
#13426 = ( GEOMETRIC_REPRESENTATION_CONTEXT(2) 
PARAMETRIC_REPRESENTATION_CONTEXT() REPRESENTATION_CONTEXT('2D SPACE',''
  ) );
#13427 = ADVANCED_FACE('',(#13428),#12339,.F.);
#13428 = FACE_BOUND('',#13429,.F.);
#13429 = EDGE_LOOP('',(#13430,#13431,#13454,#13481));
#13430 = ORIENTED_EDGE('',*,*,#12322,.F.);
#13431 = ORIENTED_EDGE('',*,*,#13432,.F.);
#13432 = EDGE_CURVE('',#13433,#12323,#13435,.T.);
#13433 = VERTEX_POINT('',#13434);
#13434 = CARTESIAN_POINT('',(0.8,-61.,7.5));
#13435 = SEAM_CURVE('',#13436,(#13440,#13447),.PCURVE_S1.);
#13436 = LINE('',#13437,#13438);
#13437 = CARTESIAN_POINT('',(0.8,-61.,7.5));
#13438 = VECTOR('',#13439,1.);
#13439 = DIRECTION('',(0.707106781187,-1.731912112471E-16,0.707106781187
    ));
#13440 = PCURVE('',#12339,#13441);
#13441 = DEFINITIONAL_REPRESENTATION('',(#13442),#13446);
#13442 = LINE('',#13443,#13444);
#13443 = CARTESIAN_POINT('',(6.28318530718,-0.));
#13444 = VECTOR('',#13445,1.);
#13445 = DIRECTION('',(0.,1.));
#13446 = ( GEOMETRIC_REPRESENTATION_CONTEXT(2) 
PARAMETRIC_REPRESENTATION_CONTEXT() REPRESENTATION_CONTEXT('2D SPACE',''
  ) );
#13447 = PCURVE('',#12339,#13448);
#13448 = DEFINITIONAL_REPRESENTATION('',(#13449),#13453);
#13449 = LINE('',#13450,#13451);
#13450 = CARTESIAN_POINT('',(0.,-0.));
#13451 = VECTOR('',#13452,1.);
#13452 = DIRECTION('',(0.,1.));
#13453 = ( GEOMETRIC_REPRESENTATION_CONTEXT(2) 
PARAMETRIC_REPRESENTATION_CONTEXT() REPRESENTATION_CONTEXT('2D SPACE',''
  ) );
#13454 = ORIENTED_EDGE('',*,*,#13455,.T.);
#13455 = EDGE_CURVE('',#13433,#13433,#13456,.T.);
#13456 = SURFACE_CURVE('',#13457,(#13462,#13469),.PCURVE_S1.);
#13457 = CIRCLE('',#13458,0.8);
#13458 = AXIS2_PLACEMENT_3D('',#13459,#13460,#13461);
#13459 = CARTESIAN_POINT('',(0.,-61.,7.5));
#13460 = DIRECTION('',(0.,0.,1.));
#13461 = DIRECTION('',(1.,0.,-0.));
#13462 = PCURVE('',#12339,#13463);
#13463 = DEFINITIONAL_REPRESENTATION('',(#13464),#13468);
#13464 = LINE('',#13465,#13466);
#13465 = CARTESIAN_POINT('',(0.,0.));
#13466 = VECTOR('',#13467,1.);
#13467 = DIRECTION('',(1.,0.));
#13468 = ( GEOMETRIC_REPRESENTATION_CONTEXT(2) 
PARAMETRIC_REPRESENTATION_CONTEXT() REPRESENTATION_CONTEXT('2D SPACE',''
  ) );
#13469 = PCURVE('',#13470,#13475);
#13470 = PLANE('',#13471);
#13471 = AXIS2_PLACEMENT_3D('',#13472,#13473,#13474);
#13472 = CARTESIAN_POINT('',(0.,-61.,7.5));
#13473 = DIRECTION('',(0.,0.,1.));
#13474 = DIRECTION('',(1.,0.,-0.));
#13475 = DEFINITIONAL_REPRESENTATION('',(#13476),#13480);
#13476 = CIRCLE('',#13477,0.8);
#13477 = AXIS2_PLACEMENT_2D('',#13478,#13479);
#13478 = CARTESIAN_POINT('',(0.,0.));
#13479 = DIRECTION('',(1.,0.));
#13480 = ( GEOMETRIC_REPRESENTATION_CONTEXT(2) 
PARAMETRIC_REPRESENTATION_CONTEXT() REPRESENTATION_CONTEXT('2D SPACE',''
  ) );
#13481 = ORIENTED_EDGE('',*,*,#13432,.T.);
#13482 = ADVANCED_FACE('',(#13483),#12374,.F.);
#13483 = FACE_BOUND('',#13484,.F.);
#13484 = EDGE_LOOP('',(#13485,#13486,#13509,#13536));
#13485 = ORIENTED_EDGE('',*,*,#12357,.F.);
#13486 = ORIENTED_EDGE('',*,*,#13487,.F.);
#13487 = EDGE_CURVE('',#13488,#12358,#13490,.T.);
#13488 = VERTEX_POINT('',#13489);
#13489 = CARTESIAN_POINT('',(29.8,-26.,7.5));
#13490 = SEAM_CURVE('',#13491,(#13495,#13502),.PCURVE_S1.);
#13491 = LINE('',#13492,#13493);
#13492 = CARTESIAN_POINT('',(29.8,-26.,7.5));
#13493 = VECTOR('',#13494,1.);
#13494 = DIRECTION('',(0.707106781187,-1.731912112471E-16,0.707106781187
    ));
#13495 = PCURVE('',#12374,#13496);
#13496 = DEFINITIONAL_REPRESENTATION('',(#13497),#13501);
#13497 = LINE('',#13498,#13499);
#13498 = CARTESIAN_POINT('',(6.28318530718,-0.));
#13499 = VECTOR('',#13500,1.);
#13500 = DIRECTION('',(0.,1.));
#13501 = ( GEOMETRIC_REPRESENTATION_CONTEXT(2) 
PARAMETRIC_REPRESENTATION_CONTEXT() REPRESENTATION_CONTEXT('2D SPACE',''
  ) );
#13502 = PCURVE('',#12374,#13503);
#13503 = DEFINITIONAL_REPRESENTATION('',(#13504),#13508);
#13504 = LINE('',#13505,#13506);
#13505 = CARTESIAN_POINT('',(0.,-0.));
#13506 = VECTOR('',#13507,1.);
#13507 = DIRECTION('',(0.,1.));
#13508 = ( GEOMETRIC_REPRESENTATION_CONTEXT(2) 
PARAMETRIC_REPRESENTATION_CONTEXT() REPRESENTATION_CONTEXT('2D SPACE',''
  ) );
#13509 = ORIENTED_EDGE('',*,*,#13510,.T.);
#13510 = EDGE_CURVE('',#13488,#13488,#13511,.T.);
#13511 = SURFACE_CURVE('',#13512,(#13517,#13524),.PCURVE_S1.);
#13512 = CIRCLE('',#13513,0.8);
#13513 = AXIS2_PLACEMENT_3D('',#13514,#13515,#13516);
#13514 = CARTESIAN_POINT('',(29.,-26.,7.5));
#13515 = DIRECTION('',(0.,0.,1.));
#13516 = DIRECTION('',(1.,0.,-0.));
#13517 = PCURVE('',#12374,#13518);
#13518 = DEFINITIONAL_REPRESENTATION('',(#13519),#13523);
#13519 = LINE('',#13520,#13521);
#13520 = CARTESIAN_POINT('',(0.,0.));
#13521 = VECTOR('',#13522,1.);
#13522 = DIRECTION('',(1.,0.));
#13523 = ( GEOMETRIC_REPRESENTATION_CONTEXT(2) 
PARAMETRIC_REPRESENTATION_CONTEXT() REPRESENTATION_CONTEXT('2D SPACE',''
  ) );
#13524 = PCURVE('',#13525,#13530);
#13525 = PLANE('',#13526);
#13526 = AXIS2_PLACEMENT_3D('',#13527,#13528,#13529);
#13527 = CARTESIAN_POINT('',(29.,-26.,7.5));
#13528 = DIRECTION('',(0.,0.,1.));
#13529 = DIRECTION('',(1.,0.,-0.));
#13530 = DEFINITIONAL_REPRESENTATION('',(#13531),#13535);
#13531 = CIRCLE('',#13532,0.8);
#13532 = AXIS2_PLACEMENT_2D('',#13533,#13534);
#13533 = CARTESIAN_POINT('',(0.,0.));
#13534 = DIRECTION('',(1.,0.));
#13535 = ( GEOMETRIC_REPRESENTATION_CONTEXT(2) 
PARAMETRIC_REPRESENTATION_CONTEXT() REPRESENTATION_CONTEXT('2D SPACE',''
  ) );
#13536 = ORIENTED_EDGE('',*,*,#13487,.T.);
#13537 = ADVANCED_FACE('',(#13538),#12409,.F.);
#13538 = FACE_BOUND('',#13539,.F.);
#13539 = EDGE_LOOP('',(#13540,#13541,#13564,#13591));
#13540 = ORIENTED_EDGE('',*,*,#12392,.F.);
#13541 = ORIENTED_EDGE('',*,*,#13542,.F.);
#13542 = EDGE_CURVE('',#13543,#12393,#13545,.T.);
#13543 = VERTEX_POINT('',#13544);
#13544 = CARTESIAN_POINT('',(-28.2,10.,7.5));
#13545 = SEAM_CURVE('',#13546,(#13550,#13557),.PCURVE_S1.);
#13546 = LINE('',#13547,#13548);
#13547 = CARTESIAN_POINT('',(-28.2,10.,7.5));
#13548 = VECTOR('',#13549,1.);
#13549 = DIRECTION('',(0.707106781187,-1.731912112471E-16,0.707106781187
    ));
#13550 = PCURVE('',#12409,#13551);
#13551 = DEFINITIONAL_REPRESENTATION('',(#13552),#13556);
#13552 = LINE('',#13553,#13554);
#13553 = CARTESIAN_POINT('',(6.28318530718,-0.));
#13554 = VECTOR('',#13555,1.);
#13555 = DIRECTION('',(0.,1.));
#13556 = ( GEOMETRIC_REPRESENTATION_CONTEXT(2) 
PARAMETRIC_REPRESENTATION_CONTEXT() REPRESENTATION_CONTEXT('2D SPACE',''
  ) );
#13557 = PCURVE('',#12409,#13558);
#13558 = DEFINITIONAL_REPRESENTATION('',(#13559),#13563);
#13559 = LINE('',#13560,#13561);
#13560 = CARTESIAN_POINT('',(0.,-0.));
#13561 = VECTOR('',#13562,1.);
#13562 = DIRECTION('',(0.,1.));
#13563 = ( GEOMETRIC_REPRESENTATION_CONTEXT(2) 
PARAMETRIC_REPRESENTATION_CONTEXT() REPRESENTATION_CONTEXT('2D SPACE',''
  ) );
#13564 = ORIENTED_EDGE('',*,*,#13565,.T.);
#13565 = EDGE_CURVE('',#13543,#13543,#13566,.T.);
#13566 = SURFACE_CURVE('',#13567,(#13572,#13579),.PCURVE_S1.);
#13567 = CIRCLE('',#13568,0.8);
#13568 = AXIS2_PLACEMENT_3D('',#13569,#13570,#13571);
#13569 = CARTESIAN_POINT('',(-29.,10.,7.5));
#13570 = DIRECTION('',(0.,0.,1.));
#13571 = DIRECTION('',(1.,0.,-0.));
#13572 = PCURVE('',#12409,#13573);
#13573 = DEFINITIONAL_REPRESENTATION('',(#13574),#13578);
#13574 = LINE('',#13575,#13576);
#13575 = CARTESIAN_POINT('',(0.,0.));
#13576 = VECTOR('',#13577,1.);
#13577 = DIRECTION('',(1.,0.));
#13578 = ( GEOMETRIC_REPRESENTATION_CONTEXT(2) 
PARAMETRIC_REPRESENTATION_CONTEXT() REPRESENTATION_CONTEXT('2D SPACE',''
  ) );
#13579 = PCURVE('',#13580,#13585);
#13580 = PLANE('',#13581);
#13581 = AXIS2_PLACEMENT_3D('',#13582,#13583,#13584);
#13582 = CARTESIAN_POINT('',(-29.,10.,7.5));
#13583 = DIRECTION('',(0.,0.,1.));
#13584 = DIRECTION('',(1.,0.,-0.));
#13585 = DEFINITIONAL_REPRESENTATION('',(#13586),#13590);
#13586 = CIRCLE('',#13587,0.8);
#13587 = AXIS2_PLACEMENT_2D('',#13588,#13589);
#13588 = CARTESIAN_POINT('',(0.,0.));
#13589 = DIRECTION('',(1.,0.));
#13590 = ( GEOMETRIC_REPRESENTATION_CONTEXT(2) 
PARAMETRIC_REPRESENTATION_CONTEXT() REPRESENTATION_CONTEXT('2D SPACE',''
  ) );
#13591 = ORIENTED_EDGE('',*,*,#13542,.T.);
#13592 = ADVANCED_FACE('',(#13593),#12444,.F.);
#13593 = FACE_BOUND('',#13594,.F.);
#13594 = EDGE_LOOP('',(#13595,#13596,#13619,#13646));
#13595 = ORIENTED_EDGE('',*,*,#12427,.F.);
#13596 = ORIENTED_EDGE('',*,*,#13597,.F.);
#13597 = EDGE_CURVE('',#13598,#12428,#13600,.T.);
#13598 = VERTEX_POINT('',#13599);
#13599 = CARTESIAN_POINT('',(-24.2,61.7,7.5));
#13600 = SEAM_CURVE('',#13601,(#13605,#13612),.PCURVE_S1.);
#13601 = LINE('',#13602,#13603);
#13602 = CARTESIAN_POINT('',(-24.2,61.7,7.5));
#13603 = VECTOR('',#13604,1.);
#13604 = DIRECTION('',(0.707106781187,-1.731912112471E-16,0.707106781187
    ));
#13605 = PCURVE('',#12444,#13606);
#13606 = DEFINITIONAL_REPRESENTATION('',(#13607),#13611);
#13607 = LINE('',#13608,#13609);
#13608 = CARTESIAN_POINT('',(6.28318530718,-0.));
#13609 = VECTOR('',#13610,1.);
#13610 = DIRECTION('',(0.,1.));
#13611 = ( GEOMETRIC_REPRESENTATION_CONTEXT(2) 
PARAMETRIC_REPRESENTATION_CONTEXT() REPRESENTATION_CONTEXT('2D SPACE',''
  ) );
#13612 = PCURVE('',#12444,#13613);
#13613 = DEFINITIONAL_REPRESENTATION('',(#13614),#13618);
#13614 = LINE('',#13615,#13616);
#13615 = CARTESIAN_POINT('',(0.,-0.));
#13616 = VECTOR('',#13617,1.);
#13617 = DIRECTION('',(0.,1.));
#13618 = ( GEOMETRIC_REPRESENTATION_CONTEXT(2) 
PARAMETRIC_REPRESENTATION_CONTEXT() REPRESENTATION_CONTEXT('2D SPACE',''
  ) );
#13619 = ORIENTED_EDGE('',*,*,#13620,.T.);
#13620 = EDGE_CURVE('',#13598,#13598,#13621,.T.);
#13621 = SURFACE_CURVE('',#13622,(#13627,#13634),.PCURVE_S1.);
#13622 = CIRCLE('',#13623,0.8);
#13623 = AXIS2_PLACEMENT_3D('',#13624,#13625,#13626);
#13624 = CARTESIAN_POINT('',(-25.,61.7,7.5));
#13625 = DIRECTION('',(0.,0.,1.));
#13626 = DIRECTION('',(1.,0.,-0.));
#13627 = PCURVE('',#12444,#13628);
#13628 = DEFINITIONAL_REPRESENTATION('',(#13629),#13633);
#13629 = LINE('',#13630,#13631);
#13630 = CARTESIAN_POINT('',(0.,0.));
#13631 = VECTOR('',#13632,1.);
#13632 = DIRECTION('',(1.,0.));
#13633 = ( GEOMETRIC_REPRESENTATION_CONTEXT(2) 
PARAMETRIC_REPRESENTATION_CONTEXT() REPRESENTATION_CONTEXT('2D SPACE',''
  ) );
#13634 = PCURVE('',#13635,#13640);
#13635 = PLANE('',#13636);
#13636 = AXIS2_PLACEMENT_3D('',#13637,#13638,#13639);
#13637 = CARTESIAN_POINT('',(-25.,61.7,7.5));
#13638 = DIRECTION('',(0.,0.,1.));
#13639 = DIRECTION('',(1.,0.,-0.));
#13640 = DEFINITIONAL_REPRESENTATION('',(#13641),#13645);
#13641 = CIRCLE('',#13642,0.8);
#13642 = AXIS2_PLACEMENT_2D('',#13643,#13644);
#13643 = CARTESIAN_POINT('',(0.,0.));
#13644 = DIRECTION('',(1.,0.));
#13645 = ( GEOMETRIC_REPRESENTATION_CONTEXT(2) 
PARAMETRIC_REPRESENTATION_CONTEXT() REPRESENTATION_CONTEXT('2D SPACE',''
  ) );
#13646 = ORIENTED_EDGE('',*,*,#13597,.T.);
#13647 = ADVANCED_FACE('',(#13648),#12479,.F.);
#13648 = FACE_BOUND('',#13649,.F.);
#13649 = EDGE_LOOP('',(#13650,#13651,#13674,#13701));
#13650 = ORIENTED_EDGE('',*,*,#12462,.F.);
#13651 = ORIENTED_EDGE('',*,*,#13652,.F.);
#13652 = EDGE_CURVE('',#13653,#12463,#13655,.T.);
#13653 = VERTEX_POINT('',#13654);
#13654 = CARTESIAN_POINT('',(29.8,4.,7.5));
#13655 = SEAM_CURVE('',#13656,(#13660,#13667),.PCURVE_S1.);
#13656 = LINE('',#13657,#13658);
#13657 = CARTESIAN_POINT('',(29.8,4.,7.5));
#13658 = VECTOR('',#13659,1.);
#13659 = DIRECTION('',(0.707106781187,-1.731912112471E-16,0.707106781187
    ));
#13660 = PCURVE('',#12479,#13661);
#13661 = DEFINITIONAL_REPRESENTATION('',(#13662),#13666);
#13662 = LINE('',#13663,#13664);
#13663 = CARTESIAN_POINT('',(6.28318530718,-0.));
#13664 = VECTOR('',#13665,1.);
#13665 = DIRECTION('',(0.,1.));
#13666 = ( GEOMETRIC_REPRESENTATION_CONTEXT(2) 
PARAMETRIC_REPRESENTATION_CONTEXT() REPRESENTATION_CONTEXT('2D SPACE',''
  ) );
#13667 = PCURVE('',#12479,#13668);
#13668 = DEFINITIONAL_REPRESENTATION('',(#13669),#13673);
#13669 = LINE('',#13670,#13671);
#13670 = CARTESIAN_POINT('',(0.,-0.));
#13671 = VECTOR('',#13672,1.);
#13672 = DIRECTION('',(0.,1.));
#13673 = ( GEOMETRIC_REPRESENTATION_CONTEXT(2) 
PARAMETRIC_REPRESENTATION_CONTEXT() REPRESENTATION_CONTEXT('2D SPACE',''
  ) );
#13674 = ORIENTED_EDGE('',*,*,#13675,.T.);
#13675 = EDGE_CURVE('',#13653,#13653,#13676,.T.);
#13676 = SURFACE_CURVE('',#13677,(#13682,#13689),.PCURVE_S1.);
#13677 = CIRCLE('',#13678,0.8);
#13678 = AXIS2_PLACEMENT_3D('',#13679,#13680,#13681);
#13679 = CARTESIAN_POINT('',(29.,4.,7.5));
#13680 = DIRECTION('',(0.,0.,1.));
#13681 = DIRECTION('',(1.,0.,-0.));
#13682 = PCURVE('',#12479,#13683);
#13683 = DEFINITIONAL_REPRESENTATION('',(#13684),#13688);
#13684 = LINE('',#13685,#13686);
#13685 = CARTESIAN_POINT('',(0.,0.));
#13686 = VECTOR('',#13687,1.);
#13687 = DIRECTION('',(1.,0.));
#13688 = ( GEOMETRIC_REPRESENTATION_CONTEXT(2) 
PARAMETRIC_REPRESENTATION_CONTEXT() REPRESENTATION_CONTEXT('2D SPACE',''
  ) );
#13689 = PCURVE('',#13690,#13695);
#13690 = PLANE('',#13691);
#13691 = AXIS2_PLACEMENT_3D('',#13692,#13693,#13694);
#13692 = CARTESIAN_POINT('',(29.,4.,7.5));
#13693 = DIRECTION('',(0.,0.,1.));
#13694 = DIRECTION('',(1.,0.,-0.));
#13695 = DEFINITIONAL_REPRESENTATION('',(#13696),#13700);
#13696 = CIRCLE('',#13697,0.8);
#13697 = AXIS2_PLACEMENT_2D('',#13698,#13699);
#13698 = CARTESIAN_POINT('',(0.,0.));
#13699 = DIRECTION('',(1.,0.));
#13700 = ( GEOMETRIC_REPRESENTATION_CONTEXT(2) 
PARAMETRIC_REPRESENTATION_CONTEXT() REPRESENTATION_CONTEXT('2D SPACE',''
  ) );
#13701 = ORIENTED_EDGE('',*,*,#13652,.T.);
#13702 = ADVANCED_FACE('',(#13703),#12514,.F.);
#13703 = FACE_BOUND('',#13704,.F.);
#13704 = EDGE_LOOP('',(#13705,#13706,#13729,#13756));
#13705 = ORIENTED_EDGE('',*,*,#12497,.F.);
#13706 = ORIENTED_EDGE('',*,*,#13707,.F.);
#13707 = EDGE_CURVE('',#13708,#12498,#13710,.T.);
#13708 = VERTEX_POINT('',#13709);
#13709 = CARTESIAN_POINT('',(25.8,61.7,7.5));
#13710 = SEAM_CURVE('',#13711,(#13715,#13722),.PCURVE_S1.);
#13711 = LINE('',#13712,#13713);
#13712 = CARTESIAN_POINT('',(25.8,61.7,7.5));
#13713 = VECTOR('',#13714,1.);
#13714 = DIRECTION('',(0.707106781187,-1.731912112471E-16,0.707106781187
    ));
#13715 = PCURVE('',#12514,#13716);
#13716 = DEFINITIONAL_REPRESENTATION('',(#13717),#13721);
#13717 = LINE('',#13718,#13719);
#13718 = CARTESIAN_POINT('',(6.28318530718,-0.));
#13719 = VECTOR('',#13720,1.);
#13720 = DIRECTION('',(0.,1.));
#13721 = ( GEOMETRIC_REPRESENTATION_CONTEXT(2) 
PARAMETRIC_REPRESENTATION_CONTEXT() REPRESENTATION_CONTEXT('2D SPACE',''
  ) );
#13722 = PCURVE('',#12514,#13723);
#13723 = DEFINITIONAL_REPRESENTATION('',(#13724),#13728);
#13724 = LINE('',#13725,#13726);
#13725 = CARTESIAN_POINT('',(0.,-0.));
#13726 = VECTOR('',#13727,1.);
#13727 = DIRECTION('',(0.,1.));
#13728 = ( GEOMETRIC_REPRESENTATION_CONTEXT(2) 
PARAMETRIC_REPRESENTATION_CONTEXT() REPRESENTATION_CONTEXT('2D SPACE',''
  ) );
#13729 = ORIENTED_EDGE('',*,*,#13730,.T.);
#13730 = EDGE_CURVE('',#13708,#13708,#13731,.T.);
#13731 = SURFACE_CURVE('',#13732,(#13737,#13744),.PCURVE_S1.);
#13732 = CIRCLE('',#13733,0.8);
#13733 = AXIS2_PLACEMENT_3D('',#13734,#13735,#13736);
#13734 = CARTESIAN_POINT('',(25.,61.7,7.5));
#13735 = DIRECTION('',(0.,0.,1.));
#13736 = DIRECTION('',(1.,0.,-0.));
#13737 = PCURVE('',#12514,#13738);
#13738 = DEFINITIONAL_REPRESENTATION('',(#13739),#13743);
#13739 = LINE('',#13740,#13741);
#13740 = CARTESIAN_POINT('',(0.,0.));
#13741 = VECTOR('',#13742,1.);
#13742 = DIRECTION('',(1.,0.));
#13743 = ( GEOMETRIC_REPRESENTATION_CONTEXT(2) 
PARAMETRIC_REPRESENTATION_CONTEXT() REPRESENTATION_CONTEXT('2D SPACE',''
  ) );
#13744 = PCURVE('',#13745,#13750);
#13745 = PLANE('',#13746);
#13746 = AXIS2_PLACEMENT_3D('',#13747,#13748,#13749);
#13747 = CARTESIAN_POINT('',(25.,61.7,7.5));
#13748 = DIRECTION('',(0.,0.,1.));
#13749 = DIRECTION('',(1.,0.,-0.));
#13750 = DEFINITIONAL_REPRESENTATION('',(#13751),#13755);
#13751 = CIRCLE('',#13752,0.8);
#13752 = AXIS2_PLACEMENT_2D('',#13753,#13754);
#13753 = CARTESIAN_POINT('',(0.,0.));
#13754 = DIRECTION('',(1.,0.));
#13755 = ( GEOMETRIC_REPRESENTATION_CONTEXT(2) 
PARAMETRIC_REPRESENTATION_CONTEXT() REPRESENTATION_CONTEXT('2D SPACE',''
  ) );
#13756 = ORIENTED_EDGE('',*,*,#13707,.T.);
#13757 = ADVANCED_FACE('',(#13758),#12679,.F.);
#13758 = FACE_BOUND('',#13759,.T.);
#13759 = EDGE_LOOP('',(#13760,#13789,#13810,#13811));
#13760 = ORIENTED_EDGE('',*,*,#13761,.F.);
#13761 = EDGE_CURVE('',#13762,#13762,#13764,.T.);
#13762 = VERTEX_POINT('',#13763);
#13763 = CARTESIAN_POINT('',(-24.45,11.5,1.4));
#13764 = SURFACE_CURVE('',#13765,(#13770,#13777),.PCURVE_S1.);
#13765 = CIRCLE('',#13766,0.55);
#13766 = AXIS2_PLACEMENT_3D('',#13767,#13768,#13769);
#13767 = CARTESIAN_POINT('',(-25.,11.5,1.4));
#13768 = DIRECTION('',(0.,0.,1.));
#13769 = DIRECTION('',(1.,0.,0.));
#13770 = PCURVE('',#12679,#13771);
#13771 = DEFINITIONAL_REPRESENTATION('',(#13772),#13776);
#13772 = LINE('',#13773,#13774);
#13773 = CARTESIAN_POINT('',(-0.,0.));
#13774 = VECTOR('',#13775,1.);
#13775 = DIRECTION('',(-1.,0.));
#13776 = ( GEOMETRIC_REPRESENTATION_CONTEXT(2) 
PARAMETRIC_REPRESENTATION_CONTEXT() REPRESENTATION_CONTEXT('2D SPACE',''
  ) );
#13777 = PCURVE('',#13778,#13783);
#13778 = PLANE('',#13779);
#13779 = AXIS2_PLACEMENT_3D('',#13780,#13781,#13782);
#13780 = CARTESIAN_POINT('',(-25.,11.5,1.4));
#13781 = DIRECTION('',(0.,0.,1.));
#13782 = DIRECTION('',(1.,0.,-0.));
#13783 = DEFINITIONAL_REPRESENTATION('',(#13784),#13788);
#13784 = CIRCLE('',#13785,0.55);
#13785 = AXIS2_PLACEMENT_2D('',#13786,#13787);
#13786 = CARTESIAN_POINT('',(0.,0.));
#13787 = DIRECTION('',(1.,0.));
#13788 = ( GEOMETRIC_REPRESENTATION_CONTEXT(2) 
PARAMETRIC_REPRESENTATION_CONTEXT() REPRESENTATION_CONTEXT('2D SPACE',''
  ) );
#13789 = ORIENTED_EDGE('',*,*,#13790,.T.);
#13790 = EDGE_CURVE('',#13762,#12659,#13791,.T.);
#13791 = SEAM_CURVE('',#13792,(#13796,#13803),.PCURVE_S1.);
#13792 = LINE('',#13793,#13794);
#13793 = CARTESIAN_POINT('',(-24.45,11.5,1.4));
#13794 = VECTOR('',#13795,1.);
#13795 = DIRECTION('',(0.,0.,1.));
#13796 = PCURVE('',#12679,#13797);
#13797 = DEFINITIONAL_REPRESENTATION('',(#13798),#13802);
#13798 = LINE('',#13799,#13800);
#13799 = CARTESIAN_POINT('',(-6.28318530718,0.));
#13800 = VECTOR('',#13801,1.);
#13801 = DIRECTION('',(-0.,-1.));
#13802 = ( GEOMETRIC_REPRESENTATION_CONTEXT(2) 
PARAMETRIC_REPRESENTATION_CONTEXT() REPRESENTATION_CONTEXT('2D SPACE',''
  ) );
#13803 = PCURVE('',#12679,#13804);
#13804 = DEFINITIONAL_REPRESENTATION('',(#13805),#13809);
#13805 = LINE('',#13806,#13807);
#13806 = CARTESIAN_POINT('',(-0.,0.));
#13807 = VECTOR('',#13808,1.);
#13808 = DIRECTION('',(-0.,-1.));
#13809 = ( GEOMETRIC_REPRESENTATION_CONTEXT(2) 
PARAMETRIC_REPRESENTATION_CONTEXT() REPRESENTATION_CONTEXT('2D SPACE',''
  ) );
#13810 = ORIENTED_EDGE('',*,*,#12658,.F.);
#13811 = ORIENTED_EDGE('',*,*,#13790,.F.);
#13812 = ADVANCED_FACE('',(#13813),#12718,.F.);
#13813 = FACE_BOUND('',#13814,.T.);
#13814 = EDGE_LOOP('',(#13815,#13844,#13865,#13866));
#13815 = ORIENTED_EDGE('',*,*,#13816,.F.);
#13816 = EDGE_CURVE('',#13817,#13817,#13819,.T.);
#13817 = VERTEX_POINT('',#13818);
#13818 = CARTESIAN_POINT('',(25.55,11.5,1.4));
#13819 = SURFACE_CURVE('',#13820,(#13825,#13832),.PCURVE_S1.);
#13820 = CIRCLE('',#13821,0.55);
#13821 = AXIS2_PLACEMENT_3D('',#13822,#13823,#13824);
#13822 = CARTESIAN_POINT('',(25.,11.5,1.4));
#13823 = DIRECTION('',(0.,0.,1.));
#13824 = DIRECTION('',(1.,0.,0.));
#13825 = PCURVE('',#12718,#13826);
#13826 = DEFINITIONAL_REPRESENTATION('',(#13827),#13831);
#13827 = LINE('',#13828,#13829);
#13828 = CARTESIAN_POINT('',(-0.,0.));
#13829 = VECTOR('',#13830,1.);
#13830 = DIRECTION('',(-1.,0.));
#13831 = ( GEOMETRIC_REPRESENTATION_CONTEXT(2) 
PARAMETRIC_REPRESENTATION_CONTEXT() REPRESENTATION_CONTEXT('2D SPACE',''
  ) );
#13832 = PCURVE('',#13833,#13838);
#13833 = PLANE('',#13834);
#13834 = AXIS2_PLACEMENT_3D('',#13835,#13836,#13837);
#13835 = CARTESIAN_POINT('',(25.,11.5,1.4));
#13836 = DIRECTION('',(0.,0.,1.));
#13837 = DIRECTION('',(1.,0.,-0.));
#13838 = DEFINITIONAL_REPRESENTATION('',(#13839),#13843);
#13839 = CIRCLE('',#13840,0.55);
#13840 = AXIS2_PLACEMENT_2D('',#13841,#13842);
#13841 = CARTESIAN_POINT('',(0.,0.));
#13842 = DIRECTION('',(1.,0.));
#13843 = ( GEOMETRIC_REPRESENTATION_CONTEXT(2) 
PARAMETRIC_REPRESENTATION_CONTEXT() REPRESENTATION_CONTEXT('2D SPACE',''
  ) );
#13844 = ORIENTED_EDGE('',*,*,#13845,.T.);
#13845 = EDGE_CURVE('',#13817,#12698,#13846,.T.);
#13846 = SEAM_CURVE('',#13847,(#13851,#13858),.PCURVE_S1.);
#13847 = LINE('',#13848,#13849);
#13848 = CARTESIAN_POINT('',(25.55,11.5,1.4));
#13849 = VECTOR('',#13850,1.);
#13850 = DIRECTION('',(0.,0.,1.));
#13851 = PCURVE('',#12718,#13852);
#13852 = DEFINITIONAL_REPRESENTATION('',(#13853),#13857);
#13853 = LINE('',#13854,#13855);
#13854 = CARTESIAN_POINT('',(-6.28318530718,0.));
#13855 = VECTOR('',#13856,1.);
#13856 = DIRECTION('',(-0.,-1.));
#13857 = ( GEOMETRIC_REPRESENTATION_CONTEXT(2) 
PARAMETRIC_REPRESENTATION_CONTEXT() REPRESENTATION_CONTEXT('2D SPACE',''
  ) );
#13858 = PCURVE('',#12718,#13859);
#13859 = DEFINITIONAL_REPRESENTATION('',(#13860),#13864);
#13860 = LINE('',#13861,#13862);
#13861 = CARTESIAN_POINT('',(-0.,0.));
#13862 = VECTOR('',#13863,1.);
#13863 = DIRECTION('',(-0.,-1.));
#13864 = ( GEOMETRIC_REPRESENTATION_CONTEXT(2) 
PARAMETRIC_REPRESENTATION_CONTEXT() REPRESENTATION_CONTEXT('2D SPACE',''
  ) );
#13865 = ORIENTED_EDGE('',*,*,#12697,.F.);
#13866 = ORIENTED_EDGE('',*,*,#13845,.F.);
#13867 = ADVANCED_FACE('',(#13868),#12757,.F.);
#13868 = FACE_BOUND('',#13869,.T.);
#13869 = EDGE_LOOP('',(#13870,#13891,#13892,#13893));
#13870 = ORIENTED_EDGE('',*,*,#13871,.F.);
#13871 = EDGE_CURVE('',#13405,#12737,#13872,.T.);
#13872 = SEAM_CURVE('',#13873,(#13877,#13884),.PCURVE_S1.);
#13873 = LINE('',#13874,#13875);
#13874 = CARTESIAN_POINT('',(21.3591527,-60.,4.42248296));
#13875 = VECTOR('',#13876,1.);
#13876 = DIRECTION('',(0.,-1.,1.110223024625E-16));
#13877 = PCURVE('',#12757,#13878);
#13878 = DEFINITIONAL_REPRESENTATION('',(#13879),#13883);
#13879 = LINE('',#13880,#13881);
#13880 = CARTESIAN_POINT('',(-6.28318530718,0.));
#13881 = VECTOR('',#13882,1.);
#13882 = DIRECTION('',(-0.,-1.));
#13883 = ( GEOMETRIC_REPRESENTATION_CONTEXT(2) 
PARAMETRIC_REPRESENTATION_CONTEXT() REPRESENTATION_CONTEXT('2D SPACE',''
  ) );
#13884 = PCURVE('',#12757,#13885);
#13885 = DEFINITIONAL_REPRESENTATION('',(#13886),#13890);
#13886 = LINE('',#13887,#13888);
#13887 = CARTESIAN_POINT('',(-0.,0.));
#13888 = VECTOR('',#13889,1.);
#13889 = DIRECTION('',(-0.,-1.));
#13890 = ( GEOMETRIC_REPRESENTATION_CONTEXT(2) 
PARAMETRIC_REPRESENTATION_CONTEXT() REPRESENTATION_CONTEXT('2D SPACE',''
  ) );
#13891 = ORIENTED_EDGE('',*,*,#13404,.T.);
#13892 = ORIENTED_EDGE('',*,*,#13871,.T.);
#13893 = ORIENTED_EDGE('',*,*,#12736,.F.);
#13894 = ADVANCED_FACE('',(#13895),#12805,.F.);
#13895 = FACE_BOUND('',#13896,.T.);
#13896 = EDGE_LOOP('',(#13897,#13918,#13919,#13940));
#13897 = ORIENTED_EDGE('',*,*,#13898,.F.);
#13898 = EDGE_CURVE('',#13232,#12783,#13899,.T.);
#13899 = SURFACE_CURVE('',#13900,(#13904,#13911),.PCURVE_S1.);
#13900 = LINE('',#13901,#13902);
#13901 = CARTESIAN_POINT('',(28.00000003574,-13.21267405292,
    1.850000014901));
#13902 = VECTOR('',#13903,1.);
#13903 = DIRECTION('',(1.,0.,0.));
#13904 = PCURVE('',#12805,#13905);
#13905 = DEFINITIONAL_REPRESENTATION('',(#13906),#13910);
#13906 = LINE('',#13907,#13908);
#13907 = CARTESIAN_POINT('',(-7.853981633974,0.));
#13908 = VECTOR('',#13909,1.);
#13909 = DIRECTION('',(-0.,-1.));
#13910 = ( GEOMETRIC_REPRESENTATION_CONTEXT(2) 
PARAMETRIC_REPRESENTATION_CONTEXT() REPRESENTATION_CONTEXT('2D SPACE',''
  ) );
#13911 = PCURVE('',#13007,#13912);
#13912 = DEFINITIONAL_REPRESENTATION('',(#13913),#13917);
#13913 = LINE('',#13914,#13915);
#13914 = CARTESIAN_POINT('',(6.44,-8.319734512036E-16));
#13915 = VECTOR('',#13916,1.);
#13916 = DIRECTION('',(4.224751906206E-16,-1.));
#13917 = ( GEOMETRIC_REPRESENTATION_CONTEXT(2) 
PARAMETRIC_REPRESENTATION_CONTEXT() REPRESENTATION_CONTEXT('2D SPACE',''
  ) );
#13918 = ORIENTED_EDGE('',*,*,#13252,.T.);
#13919 = ORIENTED_EDGE('',*,*,#13920,.T.);
#13920 = EDGE_CURVE('',#13085,#12785,#13921,.T.);
#13921 = SURFACE_CURVE('',#13922,(#13926,#13933),.PCURVE_S1.);
#13922 = LINE('',#13923,#13924);
#13923 = CARTESIAN_POINT('',(28.00000003574,-14.61267405292,
    3.250000014901));
#13924 = VECTOR('',#13925,1.);
#13925 = DIRECTION('',(1.,0.,0.));
#13926 = PCURVE('',#12805,#13927);
#13927 = DEFINITIONAL_REPRESENTATION('',(#13928),#13932);
#13928 = LINE('',#13929,#13930);
#13929 = CARTESIAN_POINT('',(-6.28318530718,0.));
#13930 = VECTOR('',#13931,1.);
#13931 = DIRECTION('',(-0.,-1.));
#13932 = ( GEOMETRIC_REPRESENTATION_CONTEXT(2) 
PARAMETRIC_REPRESENTATION_CONTEXT() REPRESENTATION_CONTEXT('2D SPACE',''
  ) );
#13933 = PCURVE('',#12832,#13934);
#13934 = DEFINITIONAL_REPRESENTATION('',(#13935),#13939);
#13935 = LINE('',#13936,#13937);
#13936 = CARTESIAN_POINT('',(0.,0.));
#13937 = VECTOR('',#13938,1.);
#13938 = DIRECTION('',(1.2538062068E-15,-1.));
#13939 = ( GEOMETRIC_REPRESENTATION_CONTEXT(2) 
PARAMETRIC_REPRESENTATION_CONTEXT() REPRESENTATION_CONTEXT('2D SPACE',''
  ) );
#13940 = ORIENTED_EDGE('',*,*,#12782,.F.);
#13941 = ADVANCED_FACE('',(#13942),#13007,.F.);
#13942 = FACE_BOUND('',#13943,.F.);
#13943 = EDGE_LOOP('',(#13944,#13945,#13946,#13967));
#13944 = ORIENTED_EDGE('',*,*,#13898,.F.);
#13945 = ORIENTED_EDGE('',*,*,#13231,.T.);
#13946 = ORIENTED_EDGE('',*,*,#13947,.T.);
#13947 = EDGE_CURVE('',#13204,#12962,#13948,.T.);
#13948 = SURFACE_CURVE('',#13949,(#13953,#13960),.PCURVE_S1.);
#13949 = LINE('',#13950,#13951);
#13950 = CARTESIAN_POINT('',(28.00000003574,-6.772674052927,
    1.850000014901));
#13951 = VECTOR('',#13952,1.);
#13952 = DIRECTION('',(1.,0.,0.));
#13953 = PCURVE('',#13007,#13954);
#13954 = DEFINITIONAL_REPRESENTATION('',(#13955),#13959);
#13955 = LINE('',#13956,#13957);
#13956 = CARTESIAN_POINT('',(0.,0.));
#13957 = VECTOR('',#13958,1.);
#13958 = DIRECTION('',(4.224751906206E-16,-1.));
#13959 = ( GEOMETRIC_REPRESENTATION_CONTEXT(2) 
PARAMETRIC_REPRESENTATION_CONTEXT() REPRESENTATION_CONTEXT('2D SPACE',''
  ) );
#13960 = PCURVE('',#12982,#13961);
#13961 = DEFINITIONAL_REPRESENTATION('',(#13962),#13966);
#13962 = LINE('',#13963,#13964);
#13963 = CARTESIAN_POINT('',(-6.28318530718,0.));
#13964 = VECTOR('',#13965,1.);
#13965 = DIRECTION('',(-0.,-1.));
#13966 = ( GEOMETRIC_REPRESENTATION_CONTEXT(2) 
PARAMETRIC_REPRESENTATION_CONTEXT() REPRESENTATION_CONTEXT('2D SPACE',''
  ) );
#13967 = ORIENTED_EDGE('',*,*,#12994,.T.);
#13968 = ADVANCED_FACE('',(#13969),#12982,.F.);
#13969 = FACE_BOUND('',#13970,.T.);
#13970 = EDGE_LOOP('',(#13971,#13992,#13993,#13994));
#13971 = ORIENTED_EDGE('',*,*,#13972,.F.);
#13972 = EDGE_CURVE('',#13183,#12936,#13973,.T.);
#13973 = SURFACE_CURVE('',#13974,(#13978,#13985),.PCURVE_S1.);
#13974 = LINE('',#13975,#13976);
#13975 = CARTESIAN_POINT('',(28.00000003574,-5.372674052927,
    3.250000014901));
#13976 = VECTOR('',#13977,1.);
#13977 = DIRECTION('',(1.,0.,0.));
#13978 = PCURVE('',#12982,#13979);
#13979 = DEFINITIONAL_REPRESENTATION('',(#13980),#13984);
#13980 = LINE('',#13981,#13982);
#13981 = CARTESIAN_POINT('',(-7.853981633974,0.));
#13982 = VECTOR('',#13983,1.);
#13983 = DIRECTION('',(-0.,-1.));
#13984 = ( GEOMETRIC_REPRESENTATION_CONTEXT(2) 
PARAMETRIC_REPRESENTATION_CONTEXT() REPRESENTATION_CONTEXT('2D SPACE',''
  ) );
#13985 = PCURVE('',#12950,#13986);
#13986 = DEFINITIONAL_REPRESENTATION('',(#13987),#13991);
#13987 = LINE('',#13988,#13989);
#13988 = CARTESIAN_POINT('',(0.71,-8.902024068283E-16));
#13989 = VECTOR('',#13990,1.);
#13990 = DIRECTION('',(-1.2538062068E-15,-1.));
#13991 = ( GEOMETRIC_REPRESENTATION_CONTEXT(2) 
PARAMETRIC_REPRESENTATION_CONTEXT() REPRESENTATION_CONTEXT('2D SPACE',''
  ) );
#13992 = ORIENTED_EDGE('',*,*,#13203,.T.);
#13993 = ORIENTED_EDGE('',*,*,#13947,.T.);
#13994 = ORIENTED_EDGE('',*,*,#12961,.F.);
#13995 = ADVANCED_FACE('',(#13996),#12950,.F.);
#13996 = FACE_BOUND('',#13997,.F.);
#13997 = EDGE_LOOP('',(#13998,#13999,#14000,#14021));
#13998 = ORIENTED_EDGE('',*,*,#13972,.F.);
#13999 = ORIENTED_EDGE('',*,*,#13182,.T.);
#14000 = ORIENTED_EDGE('',*,*,#14001,.T.);
#14001 = EDGE_CURVE('',#13155,#12903,#14002,.T.);
#14002 = SURFACE_CURVE('',#14003,(#14007,#14014),.PCURVE_S1.);
#14003 = LINE('',#14004,#14005);
#14004 = CARTESIAN_POINT('',(28.00000003574,-5.372674052927,
    3.960000014901));
#14005 = VECTOR('',#14006,1.);
#14006 = DIRECTION('',(1.,0.,0.));
#14007 = PCURVE('',#12950,#14008);
#14008 = DEFINITIONAL_REPRESENTATION('',(#14009),#14013);
#14009 = LINE('',#14010,#14011);
#14010 = CARTESIAN_POINT('',(4.440892098501E-16,-5.568018076831E-31));
#14011 = VECTOR('',#14012,1.);
#14012 = DIRECTION('',(-1.2538062068E-15,-1.));
#14013 = ( GEOMETRIC_REPRESENTATION_CONTEXT(2) 
PARAMETRIC_REPRESENTATION_CONTEXT() REPRESENTATION_CONTEXT('2D SPACE',''
  ) );
#14014 = PCURVE('',#12923,#14015);
#14015 = DEFINITIONAL_REPRESENTATION('',(#14016),#14020);
#14016 = LINE('',#14017,#14018);
#14017 = CARTESIAN_POINT('',(-6.28318530718,0.));
#14018 = VECTOR('',#14019,1.);
#14019 = DIRECTION('',(-0.,-1.));
#14020 = ( GEOMETRIC_REPRESENTATION_CONTEXT(2) 
PARAMETRIC_REPRESENTATION_CONTEXT() REPRESENTATION_CONTEXT('2D SPACE',''
  ) );
#14021 = ORIENTED_EDGE('',*,*,#12935,.T.);
#14022 = ADVANCED_FACE('',(#14023),#12923,.F.);
#14023 = FACE_BOUND('',#14024,.T.);
#14024 = EDGE_LOOP('',(#14025,#14046,#14047,#14048));
#14025 = ORIENTED_EDGE('',*,*,#14026,.F.);
#14026 = EDGE_CURVE('',#13134,#12877,#14027,.T.);
#14027 = SURFACE_CURVE('',#14028,(#14032,#14039),.PCURVE_S1.);
#14028 = LINE('',#14029,#14030);
#14029 = CARTESIAN_POINT('',(28.00000003574,-6.772674052927,
    5.360000014901));
#14030 = VECTOR('',#14031,1.);
#14031 = DIRECTION('',(1.,0.,0.));
#14032 = PCURVE('',#12923,#14033);
#14033 = DEFINITIONAL_REPRESENTATION('',(#14034),#14038);
#14034 = LINE('',#14035,#14036);
#14035 = CARTESIAN_POINT('',(-7.853981633974,0.));
#14036 = VECTOR('',#14037,1.);
#14037 = DIRECTION('',(-0.,-1.));
#14038 = ( GEOMETRIC_REPRESENTATION_CONTEXT(2) 
PARAMETRIC_REPRESENTATION_CONTEXT() REPRESENTATION_CONTEXT('2D SPACE',''
  ) );
#14039 = PCURVE('',#12891,#14040);
#14040 = DEFINITIONAL_REPRESENTATION('',(#14041),#14045);
#14041 = LINE('',#14042,#14043);
#14042 = CARTESIAN_POINT('',(6.44,8.319734512036E-16));
#14043 = VECTOR('',#14044,1.);
#14044 = DIRECTION('',(-4.224751906206E-16,-1.));
#14045 = ( GEOMETRIC_REPRESENTATION_CONTEXT(2) 
PARAMETRIC_REPRESENTATION_CONTEXT() REPRESENTATION_CONTEXT('2D SPACE',''
  ) );
#14046 = ORIENTED_EDGE('',*,*,#13154,.T.);
#14047 = ORIENTED_EDGE('',*,*,#14001,.T.);
#14048 = ORIENTED_EDGE('',*,*,#12902,.F.);
#14049 = ADVANCED_FACE('',(#14050),#12891,.F.);
#14050 = FACE_BOUND('',#14051,.F.);
#14051 = EDGE_LOOP('',(#14052,#14053,#14054,#14075));
#14052 = ORIENTED_EDGE('',*,*,#14026,.F.);
#14053 = ORIENTED_EDGE('',*,*,#13133,.T.);
#14054 = ORIENTED_EDGE('',*,*,#14055,.T.);
#14055 = EDGE_CURVE('',#13106,#12844,#14056,.T.);
#14056 = SURFACE_CURVE('',#14057,(#14061,#14068),.PCURVE_S1.);
#14057 = LINE('',#14058,#14059);
#14058 = CARTESIAN_POINT('',(28.00000003574,-13.21267405292,
    5.360000014901));
#14059 = VECTOR('',#14060,1.);
#14060 = DIRECTION('',(1.,0.,0.));
#14061 = PCURVE('',#12891,#14062);
#14062 = DEFINITIONAL_REPRESENTATION('',(#14063),#14067);
#14063 = LINE('',#14064,#14065);
#14064 = CARTESIAN_POINT('',(0.,0.));
#14065 = VECTOR('',#14066,1.);
#14066 = DIRECTION('',(-4.224751906206E-16,-1.));
#14067 = ( GEOMETRIC_REPRESENTATION_CONTEXT(2) 
PARAMETRIC_REPRESENTATION_CONTEXT() REPRESENTATION_CONTEXT('2D SPACE',''
  ) );
#14068 = PCURVE('',#12864,#14069);
#14069 = DEFINITIONAL_REPRESENTATION('',(#14070),#14074);
#14070 = LINE('',#14071,#14072);
#14071 = CARTESIAN_POINT('',(-6.28318530718,0.));
#14072 = VECTOR('',#14073,1.);
#14073 = DIRECTION('',(-0.,-1.));
#14074 = ( GEOMETRIC_REPRESENTATION_CONTEXT(2) 
PARAMETRIC_REPRESENTATION_CONTEXT() REPRESENTATION_CONTEXT('2D SPACE',''
  ) );
#14075 = ORIENTED_EDGE('',*,*,#12876,.T.);
#14076 = ADVANCED_FACE('',(#14077),#12864,.F.);
#14077 = FACE_BOUND('',#14078,.T.);
#14078 = EDGE_LOOP('',(#14079,#14100,#14101,#14102));
#14079 = ORIENTED_EDGE('',*,*,#14080,.F.);
#14080 = EDGE_CURVE('',#13083,#12818,#14081,.T.);
#14081 = SURFACE_CURVE('',#14082,(#14086,#14093),.PCURVE_S1.);
#14082 = LINE('',#14083,#14084);
#14083 = CARTESIAN_POINT('',(28.00000003574,-14.61267405292,
    3.960000014901));
#14084 = VECTOR('',#14085,1.);
#14085 = DIRECTION('',(1.,0.,0.));
#14086 = PCURVE('',#12864,#14087);
#14087 = DEFINITIONAL_REPRESENTATION('',(#14088),#14092);
#14088 = LINE('',#14089,#14090);
#14089 = CARTESIAN_POINT('',(-7.853981633974,0.));
#14090 = VECTOR('',#14091,1.);
#14091 = DIRECTION('',(-0.,-1.));
#14092 = ( GEOMETRIC_REPRESENTATION_CONTEXT(2) 
PARAMETRIC_REPRESENTATION_CONTEXT() REPRESENTATION_CONTEXT('2D SPACE',''
  ) );
#14093 = PCURVE('',#12832,#14094);
#14094 = DEFINITIONAL_REPRESENTATION('',(#14095),#14099);
#14095 = LINE('',#14096,#14097);
#14096 = CARTESIAN_POINT('',(0.71,8.902024068283E-16));
#14097 = VECTOR('',#14098,1.);
#14098 = DIRECTION('',(1.2538062068E-15,-1.));
#14099 = ( GEOMETRIC_REPRESENTATION_CONTEXT(2) 
PARAMETRIC_REPRESENTATION_CONTEXT() REPRESENTATION_CONTEXT('2D SPACE',''
  ) );
#14100 = ORIENTED_EDGE('',*,*,#13105,.T.);
#14101 = ORIENTED_EDGE('',*,*,#14055,.T.);
#14102 = ORIENTED_EDGE('',*,*,#12843,.F.);
#14103 = ADVANCED_FACE('',(#14104),#12832,.F.);
#14104 = FACE_BOUND('',#14105,.F.);
#14105 = EDGE_LOOP('',(#14106,#14107,#14108,#14109));
#14106 = ORIENTED_EDGE('',*,*,#14080,.F.);
#14107 = ORIENTED_EDGE('',*,*,#13082,.T.);
#14108 = ORIENTED_EDGE('',*,*,#13920,.T.);
#14109 = ORIENTED_EDGE('',*,*,#12817,.T.);
#14110 = ADVANCED_FACE('',(#14111,#14114),#13060,.T.);
#14111 = FACE_BOUND('',#14112,.T.);
#14112 = EDGE_LOOP('',(#14113));
#14113 = ORIENTED_EDGE('',*,*,#13045,.T.);
#14114 = FACE_BOUND('',#14115,.T.);
#14115 = EDGE_LOOP('',(#14116));
#14116 = ORIENTED_EDGE('',*,*,#14117,.T.);
#14117 = EDGE_CURVE('',#14118,#14118,#14120,.T.);
#14118 = VERTEX_POINT('',#14119);
#14119 = CARTESIAN_POINT('',(-23.35,-61.4,7.5));
#14120 = SURFACE_CURVE('',#14121,(#14126,#14137),.PCURVE_S1.);
#14121 = CIRCLE('',#14122,0.65);
#14122 = AXIS2_PLACEMENT_3D('',#14123,#14124,#14125);
#14123 = CARTESIAN_POINT('',(-24.,-61.4,7.5));
#14124 = DIRECTION('',(0.,0.,-1.));
#14125 = DIRECTION('',(1.,0.,0.));
#14126 = PCURVE('',#13060,#14127);
#14127 = DEFINITIONAL_REPRESENTATION('',(#14128),#14136);
#14128 = ( BOUNDED_CURVE() B_SPLINE_CURVE(2,(#14129,#14130,#14131,#14132
    ,#14133,#14134,#14135),.UNSPECIFIED.,.T.,.F.) 
B_SPLINE_CURVE_WITH_KNOTS((1,2,2,2,2,1),(-2.094395102393,0.,
    2.094395102393,4.188790204786,6.28318530718,8.377580409573),
.UNSPECIFIED.) CURVE() GEOMETRIC_REPRESENTATION_ITEM() 
RATIONAL_B_SPLINE_CURVE((1.,0.5,1.,0.5,1.,0.5,1.)) REPRESENTATION_ITEM(
  '') );
#14129 = CARTESIAN_POINT('',(0.65,0.));
#14130 = CARTESIAN_POINT('',(0.65,-1.12583302492));
#14131 = CARTESIAN_POINT('',(-0.325,-0.56291651246));
#14132 = CARTESIAN_POINT('',(-1.3,-1.592040838892E-16));
#14133 = CARTESIAN_POINT('',(-0.325,0.56291651246));
#14134 = CARTESIAN_POINT('',(0.65,1.12583302492));
#14135 = CARTESIAN_POINT('',(0.65,0.));
#14136 = ( GEOMETRIC_REPRESENTATION_CONTEXT(2) 
PARAMETRIC_REPRESENTATION_CONTEXT() REPRESENTATION_CONTEXT('2D SPACE',''
  ) );
#14137 = PCURVE('',#14138,#14143);
#14138 = CYLINDRICAL_SURFACE('',#14139,0.65);
#14139 = AXIS2_PLACEMENT_3D('',#14140,#14141,#14142);
#14140 = CARTESIAN_POINT('',(-24.,-61.4,2.7));
#14141 = DIRECTION('',(-0.,-0.,-1.));
#14142 = DIRECTION('',(1.,0.,0.));
#14143 = DEFINITIONAL_REPRESENTATION('',(#14144),#14148);
#14144 = LINE('',#14145,#14146);
#14145 = CARTESIAN_POINT('',(-6.28318530718,-4.8));
#14146 = VECTOR('',#14147,1.);
#14147 = DIRECTION('',(1.,-0.));
#14148 = ( GEOMETRIC_REPRESENTATION_CONTEXT(2) 
PARAMETRIC_REPRESENTATION_CONTEXT() REPRESENTATION_CONTEXT('2D SPACE',''
  ) );
#14149 = ADVANCED_FACE('',(#14150),#13305,.T.);
#14150 = FACE_BOUND('',#14151,.T.);
#14151 = EDGE_LOOP('',(#14152));
#14152 = ORIENTED_EDGE('',*,*,#13288,.T.);
#14153 = ADVANCED_FACE('',(#14154),#13360,.T.);
#14154 = FACE_BOUND('',#14155,.T.);
#14155 = EDGE_LOOP('',(#14156));
#14156 = ORIENTED_EDGE('',*,*,#13343,.T.);
#14157 = ADVANCED_FACE('',(#14158,#14161),#13470,.T.);
#14158 = FACE_BOUND('',#14159,.T.);
#14159 = EDGE_LOOP('',(#14160));
#14160 = ORIENTED_EDGE('',*,*,#13455,.T.);
#14161 = FACE_BOUND('',#14162,.T.);
#14162 = EDGE_LOOP('',(#14163));
#14163 = ORIENTED_EDGE('',*,*,#14164,.T.);
#14164 = EDGE_CURVE('',#14165,#14165,#14167,.T.);
#14165 = VERTEX_POINT('',#14166);
#14166 = CARTESIAN_POINT('',(0.65,-61.,7.5));
#14167 = SURFACE_CURVE('',#14168,(#14173,#14184),.PCURVE_S1.);
#14168 = CIRCLE('',#14169,0.65);
#14169 = AXIS2_PLACEMENT_3D('',#14170,#14171,#14172);
#14170 = CARTESIAN_POINT('',(0.,-61.,7.5));
#14171 = DIRECTION('',(0.,0.,-1.));
#14172 = DIRECTION('',(1.,0.,0.));
#14173 = PCURVE('',#13470,#14174);
#14174 = DEFINITIONAL_REPRESENTATION('',(#14175),#14183);
#14175 = ( BOUNDED_CURVE() B_SPLINE_CURVE(2,(#14176,#14177,#14178,#14179
    ,#14180,#14181,#14182),.UNSPECIFIED.,.T.,.F.) 
B_SPLINE_CURVE_WITH_KNOTS((1,2,2,2,2,1),(-2.094395102393,0.,
    2.094395102393,4.188790204786,6.28318530718,8.377580409573),
.UNSPECIFIED.) CURVE() GEOMETRIC_REPRESENTATION_ITEM() 
RATIONAL_B_SPLINE_CURVE((1.,0.5,1.,0.5,1.,0.5,1.)) REPRESENTATION_ITEM(
  '') );
#14176 = CARTESIAN_POINT('',(0.65,0.));
#14177 = CARTESIAN_POINT('',(0.65,-1.12583302492));
#14178 = CARTESIAN_POINT('',(-0.325,-0.56291651246));
#14179 = CARTESIAN_POINT('',(-1.3,-1.592040838892E-16));
#14180 = CARTESIAN_POINT('',(-0.325,0.56291651246));
#14181 = CARTESIAN_POINT('',(0.65,1.12583302492));
#14182 = CARTESIAN_POINT('',(0.65,0.));
#14183 = ( GEOMETRIC_REPRESENTATION_CONTEXT(2) 
PARAMETRIC_REPRESENTATION_CONTEXT() REPRESENTATION_CONTEXT('2D SPACE',''
  ) );
#14184 = PCURVE('',#14185,#14190);
#14185 = CYLINDRICAL_SURFACE('',#14186,0.65);
#14186 = AXIS2_PLACEMENT_3D('',#14187,#14188,#14189);
#14187 = CARTESIAN_POINT('',(0.,-61.,2.7));
#14188 = DIRECTION('',(-0.,-0.,-1.));
#14189 = DIRECTION('',(1.,0.,0.));
#14190 = DEFINITIONAL_REPRESENTATION('',(#14191),#14195);
#14191 = LINE('',#14192,#14193);
#14192 = CARTESIAN_POINT('',(-6.28318530718,-4.8));
#14193 = VECTOR('',#14194,1.);
#14194 = DIRECTION('',(1.,-0.));
#14195 = ( GEOMETRIC_REPRESENTATION_CONTEXT(2) 
PARAMETRIC_REPRESENTATION_CONTEXT() REPRESENTATION_CONTEXT('2D SPACE',''
  ) );
#14196 = ADVANCED_FACE('',(#14197,#14200),#13525,.T.);
#14197 = FACE_BOUND('',#14198,.T.);
#14198 = EDGE_LOOP('',(#14199));
#14199 = ORIENTED_EDGE('',*,*,#13510,.T.);
#14200 = FACE_BOUND('',#14201,.T.);
#14201 = EDGE_LOOP('',(#14202));
#14202 = ORIENTED_EDGE('',*,*,#14203,.T.);
#14203 = EDGE_CURVE('',#14204,#14204,#14206,.T.);
#14204 = VERTEX_POINT('',#14205);
#14205 = CARTESIAN_POINT('',(29.65,-26.,7.5));
#14206 = SURFACE_CURVE('',#14207,(#14212,#14223),.PCURVE_S1.);
#14207 = CIRCLE('',#14208,0.65);
#14208 = AXIS2_PLACEMENT_3D('',#14209,#14210,#14211);
#14209 = CARTESIAN_POINT('',(29.,-26.,7.5));
#14210 = DIRECTION('',(0.,0.,-1.));
#14211 = DIRECTION('',(1.,0.,0.));
#14212 = PCURVE('',#13525,#14213);
#14213 = DEFINITIONAL_REPRESENTATION('',(#14214),#14222);
#14214 = ( BOUNDED_CURVE() B_SPLINE_CURVE(2,(#14215,#14216,#14217,#14218
    ,#14219,#14220,#14221),.UNSPECIFIED.,.T.,.F.) 
B_SPLINE_CURVE_WITH_KNOTS((1,2,2,2,2,1),(-2.094395102393,0.,
    2.094395102393,4.188790204786,6.28318530718,8.377580409573),
.UNSPECIFIED.) CURVE() GEOMETRIC_REPRESENTATION_ITEM() 
RATIONAL_B_SPLINE_CURVE((1.,0.5,1.,0.5,1.,0.5,1.)) REPRESENTATION_ITEM(
  '') );
#14215 = CARTESIAN_POINT('',(0.65,0.));
#14216 = CARTESIAN_POINT('',(0.65,-1.12583302492));
#14217 = CARTESIAN_POINT('',(-0.325,-0.56291651246));
#14218 = CARTESIAN_POINT('',(-1.3,-1.592040838892E-16));
#14219 = CARTESIAN_POINT('',(-0.325,0.56291651246));
#14220 = CARTESIAN_POINT('',(0.65,1.12583302492));
#14221 = CARTESIAN_POINT('',(0.65,0.));
#14222 = ( GEOMETRIC_REPRESENTATION_CONTEXT(2) 
PARAMETRIC_REPRESENTATION_CONTEXT() REPRESENTATION_CONTEXT('2D SPACE',''
  ) );
#14223 = PCURVE('',#14224,#14229);
#14224 = CYLINDRICAL_SURFACE('',#14225,0.65);
#14225 = AXIS2_PLACEMENT_3D('',#14226,#14227,#14228);
#14226 = CARTESIAN_POINT('',(29.,-26.,2.7));
#14227 = DIRECTION('',(-0.,-0.,-1.));
#14228 = DIRECTION('',(1.,0.,0.));
#14229 = DEFINITIONAL_REPRESENTATION('',(#14230),#14234);
#14230 = LINE('',#14231,#14232);
#14231 = CARTESIAN_POINT('',(-6.28318530718,-4.8));
#14232 = VECTOR('',#14233,1.);
#14233 = DIRECTION('',(1.,-0.));
#14234 = ( GEOMETRIC_REPRESENTATION_CONTEXT(2) 
PARAMETRIC_REPRESENTATION_CONTEXT() REPRESENTATION_CONTEXT('2D SPACE',''
  ) );
#14235 = ADVANCED_FACE('',(#14236,#14239),#13580,.T.);
#14236 = FACE_BOUND('',#14237,.T.);
#14237 = EDGE_LOOP('',(#14238));
#14238 = ORIENTED_EDGE('',*,*,#13565,.T.);
#14239 = FACE_BOUND('',#14240,.T.);
#14240 = EDGE_LOOP('',(#14241));
#14241 = ORIENTED_EDGE('',*,*,#14242,.T.);
#14242 = EDGE_CURVE('',#14243,#14243,#14245,.T.);
#14243 = VERTEX_POINT('',#14244);
#14244 = CARTESIAN_POINT('',(-28.35,10.,7.5));
#14245 = SURFACE_CURVE('',#14246,(#14251,#14262),.PCURVE_S1.);
#14246 = CIRCLE('',#14247,0.65);
#14247 = AXIS2_PLACEMENT_3D('',#14248,#14249,#14250);
#14248 = CARTESIAN_POINT('',(-29.,10.,7.5));
#14249 = DIRECTION('',(0.,0.,-1.));
#14250 = DIRECTION('',(1.,0.,0.));
#14251 = PCURVE('',#13580,#14252);
#14252 = DEFINITIONAL_REPRESENTATION('',(#14253),#14261);
#14253 = ( BOUNDED_CURVE() B_SPLINE_CURVE(2,(#14254,#14255,#14256,#14257
    ,#14258,#14259,#14260),.UNSPECIFIED.,.T.,.F.) 
B_SPLINE_CURVE_WITH_KNOTS((1,2,2,2,2,1),(-2.094395102393,0.,
    2.094395102393,4.188790204786,6.28318530718,8.377580409573),
.UNSPECIFIED.) CURVE() GEOMETRIC_REPRESENTATION_ITEM() 
RATIONAL_B_SPLINE_CURVE((1.,0.5,1.,0.5,1.,0.5,1.)) REPRESENTATION_ITEM(
  '') );
#14254 = CARTESIAN_POINT('',(0.65,0.));
#14255 = CARTESIAN_POINT('',(0.65,-1.12583302492));
#14256 = CARTESIAN_POINT('',(-0.325,-0.56291651246));
#14257 = CARTESIAN_POINT('',(-1.3,-1.592040838892E-16));
#14258 = CARTESIAN_POINT('',(-0.325,0.56291651246));
#14259 = CARTESIAN_POINT('',(0.65,1.12583302492));
#14260 = CARTESIAN_POINT('',(0.65,0.));
#14261 = ( GEOMETRIC_REPRESENTATION_CONTEXT(2) 
PARAMETRIC_REPRESENTATION_CONTEXT() REPRESENTATION_CONTEXT('2D SPACE',''
  ) );
#14262 = PCURVE('',#14263,#14268);
#14263 = CYLINDRICAL_SURFACE('',#14264,0.65);
#14264 = AXIS2_PLACEMENT_3D('',#14265,#14266,#14267);
#14265 = CARTESIAN_POINT('',(-29.,10.,2.7));
#14266 = DIRECTION('',(-0.,-0.,-1.));
#14267 = DIRECTION('',(1.,0.,0.));
#14268 = DEFINITIONAL_REPRESENTATION('',(#14269),#14273);
#14269 = LINE('',#14270,#14271);
#14270 = CARTESIAN_POINT('',(-6.28318530718,-4.8));
#14271 = VECTOR('',#14272,1.);
#14272 = DIRECTION('',(1.,-0.));
#14273 = ( GEOMETRIC_REPRESENTATION_CONTEXT(2) 
PARAMETRIC_REPRESENTATION_CONTEXT() REPRESENTATION_CONTEXT('2D SPACE',''
  ) );
#14274 = ADVANCED_FACE('',(#14275,#14278),#13635,.T.);
#14275 = FACE_BOUND('',#14276,.T.);
#14276 = EDGE_LOOP('',(#14277));
#14277 = ORIENTED_EDGE('',*,*,#13620,.T.);
#14278 = FACE_BOUND('',#14279,.T.);
#14279 = EDGE_LOOP('',(#14280));
#14280 = ORIENTED_EDGE('',*,*,#14281,.T.);
#14281 = EDGE_CURVE('',#14282,#14282,#14284,.T.);
#14282 = VERTEX_POINT('',#14283);
#14283 = CARTESIAN_POINT('',(-24.35,61.7,7.5));
#14284 = SURFACE_CURVE('',#14285,(#14290,#14301),.PCURVE_S1.);
#14285 = CIRCLE('',#14286,0.65);
#14286 = AXIS2_PLACEMENT_3D('',#14287,#14288,#14289);
#14287 = CARTESIAN_POINT('',(-25.,61.7,7.5));
#14288 = DIRECTION('',(0.,0.,-1.));
#14289 = DIRECTION('',(1.,0.,0.));
#14290 = PCURVE('',#13635,#14291);
#14291 = DEFINITIONAL_REPRESENTATION('',(#14292),#14300);
#14292 = ( BOUNDED_CURVE() B_SPLINE_CURVE(2,(#14293,#14294,#14295,#14296
    ,#14297,#14298,#14299),.UNSPECIFIED.,.T.,.F.) 
B_SPLINE_CURVE_WITH_KNOTS((1,2,2,2,2,1),(-2.094395102393,0.,
    2.094395102393,4.188790204786,6.28318530718,8.377580409573),
.UNSPECIFIED.) CURVE() GEOMETRIC_REPRESENTATION_ITEM() 
RATIONAL_B_SPLINE_CURVE((1.,0.5,1.,0.5,1.,0.5,1.)) REPRESENTATION_ITEM(
  '') );
#14293 = CARTESIAN_POINT('',(0.65,0.));
#14294 = CARTESIAN_POINT('',(0.65,-1.12583302492));
#14295 = CARTESIAN_POINT('',(-0.325,-0.56291651246));
#14296 = CARTESIAN_POINT('',(-1.3,-1.592040838892E-16));
#14297 = CARTESIAN_POINT('',(-0.325,0.56291651246));
#14298 = CARTESIAN_POINT('',(0.65,1.12583302492));
#14299 = CARTESIAN_POINT('',(0.65,0.));
#14300 = ( GEOMETRIC_REPRESENTATION_CONTEXT(2) 
PARAMETRIC_REPRESENTATION_CONTEXT() REPRESENTATION_CONTEXT('2D SPACE',''
  ) );
#14301 = PCURVE('',#14302,#14307);
#14302 = CYLINDRICAL_SURFACE('',#14303,0.65);
#14303 = AXIS2_PLACEMENT_3D('',#14304,#14305,#14306);
#14304 = CARTESIAN_POINT('',(-25.,61.7,2.7));
#14305 = DIRECTION('',(-0.,-0.,-1.));
#14306 = DIRECTION('',(1.,0.,0.));
#14307 = DEFINITIONAL_REPRESENTATION('',(#14308),#14312);
#14308 = LINE('',#14309,#14310);
#14309 = CARTESIAN_POINT('',(-6.28318530718,-4.8));
#14310 = VECTOR('',#14311,1.);
#14311 = DIRECTION('',(1.,-0.));
#14312 = ( GEOMETRIC_REPRESENTATION_CONTEXT(2) 
PARAMETRIC_REPRESENTATION_CONTEXT() REPRESENTATION_CONTEXT('2D SPACE',''
  ) );
#14313 = ADVANCED_FACE('',(#14314,#14317),#13690,.T.);
#14314 = FACE_BOUND('',#14315,.T.);
#14315 = EDGE_LOOP('',(#14316));
#14316 = ORIENTED_EDGE('',*,*,#13675,.T.);
#14317 = FACE_BOUND('',#14318,.T.);
#14318 = EDGE_LOOP('',(#14319));
#14319 = ORIENTED_EDGE('',*,*,#14320,.T.);
#14320 = EDGE_CURVE('',#14321,#14321,#14323,.T.);
#14321 = VERTEX_POINT('',#14322);
#14322 = CARTESIAN_POINT('',(29.65,4.,7.5));
#14323 = SURFACE_CURVE('',#14324,(#14329,#14340),.PCURVE_S1.);
#14324 = CIRCLE('',#14325,0.65);
#14325 = AXIS2_PLACEMENT_3D('',#14326,#14327,#14328);
#14326 = CARTESIAN_POINT('',(29.,4.,7.5));
#14327 = DIRECTION('',(0.,0.,-1.));
#14328 = DIRECTION('',(1.,0.,0.));
#14329 = PCURVE('',#13690,#14330);
#14330 = DEFINITIONAL_REPRESENTATION('',(#14331),#14339);
#14331 = ( BOUNDED_CURVE() B_SPLINE_CURVE(2,(#14332,#14333,#14334,#14335
    ,#14336,#14337,#14338),.UNSPECIFIED.,.T.,.F.) 
B_SPLINE_CURVE_WITH_KNOTS((1,2,2,2,2,1),(-2.094395102393,0.,
    2.094395102393,4.188790204786,6.28318530718,8.377580409573),
.UNSPECIFIED.) CURVE() GEOMETRIC_REPRESENTATION_ITEM() 
RATIONAL_B_SPLINE_CURVE((1.,0.5,1.,0.5,1.,0.5,1.)) REPRESENTATION_ITEM(
  '') );
#14332 = CARTESIAN_POINT('',(0.65,0.));
#14333 = CARTESIAN_POINT('',(0.65,-1.12583302492));
#14334 = CARTESIAN_POINT('',(-0.325,-0.56291651246));
#14335 = CARTESIAN_POINT('',(-1.3,-1.592040838892E-16));
#14336 = CARTESIAN_POINT('',(-0.325,0.56291651246));
#14337 = CARTESIAN_POINT('',(0.65,1.12583302492));
#14338 = CARTESIAN_POINT('',(0.65,0.));
#14339 = ( GEOMETRIC_REPRESENTATION_CONTEXT(2) 
PARAMETRIC_REPRESENTATION_CONTEXT() REPRESENTATION_CONTEXT('2D SPACE',''
  ) );
#14340 = PCURVE('',#14341,#14346);
#14341 = CYLINDRICAL_SURFACE('',#14342,0.65);
#14342 = AXIS2_PLACEMENT_3D('',#14343,#14344,#14345);
#14343 = CARTESIAN_POINT('',(29.,4.,2.7));
#14344 = DIRECTION('',(-0.,-0.,-1.));
#14345 = DIRECTION('',(1.,0.,0.));
#14346 = DEFINITIONAL_REPRESENTATION('',(#14347),#14351);
#14347 = LINE('',#14348,#14349);
#14348 = CARTESIAN_POINT('',(-6.28318530718,-4.8));
#14349 = VECTOR('',#14350,1.);
#14350 = DIRECTION('',(1.,-0.));
#14351 = ( GEOMETRIC_REPRESENTATION_CONTEXT(2) 
PARAMETRIC_REPRESENTATION_CONTEXT() REPRESENTATION_CONTEXT('2D SPACE',''
  ) );
#14352 = ADVANCED_FACE('',(#14353,#14356),#13745,.T.);
#14353 = FACE_BOUND('',#14354,.T.);
#14354 = EDGE_LOOP('',(#14355));
#14355 = ORIENTED_EDGE('',*,*,#13730,.T.);
#14356 = FACE_BOUND('',#14357,.T.);
#14357 = EDGE_LOOP('',(#14358));
#14358 = ORIENTED_EDGE('',*,*,#14359,.T.);
#14359 = EDGE_CURVE('',#14360,#14360,#14362,.T.);
#14360 = VERTEX_POINT('',#14361);
#14361 = CARTESIAN_POINT('',(25.65,61.7,7.5));
#14362 = SURFACE_CURVE('',#14363,(#14368,#14379),.PCURVE_S1.);
#14363 = CIRCLE('',#14364,0.65);
#14364 = AXIS2_PLACEMENT_3D('',#14365,#14366,#14367);
#14365 = CARTESIAN_POINT('',(25.,61.7,7.5));
#14366 = DIRECTION('',(0.,0.,-1.));
#14367 = DIRECTION('',(1.,0.,0.));
#14368 = PCURVE('',#13745,#14369);
#14369 = DEFINITIONAL_REPRESENTATION('',(#14370),#14378);
#14370 = ( BOUNDED_CURVE() B_SPLINE_CURVE(2,(#14371,#14372,#14373,#14374
    ,#14375,#14376,#14377),.UNSPECIFIED.,.T.,.F.) 
B_SPLINE_CURVE_WITH_KNOTS((1,2,2,2,2,1),(-2.094395102393,0.,
    2.094395102393,4.188790204786,6.28318530718,8.377580409573),
.UNSPECIFIED.) CURVE() GEOMETRIC_REPRESENTATION_ITEM() 
RATIONAL_B_SPLINE_CURVE((1.,0.5,1.,0.5,1.,0.5,1.)) REPRESENTATION_ITEM(
  '') );
#14371 = CARTESIAN_POINT('',(0.65,0.));
#14372 = CARTESIAN_POINT('',(0.65,-1.12583302492));
#14373 = CARTESIAN_POINT('',(-0.325,-0.56291651246));
#14374 = CARTESIAN_POINT('',(-1.3,-1.592040838892E-16));
#14375 = CARTESIAN_POINT('',(-0.325,0.56291651246));
#14376 = CARTESIAN_POINT('',(0.65,1.12583302492));
#14377 = CARTESIAN_POINT('',(0.65,0.));
#14378 = ( GEOMETRIC_REPRESENTATION_CONTEXT(2) 
PARAMETRIC_REPRESENTATION_CONTEXT() REPRESENTATION_CONTEXT('2D SPACE',''
  ) );
#14379 = PCURVE('',#14380,#14385);
#14380 = CYLINDRICAL_SURFACE('',#14381,0.65);
#14381 = AXIS2_PLACEMENT_3D('',#14382,#14383,#14384);
#14382 = CARTESIAN_POINT('',(25.,61.7,2.7));
#14383 = DIRECTION('',(-0.,-0.,-1.));
#14384 = DIRECTION('',(1.,0.,0.));
#14385 = DEFINITIONAL_REPRESENTATION('',(#14386),#14390);
#14386 = LINE('',#14387,#14388);
#14387 = CARTESIAN_POINT('',(-6.28318530718,-4.8));
#14388 = VECTOR('',#14389,1.);
#14389 = DIRECTION('',(1.,-0.));
#14390 = ( GEOMETRIC_REPRESENTATION_CONTEXT(2) 
PARAMETRIC_REPRESENTATION_CONTEXT() REPRESENTATION_CONTEXT('2D SPACE',''
  ) );
#14391 = ADVANCED_FACE('',(#14392),#13778,.T.);
#14392 = FACE_BOUND('',#14393,.T.);
#14393 = EDGE_LOOP('',(#14394));
#14394 = ORIENTED_EDGE('',*,*,#13761,.T.);
#14395 = ADVANCED_FACE('',(#14396),#13833,.T.);
#14396 = FACE_BOUND('',#14397,.T.);
#14397 = EDGE_LOOP('',(#14398));
#14398 = ORIENTED_EDGE('',*,*,#13816,.T.);
#14399 = ADVANCED_FACE('',(#14400),#14138,.F.);
#14400 = FACE_BOUND('',#14401,.T.);
#14401 = EDGE_LOOP('',(#14402,#14425,#14452,#14453));
#14402 = ORIENTED_EDGE('',*,*,#14403,.F.);
#14403 = EDGE_CURVE('',#14404,#14118,#14406,.T.);
#14404 = VERTEX_POINT('',#14405);
#14405 = CARTESIAN_POINT('',(-23.35,-61.4,2.7));
#14406 = SEAM_CURVE('',#14407,(#14411,#14418),.PCURVE_S1.);
#14407 = LINE('',#14408,#14409);
#14408 = CARTESIAN_POINT('',(-23.35,-61.4,2.7));
#14409 = VECTOR('',#14410,1.);
#14410 = DIRECTION('',(0.,0.,1.));
#14411 = PCURVE('',#14138,#14412);
#14412 = DEFINITIONAL_REPRESENTATION('',(#14413),#14417);
#14413 = LINE('',#14414,#14415);
#14414 = CARTESIAN_POINT('',(-6.28318530718,0.));
#14415 = VECTOR('',#14416,1.);
#14416 = DIRECTION('',(-0.,-1.));
#14417 = ( GEOMETRIC_REPRESENTATION_CONTEXT(2) 
PARAMETRIC_REPRESENTATION_CONTEXT() REPRESENTATION_CONTEXT('2D SPACE',''
  ) );
#14418 = PCURVE('',#14138,#14419);
#14419 = DEFINITIONAL_REPRESENTATION('',(#14420),#14424);
#14420 = LINE('',#14421,#14422);
#14421 = CARTESIAN_POINT('',(-0.,0.));
#14422 = VECTOR('',#14423,1.);
#14423 = DIRECTION('',(-0.,-1.));
#14424 = ( GEOMETRIC_REPRESENTATION_CONTEXT(2) 
PARAMETRIC_REPRESENTATION_CONTEXT() REPRESENTATION_CONTEXT('2D SPACE',''
  ) );
#14425 = ORIENTED_EDGE('',*,*,#14426,.F.);
#14426 = EDGE_CURVE('',#14404,#14404,#14427,.T.);
#14427 = SURFACE_CURVE('',#14428,(#14433,#14440),.PCURVE_S1.);
#14428 = CIRCLE('',#14429,0.65);
#14429 = AXIS2_PLACEMENT_3D('',#14430,#14431,#14432);
#14430 = CARTESIAN_POINT('',(-24.,-61.4,2.7));
#14431 = DIRECTION('',(0.,0.,1.));
#14432 = DIRECTION('',(1.,0.,0.));
#14433 = PCURVE('',#14138,#14434);
#14434 = DEFINITIONAL_REPRESENTATION('',(#14435),#14439);
#14435 = LINE('',#14436,#14437);
#14436 = CARTESIAN_POINT('',(-0.,0.));
#14437 = VECTOR('',#14438,1.);
#14438 = DIRECTION('',(-1.,0.));
#14439 = ( GEOMETRIC_REPRESENTATION_CONTEXT(2) 
PARAMETRIC_REPRESENTATION_CONTEXT() REPRESENTATION_CONTEXT('2D SPACE',''
  ) );
#14440 = PCURVE('',#14441,#14446);
#14441 = PLANE('',#14442);
#14442 = AXIS2_PLACEMENT_3D('',#14443,#14444,#14445);
#14443 = CARTESIAN_POINT('',(-24.,-61.4,2.7));
#14444 = DIRECTION('',(0.,0.,1.));
#14445 = DIRECTION('',(1.,0.,-0.));
#14446 = DEFINITIONAL_REPRESENTATION('',(#14447),#14451);
#14447 = CIRCLE('',#14448,0.65);
#14448 = AXIS2_PLACEMENT_2D('',#14449,#14450);
#14449 = CARTESIAN_POINT('',(0.,0.));
#14450 = DIRECTION('',(1.,0.));
#14451 = ( GEOMETRIC_REPRESENTATION_CONTEXT(2) 
PARAMETRIC_REPRESENTATION_CONTEXT() REPRESENTATION_CONTEXT('2D SPACE',''
  ) );
#14452 = ORIENTED_EDGE('',*,*,#14403,.T.);
#14453 = ORIENTED_EDGE('',*,*,#14117,.F.);
#14454 = ADVANCED_FACE('',(#14455),#14185,.F.);
#14455 = FACE_BOUND('',#14456,.T.);
#14456 = EDGE_LOOP('',(#14457,#14480,#14507,#14508));
#14457 = ORIENTED_EDGE('',*,*,#14458,.F.);
#14458 = EDGE_CURVE('',#14459,#14165,#14461,.T.);
#14459 = VERTEX_POINT('',#14460);
#14460 = CARTESIAN_POINT('',(0.65,-61.,2.7));
#14461 = SEAM_CURVE('',#14462,(#14466,#14473),.PCURVE_S1.);
#14462 = LINE('',#14463,#14464);
#14463 = CARTESIAN_POINT('',(0.65,-61.,2.7));
#14464 = VECTOR('',#14465,1.);
#14465 = DIRECTION('',(0.,0.,1.));
#14466 = PCURVE('',#14185,#14467);
#14467 = DEFINITIONAL_REPRESENTATION('',(#14468),#14472);
#14468 = LINE('',#14469,#14470);
#14469 = CARTESIAN_POINT('',(-6.28318530718,0.));
#14470 = VECTOR('',#14471,1.);
#14471 = DIRECTION('',(-0.,-1.));
#14472 = ( GEOMETRIC_REPRESENTATION_CONTEXT(2) 
PARAMETRIC_REPRESENTATION_CONTEXT() REPRESENTATION_CONTEXT('2D SPACE',''
  ) );
#14473 = PCURVE('',#14185,#14474);
#14474 = DEFINITIONAL_REPRESENTATION('',(#14475),#14479);
#14475 = LINE('',#14476,#14477);
#14476 = CARTESIAN_POINT('',(-0.,0.));
#14477 = VECTOR('',#14478,1.);
#14478 = DIRECTION('',(-0.,-1.));
#14479 = ( GEOMETRIC_REPRESENTATION_CONTEXT(2) 
PARAMETRIC_REPRESENTATION_CONTEXT() REPRESENTATION_CONTEXT('2D SPACE',''
  ) );
#14480 = ORIENTED_EDGE('',*,*,#14481,.F.);
#14481 = EDGE_CURVE('',#14459,#14459,#14482,.T.);
#14482 = SURFACE_CURVE('',#14483,(#14488,#14495),.PCURVE_S1.);
#14483 = CIRCLE('',#14484,0.65);
#14484 = AXIS2_PLACEMENT_3D('',#14485,#14486,#14487);
#14485 = CARTESIAN_POINT('',(0.,-61.,2.7));
#14486 = DIRECTION('',(0.,0.,1.));
#14487 = DIRECTION('',(1.,0.,0.));
#14488 = PCURVE('',#14185,#14489);
#14489 = DEFINITIONAL_REPRESENTATION('',(#14490),#14494);
#14490 = LINE('',#14491,#14492);
#14491 = CARTESIAN_POINT('',(-0.,0.));
#14492 = VECTOR('',#14493,1.);
#14493 = DIRECTION('',(-1.,0.));
#14494 = ( GEOMETRIC_REPRESENTATION_CONTEXT(2) 
PARAMETRIC_REPRESENTATION_CONTEXT() REPRESENTATION_CONTEXT('2D SPACE',''
  ) );
#14495 = PCURVE('',#14496,#14501);
#14496 = PLANE('',#14497);
#14497 = AXIS2_PLACEMENT_3D('',#14498,#14499,#14500);
#14498 = CARTESIAN_POINT('',(-4.93067355483E-17,-61.,2.7));
#14499 = DIRECTION('',(0.,0.,1.));
#14500 = DIRECTION('',(1.,0.,-0.));
#14501 = DEFINITIONAL_REPRESENTATION('',(#14502),#14506);
#14502 = CIRCLE('',#14503,0.65);
#14503 = AXIS2_PLACEMENT_2D('',#14504,#14505);
#14504 = CARTESIAN_POINT('',(4.93067355483E-17,0.));
#14505 = DIRECTION('',(1.,0.));
#14506 = ( GEOMETRIC_REPRESENTATION_CONTEXT(2) 
PARAMETRIC_REPRESENTATION_CONTEXT() REPRESENTATION_CONTEXT('2D SPACE',''
  ) );
#14507 = ORIENTED_EDGE('',*,*,#14458,.T.);
#14508 = ORIENTED_EDGE('',*,*,#14164,.F.);
#14509 = ADVANCED_FACE('',(#14510),#14224,.F.);
#14510 = FACE_BOUND('',#14511,.T.);
#14511 = EDGE_LOOP('',(#14512,#14535,#14562,#14563));
#14512 = ORIENTED_EDGE('',*,*,#14513,.F.);
#14513 = EDGE_CURVE('',#14514,#14204,#14516,.T.);
#14514 = VERTEX_POINT('',#14515);
#14515 = CARTESIAN_POINT('',(29.65,-26.,2.7));
#14516 = SEAM_CURVE('',#14517,(#14521,#14528),.PCURVE_S1.);
#14517 = LINE('',#14518,#14519);
#14518 = CARTESIAN_POINT('',(29.65,-26.,2.7));
#14519 = VECTOR('',#14520,1.);
#14520 = DIRECTION('',(0.,0.,1.));
#14521 = PCURVE('',#14224,#14522);
#14522 = DEFINITIONAL_REPRESENTATION('',(#14523),#14527);
#14523 = LINE('',#14524,#14525);
#14524 = CARTESIAN_POINT('',(-6.28318530718,0.));
#14525 = VECTOR('',#14526,1.);
#14526 = DIRECTION('',(-0.,-1.));
#14527 = ( GEOMETRIC_REPRESENTATION_CONTEXT(2) 
PARAMETRIC_REPRESENTATION_CONTEXT() REPRESENTATION_CONTEXT('2D SPACE',''
  ) );
#14528 = PCURVE('',#14224,#14529);
#14529 = DEFINITIONAL_REPRESENTATION('',(#14530),#14534);
#14530 = LINE('',#14531,#14532);
#14531 = CARTESIAN_POINT('',(-0.,0.));
#14532 = VECTOR('',#14533,1.);
#14533 = DIRECTION('',(-0.,-1.));
#14534 = ( GEOMETRIC_REPRESENTATION_CONTEXT(2) 
PARAMETRIC_REPRESENTATION_CONTEXT() REPRESENTATION_CONTEXT('2D SPACE',''
  ) );
#14535 = ORIENTED_EDGE('',*,*,#14536,.F.);
#14536 = EDGE_CURVE('',#14514,#14514,#14537,.T.);
#14537 = SURFACE_CURVE('',#14538,(#14543,#14550),.PCURVE_S1.);
#14538 = CIRCLE('',#14539,0.65);
#14539 = AXIS2_PLACEMENT_3D('',#14540,#14541,#14542);
#14540 = CARTESIAN_POINT('',(29.,-26.,2.7));
#14541 = DIRECTION('',(0.,0.,1.));
#14542 = DIRECTION('',(1.,0.,0.));
#14543 = PCURVE('',#14224,#14544);
#14544 = DEFINITIONAL_REPRESENTATION('',(#14545),#14549);
#14545 = LINE('',#14546,#14547);
#14546 = CARTESIAN_POINT('',(-0.,0.));
#14547 = VECTOR('',#14548,1.);
#14548 = DIRECTION('',(-1.,0.));
#14549 = ( GEOMETRIC_REPRESENTATION_CONTEXT(2) 
PARAMETRIC_REPRESENTATION_CONTEXT() REPRESENTATION_CONTEXT('2D SPACE',''
  ) );
#14550 = PCURVE('',#14551,#14556);
#14551 = PLANE('',#14552);
#14552 = AXIS2_PLACEMENT_3D('',#14553,#14554,#14555);
#14553 = CARTESIAN_POINT('',(29.,-26.,2.7));
#14554 = DIRECTION('',(0.,0.,1.));
#14555 = DIRECTION('',(1.,0.,-0.));
#14556 = DEFINITIONAL_REPRESENTATION('',(#14557),#14561);
#14557 = CIRCLE('',#14558,0.65);
#14558 = AXIS2_PLACEMENT_2D('',#14559,#14560);
#14559 = CARTESIAN_POINT('',(0.,0.));
#14560 = DIRECTION('',(1.,0.));
#14561 = ( GEOMETRIC_REPRESENTATION_CONTEXT(2) 
PARAMETRIC_REPRESENTATION_CONTEXT() REPRESENTATION_CONTEXT('2D SPACE',''
  ) );
#14562 = ORIENTED_EDGE('',*,*,#14513,.T.);
#14563 = ORIENTED_EDGE('',*,*,#14203,.F.);
#14564 = ADVANCED_FACE('',(#14565),#14263,.F.);
#14565 = FACE_BOUND('',#14566,.T.);
#14566 = EDGE_LOOP('',(#14567,#14590,#14617,#14618));
#14567 = ORIENTED_EDGE('',*,*,#14568,.F.);
#14568 = EDGE_CURVE('',#14569,#14243,#14571,.T.);
#14569 = VERTEX_POINT('',#14570);
#14570 = CARTESIAN_POINT('',(-28.35,10.,2.7));
#14571 = SEAM_CURVE('',#14572,(#14576,#14583),.PCURVE_S1.);
#14572 = LINE('',#14573,#14574);
#14573 = CARTESIAN_POINT('',(-28.35,10.,2.7));
#14574 = VECTOR('',#14575,1.);
#14575 = DIRECTION('',(0.,0.,1.));
#14576 = PCURVE('',#14263,#14577);
#14577 = DEFINITIONAL_REPRESENTATION('',(#14578),#14582);
#14578 = LINE('',#14579,#14580);
#14579 = CARTESIAN_POINT('',(-6.28318530718,0.));
#14580 = VECTOR('',#14581,1.);
#14581 = DIRECTION('',(-0.,-1.));
#14582 = ( GEOMETRIC_REPRESENTATION_CONTEXT(2) 
PARAMETRIC_REPRESENTATION_CONTEXT() REPRESENTATION_CONTEXT('2D SPACE',''
  ) );
#14583 = PCURVE('',#14263,#14584);
#14584 = DEFINITIONAL_REPRESENTATION('',(#14585),#14589);
#14585 = LINE('',#14586,#14587);
#14586 = CARTESIAN_POINT('',(-0.,0.));
#14587 = VECTOR('',#14588,1.);
#14588 = DIRECTION('',(-0.,-1.));
#14589 = ( GEOMETRIC_REPRESENTATION_CONTEXT(2) 
PARAMETRIC_REPRESENTATION_CONTEXT() REPRESENTATION_CONTEXT('2D SPACE',''
  ) );
#14590 = ORIENTED_EDGE('',*,*,#14591,.F.);
#14591 = EDGE_CURVE('',#14569,#14569,#14592,.T.);
#14592 = SURFACE_CURVE('',#14593,(#14598,#14605),.PCURVE_S1.);
#14593 = CIRCLE('',#14594,0.65);
#14594 = AXIS2_PLACEMENT_3D('',#14595,#14596,#14597);
#14595 = CARTESIAN_POINT('',(-29.,10.,2.7));
#14596 = DIRECTION('',(0.,0.,1.));
#14597 = DIRECTION('',(1.,0.,0.));
#14598 = PCURVE('',#14263,#14599);
#14599 = DEFINITIONAL_REPRESENTATION('',(#14600),#14604);
#14600 = LINE('',#14601,#14602);
#14601 = CARTESIAN_POINT('',(-0.,0.));
#14602 = VECTOR('',#14603,1.);
#14603 = DIRECTION('',(-1.,0.));
#14604 = ( GEOMETRIC_REPRESENTATION_CONTEXT(2) 
PARAMETRIC_REPRESENTATION_CONTEXT() REPRESENTATION_CONTEXT('2D SPACE',''
  ) );
#14605 = PCURVE('',#14606,#14611);
#14606 = PLANE('',#14607);
#14607 = AXIS2_PLACEMENT_3D('',#14608,#14609,#14610);
#14608 = CARTESIAN_POINT('',(-29.,10.,2.7));
#14609 = DIRECTION('',(0.,0.,1.));
#14610 = DIRECTION('',(1.,0.,-0.));
#14611 = DEFINITIONAL_REPRESENTATION('',(#14612),#14616);
#14612 = CIRCLE('',#14613,0.65);
#14613 = AXIS2_PLACEMENT_2D('',#14614,#14615);
#14614 = CARTESIAN_POINT('',(0.,0.));
#14615 = DIRECTION('',(1.,0.));
#14616 = ( GEOMETRIC_REPRESENTATION_CONTEXT(2) 
PARAMETRIC_REPRESENTATION_CONTEXT() REPRESENTATION_CONTEXT('2D SPACE',''
  ) );
#14617 = ORIENTED_EDGE('',*,*,#14568,.T.);
#14618 = ORIENTED_EDGE('',*,*,#14242,.F.);
#14619 = ADVANCED_FACE('',(#14620),#14302,.F.);
#14620 = FACE_BOUND('',#14621,.T.);
#14621 = EDGE_LOOP('',(#14622,#14645,#14672,#14673));
#14622 = ORIENTED_EDGE('',*,*,#14623,.F.);
#14623 = EDGE_CURVE('',#14624,#14282,#14626,.T.);
#14624 = VERTEX_POINT('',#14625);
#14625 = CARTESIAN_POINT('',(-24.35,61.7,2.7));
#14626 = SEAM_CURVE('',#14627,(#14631,#14638),.PCURVE_S1.);
#14627 = LINE('',#14628,#14629);
#14628 = CARTESIAN_POINT('',(-24.35,61.7,2.7));
#14629 = VECTOR('',#14630,1.);
#14630 = DIRECTION('',(0.,0.,1.));
#14631 = PCURVE('',#14302,#14632);
#14632 = DEFINITIONAL_REPRESENTATION('',(#14633),#14637);
#14633 = LINE('',#14634,#14635);
#14634 = CARTESIAN_POINT('',(-6.28318530718,0.));
#14635 = VECTOR('',#14636,1.);
#14636 = DIRECTION('',(-0.,-1.));
#14637 = ( GEOMETRIC_REPRESENTATION_CONTEXT(2) 
PARAMETRIC_REPRESENTATION_CONTEXT() REPRESENTATION_CONTEXT('2D SPACE',''
  ) );
#14638 = PCURVE('',#14302,#14639);
#14639 = DEFINITIONAL_REPRESENTATION('',(#14640),#14644);
#14640 = LINE('',#14641,#14642);
#14641 = CARTESIAN_POINT('',(-0.,0.));
#14642 = VECTOR('',#14643,1.);
#14643 = DIRECTION('',(-0.,-1.));
#14644 = ( GEOMETRIC_REPRESENTATION_CONTEXT(2) 
PARAMETRIC_REPRESENTATION_CONTEXT() REPRESENTATION_CONTEXT('2D SPACE',''
  ) );
#14645 = ORIENTED_EDGE('',*,*,#14646,.F.);
#14646 = EDGE_CURVE('',#14624,#14624,#14647,.T.);
#14647 = SURFACE_CURVE('',#14648,(#14653,#14660),.PCURVE_S1.);
#14648 = CIRCLE('',#14649,0.65);
#14649 = AXIS2_PLACEMENT_3D('',#14650,#14651,#14652);
#14650 = CARTESIAN_POINT('',(-25.,61.7,2.7));
#14651 = DIRECTION('',(0.,0.,1.));
#14652 = DIRECTION('',(1.,0.,0.));
#14653 = PCURVE('',#14302,#14654);
#14654 = DEFINITIONAL_REPRESENTATION('',(#14655),#14659);
#14655 = LINE('',#14656,#14657);
#14656 = CARTESIAN_POINT('',(-0.,0.));
#14657 = VECTOR('',#14658,1.);
#14658 = DIRECTION('',(-1.,0.));
#14659 = ( GEOMETRIC_REPRESENTATION_CONTEXT(2) 
PARAMETRIC_REPRESENTATION_CONTEXT() REPRESENTATION_CONTEXT('2D SPACE',''
  ) );
#14660 = PCURVE('',#14661,#14666);
#14661 = PLANE('',#14662);
#14662 = AXIS2_PLACEMENT_3D('',#14663,#14664,#14665);
#14663 = CARTESIAN_POINT('',(-25.,61.7,2.7));
#14664 = DIRECTION('',(0.,0.,1.));
#14665 = DIRECTION('',(1.,0.,-0.));
#14666 = DEFINITIONAL_REPRESENTATION('',(#14667),#14671);
#14667 = CIRCLE('',#14668,0.65);
#14668 = AXIS2_PLACEMENT_2D('',#14669,#14670);
#14669 = CARTESIAN_POINT('',(0.,0.));
#14670 = DIRECTION('',(1.,0.));
#14671 = ( GEOMETRIC_REPRESENTATION_CONTEXT(2) 
PARAMETRIC_REPRESENTATION_CONTEXT() REPRESENTATION_CONTEXT('2D SPACE',''
  ) );
#14672 = ORIENTED_EDGE('',*,*,#14623,.T.);
#14673 = ORIENTED_EDGE('',*,*,#14281,.F.);
#14674 = ADVANCED_FACE('',(#14675),#14341,.F.);
#14675 = FACE_BOUND('',#14676,.T.);
#14676 = EDGE_LOOP('',(#14677,#14700,#14727,#14728));
#14677 = ORIENTED_EDGE('',*,*,#14678,.F.);
#14678 = EDGE_CURVE('',#14679,#14321,#14681,.T.);
#14679 = VERTEX_POINT('',#14680);
#14680 = CARTESIAN_POINT('',(29.65,4.,2.7));
#14681 = SEAM_CURVE('',#14682,(#14686,#14693),.PCURVE_S1.);
#14682 = LINE('',#14683,#14684);
#14683 = CARTESIAN_POINT('',(29.65,4.,2.7));
#14684 = VECTOR('',#14685,1.);
#14685 = DIRECTION('',(0.,0.,1.));
#14686 = PCURVE('',#14341,#14687);
#14687 = DEFINITIONAL_REPRESENTATION('',(#14688),#14692);
#14688 = LINE('',#14689,#14690);
#14689 = CARTESIAN_POINT('',(-6.28318530718,0.));
#14690 = VECTOR('',#14691,1.);
#14691 = DIRECTION('',(-0.,-1.));
#14692 = ( GEOMETRIC_REPRESENTATION_CONTEXT(2) 
PARAMETRIC_REPRESENTATION_CONTEXT() REPRESENTATION_CONTEXT('2D SPACE',''
  ) );
#14693 = PCURVE('',#14341,#14694);
#14694 = DEFINITIONAL_REPRESENTATION('',(#14695),#14699);
#14695 = LINE('',#14696,#14697);
#14696 = CARTESIAN_POINT('',(-0.,0.));
#14697 = VECTOR('',#14698,1.);
#14698 = DIRECTION('',(-0.,-1.));
#14699 = ( GEOMETRIC_REPRESENTATION_CONTEXT(2) 
PARAMETRIC_REPRESENTATION_CONTEXT() REPRESENTATION_CONTEXT('2D SPACE',''
  ) );
#14700 = ORIENTED_EDGE('',*,*,#14701,.F.);
#14701 = EDGE_CURVE('',#14679,#14679,#14702,.T.);
#14702 = SURFACE_CURVE('',#14703,(#14708,#14715),.PCURVE_S1.);
#14703 = CIRCLE('',#14704,0.65);
#14704 = AXIS2_PLACEMENT_3D('',#14705,#14706,#14707);
#14705 = CARTESIAN_POINT('',(29.,4.,2.7));
#14706 = DIRECTION('',(0.,0.,1.));
#14707 = DIRECTION('',(1.,0.,0.));
#14708 = PCURVE('',#14341,#14709);
#14709 = DEFINITIONAL_REPRESENTATION('',(#14710),#14714);
#14710 = LINE('',#14711,#14712);
#14711 = CARTESIAN_POINT('',(-0.,0.));
#14712 = VECTOR('',#14713,1.);
#14713 = DIRECTION('',(-1.,0.));
#14714 = ( GEOMETRIC_REPRESENTATION_CONTEXT(2) 
PARAMETRIC_REPRESENTATION_CONTEXT() REPRESENTATION_CONTEXT('2D SPACE',''
  ) );
#14715 = PCURVE('',#14716,#14721);
#14716 = PLANE('',#14717);
#14717 = AXIS2_PLACEMENT_3D('',#14718,#14719,#14720);
#14718 = CARTESIAN_POINT('',(29.,4.,2.7));
#14719 = DIRECTION('',(0.,0.,1.));
#14720 = DIRECTION('',(1.,0.,-0.));
#14721 = DEFINITIONAL_REPRESENTATION('',(#14722),#14726);
#14722 = CIRCLE('',#14723,0.65);
#14723 = AXIS2_PLACEMENT_2D('',#14724,#14725);
#14724 = CARTESIAN_POINT('',(0.,0.));
#14725 = DIRECTION('',(1.,0.));
#14726 = ( GEOMETRIC_REPRESENTATION_CONTEXT(2) 
PARAMETRIC_REPRESENTATION_CONTEXT() REPRESENTATION_CONTEXT('2D SPACE',''
  ) );
#14727 = ORIENTED_EDGE('',*,*,#14678,.T.);
#14728 = ORIENTED_EDGE('',*,*,#14320,.F.);
#14729 = ADVANCED_FACE('',(#14730),#14380,.F.);
#14730 = FACE_BOUND('',#14731,.T.);
#14731 = EDGE_LOOP('',(#14732,#14755,#14782,#14783));
#14732 = ORIENTED_EDGE('',*,*,#14733,.F.);
#14733 = EDGE_CURVE('',#14734,#14360,#14736,.T.);
#14734 = VERTEX_POINT('',#14735);
#14735 = CARTESIAN_POINT('',(25.65,61.7,2.7));
#14736 = SEAM_CURVE('',#14737,(#14741,#14748),.PCURVE_S1.);
#14737 = LINE('',#14738,#14739);
#14738 = CARTESIAN_POINT('',(25.65,61.7,2.7));
#14739 = VECTOR('',#14740,1.);
#14740 = DIRECTION('',(0.,0.,1.));
#14741 = PCURVE('',#14380,#14742);
#14742 = DEFINITIONAL_REPRESENTATION('',(#14743),#14747);
#14743 = LINE('',#14744,#14745);
#14744 = CARTESIAN_POINT('',(-6.28318530718,0.));
#14745 = VECTOR('',#14746,1.);
#14746 = DIRECTION('',(-0.,-1.));
#14747 = ( GEOMETRIC_REPRESENTATION_CONTEXT(2) 
PARAMETRIC_REPRESENTATION_CONTEXT() REPRESENTATION_CONTEXT('2D SPACE',''
  ) );
#14748 = PCURVE('',#14380,#14749);
#14749 = DEFINITIONAL_REPRESENTATION('',(#14750),#14754);
#14750 = LINE('',#14751,#14752);
#14751 = CARTESIAN_POINT('',(-0.,0.));
#14752 = VECTOR('',#14753,1.);
#14753 = DIRECTION('',(-0.,-1.));
#14754 = ( GEOMETRIC_REPRESENTATION_CONTEXT(2) 
PARAMETRIC_REPRESENTATION_CONTEXT() REPRESENTATION_CONTEXT('2D SPACE',''
  ) );
#14755 = ORIENTED_EDGE('',*,*,#14756,.F.);
#14756 = EDGE_CURVE('',#14734,#14734,#14757,.T.);
#14757 = SURFACE_CURVE('',#14758,(#14763,#14770),.PCURVE_S1.);
#14758 = CIRCLE('',#14759,0.65);
#14759 = AXIS2_PLACEMENT_3D('',#14760,#14761,#14762);
#14760 = CARTESIAN_POINT('',(25.,61.7,2.7));
#14761 = DIRECTION('',(0.,0.,1.));
#14762 = DIRECTION('',(1.,0.,0.));
#14763 = PCURVE('',#14380,#14764);
#14764 = DEFINITIONAL_REPRESENTATION('',(#14765),#14769);
#14765 = LINE('',#14766,#14767);
#14766 = CARTESIAN_POINT('',(-0.,0.));
#14767 = VECTOR('',#14768,1.);
#14768 = DIRECTION('',(-1.,0.));
#14769 = ( GEOMETRIC_REPRESENTATION_CONTEXT(2) 
PARAMETRIC_REPRESENTATION_CONTEXT() REPRESENTATION_CONTEXT('2D SPACE',''
  ) );
#14770 = PCURVE('',#14771,#14776);
#14771 = PLANE('',#14772);
#14772 = AXIS2_PLACEMENT_3D('',#14773,#14774,#14775);
#14773 = CARTESIAN_POINT('',(25.,61.7,2.7));
#14774 = DIRECTION('',(0.,0.,1.));
#14775 = DIRECTION('',(1.,0.,-0.));
#14776 = DEFINITIONAL_REPRESENTATION('',(#14777),#14781);
#14777 = CIRCLE('',#14778,0.65);
#14778 = AXIS2_PLACEMENT_2D('',#14779,#14780);
#14779 = CARTESIAN_POINT('',(0.,0.));
#14780 = DIRECTION('',(1.,0.));
#14781 = ( GEOMETRIC_REPRESENTATION_CONTEXT(2) 
PARAMETRIC_REPRESENTATION_CONTEXT() REPRESENTATION_CONTEXT('2D SPACE',''
  ) );
#14782 = ORIENTED_EDGE('',*,*,#14733,.T.);
#14783 = ORIENTED_EDGE('',*,*,#14359,.F.);
#14784 = ADVANCED_FACE('',(#14785),#14441,.T.);
#14785 = FACE_BOUND('',#14786,.T.);
#14786 = EDGE_LOOP('',(#14787));
#14787 = ORIENTED_EDGE('',*,*,#14426,.T.);
#14788 = ADVANCED_FACE('',(#14789),#14496,.T.);
#14789 = FACE_BOUND('',#14790,.T.);
#14790 = EDGE_LOOP('',(#14791));
#14791 = ORIENTED_EDGE('',*,*,#14481,.T.);
#14792 = ADVANCED_FACE('',(#14793),#14551,.T.);
#14793 = FACE_BOUND('',#14794,.T.);
#14794 = EDGE_LOOP('',(#14795));
#14795 = ORIENTED_EDGE('',*,*,#14536,.T.);
#14796 = ADVANCED_FACE('',(#14797),#14606,.T.);
#14797 = FACE_BOUND('',#14798,.T.);
#14798 = EDGE_LOOP('',(#14799));
#14799 = ORIENTED_EDGE('',*,*,#14591,.T.);
#14800 = ADVANCED_FACE('',(#14801),#14661,.T.);
#14801 = FACE_BOUND('',#14802,.T.);
#14802 = EDGE_LOOP('',(#14803));
#14803 = ORIENTED_EDGE('',*,*,#14646,.T.);
#14804 = ADVANCED_FACE('',(#14805),#14716,.T.);
#14805 = FACE_BOUND('',#14806,.T.);
#14806 = EDGE_LOOP('',(#14807));
#14807 = ORIENTED_EDGE('',*,*,#14701,.T.);
#14808 = ADVANCED_FACE('',(#14809),#14771,.T.);
#14809 = FACE_BOUND('',#14810,.T.);
#14810 = EDGE_LOOP('',(#14811));
#14811 = ORIENTED_EDGE('',*,*,#14756,.T.);
#14812 = ( GEOMETRIC_REPRESENTATION_CONTEXT(3) 
GLOBAL_UNCERTAINTY_ASSIGNED_CONTEXT((#14816)) 
GLOBAL_UNIT_ASSIGNED_CONTEXT((#14813,#14814,#14815)) 
REPRESENTATION_CONTEXT('Context #1',
  '3D Context with UNIT and UNCERTAINTY') );
#14813 = ( LENGTH_UNIT() NAMED_UNIT(*) SI_UNIT(.MILLI.,.METRE.) );
#14814 = ( NAMED_UNIT(*) PLANE_ANGLE_UNIT() SI_UNIT($,.RADIAN.) );
#14815 = ( NAMED_UNIT(*) SI_UNIT($,.STERADIAN.) SOLID_ANGLE_UNIT() );
#14816 = UNCERTAINTY_MEASURE_WITH_UNIT(LENGTH_MEASURE(1.E-07),#14813,
  'distance_accuracy_value','confusion accuracy');
#14817 = PRODUCT_RELATED_PRODUCT_CATEGORY('part',$,(#7));
ENDSEC;
END-ISO-10303-21;
